{"40": {"sim0": {"simulation_id": 0, "user_seed": 67370988, "Nearest": {"max_delay": 0.15797522402997274, "cost": 166.05, "target_value": 241.00022402997274, "running_time": 2.000093460083008, "local_count": 80, "common_count": 0}, "M-Greedy": {"max_delay": 0.14704967845872757, "cost": 115.325, "target_value": 204.71217845872758, "running_time": 1858.4187030792236, "n_selected_site": 11, "local_count": 38, "common_count": 42}, "M-Greedy-V2": {"max_delay": 0.13996748128630193, "cost": 95.725, "target_value": 187.82998128630192, "running_time": 2472.5582599639893, "n_selected_site": 9, "local_count": 18, "common_count": 62}, "Min-Avg": {"max_delay": 0.147274839497877, "cost": 82.8, "target_value": 188.674839497877, "running_time": 507.1148872375488, "local_count": 5, "common_count": 75}, "Max-First": {"max_delay": 0.14580996872976634, "cost": 85.175, "target_value": 188.39746872976636, "running_time": 396.0890769958496, "local_count": 1, "common_count": 79}, "Ours": {"max_delay": 0.13652268001282708, "cost": 95.575, "target_value": 184.31018001282706, "running_time": 27669.224739074707, "local_count": 15, "common_count": 65}}, "sim1": {"simulation_id": 1, "user_seed": 29508591, "Nearest": {"max_delay": 0.15078766955448303, "cost": 158.475, "target_value": 230.025169554483, "running_time": 1.0001659393310547, "local_count": 80, "common_count": 0}, "M-Greedy": {"max_delay": 0.24357655810225914, "cost": 118.0, "target_value": 302.5765581022591, "running_time": 418.0939197540283, "n_selected_site": 1, "local_count": 80, "common_count": 0}, "M-Greedy-V2": {"max_delay": 0.13876288524747582, "cost": 94.725, "target_value": 186.12538524747583, "running_time": 2796.6296672821045, "n_selected_site": 8, "local_count": 16, "common_count": 64}, "Min-Avg": {"max_delay": 0.14246165851899553, "cost": 82.0, "target_value": 183.46165851899553, "running_time": 543.1227684020996, "local_count": 6, "common_count": 74}, "Max-First": {"max_delay": 0.15147302022341044, "cost": 84.375, "target_value": 193.66052022341043, "running_time": 527.1189212799072, "local_count": 2, "common_count": 78}, "Ours": {"max_delay": 0.14246165851899553, "cost": 82.0, "target_value": 183.46165851899553, "running_time": 31483.084440231323, "local_count": 6, "common_count": 74}}}, "50": {"sim0": {"simulation_id": 0, "user_seed": 92363434, "Nearest": {"max_delay": 0.1574929781798969, "cost": 182.4, "target_value": 248.6929781798969, "running_time": 1.0004043579101562, "local_count": 100, "common_count": 0}, "M-Greedy": {"max_delay": 0.14849297817989693, "cost": 114.52, "target_value": 205.75297817989693, "running_time": 3643.819808959961, "n_selected_site": 11, "local_count": 38, "common_count": 62}, "M-Greedy-V2": {"max_delay": 0.14030078320705114, "cost": 108.7, "target_value": 194.65078320705112, "running_time": 4824.08595085144, "n_selected_site": 8, "local_count": 32, "common_count": 68}, "Min-Avg": {"max_delay": 0.1515652046050433, "cost": 87.16, "target_value": 195.14520460504332, "running_time": 753.1697750091553, "local_count": 5, "common_count": 95}, "Max-First": {"max_delay": 0.15142748942507459, "cost": 87.72, "target_value": 195.28748942507457, "running_time": 782.1757793426514, "local_count": 2, "common_count": 98}, "Ours": {"max_delay": 0.1383646773668169, "cost": 93.84, "target_value": 185.28467736681688, "running_time": 44644.04582977295, "local_count": 15, "common_count": 85}}, "sim1": {"simulation_id": 1, "user_seed": 99345646, "Nearest": {"max_delay": 0.15441378700845776, "cost": 181.18, "target_value": 245.00378700845775, "running_time": 2.000093460083008, "local_count": 100, "common_count": 0}, "M-Greedy": {"max_delay": 0.14193037114949025, "cost": 96.2, "target_value": 190.03037114949024, "running_time": 3145.7080841064453, "n_selected_site": 10, "local_count": 20, "common_count": 80}, "M-Greedy-V2": {"max_delay": 0.14184177553796146, "cost": 91.64, "target_value": 187.66177553796146, "running_time": 4750.069618225098, "n_selected_site": 8, "local_count": 8, "common_count": 92}, "Min-Avg": {"max_delay": 0.14976174997879926, "cost": 83.34, "target_value": 191.43174997879925, "running_time": 871.1967468261719, "local_count": 4, "common_count": 96}, "Max-First": {"max_delay": 0.14976174997879926, "cost": 86.6, "target_value": 193.06174997879924, "running_time": 827.1853923797607, "local_count": 2, "common_count": 98}, "Ours": {"max_delay": 0.13681463198780705, "cost": 90.74, "target_value": 182.18463198780705, "running_time": 45109.150648117065, "local_count": 11, "common_count": 89}}}, "60": {"sim0": {"simulation_id": 0, "user_seed": 46780340, "Nearest": {"max_delay": 0.15323679986888983, "cost": 224.28333333333333, "target_value": 265.37846653555647, "running_time": 3.999471664428711, "local_count": 120, "common_count": 0}, "M-Greedy": {"max_delay": 0.1531370632448168, "cost": 198.95, "target_value": 252.6120632448168, "running_time": 4617.039442062378, "n_selected_site": 10, "local_count": 74, "common_count": 46}, "M-Greedy-V2": {"max_delay": 0.13387327491763631, "cost": 122.48333333333333, "target_value": 195.11494158430298, "running_time": 5219.174385070801, "n_selected_site": 5, "local_count": 0, "common_count": 120}, "Min-Avg": {"max_delay": 0.14464999120791644, "cost": 116.13333333333334, "target_value": 202.7166578745831, "running_time": 1089.2448425292969, "local_count": 4, "common_count": 116}, "Max-First": {"max_delay": 0.14388693087761648, "cost": 118.08333333333333, "target_value": 202.92859754428312, "running_time": 1093.2457447052002, "local_count": 0, "common_count": 120}, "Ours": {"max_delay": 0.13463633524793628, "cost": 117.18333333333334, "target_value": 193.22800191460294, "running_time": 62687.10684776306, "local_count": 10, "common_count": 110}}, "sim1": {"simulation_id": 1, "user_seed": 52879829, "Nearest": {"max_delay": 0.16079942789241958, "cost": 213.01666666666668, "target_value": 267.3077612257529, "running_time": 4.00090217590332, "local_count": 120, "common_count": 0}, "M-Greedy": {"max_delay": 0.1480712289380134, "cost": 125.58333333333333, "target_value": 210.86289560468003, "running_time": 5077.143430709839, "n_selected_site": 10, "local_count": 40, "common_count": 80}, "M-Greedy-V2": {"max_delay": 0.1480712289380134, "cost": 120.85, "target_value": 208.49622893801336, "running_time": 6857.541799545288, "n_selected_site": 8, "local_count": 32, "common_count": 88}, "Min-Avg": {"max_delay": 0.15473701464531925, "cost": 99.45, "target_value": 204.46201464531924, "running_time": 1181.2653541564941, "local_count": 10, "common_count": 110}, "Max-First": {"max_delay": 0.15663337318873663, "cost": 103.25, "target_value": 208.25837318873664, "running_time": 1299.292802810669, "local_count": 6, "common_count": 114}, "Ours": {"max_delay": 0.14513698311032952, "cost": 104.81666666666666, "target_value": 197.54531644366284, "running_time": 60944.714307785034, "local_count": 15, "common_count": 105}}}, "70": {"sim0": {"simulation_id": 0, "user_seed": 40496619, "Nearest": {"max_delay": 0.15467480373941728, "cost": 257.42857142857144, "target_value": 283.38908945370304, "running_time": 1.9993782043457031, "local_count": 140, "common_count": 0}, "M-Greedy": {"max_delay": 0.14516044626464333, "cost": 147.3, "target_value": 218.81044626464333, "running_time": 6451.452016830444, "n_selected_site": 10, "local_count": 48, "common_count": 92}, "M-Greedy-V2": {"max_delay": 0.14508501716728966, "cost": 140.14285714285714, "target_value": 215.15644573871822, "running_time": 7895.777702331543, "n_selected_site": 6, "local_count": 26, "common_count": 114}, "Min-Avg": {"max_delay": 0.15354750707360254, "cost": 116.82857142857142, "target_value": 211.96179278788824, "running_time": 1780.3990840911865, "local_count": 8, "common_count": 132}, "Max-First": {"max_delay": 0.15654750707360254, "cost": 120.41428571428571, "target_value": 216.7546499307454, "running_time": 1499.3369579315186, "local_count": 4, "common_count": 136}, "Ours": {"max_delay": 0.14826055686634304,