{"40": {"sim0": {"simulation_id": 0, "user_seed": 84068681, "Nearest": {"max_delay": 0.15194106774628133, "cost": 163.2, "target_value": 233.54106774628133, "running_time": 1.0006427764892578, "local_count": 80, "common_count": 0}, "M-Greedy": {"max_delay": 0.1401939652588363, "cost": 104.65, "target_value": 192.51896525883632, "running_time": 1367.3186302185059, "n_selected_site": 10, "local_count": 32, "common_count": 48}, "M-Greedy-V2": {"max_delay": 0.1401939652588363, "cost": 95.85, "target_value": 188.11896525883628, "running_time": 2350.529432296753, "n_selected_site": 8, "local_count": 16, "common_count": 64}, "Min-Avg": {"max_delay": 0.1446232899969826, "cost": 83.425, "target_value": 186.3357899969826, "running_time": 429.0966987609863, "local_count": 5, "common_count": 75}, "Max-First": {"max_delay": 0.14931409340482552, "cost": 85.475, "target_value": 192.0515934048255, "running_time": 374.08447265625, "local_count": 2, "common_count": 78}, "Ours": {"max_delay": 0.13580002586489692, "cost": 92.125, "target_value": 181.86252586489692, "running_time": 28502.413511276245, "local_count": 12, "common_count": 68}}, "sim1": {"simulation_id": 1, "user_seed": 34776711, "Nearest": {"max_delay": 0.15245897836393868, "cost": 155.425, "target_value": 230.1714783639387, "running_time": 3.0024051666259766, "local_count": 80, "common_count": 0}, "M-Greedy": {"max_delay": 0.2356902996944657, "cost": 135.0, "target_value": 303.1902996944657, "running_time": 355.07941246032715, "n_selected_site": 1, "local_count": 80, "common_count": 0}, "M-Greedy-V2": {"max_delay": 0.14137224673921106, "cost": 91.625, "target_value": 187.18474673921105, "running_time": 2309.5195293426514, "n_selected_site": 6, "local_count": 12, "common_count": 68}, "Min-Avg": {"max_delay": 0.14727465731885137, "cost": 82.4, "target_value": 188.47465731885137, "running_time": 691.1563873291016, "local_count": 3, "common_count": 77}, "Max-First": {"max_delay": 0.1498896494103281, "cost": 83.825, "target_value": 191.8021494103281, "running_time": 552.1237850189209, "local_count": 2, "common_count": 78}, "Ours": {"max_delay": 0.13794272190797682, "cost": 90.875, "target_value": 183.38022190797682, "running_time": 31127.004861831665, "local_count": 11, "common_count": 69}}}, "50": {"sim0": {"simulation_id": 0, "user_seed": 25334906, "Nearest": {"max_delay": 0.14892005267261815, "cost": 172.4, "target_value": 235.12005267261816, "running_time": 1.0001659393310547, "local_count": 100, "common_count": 0}, "M-Greedy": {"max_delay": 0.14592005267261815, "cost": 122.0, "target_value": 206.92005267261814, "running_time": 3989.8974895477295, "n_selected_site": 13, "local_count": 50, "common_count": 50}, "M-Greedy-V2": {"max_delay": 0.14102393840095226, "cost": 99.32, "target_value": 190.68393840095226, "running_time": 4721.0633754730225, "n_selected_site": 7, "local_count": 22, "common_count": 78}, "Min-Avg": {"max_delay": 0.14692977165901605, "cost": 82.5, "target_value": 188.17977165901604, "running_time": 873.1963634490967, "local_count": 3, "common_count": 97}, "Max-First": {"max_delay": 0.14546490089090539, "cost": 85.16, "target_value": 188.0449008909054, "running_time": 881.1979293823242, "local_count": 1, "common_count": 99}, "Ours": {"max_delay": 0.1376267615855752, "cost": 90.82, "target_value": 183.03676158557522, "running_time": 45925.334215164185, "local_count": 9, "common_count": 91}}, "sim1": {"simulation_id": 1, "user_seed": 3570687, "Nearest": {"max_delay": 0.14924617316106603, "cost": 192.2, "target_value": 245.34617316106602, "running_time": 4.001140594482422, "local_count": 100, "common_count": 0}, "M-Greedy": {"max_delay": 0.23879607651913254, "cost": 152.0, "target_value": 314.7960765191325, "running_time": 701.1570930480957, "n_selected_site": 1, "local_count": 100, "common_count": 0}, "M-Greedy-V2": {"max_delay": 0.13846075240544534, "cost": 108.02, "target_value": 192.47075240544532, "running_time": 3726.8378734588623, "n_selected_site": 5, "local_count": 4, "common_count": 96}, "Min-Avg": {"max_delay": 0.14346075240544534, "cost": 96.62, "target_value": 191.77075240544534, "running_time": 892.200231552124, "local_count": 6, "common_count": 94}, "Max-First": {"max_delay": 0.14595627238341288, "cost": 102.62, "target_value": 197.26627238341288, "running_time": 836.188793182373, "local_count": 2, "common_count": 98}, "Ours": {"max_delay": 0.13671225056221695, "cost": 109.02, "target_value": 191.22225056221694, "running_time": 45478.23429107666, "local_count": 23, "common_count": 77}}}, "60": {"sim0": {"simulation_id": 0, "user_seed": 29258605, "Nearest": {"max_delay": 0.15654864615383296, "cost": 213.9, "target_value": 263.49864615383296, "running_time": 4.000663757324219, "local_count": 120, "common_count": 0}, "M-Greedy": {"max_delay": 0.1460712289380134, "cost": 128.53333333333333, "target_value": 210.33789560468006, "running_time": 4847.091436386108, "n_selected_site": 10, "local_count": 46, "common_count": 74}, "M-Greedy-V2": {"max_delay": 0.1460712289380134, "cost": 115.98333333333333, "target_value": 204.06289560468005, "running_time": 6866.5452003479, "n_selected_site": 8, "local_count": 24, "common_count": 96}, "Min-Avg": {"max_delay": 0.15024005708609028, "cost": 101.35, "target_value": 200.91505708609026, "running_time": 1125.2527236938477, "local_count": 6, "common_count": 114}, "Max-First": {"max_delay": 0.15563337318873663, "cost": 102.96666666666667, "target_value": 207.11670652207, "running_time": 1146.2585926055908, "local_count": 3, "common_count": 117}, "Ours": {"max_delay": 0.1438525528618076, "cost": 102.63333333333334, "target_value": 195.16921952847426, "running_time": 61268.7873840332, "local_count": 12, "common_count": 108}}, "sim1": {"simulation_id": 1, "user_seed": 33323971, "Nearest": {"max_delay": 0.15393228326899888, "cost": 232.35, "target_value": 270.10728326899886, "running_time": 4.000186920166016, "local_count": 120, "common_count": 0}, "M-Greedy": {"max_delay": 0.15693228326899888, "cost": 160.61666666666667, "target_value": 237.2406166023322, "running_time": 5000.12469291687, "n_selected_site": 11, "local_count": 58, "common_count": 62}, "M-Greedy-V2": {"max_delay": 0.1404422478542552, "cost": 124.98333333333333, "target_value": 202.93391452092186, "running_time": 6484.458684921265, "n_selected_site": 6, "local_count": 8, "common_count": 112}, "Min-Avg": {"max_delay": 0.1442431937910615, "cost": 114.33333333333333, "target_value": 201.40986045772817, "running_time": 1135.2555751800537, "local_count": 8, "common_count": 112}, "Max-First": {"max_delay": 0.1442431937910615, "cost": 117.5, "target_value": 202.99319379106151, "running_time": 1301.2936115264893, "local_count": 6, "common_count": 114}, "Ours": {"max_delay": 0.1418125500561926, "cost": 111.23333333333333, "target_value": 197.42921672285925, "running_time": 64229.453563690186, "local_count": 9, "common_count": 111}}}, "70": {"sim0": {"simulation_id": 0, "user_seed": 35076080, "Nearest": {"max_delay": 0.15352277457441527, "cost": 231.5, "target_value": 269.2727745744153, "running_time": 5.000591278076172, "local_count": 140, "common_count": 0}, "M-Greedy": {"max_delay": 0.23915177937277093, "cost": 186.0, "target_value": 332.15177937277093, "running_time": 1379.3091773986816, "n_selected_site": 1, "local_count": 140, "common_count": 0}, "M-Greedy-V2": {"max_delay": 0.1420423823266776, "cost": 125.05714285714286, "target_value": 204.57095375524904, "running_time": 6671.501398086548, "n_selected_site": 5, "local_count": 0, "common_count": 140}, "Min-Avg": {"max_delay": 0.15142939660527224, "cost": 116.8, "target_value": 209.82939660527225, "running_time": 1476.3295650482178, "local_count": 5, "common_count": 135}, "Max-First": {"max_delay": 0.15196452583716158, "cost": 120.9, "target_value": 212.4145258371616, "running_time": 1475.3317832946777, "local_count": 5, "common_count": 135}, "Ours": {"max_delay": 0.13984428191962195, "cost": 118.32857142857142,