{"40": {"sim0": {"simulation_id": 0, "user_seed": 76251856, "Nearest": {"max_delay": 0.15914211003559903, "cost": 174.025, "target_value": 246.15461003559903, "running_time": 1.0001659393310547, "local_count": 80, "common_count": 0}, "M-Greedy": {"max_delay": 0.15035846242118453, "cost": 117.025, "target_value": 208.87096242118452, "running_time": 2122.4770545959473, "n_selected_site": 13, "local_count": 46, "common_count": 34}, "M-Greedy-V2": {"max_delay": 0.14473342025622518, "cost": 97.825, "target_value": 193.64592025622517, "running_time": 2863.644599914551, "n_selected_site": 8, "local_count": 18, "common_count": 62}, "Min-Avg": {"max_delay": 0.1460935572081335, "cost": 82.725, "target_value": 187.45605720813347, "running_time": 556.1254024505615, "local_count": 5, "common_count": 75}, "Max-First": {"max_delay": 0.1460935572081335, "cost": 85.825, "target_value": 189.00605720813348, "running_time": 582.1306705474854, "local_count": 4, "common_count": 76}, "Ours": {"max_delay": 0.13693632618820523, "cost": 88.625, "target_value": 181.24882618820521, "running_time": 27021.079778671265, "local_count": 12, "common_count": 68}}, "sim1": {"simulation_id": 1, "user_seed": 88822098, "Nearest": {"max_delay": 0.15110000400496432, "cost": 170.375, "target_value": 236.28750400496432, "running_time": 0.9999275207519531, "local_count": 80, "common_count": 0}, "M-Greedy": {"max_delay": 0.23437451022078148, "cost": 135.0, "target_value": 301.8745102207815, "running_time": 395.08891105651855, "n_selected_site": 1, "local_count": 80, "common_count": 0}, "M-Greedy-V2": {"max_delay": 0.23437451022078148, "cost": 135.0, "target_value": 301.8745102207815, "running_time": 697.1571445465088, "n_selected_site": 1, "local_count": 80, "common_count": 0}, "Min-Avg": {"max_delay": 0.14674611609263571, "cost": 82.0, "target_value": 187.7461160926357, "running_time": 509.11402702331543, "local_count": 4, "common_count": 76}, "Max-First": {"max_delay": 0.14810277814008088, "cost": 86.325, "target_value": 191.26527814008088, "running_time": 538.1205081939697, "local_count": 2, "common_count": 78}, "Ours": {"max_delay": 0.13629543911004383, "cost": 90.925, "target_value": 181.75793911004382, "running_time": 29777.70185470581, "local_count": 12, "common_count": 68}}}, "50": {"sim0": {"simulation_id": 0, "user_seed": 44834116, "Nearest": {"max_delay": 0.1524267249192811, "cost": 179.92, "target_value": 242.3867249192811, "running_time": 3.000497817993164, "local_count": 100, "common_count": 0}, "M-Greedy": {"max_delay": 0.1524267249192811, "cost": 128.28, "target_value": 216.5667249192811, "running_time": 2547.574043273926, "n_selected_site": 8, "local_count": 46, "common_count": 54}, "M-Greedy-V2": {"max_delay": 0.1346844355537049, "cost": 97.92, "target_value": 183.6444355537049, "running_time": 3725.8386611938477, "n_selected_site": 6, "local_count": 16, "common_count": 84}, "Min-Avg": {"max_delay": 0.14831112652453018, "cost": 87.84, "target_value": 192.23112652453017, "running_time": 814.1827583312988, "local_count": 3, "common_count": 97}, "Max-First": {"max_delay": 0.14831112652453018, "cost": 90.18, "target_value": 193.40112652453018, "running_time": 735.1653575897217, "local_count": 2, "common_count": 98}, "Ours": {"max_delay": 0.13473498577719561, "cost": 93.22, "target_value": 181.34498577719563, "running_time": 44015.90538024902, "local_count": 11, "common_count": 89}}, "sim1": {"simulation_id": 1, "user_seed": 79694549, "Nearest": {"max_delay": 0.1500217580193438, "cost": 177.34, "target_value": 238.6917580193438, "running_time": 3.000974655151367, "local_count": 100, "common_count": 0}, "M-Greedy": {"max_delay": 0.14795236073325452, "cost": 99.02, "target_value": 197.4623607332545, "running_time": 2460.5536460876465, "n_selected_site": 7, "local_count": 24, "common_count": 76}, "M-Greedy-V2": {"max_delay": 0.13742476469471193, "cost": 96.04, "target_value": 185.44476469471195, "running_time": 4403.991460800171, "n_selected_site": 7, "local_count": 10, "common_count": 90}, "Min-Avg": {"max_delay": 0.14795236073325452, "cost": 83.54, "target_value": 189.72236073325453, "running_time": 930.208683013916, "local_count": 5, "common_count": 95}, "Max-First": {"max_delay": 0.15191489763377308, "cost": 84.38, "target_value": 194.10489763377308, "running_time": 666.1505699157715, "local_count": 3, "common_count": 97}, "Ours": {"max_delay": 0.13742476469471193, "cost": 88.5, "target_value": 181.67476469471194, "running_time": 44836.08889579773, "local_count": 10, "common_count": 90}}}, "60": {"sim0": {"simulation_id": 0, "user_seed": 74197049, "Nearest": {"max_delay": 0.15580432198722272, "cost": 240.63333333333333, "target_value": 276.1209886538894, "running_time": 5.001306533813477, "local_count": 120, "common_count": 0}, "M-Greedy": {"max_delay": 0.1437642208832089, "cost": 136.05, "target_value": 211.7892208832089, "running_time": 4778.075218200684, "n_selected_site": 10, "local_count": 38, "common_count": 82}, "M-Greedy-V2": {"max_delay": 0.14323737407750434, "cost": 122.41666666666667, "target_value": 204.44570741083768, "running_time": 5258.183240890503, "n_selected_site": 6, "local_count": 6, "common_count": 114}, "Min-Avg": {"max_delay": 0.14690034525267065, "cost": 115.43333333333334, "target_value": 204.61701191933733, "running_time": 1156.2607288360596, "local_count": 2, "common_count": 118}, "Max-First": {"max_delay": 0.14849276729939423, "cost": 118.93333333333334, "target_value": 207.95943396606089, "running_time": 1145.2579498291016, "local_count": 2, "common_count": 118}, "Ours": {"max_delay": 0.1349403277834983, "cost": 113.9, "target_value": 191.89032778349832, "running_time": 60858.69526863098, "local_count": 5, "common_count": 115}}, "sim1": {"simulation_id": 1, "user_seed": 19846836, "Nearest": {"max_delay": 0.15490104653746886, "cost": 217.18333333333334, "target_value": 263.4927132041355, "running_time": 5.000591278076172, "local_count": 120, "common_count": 0}, "M-Greedy": {"max_delay": 0.1438850045621297, "cost": 123.31666666666666, "target_value": 205.54333789546303, "running_time": 4704.058408737183, "n_selected_site": 10, "local_count": 46, "common_count": 74}, "M-Greedy-V2": {"max_delay": 0.143040497173045, "cost": 116.6, "target_value": 201.34049717304504, "running_time": 8269.861459732056, "n_selected_site": 9, "local_count": 28, "common_count": 92}, "Min-Avg": {"max_delay": 0.15004410564992637, "cost": 98.4, "target_value": 199.24410564992638, "running_time": 1076.2441158294678, "local_count": 6, "common_count": 114}, "Max-First": {"max_delay": 0.15186052177911058, "cost": 100.58333333333333, "target_value": 202.15218844577723, "running_time": 1203.2709121704102, "local_count": 3, "common_count": 117}, "Ours": {"max_delay": 0.13992070939966558, "cost": 111.88333333333334, "target_value": 195.86237606633225, "running_time": 60072.518825531006, "local_count": 14, "common_count": 106}}}, "70": {"sim0": {"simulation_id": 0, "user_seed": 58096984, "Nearest": {"max_delay": 0.15424528266718934, "cost": 246.97142857142856, "target_value": 277.73099695290364, "running_time": 1.9998550415039062, "local_count": 140, "common_count": 0}, "M-Greedy": {"max_delay": 0.15424528266718934, "cost": 156.9, "target_value": 232.69528266718936, "running_time": 5906.3286781311035, "n_selected_site": 9, "local_count": 34, "common_count": 106}, "M-Greedy-V2": {"max_delay": 0.1413884200030619, "cost": 135.02857142857144, "target_value": 208.9027057173476, "running_time": 7196.619987487793, "n_selected_site": 6, "local_count": 32, "common_count": 108}, "Min-Avg": {"max_delay": 0.1503459875625711, "cost": 113.28571428571429, "target_value": 206.98884470542822, "running_time": 1533.3442687988281, "local_count": 7, "common_count": 133}, "Max-First": {"max_delay": 0.1549507482576229, "cost": 118.55714285714286, "target_value": 214.22931968619434, "running_time": 1296.2913513183594, "local_count": 4, "common_count": 136}, "Ours": {"max_delay": 0.14805438971420554,