{"40": {"sim0": {"simulation_id": 0, "user_seed": 30660844, "Nearest": {"max_delay": 0.15922597369279645, "cost": 154.5, "target_value": 236.47597369279646, "running_time": 1.9998550415039062, "local_count": 80, "common_count": 0}, "M-Greedy": {"max_delay": 0.14956442667329342, "cost": 118.825, "target_value": 208.9769266732934, "running_time": 2016.4530277252197, "n_selected_site": 11, "local_count": 48, "common_count": 32}, "M-Greedy-V2": {"max_delay": 0.14284201864653756, "cost": 99.025, "target_value": 192.35451864653754, "running_time": 2700.6077766418457, "n_selected_site": 8, "local_count": 24, "common_count": 56}, "Min-Avg": {"max_delay": 0.14883369385915338, "cost": 81.025, "target_value": 189.3461938591534, "running_time": 453.10187339782715, "local_count": 7, "common_count": 73}, "Max-First": {"max_delay": 0.15032608121728197, "cost": 82.425, "target_value": 191.53858121728197, "running_time": 583.1301212310791, "local_count": 3, "common_count": 77}, "Ours": {"max_delay": 0.1396096293576251, "cost": 86.675, "target_value": 182.9471293576251, "running_time": 26916.05567932129, "local_count": 11, "common_count": 69}}, "sim1": {"simulation_id": 1, "user_seed": 95727893, "Nearest": {"max_delay": 0.1495707549552266, "cost": 160.975, "target_value": 230.05825495522657, "running_time": 2.001047134399414, "local_count": 80, "common_count": 0}, "M-Greedy": {"max_delay": 0.23600758771683977, "cost": 135.0, "target_value": 303.5075877168398, "running_time": 387.087345123291, "n_selected_site": 1, "local_count": 80, "common_count": 0}, "M-Greedy-V2": {"max_delay": 0.14243671833529986, "cost": 100.875, "target_value": 192.87421833529987, "running_time": 2212.498188018799, "n_selected_site": 6, "local_count": 24, "common_count": 56}, "Min-Avg": {"max_delay": 0.1445035677712514, "cost": 84.125, "target_value": 186.5660677712514, "running_time": 495.11194229125977, "local_count": 7, "common_count": 73}, "Max-First": {"max_delay": 0.14916838653368603, "cost": 84.4, "target_value": 191.36838653368602, "running_time": 541.121244430542, "local_count": 1, "common_count": 79}, "Ours": {"max_delay": 0.1415035677712514, "cost": 85.325, "target_value": 184.1660677712514, "running_time": 30570.879697799683, "local_count": 8, "common_count": 72}}}, "50": {"sim0": {"simulation_id": 0, "user_seed": 63836232, "Nearest": {"max_delay": 0.15507767499256786, "cost": 194.24, "target_value": 252.19767499256787, "running_time": 3.0007362365722656, "local_count": 100, "common_count": 0}, "M-Greedy": {"max_delay": 0.1450472326874574, "cost": 123.3, "target_value": 206.6972326874574, "running_time": 3491.7855262756348, "n_selected_site": 11, "local_count": 38, "common_count": 62}, "M-Greedy-V2": {"max_delay": 0.1450472326874574, "cost": 113.14, "target_value": 201.61723268745737, "running_time": 5017.128944396973, "n_selected_site": 9, "local_count": 18, "common_count": 82}, "Min-Avg": {"max_delay": 0.14604805399274692, "cost": 98.7, "target_value": 195.39805399274692, "running_time": 915.205717086792, "local_count": 4, "common_count": 96}, "Max-First": {"max_delay": 0.14827304256974827, "cost": 101.08, "target_value": 198.81304256974826, "running_time": 826.1857032775879, "local_count": 2, "common_count": 98}, "Ours": {"max_delay": 0.13701898278916808, "cost": 104.96, "target_value": 189.49898278916805, "running_time": 43850.86727142334, "local_count": 13, "common_count": 87}}, "sim1": {"simulation_id": 1, "user_seed": 77025254, "Nearest": {"max_delay": 0.15166442699858917, "cost": 189.8, "target_value": 246.56442699858917, "running_time": 1.0006427764892578, "local_count": 100, "common_count": 0}, "M-Greedy": {"max_delay": 0.23877968223592339, "cost": 152.0, "target_value": 314.77968223592336, "running_time": 668.1504249572754, "n_selected_site": 1, "local_count": 100, "common_count": 0}, "M-Greedy-V2": {"max_delay": 0.14267323234651186, "cost": 106.84, "target_value": 196.09323234651185, "running_time": 3294.7423458099365, "n_selected_site": 5, "local_count": 6, "common_count": 94}, "Min-Avg": {"max_delay": 0.1489157022291017, "cost": 98.08, "target_value": 197.9557022291017, "running_time": 771.1730003356934, "local_count": 2, "common_count": 98}, "Max-First": {"max_delay": 0.1489157022291017, "cost": 101.66, "target_value": 199.7457022291017, "running_time": 674.152135848999, "local_count": 2, "common_count": 98}, "Ours": {"max_delay": 0.13781211722832848, "cost": 102.24, "target_value": 188.93211722832848, "running_time": 43153.71036529541, "local_count": 10, "common_count": 90}}}, "60": {"sim0": {"simulation_id": 0, "user_seed": 12717248, "Nearest": {"max_delay": 0.15835753524263319, "cost": 217.71666666666667, "target_value": 267.2158685759665, "running_time": 4.00090217590332, "local_count": 120, "common_count": 0}, "M-Greedy": {"max_delay": 0.14712444034928518, "cost": 124.68333333333334, "target_value": 209.46610701595185, "running_time": 4642.045021057129, "n_selected_site": 10, "local_count": 46, "common_count": 74}, "M-Greedy-V2": {"max_delay": 0.14106938470617517, "cost": 119.0, "target_value": 200.56938470617516, "running_time": 7431.6725730896, "n_selected_site": 9, "local_count": 28, "common_count": 92}, "Min-Avg": {"max_delay": 0.15165362249151243, "cost": 99.18333333333334, "target_value": 201.2452891581791, "running_time": 1035.233974456787, "local_count": 5, "common_count": 115}, "Max-First": {"max_delay": 0.15389056216121247, "cost": 99.7, "target_value": 203.74056216121247, "running_time": 1042.2348976135254, "local_count": 3, "common_count": 117}, "Ours": {"max_delay": 0.14519040114737225, "cost": 101.58333333333333, "target_value": 195.9820678140389, "running_time": 59532.39703178406, "local_count": 6, "common_count": 114}}, "sim1": {"simulation_id": 1, "user_seed": 89366287, "Nearest": {"max_delay": 0.16140070470852014, "cost": 219.73333333333332, "target_value": 271.26737137518677, "running_time": 5.001068115234375, "local_count": 120, "common_count": 0}, "M-Greedy": {"max_delay": 0.15240070470852013, "cost": 146.23333333333332, "target_value": 225.51737137518677, "running_time": 4907.104969024658, "n_selected_site": 11, "local_count": 66, "common_count": 54}, "M-Greedy-V2": {"max_delay": 0.14232538865340671, "cost": 119.28333333333333, "target_value": 201.96705532007337, "running_time": 7707.73458480835, "n_selected_site": 9, "local_count": 28, "common_count": 92}, "Min-Avg": {"max_delay": 0.1476409346630007, "cost": 102.95, "target_value": 199.1159346630007, "running_time": 1123.2519149780273, "local_count": 6, "common_count": 114}, "Max-First": {"max_delay": 0.159570790029201, "cost": 101.51666666666667, "target_value": 210.32912336253432, "running_time": 1066.239595413208, "local_count": 3, "common_count": 117}, "Ours": {"max_delay": 0.14232538865340671, "cost": 108.2, "target_value": 196.4253886534067, "running_time": 61515.84267616272, "local_count": 16, "common_count": 104}}}, "70": {"sim0": {"simulation_id": 0, "user_seed": 38045014, "Nearest": {"max_delay": 0.1528262679633492, "cost": 240.27142857142857, "target_value": 272.96198224906345, "running_time": 5.002021789550781, "local_count": 140, "common_count": 0}, "M-Greedy": {"max_delay": 0.23866341253844742, "cost": 186.0, "target_value": 331.6634125384474, "running_time": 1424.3206977844238, "n_selected_site": 1, "local_count": 140, "common_count": 0}, "M-Greedy-V2": {"max_delay": 0.14215981485371593, "cost": 125.75714285714285, "target_value": 205.03838628228735, "running_time": 6324.422836303711, "n_selected_site": 5, "local_count": 0, "common_count": 140}, "Min-Avg": {"max_delay": 0.15095023930662455, "cost": 115.57142857142857, "target_value": 208.73595359233883, "running_time": 1333.2996368408203, "local_count": 6, "common_count": 134}, "Max-First": {"max_delay": 0.15184659785004193, "cost": 119.98571428571428, "target_value": 211.83945499289905, "running_time": 1419.3189144134521, "local_count": 4, "common_count": 136}, "Ours": {"max_delay": 0.14319722703472013,