{"40": {"sim0": {"simulation_id": 0, "user_seed": 18284752, "Nearest": {"max_delay": 0.15410000400496432, "cost": 175.725, "target_value": 241.96250400496433, "running_time": 1.0001659393310547, "local_count": 80, "common_count": 0}, "M-Greedy": {"max_delay": 0.1432685021734625, "cost": 107.85, "target_value": 197.1935021734625, "running_time": 1886.4245414733887, "n_selected_site": 11, "local_count": 28, "common_count": 52}, "M-Greedy-V2": {"max_delay": 0.13738410444672094, "cost": 94.325, "target_value": 184.54660444672095, "running_time": 2871.645927429199, "n_selected_site": 8, "local_count": 14, "common_count": 66}, "Min-Avg": {"max_delay": 0.14582836717488679, "cost": 81.475, "target_value": 186.56586717488676, "running_time": 445.098876953125, "local_count": 3, "common_count": 77}, "Max-First": {"max_delay": 0.14510277814008088, "cost": 86.25, "target_value": 188.2277781400809, "running_time": 579.1292190551758, "local_count": 2, "common_count": 78}, "Ours": {"max_delay": 0.1361840340303053, "cost": 90.6, "target_value": 181.48403403030528, "running_time": 28678.45344543457, "local_count": 10, "common_count": 70}}, "sim1": {"simulation_id": 1, "user_seed": 62724886, "Nearest": {"max_delay": 0.15304967845872755, "cost": 146.625, "target_value": 226.36217845872756, "running_time": 0.9999275207519531, "local_count": 80, "common_count": 0}, "M-Greedy": {"max_delay": 0.13996748128630193, "cost": 103.8, "target_value": 191.86748128630194, "running_time": 2041.459321975708, "n_selected_site": 10, "local_count": 36, "common_count": 44}, "M-Greedy-V2": {"max_delay": 0.13996748128630193, "cost": 93.2, "target_value": 186.56748128630193, "running_time": 3270.7366943359375, "n_selected_site": 8, "local_count": 16, "common_count": 64}, "Min-Avg": {"max_delay": 0.147274839497877, "cost": 83.2, "target_value": 188.874839497877, "running_time": 578.1302452087402, "local_count": 4, "common_count": 76}, "Max-First": {"max_delay": 0.15115629891359939, "cost": 84.6, "target_value": 193.45629891359937, "running_time": 550.1236915588379, "local_count": 4, "common_count": 76}, "Ours": {"max_delay": 0.13756383296809582, "cost": 91.5, "target_value": 183.31383296809582, "running_time": 31470.0825214386, "local_count": 10, "common_count": 70}}}, "50": {"sim0": {"simulation_id": 0, "user_seed": 32202357, "Nearest": {"max_delay": 0.15932448001139873, "cost": 187.94, "target_value": 253.29448001139872, "running_time": 2.000570297241211, "local_count": 100, "common_count": 0}, "M-Greedy": {"max_delay": 0.1574929781798969, "cost": 126.88, "target_value": 220.9329781798969, "running_time": 3552.800178527832, "n_selected_site": 11, "local_count": 46, "common_count": 54}, "M-Greedy-V2": {"max_delay": 0.14195493775550272, "cost": 106.26, "target_value": 195.08493775550272, "running_time": 4468.006134033203, "n_selected_site": 7, "local_count": 30, "common_count": 70}, "Min-Avg": {"max_delay": 0.15315250619234488, "cost": 86.36, "target_value": 196.33250619234488, "running_time": 979.2211055755615, "local_count": 7, "common_count": 93}, "Max-First": {"max_delay": 0.15404886473576224, "cost": 88.3, "target_value": 198.19886473576224, "running_time": 843.1897163391113, "local_count": 3, "common_count": 97}, "Ours": {"max_delay": 0.14360897461842415, "cost": 86.5, "target_value": 186.85897461842416, "running_time": 47158.61177444458, "local_count": 10, "common_count": 90}}, "sim1": {"simulation_id": 1, "user_seed": 12797117, "Nearest": {"max_delay": 0.1604381497412047, "cost": 189.38, "target_value": 255.1281497412047, "running_time": 1.0004043579101562, "local_count": 100, "common_count": 0}, "M-Greedy": {"max_delay": 0.1598574296482895, "cost": 144.76, "target_value": 232.2374296482895, "running_time": 3815.8581256866455, "n_selected_site": 11, "local_count": 62, "common_count": 38}, "M-Greedy-V2": {"max_delay": 0.1424771205575205, "cost": 112.06, "target_value": 198.5071205575205, "running_time": 3688.8301372528076, "n_selected_site": 6, "local_count": 26, "common_count": 74}, "Min-Avg": {"max_delay": 0.1468912663740583, "cost": 95.22, "target_value": 194.50126637405833, "running_time": 798.1791496276855, "local_count": 7, "common_count": 93}, "Max-First": {"max_delay": 0.14778762491747566, "cost": 95.4, "target_value": 195.48762491747567, "running_time": 790.1766300201416, "local_count": 1, "common_count": 99}, "Ours": {"max_delay": 0.14110636606925908, "cost": 89.08, "target_value": 185.64636606925907, "running_time": 44137.93230056763, "local_count": 6, "common_count": 94}}}, "60": {"sim0": {"simulation_id": 0, "user_seed": 74310292, "Nearest": {"max_delay": 0.14851604353177816, "cost": 226.55, "target_value": 261.7910435317782, "running_time": 2.0003318786621094, "local_count": 120, "common_count": 0}, "M-Greedy": {"max_delay": 0.13977597885678972, "cost": 124.38333333333334, "target_value": 201.96764552345638, "running_time": 4354.979991912842, "n_selected_site": 10, "local_count": 30, "common_count": 90}, "M-Greedy-V2": {"max_delay": 0.13977597885678972, "cost": 121.55, "target_value": 200.55097885678973, "running_time": 5358.206510543823, "n_selected_site": 6, "local_count": 26, "common_count": 94}, "Min-Avg": {"max_delay": 0.14352773226113824, "cost": 104.5, "target_value": 195.77773226113825, "running_time": 1045.2351570129395, "local_count": 9, "common_count": 111}, "Max-First": {"max_delay": 0.14350634188680667, "cost": 106.93333333333334, "target_value": 196.97300855347333, "running_time": 1164.264440536499, "local_count": 6, "common_count": 114}, "Ours": {"max_delay": 0.14352773226113824, "cost": 103.55, "target_value": 195.30273226113826, "running_time": 62009.95421409607, "local_count": 9, "common_count": 111}}, "sim1": {"simulation_id": 1, "user_seed": 38565293, "Nearest": {"max_delay": 0.15671975471466354, "cost": 203.23333333333332, "target_value": 258.3364213813302, "running_time": 5.000829696655273, "local_count": 120, "common_count": 0}, "M-Greedy": {"max_delay": 0.1405440247768104, "cost": 120.81666666666666, "target_value": 200.95235811014373, "running_time": 4535.021066665649, "n_selected_site": 10, "local_count": 42, "common_count": 78}, "M-Greedy-V2": {"max_delay": 0.1405440247768104, "cost": 117.98333333333333, "target_value": 199.53569144347708, "running_time": 6810.533761978149, "n_selected_site": 8, "local_count": 36, "common_count": 84}, "Min-Avg": {"max_delay": 0.14505140556197493, "cost": 97.28333333333333, "target_value": 193.6930722286416, "running_time": 1233.2758903503418, "local_count": 5, "common_count": 115}, "Max-First": {"max_delay": 0.14715714268601315, "cost": 100.51666666666667, "target_value": 197.41547601934647, "running_time": 1200.270414352417, "local_count": 3, "common_count": 117}, "Ours": {"max_delay": 0.14505140556197493, "cost": 97.28333333333333, "target_value": 193.6930722286416, "running_time": 59607.41376876831, "local_count": 5, "common_count": 115}}}, "70": {"sim0": {"simulation_id": 0, "user_seed": 11050789, "Nearest": {"max_delay": 0.160610088953959, "cost": 244.05714285714285, "target_value": 282.6386603825304, "running_time": 3.0007362365722656, "local_count": 140, "common_count": 0}, "M-Greedy": {"max_delay": 0.23716399013656614, "cost": 203.0, "target_value": 338.6639901365661, "running_time": 1306.2946796417236, "n_selected_site": 1, "local_count": 140, "common_count": 0}, "M-Greedy-V2": {"max_delay": 0.1430144852261429, "cost": 135.42857142857142, "target_value": 210.7287709404286, "running_time": 7618.714332580566, "n_selected_site": 6, "local_count": 18, "common_count": 122}, "Min-Avg": {"max_delay": 0.15240986371461848, "cost": 116.17142857142858, "target_value": 210.49557800033278, "running_time": 1473.3316898345947, "local_count": 12, "common_count": 128}, "Max-First": {"max_delay": 0.15196830527306004, "cost": 118.47142857142858, "target_value": 211.20401955877435, "running_time": 1428.3206462860107, "local_count": 4, "common_count": 136}, "Ours": {"max_delay": 0.14745942599596612,