{"avg_delay": {"40": [[0.11338416829204524, 0.11788077607663608, 0.11672099823176624, 0.11549570539347548, 0.11455562602078785, 0.11408019511533075, 0.11356128810631544, 0.11672226168107393, 0.11429862685206038, 0.11683639664704612], [0.11558985022840608, 0.12019005770774457, 0.1182756941610942, 0.11575743573202851, 0.11778244218755109, 0.11706181865921657, 0.11599805698148974, 0.11894275582636117, 0.11710402960783334, 0.11947754910142376], [0.12112275610544962, 0.1277205123512341, 0.1276094353392971, 0.1262499264062581, 0.1251349363667785, 0.12354856189391715, 0.12408291680237886, 0.12431637929260697, 0.12238797939723028, 0.12511328866684696]], "50": [[0.11664747459586174, 0.11525891957317205, 0.11506039656849178, 0.1157577127367176, 0.11378905054205184, 0.11324944134356117, 0.11677840679140351, 0.1168981585303474, 0.11505001371108659, 0.11458148121598054], [0.11996947769105111, 0.11542423465927229, 0.11533001950205542, 0.11562815087954928, 0.11465552013095151, 0.11380194597882301, 0.11857561738282732, 0.11943370475956681, 0.11776899137799923, 0.11603875916935515], [0.124610830289971, 0.12321477555327054, 0.12453246889425432, 0.12386972817258916, 0.12355175815122525, 0.1252728964796238, 0.12905811311162788, 0.13048763401519925, 0.12359107237150058, 0.1245062841097596]], "60": [[0.11477488297997529, 0.1197049870859992, 0.11483654282903033, 0.11809478682543534, 0.11815520773762607, 0.11242936484025899, 0.12205774483818896, 0.12245362185111705, 0.12117032158860558, 0.11377482190992033], [0.11615586421548116, 0.12164294312719762, 0.1147774190831911, 0.11906364668452844, 0.1207746599239784, 0.11407130899885425, 0.12442058616271391, 0.12382288219162453, 0.12483020161075818, 0.1148669382341348], [0.12234563655012153, 0.1297151290950338, 0.12289243842355102, 0.12910131399897087, 0.1278945599189839, 0.12066583222159799, 0.13246117862898876, 0.13270486880912563, 0.13252770650055926, 0.12507817688243378]], "70": [[0.11307283797127307, 0.11699180987515051, 0.11821694728727572, 0.11510161991579951, 0.1142788743145788, 0.11730153224031305, 0.1190068599450822, 0.11956624998969206, 0.11705745109689082, 0.12120606423196525], [0.11614855636595244, 0.11943298341154752, 0.12021100534088092, 0.11857879791740432, 0.11629997953789542, 0.11999392006959712, 0.11851087200597996, 0.12059124705929256, 0.119992997121632, 0.12368115185100924], [0.12416928720733018, 0.12915643321564632, 0.1313096616340048, 0.12519196197137633, 0.12987085647836177, 0.13217240729127777, 0.1305544271053456, 0.13287209960574975, 0.12513037567261412, 0.13264555645737375]], "80": [[0.1212760948499251, 0.11879730454860178, 0.11677215394760126, 0.11405215536298924, 0.12104882795311057, 0.11698428062998864, 0.11499165210321839, 0.11525860759618457, 0.11652154544808106, 0.11875564354912192], [0.12326861017739674, 0.12034258591436625, 0.11657791041896907, 0.11635394672867738, 0.12549513785027983, 0.12001061990432524, 0.11434576704504691, 0.11582427929865947, 0.11782439267078956, 0.12054870382012937], [0.13321116619184262, 0.12486732997770236, 0.12450503744488907, 0.12477575927994573, 0.13455135748893207, 0.1314922470944189, 0.12356513316532242, 0.1286494572800697, 0.12821907253222892, 0.13463971912794306]], "90": [[0.11984175214843754, 0.11528412435900759, 0.1224029728381877, 0.11586270817278464, 0.11789358798143107, 0.11481880816690533, 0.11665514916194526, 0.11482119850013398, 0.11997543739264721, 0.11684341370680049], [0.12181890146306157, 0.117499853115411, 0.12532899999766192, 0.11935498132688774, 0.11999895291921472, 0.11801323755969365, 0.11865744455225183, 0.1172789276035826, 0.12068190128978999, 0.12031385031572807], [0.12868987757136888, 0.12787683387787105, 0.1320151979294353, 0.12804175126851744, 0.12977573183511665, 0.12827811488010837, 0.12517823761282137, 0.12744170785204917, 0.12542239963299415, 0.13028958599988405]], "100": [[0.11670693202373038, 0.11886235963747097, 0.1188887780595187, 0.12082325224738001, 0.12055523402970272, 0.11664395673847955, 0.11985642875129245, 0.11652098101478334, 0.11925062479131959, 0.12147696082767523], [0.12006465071904092, 0.1192010564367952, 0.12221363515417163, 0.12328489522092734, 0.12205911944623592, 0.11774534930149577, 0.12285563046370576, 0.12025114420040814, 0.12364406085355342, 0.12415920539899204], [0.127467242788121, 0.12600526133885293, 0.12881345891637475, 0.13108121298254874, 0.1292931447918443, 0.12844025017393618, 0.1320010305551829, 0.1272723241868142, 0.13170483576126962, 0.13198566739363474]]}, "cost": {"40": [[87.15, 95.15, 92.825, 90.725, 99.2, 91.5, 95.2, 101.175, 85.8, 91.6], [88.475, 98.0, 93.225, 91.25, 102.25, 92.525, 96.1, 103.7, 89.275, 94.15], [42.65, 43.375, 40.4, 37.925, 40.0, 42.075, 39.75, 44.025, 40.925, 45.05]], "50": [[109.98, 114.2, 113.38, 101.7, 110.18, 118.62, 110.94, 114.94, 108.7, 118.66], [111.82, 117.34, 113.86, 103.46, 111.92, 121.0, 113.9, 115.8, 107.1, 118.82], [47.96, 43.7, 44.3, 45.66, 44.8, 43.3, 45.6, 43.12, 47.52, 44.08]], "60": [[129.85, 133.96666666666667, 130.15, 131.08333333333334, 127.93333333333334, 125.21666666666667, 128.1, 137.93333333333334, 143.2, 116.33333333333333], [131.88333333333333, 135.11666666666667, 129.8, 132.68333333333334, 131.4, 127.5, 129.21666666666667, 140.16666666666666, 147.05, 119.71666666666667], [49.583333333333336, 49.733333333333334, 48.55, 48.43333333333333, 48.88333333333333, 48.916666666666664, 48.45, 50.016666666666666, 49.43333333333333, 44.266666666666666]], "70": [[140.31428571428572, 140.11428571428573, 153.97142857142856, 144.11428571428573, 141.85714285714286, 147.21428571428572, 143.14285714285714, 142.5857142857143, 141.62857142857143, 147.17142857142858], [143.3, 144.95714285714286, 156.28571428571428, 148.22857142857143, 142.92857142857142, 150.45714285714286, 145.68571428571428, 144.14285714285714, 145.14285714285714, 148.32857142857142], [49.57142857142857, 51.34285714285714, 56.8, 55.22857142857143, 51.05714285714286, 50.07142857142857, 50.114285714285714, 51.042857142857144, 54.34285714285714, 53.97142857142857]], "80": [[155.4375, 178.075, 150.4625, 154.95, 165.0, 171.15, 157.2625, 159.475, 161.9125, 166.625], [159.7375, 178.525, 150.35, 155.9625, 171.7375, 174.775, 159.8375, 161.3875, 163.175, 171.1625], [56.775, 64.575, 56.7375, 56.4625, 57.8875, 56.35, 56.95, 56.6875, 57.1125, 58.625]], "90": [[177.1888888888889, 195.36666666666667, 182.4, 178.65555555555557, 187.88888888888889, 189.43333333333334, 179.26666666666668, 176.61111111111111, 176.3111111111111, 190.64444444444445], [181.0, 198.73333333333332, 191.07777777777778, 181.57777777777778, 190.7888888888889, 191.37777777777777, 182.9777777777778, 178.35555555555555, 178.24444444444444, 196.48888888888888], [64.66666666666667, 64.56666666666666, 64.28888888888889, 63.68888888888889, 64.11111111111111, 63.333333333333336, 63.36666666666667, 64.0, 63.37777777777778, 64.87777777777778]], "100": [[200.69, 204.91, 204.1, 201.02, 201.98, 200.78, 194.22, 198.9, 210.01, 201.31], [205.0, 204.23, 208.51, 205.45, 206.67, 209.14, 199.34, 202.95, 212.06, 205.4], [70.73, 71.01, 71.2, 71.14, 71.28, 69.49, 69.4, 70.72, 71.07, 64.94]]}, "target_value": {"40": [[200.53416829204525, 213.03077607663607, 209.54599823176625, 206.22070539347547, 213.75562602078787, 205.58019511533075, 208.76128810631545, 217.89726168107393, 200.09862685206036, 208.4363966470461], [204.06485022840607, 218.1900577077446, 211.5006941610942, 207.0074357320285, 220.03244218755108, 209.5868186592166, 212.09805698148972, 222.64275582636117, 206.37902960783333, 213.62754910142377], [163.77275610544962, 171.0955123512341, 168.0094353392971, 164.1749264062581, 165.1349363667785, 165.62356189391716, 163.83291680237886, 168.34137929260697, 163.31297939723027, 170.16328866684694]],