{"avg_delay": {"40": [[0.11339642735309634, 0.11652825283656178, 0.11868801771181343, 0.1139660672213275, 0.1177348473751417, 0.11516521724642588, 0.11793960627838927, 0.11842930993408571, 0.11555260132256284, 0.11545033966216728], [0.1135038934812871, 0.11949264771051496, 0.12238795273635959, 0.1148556859801285, 0.12382028604128813, 0.11856661670717783, 0.12023248164394439, 0.12159633737093012, 0.11895671068602466, 0.11649962200818616], [0.1215936743226106, 0.12483212768271093, 0.12573162608331018, 0.12544582693157547, 0.12672168290616154, 0.1278379918003361, 0.1279898138452742, 0.1304910730182741, 0.12495185255211352, 0.12205640037029598]], "50": [[0.115570873409394, 0.11400569537252853, 0.11670691372487675, 0.11563126892524687, 0.11715527598849458, 0.11551234130283074, 0.11400783116484688, 0.11690935540895016, 0.11558324940621682, 0.11797194453855038], [0.11823261555286024, 0.11648241292045407, 0.12003551496465195, 0.11891232703086362, 0.12015942286670975, 0.1178787850877202, 0.11321595798804242, 0.1213480698705228, 0.11652338302956755, 0.11732275482633366], [0.12329795438059685, 0.12371995074077952, 0.12971173505668263, 0.12463046065748835, 0.12591517959105347, 0.12875033150831988, 0.12131498771477622, 0.1300844719967134, 0.12594759292468197, 0.12626435920292017]], "60": [[0.11847026004231317, 0.12067182024678355, 0.12114499726816737, 0.11426041078130646, 0.12042287324639525, 0.1135035888468825, 0.11458557577364409, 0.11269499544106627, 0.11883241225108147, 0.11994612800854927], [0.12096039225240321, 0.12288507716996284, 0.1234430097176156, 0.1182218318543688, 0.12215879389085621, 0.11525895792701321, 0.1167387660257866, 0.1139828460209387, 0.11989177869808022, 0.12068834301932373], [0.13082049489986908, 0.12692137689450783, 0.13168986986760756, 0.12654882920100266, 0.12562457237065153, 0.12680518280228031, 0.12770952847066197, 0.12322027522878794, 0.1283908472434083, 0.12695960258468997]], "70": [[0.11625303456751511, 0.11731056221279856, 0.11608504850436936, 0.1215682547257039, 0.1192649616186543, 0.11740455013817343, 0.12005190395401612, 0.11930167887497477, 0.11851053820484209, 0.11871259568699775], [0.11963007447044932, 0.1189524534825896, 0.11882580541575229, 0.12412129048414763, 0.1210774898410608, 0.1216614110766413, 0.12126868473203449, 0.12256789313573876, 0.12057040704377625, 0.1196249132304601], [0.12679984586114498, 0.13055499070467594, 0.13136160699896562, 0.13190260950888832, 0.13222426023596254, 0.1304546737063753, 0.13043504454783755, 0.13169017378320408, 0.13139248121418645, 0.13057688266755646]], "80": [[0.1159527605582674, 0.11798856583308741, 0.12014074672987916, 0.11550148055786429, 0.1210774108534311, 0.11834959223184746, 0.12030223705991543, 0.11886496139167008, 0.1162289990402386, 0.1157553249661205], [0.11781531817410439, 0.12004083986113119, 0.12139320161600294, 0.11833914668467424, 0.12252048420439651, 0.11944503676260255, 0.12337291560037097, 0.12243179407859146, 0.11713734647385592, 0.11805365520722055], [0.12991509322095887, 0.12918438477163802, 0.13360864490282076, 0.1275935118339435, 0.13026578842374556, 0.1278536722814878, 0.13400236930225545, 0.13365736010942705, 0.13090405817235623, 0.13430968531898727]], "90": [[0.11951198796917126, 0.11789222419794455, 0.11802821070708429, 0.11984094713765354, 0.11982123082226867, 0.11660588801036152, 0.11573902004228814, 0.11979919131498913, 0.11901609185233515, 0.11705196668467617], [0.11989328660856696, 0.12056308673112014, 0.12091058780616509, 0.1215536464564161, 0.12237745044582227, 0.11873381241446025, 0.11900364814690297, 0.1238273514945675, 0.12290088190303275, 0.11897031930017173], [0.12981200149452246, 0.12788130054347693, 0.12856156018886686, 0.13520799176127207, 0.13296759390805893, 0.12668473796110533, 0.12746069063333343, 0.1348606653298467, 0.1285970938019892, 0.1277681275878595]], "100": [[0.11880842450523044, 0.11801252115552549, 0.1182437293066216, 0.12070824804018997, 0.12126397178744804, 0.11900510010738041, 0.11589712132484274, 0.11900258845461532, 0.11653321933794453, 0.12199493072961855], [0.12078235156988586, 0.1212271078451289, 0.12197896715872378, 0.12165714832575125, 0.1238340918995272, 0.12148198592641765, 0.1182230796870047, 0.12014613380850801, 0.11969336147171165, 0.1234217130067071], [0.13024801799603974, 0.12862442924939013, 0.12863361196806802, 0.1323802460456027, 0.1305196769239464, 0.12990398988790006, 0.12639740771706276, 0.13226740911595342, 0.1281692106407194, 0.13203386683626478]]}, "cost": {"40": [[92.475, 98.875, 106.05, 105.3, 94.525, 96.9, 96.525, 99.8, 97.05, 94.1], [93.7, 104.375, 108.25, 104.65, 98.975, 99.325, 98.5, 103.15, 98.4, 97.1], [39.1, 45.175, 45.65, 44.55, 45.075, 38.85, 37.725, 42.4, 41.225, 40.675]], "50": [[104.98, 115.66, 116.78, 110.5, 117.58, 112.58, 100.66, 118.48, 114.5, 113.34], [107.56, 118.22, 119.98, 111.66, 120.24, 117.7, 103.06, 119.58, 117.62, 117.68], [46.26, 46.58, 42.92, 45.88, 46.62, 42.36, 44.5, 43.38, 43.96, 45.36]], "60": [[135.91666666666666, 128.2, 133.75, 125.4, 136.4, 135.05, 128.63333333333333, 125.55, 129.26666666666668, 131.21666666666667], [138.88333333333333, 128.8, 136.38333333333333, 130.83333333333334, 137.23333333333332, 139.71666666666667, 131.5, 130.71666666666667, 129.93333333333334, 131.28333333333333], [50.03333333333333, 49.733333333333334, 49.8, 49.05, 49.06666666666667, 49.333333333333336, 49.7, 48.516666666666666, 49.36666666666667, 49.28333333333333]], "70": [[147.94285714285715, 134.4857142857143, 147.77142857142857, 152.47142857142856, 144.64285714285714, 139.35714285714286, 142.04285714285714, 147.07142857142858, 141.3, 137.9142857142857], [153.44285714285715, 137.9857142857143, 154.25714285714287, 158.97142857142856, 148.24285714285713, 144.12857142857143, 141.72857142857143, 149.4857142857143, 146.35714285714286, 143.47142857142856], [56.214285714285715, 50.02857142857143, 48.94285714285714, 55.714285714285715, 50.15714285714286, 49.642857142857146, 49.94285714285714, 53.74285714285714, 50.614285714285714, 50.68571428571428]], "80": [[168.9875, 162.375, 172.2875, 162.7625, 163.4625, 164.4875, 164.0875, 162.2125, 160.4, 168.9625], [170.45, 166.125, 176.075, 169.05, 166.1875, 167.7125, 167.125, 167.3, 162.0, 170.7875], [56.825, 56.875, 58.65, 56.6625, 56.5, 62.4875, 57.6625, 58.675, 56.8625, 57.1375]], "90": [[184.56666666666666, 179.5, 178.83333333333334, 189.96666666666667, 192.8111111111111, 180.87777777777777, 177.64444444444445, 192.25555555555556, 180.44444444444446, 187.7888888888889], [186.64444444444445, 179.98888888888888, 185.86666666666667, 196.38888888888889, 199.83333333333334, 185.2111111111111, 182.8111111111111, 197.06666666666666, 184.87777777777777, 190.43333333333334], [63.477777777777774, 63.74444444444445, 63.922222222222224, 66.22222222222223, 64.43333333333334, 63.644444444444446, 63.611111111111114, 65.1, 62.766666666666666, 64.27777777777777]], "100": [[210.7, 205.25, 205.27, 208.89, 205.48, 204.17, 194.15, 193.71, 193.94, 206.08], [213.56, 213.19, 209.21, 213.72, 204.8, 211.5, 199.9, 193.22, 199.97, 207.53], [69.36, 70.79, 71.22, 70.29, 70.41, 69.2, 69.91, 65.04, 68.7, 68.62]]}, "target_value": {"40": [[205.87142735309635, 215.40325283656176, 224.73801771181343, 219.2660672213275, 212.2598473751417, 212.0652172464259, 214.46460627838928, 218.2293099340857, 212.60260132256283, 209.5503396621673], [207.2038934812871, 223.86764771051497, 230.63795273635958, 219.5056859801285, 222.79528604128814, 217.89161670717783, 218.73248164394437, 224.74633737093012, 217.35671068602466, 213.59962200818615], [160.6936743226106, 170.00712768271092, 171.38162608331018, 169.99582693157546, 171.79668290616155, 166.68799180033608, 165.7148138452742, 172.89107301827408, 166.17685255211353, 162.731400370296]],