{"avg_delay": {"40": [[0.1180586963038528, 0.11338674289557295, 0.11567828796246366, 0.12017625388443308, 0.116248584554386, 0.11880437221404072, 0.11883816488821469, 0.11139486027806149, 0.11809149958011156, 0.11385682316369218], [0.11705258502696354, 0.11561649689827913, 0.1195467525275415, 0.12080698597684324, 0.11603022856249103, 0.12108301085083743, 0.12161277577716863, 0.11066913730436083, 0.12105440699528822, 0.1133782985902083], [0.12766276667784257, 0.12617829359759122, 0.1247776713737638, 0.12883363223439917, 0.12546716028543334, 0.12875664946757287, 0.12529486986571006, 0.12204836315405443, 0.12625825273458754, 0.12148876209593025]], "50": [[0.11697651203070097, 0.11777287934415501, 0.11933833671025411, 0.11912928390167142, 0.11896052083212617, 0.11591557763148219, 0.11122446971730648, 0.11602448768540458, 0.11480592125559938, 0.11713178317447352], [0.12179650886867012, 0.12089552369941657, 0.12272576980941269, 0.12393639537693282, 0.12102516411096279, 0.11719259069314378, 0.11086094676212128, 0.11868629201332292, 0.11885869333085008, 0.11879821253072394], [0.12664459645407197, 0.12610749545315508, 0.13253748712345512, 0.12643823865511686, 0.12680380154976684, 0.12507797222353254, 0.1239796479137939, 0.1223530943596284, 0.128349622693656, 0.1224202235360932]], "60": [[0.11551346047049992, 0.12199002798730955, 0.11600116880986068, 0.11559115986901777, 0.11243657717188515, 0.12042643523143233, 0.11289342500953835, 0.1156298618329977, 0.11887846557208132, 0.1151758740755577], [0.11845398801774086, 0.12440708180997213, 0.11952561430343422, 0.11999167338868669, 0.11428966867069057, 0.12191155066254006, 0.11556339613236469, 0.11903138191348302, 0.11916704086962943, 0.11541343806675983], [0.12969090178026527, 0.13132384349970072, 0.12364691888862842, 0.1247018537103401, 0.125098078233987, 0.12991125892632527, 0.12554555154090666, 0.12967853999090181, 0.12882800138549527, 0.12814959356485878]], "70": [[0.11569563340170315, 0.11694907064842927, 0.11760742074467116, 0.11677766731325331, 0.12220654334235136, 0.12033324735336873, 0.12094228026724475, 0.11787611840103494, 0.11862293929457211, 0.11319977235201069], [0.11755664672346908, 0.11824328157324299, 0.12319991349503762, 0.11974920939782112, 0.12423810455363446, 0.12152846963211171, 0.12362966721761741, 0.11835248051514918, 0.12086170443141153, 0.11688514003469327], [0.12767914124141305, 0.1270214011543582, 0.1294524353587075, 0.12799977106488086, 0.13145424558683877, 0.128119066914247, 0.12955678772299084, 0.12860870732476118, 0.13306751315341858, 0.1277269668950671]], "80": [[0.11607101356251842, 0.11376422900091537, 0.11723675083521311, 0.11478248011391642, 0.11988711616250823, 0.11788929922992367, 0.11726921731181772, 0.12108920315836975, 0.1170702109205071, 0.11806303219988307], [0.11719609337951868, 0.11712829065352989, 0.11817961741232848, 0.11684023772670261, 0.12264527208270812, 0.11710870653999024, 0.12123690740167094, 0.1247542351632615, 0.11798365648745522, 0.11935247764914901], [0.12623917811293547, 0.12567489412243274, 0.12586903167130453, 0.12729988419571625, 0.13307085454030934, 0.12558999644311844, 0.1317984296860265, 0.13377139992026368, 0.12903167169248617, 0.12924868413740329]], "90": [[0.12260283081831747, 0.1193792451078812, 0.1190778017020594, 0.11647886143443731, 0.11811958291244411, 0.11822810630252349, 0.11644697817295119, 0.11596296506463234, 0.12307899792347254, 0.11903563730574607], [0.12433919234719802, 0.12173646919171026, 0.11911138231981122, 0.11824094817765485, 0.12033743417060849, 0.11953129976870878, 0.1186955501121643, 0.11791030711241493, 0.12443239347237066, 0.120738489128718], [0.13119200906286158, 0.1276388575521462, 0.12624348916056247, 0.12909065790922747, 0.13190540039842416, 0.1252445867440823, 0.12749413245312716, 0.1260370399281295, 0.130502172975708, 0.12823875433320375]], "100": [[0.12090450348464489, 0.1215808590626197, 0.12130435814594734, 0.11968596728602363, 0.11853818417019954, 0.11997879063371782, 0.1184056745924462, 0.11797660680036456, 0.11695092296957503, 0.12022787425253746], [0.12235220945992746, 0.12632696377283545, 0.12402823174893858, 0.12195831814646096, 0.11993339765486462, 0.12112312310641023, 0.1210289163034892, 0.12006138691408434, 0.11790255616943389, 0.12473311014047811], [0.12993370021670145, 0.13332264391502244, 0.12918583416666282, 0.12642155627047297, 0.12680088446867085, 0.12876455982792817, 0.12680931964570552, 0.12710380302362756, 0.12819595050514707, 0.13232775756570755]]}, "cost": {"40": [[98.6, 88.65, 91.35, 94.275, 101.825, 94.725, 86.125, 95.8, 95.5, 92.875], [102.25, 91.95, 96.675, 95.45, 103.95, 97.825, 88.6, 97.625, 98.325, 91.875], [39.675, 38.0, 41.55, 40.775, 41.025, 38.925, 40.9, 37.775, 39.3, 42.45]], "50": [[104.1, 105.64, 117.96, 100.76, 109.04, 111.3, 112.64, 108.9, 116.56, 106.78], [106.6, 106.52, 119.74, 105.76, 111.82, 116.08, 114.62, 111.14, 121.66, 106.74], [45.14, 46.58, 43.22, 47.58, 47.82, 45.66, 42.48, 50.9, 42.94, 44.56]], "60": [[130.58333333333334, 124.41666666666667, 123.21666666666667, 132.06666666666666, 130.1, 125.81666666666666, 130.65, 126.96666666666667, 140.33333333333334, 133.71666666666667], [134.7, 128.66666666666666, 127.43333333333334, 135.21666666666667, 133.88333333333333, 128.23333333333332, 134.65, 132.13333333333333, 143.28333333333333, 137.73333333333332], [49.06666666666667, 47.71666666666667, 49.46666666666667, 48.733333333333334, 49.0, 49.75, 48.833333333333336, 47.45, 49.9, 49.96666666666667]], "70": [[134.3, 149.57142857142858, 140.9, 149.8, 153.31428571428572, 145.15714285714284, 148.52857142857144, 149.62857142857143, 139.68571428571428, 135.05714285714285], [134.07142857142858, 151.75714285714287, 142.9857142857143, 153.0, 154.38571428571427, 147.87142857142857, 149.68571428571428, 153.94285714285715, 144.55714285714285, 138.92857142857142], [49.82857142857143, 56.52857142857143, 55.0, 54.48571428571429, 53.042857142857144, 54.68571428571428, 55.128571428571426, 57.01428571428571, 51.285714285714285, 50.01428571428571]], "80": [[169.7, 162.275, 158.9625, 161.6, 166.85, 174.0375, 165.2125, 166.825, 159.975, 154.6375], [172.7875, 163.825, 163.2125, 164.725, 172.6125, 175.5625, 170.025, 170.625, 162.625, 154.7], [62.125, 56.7125, 56.65, 56.8375, 57.4375, 62.6875, 58.4125, 58.15, 57.7125, 58.1125]], "90": [[190.8111111111111, 175.95555555555555, 185.34444444444443, 182.54444444444445, 181.05555555555554, 174.37777777777777, 183.74444444444444, 177.3, 176.4777777777778, 172.2111111111111], [193.5888888888889, 179.5, 186.0888888888889, 186.4, 184.2111111111111, 176.62222222222223, 190.26666666666668, 182.56666666666666, 181.25555555555556, 177.42222222222222], [64.75555555555556, 63.0, 64.44444444444444, 65.67777777777778, 63.22222222222222, 63.477777777777774, 62.93333333333333, 64.81111111111112, 63.21111111111111, 63.51111111111111]], "100": [[207.64, 204.68, 210.57, 197.83, 192.39, 201.73, 193.73, 200.67, 206.56, 195.11], [209.65, 207.93, 214.35, 202.22, 196.54, 204.74, 199.33, 203.0, 207.31, 201.68], [71.95, 71.89, 70.45, 69.76, 69.55, 68.89, 69.0, 71.53, 70.7, 66.21]]}, "target_value": {"40": [[216.6586963038528, 202.03674289557296, 207.02828796246365, 214.45125388443307, 218.073584554386, 213.52937221404073, 204.9631648882147, 207.19486027806147, 213.59149958011156, 206.73182316369218], [219.30258502696353, 207.56649689827913, 216.2217525275415, 216.25698597684323, 219.98022856249102, 218.90801085083746, 210.21277577716862, 208.29413730436085, 219.3794069952882, 205.25329859020832], [167.33776667784258, 164.17829359759122, 166.3276713737638, 169.60863223439918, 166.49216028543333, 167.68164946757287, 166.19486986571007, 159.82336315405442, 165.55825273458754, 163.93876209593026]],