{"avg_delay": {"40": [[0.11401839977105156, 0.11239875323398475, 0.11684429766512794, 0.11438055694055974, 0.11252998019377976, 0.11651152503319313, 0.1125538054611617, 0.11399344106756061, 0.1105399843734392, 0.11782029133004818], [0.11487880139505079, 0.11544806985361325, 0.11928647328760414, 0.11293349631248742, 0.11471127401450643, 0.11880219568229014, 0.11341702969084039, 0.11515868699809392, 0.10994702661761126, 0.11940244764021507], [0.12108976304431157, 0.12566255055040576, 0.12326143425029855, 0.12192024681259793, 0.12197868814511593, 0.12595311112224583, 0.12524199107030642, 0.12253565290532842, 0.11943790313213368, 0.12810728925175682]], "50": [[0.12116354854074465, 0.11853311988407274, 0.12158164042652024, 0.11927723010868892, 0.11412296510244009, 0.11369243110707061, 0.11150699414524051, 0.12179967672274536, 0.11877209473693144, 0.11580851016963216], [0.120230869211129, 0.12168119475178714, 0.12234328529926415, 0.12296913463946002, 0.11571300082552191, 0.11459618660421952, 0.1155356279550989, 0.12480543521862206, 0.12263582160108197, 0.1161124989311627], [0.12811715999475562, 0.12998382957399654, 0.13033872806297106, 0.12920408551386872, 0.1283604906957896, 0.12593864620923761, 0.12473335541512728, 0.12962234443363319, 0.1295758922505588, 0.12486138497232428]], "60": [[0.11866669531781164, 0.11180561593830353, 0.11806615749335062, 0.12043680695832802, 0.11626714138191707, 0.11784137867640854, 0.11345382087896935, 0.11871651119120381, 0.11622004798522792, 0.11605954877801954], [0.11995755535338953, 0.11335219041036289, 0.11966587181456113, 0.1224926413693631, 0.12088811266149434, 0.12099114648573317, 0.11698177926911192, 0.12087802696854665, 0.11823592927274697, 0.1181249371960764], [0.1283334189077173, 0.12261210700197711, 0.12991246421524907, 0.1321578559047936, 0.12966791590281362, 0.12966291058403615, 0.12692035757700723, 0.12758823042970016, 0.12808360239596808, 0.12537850352921917]], "70": [[0.11751839535748913, 0.11753901164016249, 0.11699675407477511, 0.11669839078340671, 0.11443538569527988, 0.11627077236753136, 0.11818521442224586, 0.11777747758074066, 0.11884783383211969, 0.12008761141558963], [0.1202283555910988, 0.11889337341423936, 0.11941502174095713, 0.11729831472128738, 0.11610207161445002, 0.12193125068847666, 0.11941511858558139, 0.11899499660914675, 0.12102341222265618, 0.12200226724775194], [0.13134348819833713, 0.12709254762692954, 0.12530169967883353, 0.12913127570165722, 0.1251933494702355, 0.12859535809509792, 0.13186955583231066, 0.13175346246531516, 0.12797015294122613, 0.1273912627315173]], "80": [[0.11657078205646419, 0.11882702236104777, 0.11967494595062195, 0.11763084572344237, 0.11562281168118467, 0.11681261791342422, 0.12065439022086284, 0.11770113313129807, 0.11890060285426587, 0.11842480277503747], [0.11772307002618486, 0.12138300189884896, 0.12210861505492131, 0.11861851227416371, 0.1189398267212784, 0.11803932196982914, 0.12083406872606402, 0.12089989942699286, 0.12194250434602823, 0.1211221158698068], [0.12628714391079818, 0.12824567876012244, 0.13050643695782954, 0.13020520930476062, 0.1285797357028434, 0.1295822170242032, 0.1306874381404707, 0.13090753783721942, 0.1294211448065931, 0.12788645504896803]], "90": [[0.12181228589964611, 0.11503772877129582, 0.11591574205982229, 0.1159798972624811, 0.11831889675227925, 0.11951286439497896, 0.12078636342865831, 0.11598859004187931, 0.1204736531146783, 0.11887192476542648], [0.12273009628718543, 0.11817993580247962, 0.11849091336416818, 0.11783392011391391, 0.12238750493473449, 0.1209299235976226, 0.12285772148006041, 0.11950486842609752, 0.12330869725417755, 0.1206980815301224], [0.13220913511612534, 0.12724120022363358, 0.13074995654614516, 0.1266843689653215, 0.13298860268887966, 0.13028499196066604, 0.13151225925645446, 0.1293147429915199, 0.13088501441844327, 0.12670357609738636]], "100": [[0.1192760347613166, 0.11701936595816437, 0.1177197262669987, 0.12027835528009159, 0.11667201497765961, 0.11609882172980768, 0.11927297556869576, 0.11811021447443631, 0.11871777428256064, 0.11613907933179253], [0.12035321074296212, 0.11991542168988396, 0.12072960762950773, 0.12287999793985543, 0.1187108774995751, 0.11709423424244698, 0.12222943565924883, 0.12118614648279272, 0.12115570855471137, 0.1174970119236757], [0.12804801494442786, 0.12714475761775007, 0.12666180665571308, 0.1294463338134304, 0.12657741287658356, 0.1248782468750298, 0.12928220609822286, 0.12836092900083385, 0.12903377280840517, 0.12667088924269945]]}, "cost": {"40": [[101.125, 98.2, 99.1, 90.25, 84.3, 95.0, 97.675, 99.975, 89.125, 105.1], [101.95, 99.25, 99.85, 90.225, 87.65, 96.625, 100.125, 100.35, 89.0, 106.95], [42.6, 39.1, 45.175, 41.575, 41.675, 38.325, 38.125, 41.9, 38.5, 44.125]], "50": [[113.54, 115.42, 119.14, 113.74, 120.74, 109.72, 115.02, 116.8, 112.94, 105.44], [115.18, 118.12, 119.5, 117.7, 123.02, 110.48, 115.42, 121.5, 116.82, 108.14], [47.1, 49.34, 42.66, 45.82, 42.5, 48.1, 43.2, 49.1, 46.22, 44.4]], "60": [[125.13333333333334, 124.5, 145.21666666666667, 124.2, 138.35, 126.98333333333333, 131.41666666666666, 129.2, 131.4, 135.06666666666666], [125.75, 128.0, 147.68333333333334, 125.9, 141.51666666666668, 132.55, 133.36666666666667, 132.71666666666667, 134.13333333333333, 139.86666666666667], [47.03333333333333, 48.666666666666664, 49.11666666666667, 43.31666666666667, 50.18333333333333, 48.65, 50.06666666666667, 48.983333333333334, 49.96666666666667, 50.46666666666667]], "70": [[144.9857142857143, 152.7, 157.4142857142857, 146.45714285714286, 152.68571428571428, 143.88571428571427, 143.21428571428572, 143.0142857142857, 146.82857142857142, 156.3], [147.67142857142858, 151.81428571428572, 158.45714285714286, 149.4, 154.57142857142858, 148.25714285714287, 143.82857142857142, 146.8, 149.02857142857144, 157.25714285714287], [50.98571428571429, 56.114285714285714, 55.92857142857143, 49.642857142857146, 57.05714285714286, 53.628571428571426, 50.18571428571428, 50.48571428571429, 55.92857142857143, 54.8]], "80": [[162.85, 157.4375, 175.175, 159.575, 167.75, 158.625, 164.7, 165.0, 168.45, 169.4625], [164.15, 162.15, 178.6875, 163.475, 171.425, 159.775, 166.925, 169.5375, 173.125, 174.5875], [57.3375, 56.3, 60.8, 57.175, 57.1, 56.075, 55.725, 57.825, 61.875, 63.6625]], "90": [[189.16666666666666, 177.9777777777778, 194.06666666666666, 186.46666666666667, 175.94444444444446, 190.36666666666667, 185.3, 186.6888888888889, 184.04444444444445, 165.56666666666666], [193.86666666666667, 181.12222222222223, 199.57777777777778, 189.55555555555554, 180.8, 193.94444444444446, 191.23333333333332, 186.84444444444443, 187.14444444444445, 171.5222222222222], [63.81111111111111, 63.477777777777774, 64.73333333333333, 63.53333333333333, 63.17777777777778, 65.07777777777778, 63.91111111111111, 62.74444444444445, 64.25555555555556, 62.67777777777778]], "100": [[206.29, 194.89, 198.2, 209.92, 199.98, 201.87, 203.28, 194.61, 198.26, 197.94], [208.29, 200.01, 202.82, 212.37, 206.31, 203.47, 207.67, 200.81, 201.63, 203.47], [70.95, 68.8, 71.44, 70.89, 70.11, 70.84, 71.16, 69.08, 68.98, 71.01]]}, "target_value": {"40": [[215.14339977105158, 210.59875323398475, 215.94429766512792, 204.63055694055976, 196.82998019377976, 211.51152503319315, 210.2288054611617, 213.9684410675606, 199.6649843734392, 222.92029133004817], [216.8288013950508, 214.69806985361325, 219.13647328760413, 203.15849631248742, 202.36127401450642, 215.42719568229015, 213.5420296908404, 215.50868699809394, 198.94702661761124, 226.35244764021508], [163.68976304431158, 164.76255055040576, 168.43643425029853, 163.49524681259794, 163.65368814511595, 164.27811112224583, 163.36699107030643, 164.43565290532842, 157.93790313213367, 172.2322892517568]],