{"avg_delay": {"40": [[0.11323049079706327, 0.11703118313149019, 0.11737295643260948, 0.10656787404748286, 0.11560175020099742, 0.12408316559036037, 0.11214742234289127, 0.11501567700364364, 0.11411762484592979, 0.11889779962587227], [0.11317413508713052, 0.1171260480877487, 0.11842113573632539, 0.10711125600373889, 0.11760155458782448, 0.12382745601646988, 0.11264474536206005, 0.11639188146314096, 0.11720999478031288, 0.1190721952476432], [0.12560926103041856, 0.1250342142068762, 0.12597513749630368, 0.12108114166874255, 0.1251118046484393, 0.12928721716253175, 0.12653753087825753, 0.12219976340285928, 0.1221990429758778, 0.1270010869976434]], "50": [[0.11722031096224671, 0.11591743318119256, 0.11534753847569666, 0.11741396107595677, 0.11627299123313004, 0.11252587546763407, 0.11618791741054403, 0.11399784529598678, 0.1138442128288411, 0.1207985205655117], [0.11806681586010973, 0.11789083896918967, 0.1167935813004866, 0.11945232187156443, 0.12003525315392674, 0.11391832602128718, 0.11927342197659269, 0.11385176173010056, 0.11426785060932429, 0.12615715641414244], [0.12442763250900528, 0.1309145188428411, 0.12417812893482624, 0.1267418159473052, 0.126598781189649, 0.12038295710562606, 0.12522543949022985, 0.12332903786255185, 0.12125934270657744, 0.13031307346737828]], "60": [[0.1200689231426849, 0.11822568100539325, 0.11661564337264259, 0.11656775185588342, 0.11855349212271217, 0.11336134144350742, 0.11615967871827779, 0.11678165347590042, 0.11380559403290147, 0.11615113880984158], [0.12054709310750801, 0.11870245768825982, 0.11854189585389222, 0.12035655952258606, 0.12098345546113048, 0.11418102086137678, 0.1161011392935256, 0.11995390809569755, 0.11412310004363058, 0.11785312140310968], [0.13034509873113978, 0.1277119480704048, 0.13068254894240253, 0.12922712503978673, 0.13122392063787072, 0.12502130533345845, 0.12600073712221044, 0.1279492680264656, 0.12441527986691604, 0.12807483447818988]], "70": [[0.119397837828559, 0.11734678544533184, 0.11641077230422794, 0.11867500031900743, 0.11843007660649793, 0.1181803670904619, 0.11807134352814933, 0.11809185714968337, 0.11792734369989151, 0.11652525899622776], [0.12043894124730702, 0.11914819011482843, 0.11902397070425304, 0.1206579323802517, 0.12126563339208418, 0.12014680295056963, 0.11939370711112465, 0.11989597038041626, 0.11771285524710434, 0.11753396690338944], [0.13120977147810475, 0.12804946509826173, 0.12838739316815242, 0.12818463201452823, 0.12990926501911026, 0.12842031667122122, 0.12697012593733603, 0.1306486018197793, 0.12602003290287028, 0.12983503695828222]], "80": [[0.11754526300431131, 0.11329439734299909, 0.11795266694586172, 0.12231760032114244, 0.1183150023103987, 0.11904807601608187, 0.11520793088604803, 0.1195791523375825, 0.11823603663385442, 0.11737406080075152], [0.11895976144390985, 0.1138208638575133, 0.11938696459975433, 0.12313232753007615, 0.12094851722567786, 0.11976758914389408, 0.11638830705344894, 0.1239331813622448, 0.11978133805573947, 0.11956363382634548], [0.13005107231152835, 0.12372357456081592, 0.130852644160732, 0.13208623083729043, 0.1290245426255834, 0.13091683516911382, 0.12620218049650384, 0.13341937194434914, 0.12919559345077097, 0.12835171778612314]], "90": [[0.11616996437081614, 0.11929065916943249, 0.11992767679803001, 0.11945100025074883, 0.11826485499321525, 0.11807050181263645, 0.11875626142697172, 0.11792668335032987, 0.11945009193324958, 0.11942194323100609], [0.1178548006665763, 0.12475534227240413, 0.12413667850627656, 0.12149193821869375, 0.12232420482876072, 0.1187794607660742, 0.12011455129247087, 0.12068441572419565, 0.12211944897871144, 0.11953885172316704], [0.12607809534918274, 0.1297143881362711, 0.12805516551140098, 0.13017846238073344, 0.12830357999497133, 0.1288868549217055, 0.12977856682327085, 0.12906492230495614, 0.1302955680583652, 0.1279941791303718]], "100": [[0.11907385744223377, 0.1191053972075223, 0.11626932134770204, 0.11982777679007038, 0.11661947819223453, 0.11621048606023829, 0.11904152337636158, 0.1149437355610706, 0.12023444244453282, 0.11800453020800908], [0.1208605494814281, 0.12164932694531981, 0.11846287302436444, 0.12237074967391523, 0.11853736164586516, 0.11905086802723444, 0.12040670497299143, 0.11576553891077608, 0.1207332626419113, 0.12081171331447875], [0.13043088801996466, 0.12986077216634598, 0.1270314240135274, 0.13406246603246977, 0.12780904915597646, 0.1283041638903839, 0.1302065602689491, 0.12573050812995448, 0.12613043430077953, 0.12980866214196324]]}, "cost": {"40": [[100.3, 85.075, 87.625, 94.65, 90.25, 97.525, 96.625, 99.9, 90.35, 95.4], [99.925, 87.5, 89.575, 93.85, 93.175, 98.925, 99.25, 101.3, 94.575, 97.475], [39.25, 41.4, 43.375, 37.325, 39.65, 43.125, 36.8, 48.8, 41.575, 41.25]], "50": [[123.28, 118.16, 113.3, 115.44, 115.34, 107.56, 108.7, 114.4, 99.28, 109.9], [127.34, 120.18, 115.7, 118.54, 116.7, 107.68, 109.7, 113.74, 100.7, 112.62], [48.72, 43.66, 44.94, 46.64, 47.06, 42.14, 45.94, 41.84, 44.86, 49.04]], "60": [[128.83333333333334, 130.73333333333332, 121.66666666666667, 133.81666666666666, 123.16666666666667, 123.26666666666667, 130.83333333333334, 131.11666666666667, 121.25, 123.43333333333334], [129.73333333333332, 130.6, 120.78333333333333, 138.6, 127.3, 126.4, 128.86666666666667, 134.38333333333333, 124.16666666666667, 126.71666666666667], [49.56666666666667, 48.3, 43.516666666666666, 49.6, 47.05, 48.6, 49.3, 49.78333333333333, 47.65, 49.25]], "70": [[141.82857142857142, 152.4857142857143, 140.52857142857144, 158.9857142857143, 150.64285714285714, 145.62857142857143, 158.32857142857142, 155.95714285714286, 156.72857142857143, 148.34285714285716], [144.62857142857143, 154.17142857142858, 141.8, 159.32857142857142, 149.37142857142857, 148.4142857142857, 160.72857142857143, 158.9, 157.94285714285715, 149.94285714285715], [50.385714285714286, 55.77142857142857, 49.5, 56.614285714285714, 53.714285714285715, 54.371428571428574, 55.214285714285715, 55.92857142857143, 55.97142857142857, 49.785714285714285]], "80": [[165.9, 152.925, 172.8375, 155.9875, 170.65, 168.075, 157.4375, 168.2875, 162.8, 153.8125], [167.15, 157.6125, 177.0375, 158.6375, 174.1375, 169.175, 161.3625, 173.7625, 165.85, 157.225], [57.0, 56.75, 56.35, 56.8125, 61.7, 57.325, 56.675, 57.825, 57.4125, 56.625]], "90": [[185.75555555555556, 179.8, 177.94444444444446, 184.0, 178.4111111111111, 181.43333333333334, 183.05555555555554, 181.53333333333333, 183.32222222222222, 185.38888888888889], [189.5, 187.4, 179.17777777777778, 187.12222222222223, 184.55555555555554, 185.63333333333333, 182.86666666666667, 188.5222222222222, 189.0222222222222, 186.25555555555556], [63.22222222222222, 64.28888888888889, 63.3, 63.733333333333334, 63.44444444444444, 65.24444444444444, 63.977777777777774, 64.24444444444444, 64.21111111111111, 64.78888888888889]], "100": [[215.95, 204.64, 206.98, 191.62, 198.24, 190.94, 207.24, 186.07, 193.62, 196.51], [218.85, 207.98, 208.23, 196.19, 205.86, 196.71, 209.09, 191.67, 196.08, 202.23], [71.37, 70.05, 70.68, 65.16, 70.71, 65.29, 71.3, 63.77, 69.39, 69.36]]}, "target_value": {"40": [[213.53049079706327, 202.10618313149018, 204.99795643260947, 201.21787404748287, 205.8517502009974, 221.6081655903604, 208.77242234289128, 214.91567700364362, 204.46762484592978, 214.29779962587227], [213.09913508713052, 204.6260480877487, 207.99613573632539, 200.96125600373887, 210.77655458782448, 222.75245601646986, 211.89474536206006, 217.69188146314096, 211.7849947803129, 216.5471952476432], [164.85926103041857, 166.4342142068762, 169.35013749630366, 158.40614166874255, 164.7618046484393, 172.41221716253176, 163.33753087825752, 170.9997634028593, 163.77404297587782, 168.2510869976434]],