{"max_delay": {"40": [[0.15540585292600131, 0.15644319679151036, 0.15727024527342282], [0.14311608504962753, 0.14820771963845175, 0.1462109140977923], [0.14011608504962753, 0.14501312407165579, 0.14197963166636157]], "50": [[0.15473460142632323, 0.15713650942848226, 0.15412524560801216], [0.1440624142413207, 0.1495217539218653, 0.14706241424132072], [0.1440624142413207, 0.14314658301675182, 0.1430491431889575]], "60": [[0.1527940635038402, 0.15770050782890194, 0.15584211101320217], [0.13990091698735282, 0.14226425609460097, 0.14501396547595663], [0.13990091698735282, 0.14226425609460097, 0.14312186149974676]], "70": [[0.15894622212839388, 0.15518978048266296, 0.15496650575846246], [0.1470608361197275, 0.14388498093457852, 0.14568435681507375], [0.14240445707070243, 0.14388498093457852, 0.13952511255056632]], "80": [[0.1604373303135779, 0.15056246106898002, 0.15788519508711196], [0.15058400620674128, 0.1510563648613582, 0.17138807422036767], [0.14404850924933765, 0.14306505724128257, 0.1423053822600612]], "90": [[0.15738764667541344, 0.15792097529374044, 0.15780044834809454], [0.14812230511788915, 0.1477283287334433, 0.15203275170734926], [0.14439559704335497, 0.14307771050540474, 0.14073199944239173]], "100": [[0.15510791593583848, 0.15584163000815665, 0.1571403696231068], [0.16957092013849795, 0.14993667337426242, 0.15248277034157404], [0.1462119709694543, 0.14505457512906544, 0.14558925182305552]]}, "cost": {"40": [[100.4, 97.525, 98.125], [39.8, 41.9, 38.1], [41.2, 41.3, 41.25]], "50": [[127.34, 121.28, 126.5], [47.52, 43.88, 47.98], [48.92, 48.12, 49.12]], "60": [[138.68333333333334, 134.75, 130.25], [51.733333333333334, 50.45, 49.2], [51.766666666666666, 50.9, 49.63333333333333]], "70": [[153.77142857142857, 161.07142857142858, 161.88571428571427], [58.24285714285714, 58.68571428571428, 57.72857142857143], [58.08571428571429, 58.72857142857143, 57.714285714285715]], "80": [[178.6625, 166.775, 181.0125], [64.3625, 58.975, 71.3], [64.775, 58.75, 64.8125]], "90": [[180.74444444444444, 187.5888888888889, 190.55555555555554], [65.66666666666667, 67.04444444444445, 64.78888888888889], [65.61111111111111, 66.92222222222222, 65.21111111111111]], "100": [[199.44, 211.79, 222.95], [77.49, 73.13, 74.46], [71.99, 72.69, 75.57]]}, "target_value": {"40": [[205.60585292600132, 205.20569679151038, 206.3327452734228], [163.01608504962752, 169.15771963845174, 165.26091409779232], [160.7160850496275, 165.6631240716558, 162.60463166636157]], "50": [[218.4046014263232, 217.77650942848226, 217.37524560801216], [167.8224142413207, 171.46175392186532, 171.05241424132072], [168.52241424132072, 167.2065830167518, 167.60914318895752]], "60": [[222.13573017050686, 225.07550782890195, 220.96711101320216], [165.7675836540195, 167.48925609460096, 169.61396547595663], [165.78425032068614, 167.71425609460096, 167.93852816641342]], "70": [[235.83193641410816, 235.72549476837725, 235.90936290131958], [176.18226469115606, 173.22783807743565, 174.54864252935948], [171.44731421355957, 173.24926664886425, 168.38225540770918]], "80": [[249.7685803135779, 233.94996106898003, 248.39144508711195], [182.7652562067413, 180.54386486135823, 207.03807422036766], [176.43600924933764, 172.44005724128257, 174.7116322600612]], "90": [[247.75986889763567, 251.7154197381849, 253.0782261258723], [180.95563845122248, 181.25055095566552, 184.4271961517937], [177.20115259891054, 176.53882161651586, 173.33755499794728]], "100": [[254.82791593583846, 261.7366300081566, 268.61536962310674], [208.31592013849794, 186.50167337426242, 189.71277034157401], [182.2069709694543, 181.39957512906545, 183.37425182305552]]}, "running_time": {"40": [[1.0008811950683594, 1.0006427764892578, 1.0006427764892578], [8131.232500076294, 8409.475564956665, 8467.997550964355], [277.22907066345215, 284.23500061035156, 321.26569747924805]], "50": [[1.0006427764892578, 2.001523971557617, 1.0004043579101562], [14281.31628036499, 13978.298664093018, 14167.225122451782], [414.34216499328613, 403.3334255218506, 410.3391170501709]], "60": [[1.0004043579101562, 1.0004043579101562, 1.0008811950683594], [19052.292823791504, 22067.24238395691, 19490.1065826416], [606.5013408660889, 555.4592609405518, 559.4625473022461]], "70": [[2.0017623901367188, 2.001523971557617, 2.001523971557617], [28184.290885925293, 28506.55722618103, 27958.103895187378], [772.6387977600098, 748.6186027526855, 715.5911922454834]], "80": [[2.0017623901367188, 2.0017623901367188, 2.0020008087158203], [40389.3768787384, 39800.89092254639, 37052.61945724487], [947.7834701538086, 967.7996635437012, 950.7856369018555]], "90": [[3.002643585205078, 3.0024051666259766, 3.0028820037841797], [54912.378787994385, 55373.75903129578, 55432.80816078186], [1217.0054912567139, 1255.037546157837, 1237.0221614837646]], "100": [[3.0024051666259766, 3.0019283294677734, 3.0024051666259766], [69147.22180366516, 74384.64546203613, 74817.467212677], [1510.350227355957, 1430.185317993164, 1517.254114151001]]}, "local_count": {"40": [[80, 80, 80], [23, 21, 16], [22, 17, 16]], "50": [[100, 100, 100], [24, 23, 28], [20, 22, 31]], "60": [[120, 120, 120], [33, 29, 33], [29, 30, 34]], "70": [[140, 140, 140], [40, 39, 40], [42, 37, 38]], "80": [[160, 160, 160], [44, 34, 48], [42, 31, 41]], "90": [[180, 180, 180], [46, 43, 49], [39, 42, 45]], "100": [[200, 200, 200], [45, 43, 40], [48, 49, 42]]}, "common_count": {"40": [[0, 0, 0], [57, 59, 64], [58, 63, 64]], "50": [[0, 0, 0], [76, 77, 72], [80, 78, 69]], "60": [[0, 0, 0], [87, 91, 87], [91, 90, 86]], "70": [[0, 0, 0], [100, 101, 100], [98, 103, 102]], "80": [[0, 0, 0], [116, 126, 112], [118, 129, 119]], "90": [[0, 0, 0], [134, 137, 131], [141, 138, 135]], "100": [[0, 0, 0], [155, 157, 160], [152, 151, 158]]}}