{"max_delay": {"40": [[0.15117809078090416, 0.1522702452734228, 0.15735151697890104], [0.14476269133848124, 0.13738787824729648, 0.1416645186519972], [0.13978454173913074, 0.13738787824729648, 0.14260206831034777]], "50": [[0.15021030197053303, 0.15688238848648006, 0.14603197049295397], [0.13805720230884638, 0.14363151858668927, 0.14217921697523184], [0.1382903025419466, 0.14363151858668927, 0.1411612053990609]], "60": [[0.1566031192693334, 0.15746666528053105, 0.15542366504403063], [0.14671236326283296, 0.14495658322658936, 0.14512338241477468], [0.14261975209087227, 0.14195658322658936, 0.14338006176740606]], "70": [[0.15890093489371876, 0.1595393660138633, 0.15790767166974712], [0.14969860827714157, 0.14819045254831414, 0.14300378724935428], [0.14379388287330913, 0.14225670513630584, 0.14322992926654107]], "80": [[0.15209523764553903, 0.15771327288137016, 0.1604373303135779], [0.14675711864484778, 0.142639523290829, 0.15058400620674128], [0.14275078945811617, 0.142639523290829, 0.14404850924933765]], "90": [[0.15491611450563209, 0.1550527697461136, 0.15421665033869053], [0.14931323109500383, 0.149334715764161, 0.1700657441550611], [0.14161515371984687, 0.14538435577931824, 0.14560810623515477]], "100": [[0.15591387735432194, 0.15568805610176106, 0.15490129940015834], [0.17361551217688317, 0.17303209093568833, 0.14845192877746877], [0.14320202902533374, 0.14358712144655666, 0.1460767578723553]]}, "cost": {"40": [[103.2, 100.2, 95.9], [41.175, 37.2, 40.0], [42.475, 40.7, 41.1]], "50": [[122.92, 122.46, 125.64], [49.48, 48.12, 47.98], [49.48, 49.12, 49.04]], "60": [[135.95, 130.43333333333334, 145.25], [51.71666666666667, 50.483333333333334, 51.35], [51.56666666666667, 51.06666666666667, 51.983333333333334]], "70": [[170.31428571428572, 155.45714285714286, 148.12857142857143], [59.042857142857144, 57.7, 58.08571428571429], [59.47142857142857, 57.97142857142857, 57.357142857142854]], "80": [[172.575, 156.35, 181.575], [63.575, 58.2375, 63.6625], [63.0625, 58.125, 64.6875]], "90": [[189.46666666666667, 196.13333333333333, 192.2111111111111], [66.77777777777777, 69.5, 80.97777777777777], [67.21111111111111, 70.42222222222222, 72.23333333333333]], "100": [[206.73, 206.55, 200.47], [88.48, 90.2, 71.45], [72.28, 71.22, 72.37]]}, "target_value": {"40": [[202.77809078090417, 202.3702452734228, 205.30151697890102], [165.35019133848124, 155.98787824729646, 161.66451865199718], [161.02204173913074, 157.73787824729646, 163.15206831034777]], "50": [[211.67030197053305, 218.11238848648006, 208.85197049295397], [162.79720230884638, 167.69151858668926, 166.16921697523185], [163.0303025419466, 168.19151858668926, 165.68120539906093]], "60": [[224.5781192693334, 222.68333194719773, 228.04866504403063], [172.57069659616627, 170.19824989325602, 170.7983824147747], [168.4030854242056, 167.48991655992268, 169.37172843407274]], "70": [[244.05807775086163, 237.26793744243471, 231.97195738403283], [179.22003684857015, 177.04045254831414, 172.04664439221142], [173.52959715902344, 171.24241942202013, 171.90850069511248]], "80": [[238.38273764553904, 235.88827288137014, 251.2248303135779], [178.54461864484776, 171.758273290829, 182.4152562067413], [174.28203945811617, 171.702023290829, 176.39225924933766]], "90": [[249.64944783896544, 253.11943641278026, 250.32220589424608], [182.70211998389271, 184.084715764161, 210.55463304394996], [175.2207092754024, 180.59546689042935, 181.72477290182144]], "100": [[259.27887735432193, 258.963056101761, 255.13629940015835], [217.8555121768832, 218.13209093568832, 184.17692877746876], [179.34202902533372, 179.19712144655665, 182.2617578723553]]}, "running_time": {"40": [[1.001119613647461, 1.0013580322265625, 1.0008811950683594], [8504.554033279419, 8584.094047546387, 8562.590599060059], [289.23916816711426, 284.23500061035156, 285.2358818054199]], "50": [[1.0006427764892578, 2.0012855529785156, 1.0006427764892578], [14487.717151641846, 14127.684116363525, 14457.4716091156], [405.3349494934082, 407.3367118835449, 425.3513813018799]], "60": [[2.001523971557617, 1.0006427764892578, 2.001523971557617], [19912.989854812622, 22455.559968948364, 22610.684633255005], [575.4756927490234, 610.5043888092041, 581.4807415008545]], "70": [[2.0020008087158203, 2.0012855529785156, 2.0017623901367188], [29082.032442092896, 28873.860836029053, 28687.70694732666], [762.6304626464844, 799.6604442596436, 802.6638031005859]], "80": [[2.0012855529785156, 3.0024051666259766, 3.0024051666259766], [41176.026582717896, 40585.53862571716, 41242.0814037323], [956.7911624908447, 968.8000679016113, 948.784351348877]], "90": [[3.0024051666259766, 3.0024051666259766, 3.0024051666259766], [56577.7542591095, 57571.57564163208, 51892.88282394409], [1218.0061340332031, 1268.0480480194092, 1197.9901790618896]], "100": [[3.0024051666259766, 3.0031204223632812, 3.0019283294677734], [65135.546922683716, 63189.36324119568, 76457.80348777771], [1477.7324199676514, 1492.2363758087158, 1469.2142009735107]]}, "local_count": {"40": [[80, 80, 80], [21, 20, 21], [21, 21, 19]], "50": [[100, 100, 100], [30, 34, 32], [27, 29, 26]], "60": [[120, 120, 120], [32, 31, 28], [26, 30, 27]], "70": [[140, 140, 140], [38, 32, 39], [30, 30, 35]], "80": [[160, 160, 160], [36, 44, 39], [32, 45, 35]], "90": [[180, 180, 180], [44, 46, 59], [44, 49, 53]], "100": [[200, 200, 200], [59, 68, 52], [50, 56, 51]]}, "common_count": {"40": [[0, 0, 0], [59, 60, 59], [59, 59, 61]], "50": [[0, 0, 0], [70, 66, 68], [73, 71, 74]], "60": [[0, 0, 0], [88, 89, 92], [94, 90, 93]], "70": [[0, 0, 0], [102, 108, 101], [110, 110, 105]], "80": [[0, 0, 0], [124, 116, 121], [128, 115, 125]], "90": [[0, 0, 0], [136, 134, 121], [136, 131, 127]], "100": [[0, 0, 0], [141, 132, 148], [150, 144, 149]]}}