{"max_delay": {"40": [[0.15404375668902826, 0.15713780267158872, 0.15390167942936195], [0.1406193677868377, 0.14237735391177145, 0.14523554379076953], [0.14188073142320135, 0.1409612243850027, 0.14371406669819706]], "50": [[0.1546501035470228, 0.15114574846468343, 0.1576527617581407], [0.14134658226755287, 0.13691101895177787, 0.14844954680645403], [0.1414408103120351, 0.13621872698518922, 0.14442316301882518]], "60": [[0.1548014828574444, 0.1571716440977993, 0.15371487718154975], [0.14326214556685937, 0.14611088508066444, 0.1432932131570539], [0.14326214556685937, 0.14384992184500245, 0.1432932131570539]], "70": [[0.158323086976611, 0.1561606094206912, 0.15723490402686074], [0.16212879805432046, 0.14957228990125054, 0.1463223153477691], [0.14209957103442133, 0.14322229313075777, 0.14258149089402533]], "80": [[0.15882683937714076, 0.1525090632647492, 0.15823233915145726], [0.14297028023950337, 0.14399125704718874, 0.15199087878314715], [0.14297028023950337, 0.13836174929759287, 0.14519367598594432]], "90": [[0.16190564412800162, 0.15902413240940438, 0.15781072410698488], [0.18422811086955, 0.14421483859405682, 0.14914221445413126], [0.14461461583483448, 0.1427899301691484, 0.14424869593561274]], "100": [[0.16053701125563213, 0.1588007055066427, 0.1545507898491798], [0.18005367127916277, 0.18231499200840004, 0.15306647374022953], [0.14413465853822555, 0.1437425341577287, 0.14694508869377068]]}, "cost": {"40": [[114.7, 104.575, 99.35], [43.125, 42.9, 36.8], [43.45, 42.725, 37.925]], "50": [[110.2, 120.78, 132.26], [43.68, 48.42, 48.3], [43.24, 48.72, 48.54]], "60": [[135.41666666666666, 144.66666666666666, 144.25], [51.583333333333336, 51.03333333333333, 50.36666666666667], [51.166666666666664, 51.93333333333333, 50.583333333333336]], "70": [[164.92857142857142, 153.87142857142857, 159.0], [60.1, 56.65714285714286, 57.92857142857143], [57.72857142857143, 56.6, 57.72857142857143]], "80": [[169.8875, 165.375, 173.675], [64.2, 61.3875, 64.85], [63.5375, 61.225, 64.4625]], "90": [[197.55555555555554, 185.4111111111111, 196.2888888888889], [71.38888888888889, 66.24444444444444, 66.84444444444445], [70.1, 66.43333333333334, 66.56666666666666]], "100": [[207.37, 211.78, 198.67], [85.95, 77.96, 72.26], [72.44, 72.43, 71.74]]}, "target_value": {"40": [[211.39375668902824, 209.42530267158872, 203.57667942936195], [162.1818677868377, 163.82735391177144, 163.63554379076953], [163.60573142320135, 162.3237243850027, 162.67656669819706]], "50": [[209.7501035470228, 211.53574846468342, 223.78276175814068], [163.18658226755286, 161.12101895177787, 172.59954680645404], [163.0608103120351, 160.57872698518923, 168.6931630188252]], "60": [[222.5098161907777, 229.5049774311326, 225.83987718154975], [169.05381223352603, 171.6275517473311, 168.47654649038725], [168.84547890019272, 169.81658851166912, 168.58487982372057]], "70": [[240.7873726908967, 233.09632370640549, 236.73490402686073], [192.17879805432045, 177.90086132982196, 175.2866010620548], [170.96385674870703, 171.5222931307578, 171.44577660831106]], "80": [[243.77058937714077, 235.1965632647492, 245.06983915145727], [175.07028023950335, 174.68500704718872, 184.41587878314715], [174.73903023950336, 168.97424929759288, 177.4249259859443]], "90": [[260.68342190577937, 251.72968796495994, 255.95516855142932], [219.92255531399445, 177.33706081627906, 182.56443667635347], [179.66461583483448, 176.00659683581506, 177.53202926894608]], "100": [[264.22201125563214, 264.6907055066427, 253.8857898491798], [223.02867127916278, 221.29499200840002, 189.19647374022952], [180.35465853822555, 179.9575341577287, 182.8150886937707]]}, "running_time": {"40": [[1.0008811950683594, 1.0008811950683594, 1.0004043579101562], [8444.978952407837, 8427.474737167358, 8259.825468063354], [282.23323822021484, 280.23552894592285, 279.23083305358887]], "50": [[1.0006427764892578, 2.0012855529785156, 1.0008811950683594], [13647.025108337402, 11596.099853515625, 14187.252044677734], [429.3544292449951, 396.3277339935303, 406.33559226989746]], "60": [[1.001119613647461, 2.0017623901367188, 1.0008811950683594], [19035.757780075073, 18523.30708503723, 18450.246810913086], [549.4542121887207, 553.4572601318359, 587.4855518341064]], "70": [[2.001047134399414, 2.001523971557617, 2.0017623901367188], [27017.326593399048, 31680.179119110107, 27616.82176589966], [733.6065769195557, 740.6120300292969, 723.5980033874512]], "80": [[2.0017623901367188, 2.0020008087158203, 2.001523971557617], [39224.414110183716, 39665.77887535095, 39495.638608932495], [920.7611083984375, 931.769847869873, 967.7996635437012]], "90": [[3.0024051666259766, 3.002166748046875, 2.0017623901367188], [52932.74235725403, 55197.61395454407, 54412.96577453613], [1162.9607677459717, 1207.998275756836, 1161.9603633880615]], "100": [[3.002643585205078, 3.0024051666259766, 3.0024051666259766], [63568.713426589966, 69717.27395057678, 72418.48874092102], [1447.1960067749023, 1398.1554508209229, 1477.2207736968994]]}, "local_count": {"40": [[80, 80, 80], [21, 21, 21], [22, 18, 15]], "50": [[100, 100, 100], [31, 29, 22], [28, 30, 21]], "60": [[120, 120, 120], [38, 38, 34], [31, 35, 30]], "70": [[140, 140, 140], [35, 31, 34], [32, 29, 32]], "80": [[160, 160, 160], [47, 43, 46], [46, 36, 40]], "90": [[180, 180, 180], [41, 46, 47], [37, 40, 43]], "100": [[200, 200, 200], [63, 47, 55], [50, 39, 52]]}, "common_count": {"40": [[0, 0, 0], [59, 59, 59], [58, 62, 65]], "50": [[0, 0, 0], [69, 71, 78], [72, 70, 79]], "60": [[0, 0, 0], [82, 82, 86], [89, 85, 90]], "70": [[0, 0, 0], [105, 109, 106], [108, 111, 108]], "80": [[0, 0, 0], [113, 117, 114], [114, 124, 120]], "90": [[0, 0, 0], [139, 134, 133], [143, 140, 137]], "100": [[0, 0, 0], [137, 153, 145], [150, 161, 148]]}}