{"max_delay": {"40": [[0.15144271527189032, 0.15454952176865494, 0.1512664171774128], [0.14040552599710132, 0.14429750067985309, 0.14394479309279987], [0.14040552599710132, 0.14280027581052654, 0.13820677748521903]], "50": [[0.15370490017376273, 0.15778803595447038, 0.15797268402015607], [0.1444822710109881, 0.14471536061278337, 0.1476922194767645], [0.14153721606593317, 0.14433858926041718, 0.143540652248461]], "60": [[0.15890303507398545, 0.1585466540779331, 0.15582429747840754], [0.14930397579696503, 0.1445896069179105, 0.14253578267547218], [0.14356065514959637, 0.14450616915684114, 0.14253578267547218]], "70": [[0.15803814552276058, 0.15300748880484205, 0.15551929677447549], [0.14838195369148782, 0.14603322186199974, 0.14441115611834088], [0.14192343834577567, 0.14218846273963814, 0.14309965990074813]], "80": [[0.15633703964505868, 0.15171764041514116, 0.1556399898752433], [0.1686692658101035, 0.14740415446438393, 0.1476463739004129], [0.1428603182421692, 0.14120572113954727, 0.1428491711032101]], "90": [[0.16043108200187817, 0.15869409457109723, 0.15794910980195098], [0.16910518945495556, 0.1507518496585194, 0.14814897586726217], [0.14346307243947845, 0.14451970680137655, 0.14344334816163445]], "100": [[0.15698934955248012, 0.15567653927455544, 0.15397030940080714], [0.14835617703752624, 0.14739984626708624, 0.1462781353823267], [0.1454111220924713, 0.1425618689709046, 0.14472670704085666]]}, "cost": {"40": [[112.8, 95.325, 102.325], [42.45, 35.85, 42.675], [42.75, 37.475, 43.075]], "50": [[128.42, 116.9, 130.46], [49.92, 44.46, 47.04], [49.92, 44.56, 48.86]], "60": [[145.23333333333332, 142.66666666666666, 140.18333333333334], [51.083333333333336, 50.88333333333333, 49.833333333333336], [51.016666666666666, 51.733333333333334, 50.55]], "70": [[165.38571428571427, 151.64285714285714, 147.38571428571427], [57.31428571428572, 57.55714285714286, 56.3], [58.17142857142857, 57.82857142857143, 56.67142857142857]], "80": [[189.45, 170.45, 185.8375], [68.875, 64.5875, 65.175], [65.025, 64.4875, 65.3125]], "90": [[188.0, 195.0222222222222, 189.56666666666666], [77.92222222222222, 69.82222222222222, 65.63333333333334], [66.78888888888889, 69.84444444444445, 65.91111111111111]], "100": [[215.56, 202.63, 214.83], [75.42, 71.68, 72.21], [75.66, 71.39, 71.64]]}, "target_value": {"40": [[207.8427152718903, 202.21202176865492, 202.42891717741279], [161.63052599710133, 162.22250067985308, 165.28229309279988], [161.78052599710134, 161.53777581052654, 159.74427748521902]], "50": [[217.9149001737627, 216.23803595447038, 223.20268402015608], [169.4422710109881, 166.94536061278336, 171.21221947676452], [166.49721606593317, 166.61858926041717, 167.970652248461]], "60": [[231.51970174065212, 229.87998741126643, 225.9159641450742], [174.8456424636317, 170.03127358457718, 167.45244934213883], [169.0689884829297, 170.3728358235078, 167.81078267547218]], "70": [[240.73100266561772, 228.82891737627062, 229.2121539173326], [177.03909654863065, 174.8117932905712, 172.56115611834088], [171.00915263148997, 171.10274845392385, 171.4353741864624]], "80": [[251.0620396450587, 236.94264041514114, 248.5587398752433], [203.1067658101035, 179.69790446438395, 180.2338739004129], [175.37281824216922, 173.44947113954728, 175.5054211032101]], "90": [[254.43108200187817, 256.2052056822083, 252.7324431352843], [208.06630056606667, 185.6629607696305, 180.96564253392884], [176.8575168839229, 179.44192902359876, 176.39890371719]], "100": [[264.7693495524801, 256.9915392745554, 261.38530940080716], [186.06617703752624, 183.23984626708625, 182.38313538232669], [183.2411220924713, 178.25686897090458, 180.54670704085666]]}, "running_time": {"40": [[1.0035037994384766, 1.0006427764892578, 1.0008811950683594], [8587.609052658081, 8390.933990478516, 8559.587955474854], [286.2365245819092, 279.23107147216797, 321.26593589782715]], "50": [[2.0017623901367188, 2.0017623901367188, 1.0008811950683594], [14271.538257598877, 13801.411867141724, 14151.225566864014], [444.3671703338623, 406.33630752563477, 411.8466377258301]], "60": [[2.0017623901367188, 1.0008811950683594, 2.0017623901367188], [21931.151151657104, 21997.177600860596, 18897.616386413574], [562.4649524688721, 569.4704055786133, 604.499101638794]], "70": [[2.001523971557617, 2.001523971557617, 2.001523971557617], [28483.538389205933, 32475.837230682373, 28090.21306037903], [752.6214122772217, 742.6133155822754, 747.6181983947754]], "80": [[3.0024051666259766, 2.001523971557617, 2.001523971557617], [38673.959255218506, 40094.13290023804, 41014.894247055054], [999.826192855835, 995.8231449127197, 946.782112121582]], "90": [[3.001689910888672, 3.002643585205078, 3.002166748046875], [50454.694986343384, 56008.283853530884, 55623.966217041016], [1190.9844875335693, 1185.9803199768066, 1198.990821838379]], "100": [[3.0024051666259766, 3.002643585205078, 3.0024051666259766], [74693.96233558655, 73987.83016204834, 74138.3740901947], [1522.765874862671, 1432.183027267456, 1548.2831001281738]]}, "local_count": {"40": [[80, 80, 80], [20, 25, 22], [19, 21, 19]], "50": [[100, 100, 100], [22, 23, 24], [20, 25, 26]], "60": [[120, 120, 120], [27, 29, 33], [28, 31, 30]], "70": [[140, 140, 140], [39, 42, 41], [37, 38, 40]], "80": [[160, 160, 160], [40, 47, 46], [33, 41, 43]], "90": [[180, 180, 180], [52, 50, 46], [44, 44, 39]], "100": [[200, 200, 200], [47, 55, 62], [53, 54, 49]]}, "common_count": {"40": [[0, 0, 0], [60, 55, 58], [61, 59, 61]], "50": [[0, 0, 0], [78, 77, 76], [80, 75, 74]], "60": [[0, 0, 0], [93, 91, 87], [92, 89, 90]], "70": [[0, 0, 0], [101, 98, 99], [103, 102, 100]], "80": [[0, 0, 0], [120, 113, 114], [127, 119, 117]], "90": [[0, 0, 0], [128, 130, 134], [136, 136, 141]], "100": [[0, 0, 0], [153, 145, 138], [147, 146, 151]]}}