{"max_delay": {"40": [[0.1485777938885729, 0.15484321295433795, 0.15372607839700322], [0.13775902447733046, 0.14158076586819274, 0.14558892358576608], [0.13775902447733046, 0.14158076586819274, 0.14258892358576608]], "50": [[0.15226197133305458, 0.1523346132299632, 0.15188627910146735], [0.14162599731976505, 0.13870699644503276, 0.14194373564580462], [0.13998316809515535, 0.13950111993123487, 0.1399380147251473]], "60": [[0.15803164768704492, 0.15750264642880163, 0.1568806829423261], [0.1409435912623723, 0.14841336541944244, 0.1437445315599553], [0.1409435912623723, 0.14344167526406756, 0.1437445315599553]], "70": [[0.1542693438235433, 0.15773811805876958, 0.15360499029113492], [0.1412222931307578, 0.148505380986211, 0.14616901814960565], [0.1414626777461424, 0.14376736537863016, 0.1434459728443411]], "80": [[0.16090087100779837, 0.15904484147122433, 0.15903387158673732], [0.1498046742424049, 0.1473646238003799, 0.14251527406627165], [0.14464908084337735, 0.14374824449003507, 0.14251527406627165]], "90": [[0.1540297096965925, 0.15474307932153242, 0.1570590115065867], [0.14822897100960641, 0.1463707667967324, 0.14807086448295703], [0.14175644353707897, 0.1463707667967324, 0.14383872162581418]], "100": [[0.15301903496637903, 0.15935314003407747, 0.15866855398602242], [0.14736787086379954, 0.14683551506258222, 0.14927173895472534], [0.14267210004777658, 0.1424131138509746, 0.14716637846806616]]}, "cost": {"40": [[112.45, 105.3, 102.35], [41.725, 41.725, 41.15], [42.425, 41.975, 41.675]], "50": [[116.48, 118.96, 121.74], [44.4, 43.36, 44.24], [44.08, 43.7, 44.04]], "60": [[139.66666666666666, 145.41666666666666, 145.26666666666668], [50.3, 51.416666666666664, 51.416666666666664], [51.28333333333333, 51.96666666666667, 51.63333333333333]], "70": [[147.6, 160.04285714285714, 159.42857142857142], [57.22857142857143, 58.614285714285714, 58.42857142857143], [56.7, 58.385714285714286, 58.91428571428571]], "80": [[169.6, 168.55, 183.0625], [64.475, 63.525, 64.4375], [64.55, 63.4125, 64.7125]], "90": [[188.83333333333334, 206.45555555555555, 188.83333333333334], [67.08888888888889, 72.03333333333333, 66.88888888888889], [66.95555555555555, 72.03333333333333, 66.87777777777778]], "100": [[216.79, 213.67, 205.41], [76.14, 72.61, 71.46], [76.23, 72.33, 71.09]]}, "target_value": {"40": [[204.8027938885729, 207.49321295433796, 204.90107839700323], [158.62152447733047, 162.44326586819275, 166.16392358576607], [158.97152447733046, 162.56826586819275, 163.4264235857661]], "50": [[210.5019713330546, 211.8146132299632, 212.75627910146736], [163.82599731976504, 160.38699644503276, 164.06373564580463], [162.02316809515534, 161.35111993123488, 161.9580147251473]], "60": [[227.86498102037825, 230.21097976213497, 229.51401627565946], [166.0935912623723, 174.12169875277579, 169.45286489328865], [166.58525792903896, 169.4250085974009, 169.56119822662197]], "70": [[228.0693438235433, 237.75954663019814, 233.31927600542065], [169.8365788450435, 177.81252384335383, 175.38330386389137], [169.8126777461424, 172.9602225214873, 172.90311570148396]], "80": [[245.70087100779836, 243.31984147122432, 250.56512158673732], [182.04217424240488, 179.12712380037988, 174.73402406627164], [176.92408084337737, 175.45449449003507, 174.87152406627166]], "90": [[248.44637636325916, 257.9708570993102, 251.47567817325336], [181.77341545405088, 182.38743346339908, 181.51530892740146], [175.23422131485677, 182.38743346339908, 177.27761051470307]], "100": [[261.414034966379, 266.18814003407743, 261.37355398602244], [185.43787086379953, 183.1405150625822, 185.00173895472534], [180.7871000477766, 178.5781138509746, 182.71137846806613]]}, "running_time": {"40": [[1.001119613647461, 1.0008811950683594, 1.0006427764892578], [8539.56937789917, 8596.104145050049, 8543.067216873169], [285.2354049682617, 283.2343578338623, 286.2365245819092]], "50": [[1.0008811950683594, 1.0008811950683594, 1.0008811950683594], [14199.481725692749, 14197.2496509552, 14533.537864685059], [415.3435230255127, 416.34368896484375, 417.3445701599121]], "60": [[1.0008811950683594, 2.0017623901367188, 2.0020008087158203], [19079.79440689087, 19213.8774394989, 19271.926164627075], [561.4643096923828, 576.4765739440918, 573.4736919403076]], "70": [[1.0006427764892578, 1.0008811950683594, 2.0012855529785156], [29292.206287384033, 28553.596019744873, 28697.715044021606], [747.6177215576172, 801.6624450683594, 799.6609210968018]], "80": [[2.001523971557617, 2.001523971557617, 2.0020008087158203], [40943.83454322815, 40412.3957157135, 41058.929681777954], [959.7928524017334, 973.8047122955322, 954.7891616821289]], "90": [[3.002643585205078, 2.0017623901367188, 3.0024051666259766], [56279.50835227966, 57211.27796173096, 55961.24529838562], [1272.0513343811035, 1257.0388317108154, 1213.0019664764404]], "100": [[3.002643585205078, 3.0024051666259766, 3.002166748046875], [75134.85813140869, 74567.80743598938, 74709.3288898468], [1485.231637954712, 1526.261329650879, 1380.1403045654297]]}, "local_count": {"40": [[80, 80, 80], [18, 25, 21], [21, 23, 16]], "50": [[100, 100, 100], [28, 27, 30], [28, 25, 25]], "60": [[120, 120, 120], [39, 31, 33], [40, 31, 29]], "70": [[140, 140, 140], [45, 37, 29], [40, 30, 29]], "80": [[160, 160, 160], [36, 43, 45], [31, 42, 43]], "90": [[180, 180, 180], [51, 49, 53], [44, 48, 50]], "100": [[200, 200, 200], [61, 55, 57], [59, 58, 57]]}, "common_count": {"40": [[0, 0, 0], [62, 55, 59], [59, 57, 64]], "50": [[0, 0, 0], [72, 73, 70], [72, 75, 75]], "60": [[0, 0, 0], [81, 89, 87], [80, 89, 91]], "70": [[0, 0, 0], [95, 103, 111], [100, 110, 111]], "80": [[0, 0, 0], [124, 117, 115], [129, 118, 117]], "90": [[0, 0, 0], [129, 131, 127], [136, 132, 130]], "100": [[0, 0, 0], [139, 145, 143], [141, 142, 143]]}}