{"max_delay": {"40": [[0.14980038387165184, 0.15325765276636152, 0.14438019737294094], [0.13684273834781108, 0.13937836850997004, 0.1391482772254795], [0.13931456977810336, 0.1411108595352597, 0.1362840409158697]], "50": [[0.15248988975623162, 0.1553379869420785, 0.1540456984007076], [0.14477427329627207, 0.14323469318986387, 0.14263360225560223], [0.14087215689415566, 0.14323469318986387, 0.14263360225560223]], "60": [[0.155175858629088, 0.1475751698254687, 0.15503164768704492], [0.14019168391138093, 0.13845944685612496, 0.14305405777197566], [0.14132973667986848, 0.13671612620875634, 0.14371049102927205]], "70": [[0.15604380583339791, 0.1598139739532702, 0.15862951721651733], [0.14648296319407045, 0.14779733120497146, 0.1481526505993207], [0.14153790824901552, 0.14266640873519404, 0.1429397162958142]], "80": [[0.15802831105610937, 0.15511431036811485, 0.1580343157900017], [0.14480939337701476, 0.1433421044235228, 0.14826839625536245], [0.14426122207058162, 0.1433421044235228, 0.14290139288835907]], "90": [[0.15973501649109556, 0.16078440662971438, 0.15370198970413285], [0.1467665213934412, 0.1501056288647872, 0.14686230768499087], [0.14223102443603758, 0.1442951811783698, 0.14202949281519942]], "100": [[0.1587213614490306, 0.16210557203930404, 0.15603542783988714], [0.14771490527574274, 0.14761298628177102, 0.15095297703931998], [0.14319407371500648, 0.1467362474556806, 0.14094619182336654]]}, "cost": {"40": [[110.9, 104.775, 104.55], [42.575, 41.925, 42.55], [42.85, 42.45, 42.15]], "50": [[112.38, 128.72, 127.1], [43.4, 46.82, 43.96], [43.0, 48.14, 48.06]], "60": [[130.43333333333334, 143.51666666666668, 132.63333333333333], [49.86666666666667, 50.95, 51.983333333333334], [49.7, 51.31666666666667, 50.6]], "70": [[149.5142857142857, 161.2, 165.68571428571428], [56.357142857142854, 57.1, 58.02857142857143], [56.34285714285714, 57.58571428571429, 58.41428571428571]], "80": [[164.2375, 176.3875, 168.2625], [64.7625, 65.1125, 62.1625], [64.6, 64.5125, 62.6625]], "90": [[181.61111111111111, 183.9777777777778, 196.13333333333333], [65.27777777777777, 65.23333333333333, 66.56666666666666], [65.83333333333333, 65.88888888888889, 67.17777777777778]], "100": [[196.56, 200.76, 206.93], [71.29, 71.49, 71.63], [70.81, 70.96, 72.01]]}, "target_value": {"40": [[205.25038387165182, 205.64515276636155, 196.65519737294096], [158.13023834781106, 160.34086850997005, 160.42327722547952], [160.73956977810337, 162.3358595352597, 157.35904091586968]], "50": [[208.67988975623163, 219.6979869420785, 217.5956984007076], [166.47427329627206, 166.64469318986386, 164.61360225560222], [162.37215689415567, 167.30469318986385, 166.66360225560223]], "60": [[220.39252529575467, 219.33350315880205, 221.34831435371157], [165.12501724471426, 163.93444685612496, 169.04572443864234], [166.17973667986848, 162.37445954208968, 169.01049102927206]], "70": [[230.8009486905408, 240.41397395327022, 241.4723743593745], [174.66153462264185, 176.34733120497148, 177.1669363136064], [169.7093368204441, 171.45926587805118, 172.14685915295706]], "80": [[240.14706105610938, 243.30806036811484, 242.1655657900017], [177.19064337701477, 175.89835442352282, 179.34964625536247], [176.5612220705816, 175.5983544235228, 174.23264288835907]], "90": [[250.5405720466511, 252.77329551860328, 251.7686563707995], [179.40541028233008, 182.72229553145388, 180.1456410183242], [175.14769110270424, 177.23962562281423, 175.61838170408828]], "100": [[257.0013614490306, 262.48557203930403, 259.50042783988715], [183.35990527574276, 183.35798628177102, 186.76797703932], [178.59907371500648, 182.2162474556806, 176.95119182336654]]}, "running_time": {"40": [[1.0008811950683594, 1.0008811950683594, 1.0004043579101562], [8513.052701950073, 8607.625722885132, 8504.53519821167], [294.24238204956055, 286.2367630004883, 316.26105308532715]], "50": [[1.0008811950683594, 2.0012855529785156, 1.0013580322265625], [14020.59006690979, 14046.350240707397, 14209.273099899292], [448.37045669555664, 409.33823585510254, 415.3432846069336]], "60": [[2.0012855529785156, 2.001523971557617, 2.001523971557617], [21992.712020874023, 18973.68288040161, 21537.798404693604], [598.4947681427002, 573.4741687774658, 569.4704055786133]], "70": [[2.0020008087158203, 1.0008811950683594, 2.0012855529785156], [28327.409267425537, 28643.670320510864, 28424.489498138428], [741.6129112243652, 792.6549911499023, 793.6561107635498]], "80": [[2.0017623901367188, 2.001523971557617, 2.001523971557617], [40691.62631034851, 40277.283906936646, 40552.51145362854], [957.791805267334, 989.8176193237305, 955.7902812957764]], "90": [[3.0024051666259766, 3.002643585205078, 2.0017623901367188], [55445.81890106201, 56115.3724193573, 56194.43726539612], [1233.0193519592285, 1206.9966793060303, 1216.0050868988037]], "100": [[3.0024051666259766, 3.0024051666259766, 3.002643585205078], [74775.02512931824, 74514.77241516113, 74320.0306892395], [1452.200174331665, 1491.2323951721191, 1414.172649383545]]}, "local_count": {"40": [[80, 80, 80], [22, 22, 26], [22, 23, 24]], "50": [[100, 100, 100], [29, 24, 26], [27, 23, 24]], "60": [[120, 120, 120], [33, 30, 32], [30, 29, 27]], "70": [[140, 140, 140], [36, 37, 37], [36, 36, 39]], "80": [[160, 160, 160], [43, 44, 44], [41, 40, 40]], "90": [[180, 180, 180], [47, 40, 45], [47, 37, 42]], "100": [[200, 200, 200], [53, 47, 59], [52, 49, 60]]}, "common_count": {"40": [[0, 0, 0], [58, 58, 54], [58, 57, 56]], "50": [[0, 0, 0], [71, 76, 74], [73, 77, 76]], "60": [[0, 0, 0], [87, 90, 88], [90, 91, 93]], "70": [[0, 0, 0], [104, 103, 103], [104, 104, 101]], "80": [[0, 0, 0], [117, 116, 116], [119, 120, 120]], "90": [[0, 0, 0], [133, 140, 135], [133, 143, 138]], "100": [[0, 0, 0], [147, 153, 141], [148, 151, 140]]}}