{"avg_delay": {"40": [[0.10666208937048297, 0.10267277135873618, 0.09985133912177055, 0.10344120651220155, 0.10807491871452723, 0.09833674591768699, 0.10410114005859496, 0.10022138797139966, 0.10237228239702796, 0.10541030771037391], [0.11023214146776134, 0.10222094396432709, 0.10000990018346205, 0.10819884389691187, 0.10873441485060024, 0.09900188047295513, 0.10574768869812536, 0.10216881500368634, 0.10424885929809419, 0.10768287690947206], [0.10201257245860378, 0.09803891165531084, 0.09585449043194018, 0.10010001781122195, 0.10367110305951714, 0.0945308263301611, 0.10040727679091216, 0.09489337926346733, 0.09775627318448493, 0.10113927189369123]], "50": [[0.09955349719494151, 0.10112612285879365, 0.1021293678607801, 0.1054960411358164, 0.10399238551040375, 0.10137240900332073, 0.1049770053224461, 0.103230538678574, 0.10593372259268549, 0.10271415248643903], [0.1006328187056192, 0.10220352699703189, 0.10655154597677727, 0.10605035527881498, 0.10354776552979002, 0.10110484804507579, 0.10808028880733031, 0.10596493005936924, 0.11109348102334678, 0.10254529115529931], [0.09604359408204069, 0.09741190933091977, 0.09874464818172185, 0.10178510436165997, 0.09986225001272604, 0.09609180161451092, 0.09936167356082716, 0.10026594657197682, 0.10227865944859559, 0.09864648080202007]], "60": [[0.10351794868770145, 0.10316633365673787, 0.10300668444866345, 0.10846626301039387, 0.10691425059463837, 0.1047602980431373, 0.1038182594786535, 0.10609199975524387, 0.10495068938833196, 0.10083815457427554], [0.10460334917965673, 0.10643290476817427, 0.1049496930275185, 0.11034213284619439, 0.10911463426884215, 0.10642060042264262, 0.10494831070029274, 0.10649592221789553, 0.10691173784651899, 0.10198796028944924], [0.09976648868929765, 0.09944256603973076, 0.09859271035123467, 0.10359194690714287, 0.10211048201593537, 0.10092718966878021, 0.0995145833312613, 0.10103488675513313, 0.10144374030419064, 0.09651610151958556]], "70": [[0.102101420939019, 0.0995852364910583, 0.10383927535424764, 0.10279470320149843, 0.10457055706184847, 0.10686859988189902, 0.10183945057783918, 0.09954562061513049, 0.10140626537162668, 0.1030852348099137], [0.1037903618467161, 0.1010989668275498, 0.10454687953698326, 0.10405001912502228, 0.10563477278223113, 0.10817572088488069, 0.10495833451402033, 0.10084094041685332, 0.10209456753622874, 0.10302390610862433], [0.0978528953335413, 0.0954709384826419, 0.09943177155336441, 0.09918882846943704, 0.10140796091707098, 0.10193462800050572, 0.0975390068715761, 0.09587376546708425, 0.09690860479662279, 0.09897021590263876]], "80": [[0.10546860681731329, 0.10527572886234844, 0.10551529066295659, 0.10229582583934438, 0.1046761484480222, 0.10436331959027412, 0.1054340642294399, 0.10648835999172836, 0.09820695769956293, 0.10237380578207392], [0.10785526228154808, 0.10790750286995941, 0.10845858309504522, 0.10309171128175132, 0.10572998936004833, 0.1055958157829476, 0.10692488337050805, 0.10848062801427753, 0.09851966604146446, 0.10493831767501215], [0.10102806940475269, 0.10082324918924561, 0.10056742710989662, 0.0969122112637018, 0.09942028976193958, 0.09987423366247108, 0.10108312507230875, 0.10174871194149032, 0.09424693498099632, 0.09841378508357708]], "90": [[0.10445178131604818, 0.10275354105614092, 0.1011189803991589, 0.1012823781719087, 0.10416385074245911, 0.10171786633392205, 0.10589913935995751, 0.10145969916816026, 0.10448184775466828, 0.1022025784472387], [0.10732508637951364, 0.1049260786383949, 0.1034102830315455, 0.1023329900417753, 0.10624097881504324, 0.10376496510521593, 0.10771510774323352, 0.1018019548594627, 0.10621508645159991, 0.10345080994411106], [0.0998510719167098, 0.09819409271564211, 0.09737480389950469, 0.09718607199063423, 0.10027019028742366, 0.0974580034148837, 0.10158029351666492, 0.09658662821263511, 0.10027756768447386, 0.09827017392223697]], "100": [[0.1038001127465983, 0.10232390836049107, 0.10345331556961535, 0.10305858182788923, 0.10450318818008507, 0.10211423526438254, 0.1063384383928837, 0.09982527221492328, 0.10331826506780047, 0.10416370337683128], [0.10458153258722273, 0.10356008501702406, 0.10670293926510781, 0.10534497565393001, 0.10524600797784923, 0.10366831956291082, 0.10697932440339923, 0.09956276713401845, 0.10457128369641017, 0.1055047075296495], [0.09893844304251506, 0.09822931699501589, 0.09958278685161974, 0.09813451229644904, 0.10030510419349765, 0.09768745134372482, 0.10089388153782665, 0.09535008114334764, 0.09863241779490287, 0.09939000983867365]]}, "cost": {"40": [[0.0, 0.0, 0.0, 0.0, 0.0, 0.0, 0.0, 0.0, 0.0, 0.0], [0.0, 0.0, 0.0, 0.0, 0.0, 0.0, 0.0, 0.0, 0.0, 0.0], [0.0, 0.0, 0.0, 0.0, 0.0, 0.0, 0.0, 0.0, 0.0, 0.0]], "50": [[0.0, 0.0, 0.0, 0.0, 0.0, 0.0, 0.0, 0.0, 0.0, 0.0], [0.0, 0.0, 0.0, 0.0, 0.0, 0.0, 0.0, 0.0, 0.0, 0.0], [0.0, 0.0, 0.0, 0.0, 0.0, 0.0, 0.0, 0.0, 0.0, 0.0]], "60": [[0.0, 0.0, 0.0, 0.0, 0.0, 0.0, 0.0, 0.0, 0.0, 0.0], [0.0, 0.0, 0.0, 0.0, 0.0, 0.0, 0.0, 0.0, 0.0, 0.0], [0.0, 0.0, 0.0, 0.0, 0.0, 0.0, 0.0, 0.0, 0.0, 0.0]], "70": [[0.0, 0.0, 0.0, 0.0, 0.0, 0.0, 0.0, 0.0, 0.0, 0.0], [0.0, 0.0, 0.0, 0.0, 0.0, 0.0, 0.0, 0.0, 0.0, 0.0], [0.0, 0.0, 0.0, 0.0, 0.0, 0.0, 0.0, 0.0, 0.0, 0.0]], "80": [[0.0, 0.0, 0.0, 0.0, 0.0, 0.0, 0.0, 0.0, 0.0, 0.0], [0.0, 0.0, 0.0, 0.0, 0.0, 0.0, 0.0, 0.0, 0.0, 0.0], [0.0, 0.0, 0.0, 0.0, 0.0, 0.0, 0.0, 0.0, 0.0, 0.0]], "90": [[0.0, 0.0, 0.0, 0.0, 0.0, 0.0, 0.0, 0.0, 0.0, 0.0], [0.0, 0.0, 0.0, 0.0, 0.0, 0.0, 0.0, 0.0, 0.0, 0.0], [0.0, 0.0, 0.0, 0.0, 0.0, 0.0, 0.0, 0.0, 0.0, 0.0]], "100": [[0.0, 0.0, 0.0, 0.0, 0.0, 0.0, 0.0, 0.0, 0.0, 0.0], [0.0, 0.0, 0.0, 0.0, 0.0, 0.0, 0.0, 0.0, 0.0, 0.0], [0.0, 0.0, 0.0, 0.0, 0.0, 0.0, 0.0, 0.0, 0.0, 0.0]]}, "target_value": {"40": [[106.66208937048296, 102.67277135873617, 99.85133912177055, 103.44120651220155, 108.07491871452723, 98.33674591768698, 104.10114005859495, 100.22138797139966, 102.37228239702796, 105.41030771037391], [110.23214146776134, 102.22094396432709, 100.00990018346205, 108.19884389691187, 108.73441485060025, 99.00188047295514, 105.74768869812536, 102.16881500368633, 104.24885929809419, 107.68287690947206], [102.01257245860377, 98.03891165531084, 95.85449043194018, 100.10001781122195, 103.67110305951714, 94.5308263301611, 100.40727679091216, 94.89337926346734, 97.75627318448493, 101.13927189369123]], "50": [[99.55349719494151, 101.12612285879365, 102.12936786078009, 105.4960411358164, 103.99238551040375, 101.37240900332073, 104.97700532244609, 103.23053867857399, 105.9337225926855, 102.71415248643903], [100.6328187056192, 102.20352699703189, 106.55154597677726, 106.05035527881499, 103.54776552979001, 101.10484804507578, 108.0802888073303, 105.96493005936924, 111.09348102334678, 102.54529115529931], [96.04359408204068, 97.41190933091977, 98.74464818172186, 101.78510436165996, 99.86225001272604, 96.09180161451091, 99.36167356082716, 100.26594657197683, 102.27865944859559, 98.64648080202006]], "60": [[103.51794868770145, 103.16633365673788, 103.00668444866345, 108.46626301039387, 106.91425059463837, 104.7602980431373, 103.8182594786535, 106.09199975524388, 104.95068938833197, 100.83815457427555], [104.60334917965673, 106.43290476817427, 104.94969302751849, 110.34213284619439, 109.11463426884214, 106.42060042264262, 104.94831070029274, 106.49592221789553, 106.91173784651899, 101.98796028944925], [99.76648868929765, 99.44256603973075, 98.59271035123467, 103.59194690714287, 102.11048201593536, 100.92718966878022, 99.5145833312613, 101.03488675513313, 101.44374030419064, 96.51610151958556]],