{"avg_delay": {"40": [[0.1022746343686134, 0.10508179244651025, 0.10395126686369754, 0.0991531765450171, 0.09906628926533716, 0.0975152577685806, 0.10151518092827397, 0.10549477306790964, 0.09834447715967959, 0.10594724907006275], [0.10546607705880669, 0.10719458067228343, 0.10758057598271849, 0.10028269912620097, 0.0990498068979691, 0.0998868670739057, 0.10285115317765975, 0.10674417209267871, 0.09925543010973539, 0.10698762258278167], [0.09873033619253203, 0.1018301827592718, 0.10095645524917662, 0.09608346998732314, 0.09489578413925884, 0.09516398070368604, 0.09814266117152357, 0.10169216970139941, 0.09522134047957509, 0.10257626025612111]], "50": [[0.10820238401562313, 0.09863823505843071, 0.10541082711253419, 0.1044222363347897, 0.1010896288704715, 0.10454873510870946, 0.10723697767531726, 0.10970783059228395, 0.10546200338499505, 0.10360996631965591], [0.10936292664964226, 0.09971376405362711, 0.10686296707229856, 0.10470765563295065, 0.10303057569675586, 0.10485156313399609, 0.10753566814972923, 0.11120966283717754, 0.10727837304167033, 0.1094177089339922], [0.1024317891832568, 0.09499766259124293, 0.10035427484127964, 0.10035544107018048, 0.09798770803662805, 0.10108902637737491, 0.10165055909867649, 0.10418349385950922, 0.10184258483778279, 0.10049263420816389]], "60": [[0.10231056609635403, 0.10578041130439675, 0.10408130921551914, 0.10523486592124964, 0.09960222792602469, 0.10259024186943634, 0.1020915939868193, 0.10202031016031089, 0.10218906710142084, 0.10001554044502496], [0.10358805720306383, 0.10875438429101492, 0.10591049929559726, 0.10807832894255351, 0.10232539243431776, 0.10678805793604608, 0.10485605917375755, 0.1036844140286959, 0.10487179024422646, 0.1015962442412788], [0.0975406001561604, 0.10120784406658946, 0.09956765281664513, 0.1015442547892471, 0.09611515984208137, 0.09989876796920531, 0.09833687553439548, 0.09798641791180389, 0.09893453197321746, 0.09519050087970102]], "70": [[0.10617900153465872, 0.10287585529218818, 0.10360850753308062, 0.10536186776685397, 0.10052497110092393, 0.10560282040065491, 0.1033330048735121, 0.10360735545126558, 0.10736571063885327, 0.1007259916703886], [0.1079669085523523, 0.10453581029950941, 0.10785965169489672, 0.1060887481333115, 0.10179678288459329, 0.10908528578418028, 0.1067230068727618, 0.10519021501360473, 0.10876632830434105, 0.10311926679587145], [0.10270684525365356, 0.09863053874183964, 0.09963074789946796, 0.10093375229115313, 0.09598629297182444, 0.10148123648913214, 0.09951023380902921, 0.09939924983491233, 0.10263212529303707, 0.09617456984338883]], "80": [[0.10055915471528837, 0.10334924732167677, 0.10803127378274657, 0.10470314739495412, 0.10433417638428458, 0.10406936038407051, 0.10287351909411627, 0.10483105268745734, 0.10113110266779202, 0.10237708060232427], [0.10033725463277841, 0.10644009693242892, 0.10935184317843155, 0.10785289029219919, 0.10653814403886566, 0.10562423694368313, 0.10482795045850925, 0.10544987425971948, 0.10165241015941545, 0.10523048277065436], [0.09733522426892549, 0.10001764257364347, 0.10292923890698699, 0.1002061084047665, 0.10061176736772257, 0.09957587899556258, 0.09894222694897242, 0.10085958146384412, 0.09741137428572393, 0.09798350310193993]], "90": [[0.10317633336180403, 0.10661775669737057, 0.09945512472962925, 0.10386240843360206, 0.10694381276361181, 0.1038216148841742, 0.10310689605215573, 0.10474769470695504, 0.10363381750441265, 0.10292559816204253], [0.10548151594348355, 0.10896231272688386, 0.10142607290848579, 0.10541747008457879, 0.10840191200970836, 0.1053951467289467, 0.10493410491148855, 0.1057439603959337, 0.10514510210867542, 0.10503666857459557], [0.09932246469860237, 0.10236226287827839, 0.09591916760314578, 0.10027092543778852, 0.10188894749447189, 0.09854637658953516, 0.09835748515184191, 0.0992716938320184, 0.09994901646434481, 0.0991547636139611]], "100": [[0.10469955941332267, 0.10183464539511329, 0.10087380823532677, 0.10693160197543543, 0.10622130423166161, 0.10275849118498809, 0.10494296740166792, 0.10062972597112314, 0.1003993090951741, 0.10360706218744431], [0.10575644656577968, 0.10444188138353534, 0.103001861371596, 0.10916689613532805, 0.10884746418312448, 0.1047491930372596, 0.1066778427121554, 0.10302497525341107, 0.10390040384365425, 0.1069572470354715], [0.10041303139194076, 0.09750597198991158, 0.09648635349526667, 0.10217946942100264, 0.10254341319994653, 0.09839677657809744, 0.10073340721625341, 0.09689850218600991, 0.09588427524541276, 0.09985134587837703]]}, "cost": {"40": [[0.0, 0.0, 0.0, 0.0, 0.0, 0.0, 0.0, 0.0, 0.0, 0.0], [0.0, 0.0, 0.0, 0.0, 0.0, 0.0, 0.0, 0.0, 0.0, 0.0], [0.0, 0.0, 0.0, 0.0, 0.0, 0.0, 0.0, 0.0, 0.0, 0.0]], "50": [[0.0, 0.0, 0.0, 0.0, 0.0, 0.0, 0.0, 0.0, 0.0, 0.0], [0.0, 0.0, 0.0, 0.0, 0.0, 0.0, 0.0, 0.0, 0.0, 0.0], [0.0, 0.0, 0.0, 0.0, 0.0, 0.0, 0.0, 0.0, 0.0, 0.0]], "60": [[0.0, 0.0, 0.0, 0.0, 0.0, 0.0, 0.0, 0.0, 0.0, 0.0], [0.0, 0.0, 0.0, 0.0, 0.0, 0.0, 0.0, 0.0, 0.0, 0.0], [0.0, 0.0, 0.0, 0.0, 0.0, 0.0, 0.0, 0.0, 0.0, 0.0]], "70": [[0.0, 0.0, 0.0, 0.0, 0.0, 0.0, 0.0, 0.0, 0.0, 0.0], [0.0, 0.0, 0.0, 0.0, 0.0, 0.0, 0.0, 0.0, 0.0, 0.0], [0.0, 0.0, 0.0, 0.0, 0.0, 0.0, 0.0, 0.0, 0.0, 0.0]], "80": [[0.0, 0.0, 0.0, 0.0, 0.0, 0.0, 0.0, 0.0, 0.0, 0.0], [0.0, 0.0, 0.0, 0.0, 0.0, 0.0, 0.0, 0.0, 0.0, 0.0], [0.0, 0.0, 0.0, 0.0, 0.0, 0.0, 0.0, 0.0, 0.0, 0.0]], "90": [[0.0, 0.0, 0.0, 0.0, 0.0, 0.0, 0.0, 0.0, 0.0, 0.0], [0.0, 0.0, 0.0, 0.0, 0.0, 0.0, 0.0, 0.0, 0.0, 0.0], [0.0, 0.0, 0.0, 0.0, 0.0, 0.0, 0.0, 0.0, 0.0, 0.0]], "100": [[0.0, 0.0, 0.0, 0.0, 0.0, 0.0, 0.0, 0.0, 0.0, 0.0], [0.0, 0.0, 0.0, 0.0, 0.0, 0.0, 0.0, 0.0, 0.0, 0.0], [0.0, 0.0, 0.0, 0.0, 0.0, 0.0, 0.0, 0.0, 0.0, 0.0]]}, "target_value": {"40": [[102.2746343686134, 105.08179244651025, 103.95126686369754, 99.15317654501709, 99.06628926533716, 97.5152577685806, 101.51518092827396, 105.49477306790963, 98.34447715967958, 105.94724907006275], [105.46607705880669, 107.19458067228344, 107.58057598271849, 100.28269912620097, 99.0498068979691, 99.8868670739057, 102.85115317765975, 106.74417209267871, 99.2554301097354, 106.98762258278167], [98.73033619253204, 101.8301827592718, 100.95645524917663, 96.08346998732314, 94.89578413925884, 95.16398070368604, 98.14266117152357, 101.69216970139941, 95.22134047957509, 102.57626025612112]], "50": [[108.20238401562312, 98.63823505843071, 105.4108271125342, 104.4222363347897, 101.0896288704715, 104.54873510870947, 107.23697767531726, 109.70783059228395, 105.46200338499504, 103.60996631965591], [109.36292664964226, 99.71376405362712, 106.86296707229856, 104.70765563295065, 103.03057569675586, 104.85156313399608, 107.53566814972923, 111.20966283717753, 107.27837304167033, 109.4177089339922], [102.4317891832568, 94.99766259124293, 100.35427484127963, 100.35544107018048, 97.98770803662805, 101.0890263773749, 101.65055909867648, 104.18349385950921, 101.84258483778278, 100.49263420816389]], "60": [[102.31056609635402, 105.78041130439675, 104.08130921551914, 105.23486592124965, 99.60222792602468, 102.59024186943634, 102.0915939868193, 102.0203101603109, 102.18906710142083, 100.01554044502497], [103.58805720306383, 108.75438429101492, 105.91049929559726, 108.07832894255351, 102.32539243431776, 106.78805793604607, 104.85605917375756, 103.6844140286959, 104.87179024422646, 101.59624424127881], [97.5406001561604, 101.20784406658946, 99.56765281664514, 101.5442547892471, 96.11515984208137, 99.89876796920531, 98.33687553439547, 97.98641791180388, 98.93453197321746, 95.19050087970102]],