{"avg_delay": {"40": [[0.10412451485529951, 0.1013408365378992, 0.10275400186864087, 0.10289000974381984, 0.1040824536175527, 0.10486370645357311, 0.1009642735888433, 0.10372510232498236, 0.10144206462164002, 0.10914975756424442], [0.10636106825854189, 0.1037353592327268, 0.10451602703817871, 0.10518709893073709, 0.10515719515975429, 0.1083736385639352, 0.10378754833118707, 0.10599525122525694, 0.10393548640705581, 0.11178861966209518], [0.09960107852172795, 0.09770864501524044, 0.09908846329815445, 0.09907459870147535, 0.10025897908957995, 0.10120520022056806, 0.09876215123159801, 0.0992927243935934, 0.09780065016199795, 0.10540685384663742]], "50": [[0.10090732098186617, 0.10114993880419691, 0.10399598311905663, 0.10186427192973169, 0.1016987173860822, 0.10291426512239646, 0.0999472862551497, 0.10281800146682284, 0.10421976028300191, 0.10340303424371193], [0.10315588578753727, 0.1014991258779274, 0.10633608845338999, 0.1046797137576608, 0.10257013981123844, 0.1059555056159015, 0.10100591452611626, 0.10681113882104976, 0.10623825333988515, 0.10267821260013785], [0.09896298920510639, 0.09730123394118192, 0.10081959957110571, 0.09765882217455256, 0.09833612069365974, 0.09946040768434732, 0.09659393932028114, 0.09890757461569248, 0.09922941979242554, 0.09782682018480912]], "60": [[0.10397036866690151, 0.10374733491053402, 0.10616535215805213, 0.0967216694034267, 0.09870447956616935, 0.10662182180440176, 0.10270637207632785, 0.10285452620758435, 0.09941905436503186, 0.10717199836881346], [0.10601857471837203, 0.10507177089362557, 0.10736945333977896, 0.10004744098621768, 0.10007619552848279, 0.10908847935996543, 0.10415538777991358, 0.10458014322131505, 0.10007219499122465, 0.10923583933122709], [0.09933781889531866, 0.09866361172947252, 0.10167270163864847, 0.09346834675235102, 0.0951333764943833, 0.10230026259050211, 0.09925153703231993, 0.09887952136173715, 0.09597885175371407, 0.10279027055190249]], "70": [[0.10271543883206793, 0.10494003968259605, 0.10218285429448792, 0.102105194732762, 0.1042415556133099, 0.10347606350017886, 0.10349189615047713, 0.10552469212151466, 0.10404352868274802, 0.10542685230745014], [0.10309753367489333, 0.1067626672921998, 0.10504587884430236, 0.10390698776449207, 0.10596155967170436, 0.10425915862597172, 0.10611905937467267, 0.10666826726845666, 0.10472588122751653, 0.1083365543015755], [0.09818765698895066, 0.10009542975397334, 0.09880674044412516, 0.09862022928544292, 0.09963359708906053, 0.09890719863197092, 0.10004531950948185, 0.10056010775726201, 0.09968032444107444, 0.10126172918146556]], "80": [[0.09944235064198191, 0.10314315721557038, 0.10136905737883978, 0.10378680298438801, 0.10726659025540136, 0.10625307775236856, 0.10261426381208859, 0.10369042294009917, 0.10412226903915943, 0.10247295449855433], [0.10134027232785295, 0.10700104966012307, 0.10375935368916334, 0.1057915802783567, 0.11109210934339396, 0.10773515548016438, 0.10386244777579273, 0.10398774162495325, 0.10465923943002212, 0.10401564423953426], [0.09523795485364767, 0.1003358449701794, 0.09770781457663602, 0.09966317066808833, 0.10259548737132268, 0.1018566427439184, 0.09890465550590248, 0.09953630000002818, 0.0998265070169552, 0.0981017398811186]], "90": [[0.10184762915760932, 0.10042319635592163, 0.10364783103020507, 0.10440263015206012, 0.1056363677034699, 0.10253749720463698, 0.10402343717861758, 0.10341509712206744, 0.10224318976542399, 0.10450662881105816], [0.1045586845264724, 0.10110731097396206, 0.10658585629148472, 0.10847130703209233, 0.10950413540362566, 0.10471649066005057, 0.10576680832552016, 0.10662452278666161, 0.10266005128494683, 0.106084210869301], [0.09915524068403632, 0.09635041340731834, 0.09954880726226373, 0.1013084860996736, 0.10259823224851364, 0.09839207163230036, 0.09956678967044903, 0.10010128577552385, 0.09862455292008258, 0.10056445122953328]], "100": [[0.10522653255008474, 0.10280194806638929, 0.10304849158694512, 0.10391517086712695, 0.10264002389636039, 0.10256110749299112, 0.10340495826251174, 0.10364310201671792, 0.10496501519641961, 0.10157786829673607], [0.10719793292024904, 0.10500541652018773, 0.10336087244429694, 0.10499392203256616, 0.1046878658473341, 0.10514507039358276, 0.10492965720540876, 0.10489806280392888, 0.10673923721849499, 0.10307954766952673], [0.10039161815688419, 0.09942128698238975, 0.09855616711476696, 0.10078936324886334, 0.0989432874941263, 0.0983052441367484, 0.09894670703974966, 0.0991002797440427, 0.10054380658256244, 0.09848118384292612]]}, "cost": {"40": [[0.0, 0.0, 0.0, 0.0, 0.0, 0.0, 0.0, 0.0, 0.0, 0.0], [0.0, 0.0, 0.0, 0.0, 0.0, 0.0, 0.0, 0.0, 0.0, 0.0], [0.0, 0.0, 0.0, 0.0, 0.0, 0.0, 0.0, 0.0, 0.0, 0.0]], "50": [[0.0, 0.0, 0.0, 0.0, 0.0, 0.0, 0.0, 0.0, 0.0, 0.0], [0.0, 0.0, 0.0, 0.0, 0.0, 0.0, 0.0, 0.0, 0.0, 0.0], [0.0, 0.0, 0.0, 0.0, 0.0, 0.0, 0.0, 0.0, 0.0, 0.0]], "60": [[0.0, 0.0, 0.0, 0.0, 0.0, 0.0, 0.0, 0.0, 0.0, 0.0], [0.0, 0.0, 0.0, 0.0, 0.0, 0.0, 0.0, 0.0, 0.0, 0.0], [0.0, 0.0, 0.0, 0.0, 0.0, 0.0, 0.0, 0.0, 0.0, 0.0]], "70": [[0.0, 0.0, 0.0, 0.0, 0.0, 0.0, 0.0, 0.0, 0.0, 0.0], [0.0, 0.0, 0.0, 0.0, 0.0, 0.0, 0.0, 0.0, 0.0, 0.0], [0.0, 0.0, 0.0, 0.0, 0.0, 0.0, 0.0, 0.0, 0.0, 0.0]], "80": [[0.0, 0.0, 0.0, 0.0, 0.0, 0.0, 0.0, 0.0, 0.0, 0.0], [0.0, 0.0, 0.0, 0.0, 0.0, 0.0, 0.0, 0.0, 0.0, 0.0], [0.0, 0.0, 0.0, 0.0, 0.0, 0.0, 0.0, 0.0, 0.0, 0.0]], "90": [[0.0, 0.0, 0.0, 0.0, 0.0, 0.0, 0.0, 0.0, 0.0, 0.0], [0.0, 0.0, 0.0, 0.0, 0.0, 0.0, 0.0, 0.0, 0.0, 0.0], [0.0, 0.0, 0.0, 0.0, 0.0, 0.0, 0.0, 0.0, 0.0, 0.0]], "100": [[0.0, 0.0, 0.0, 0.0, 0.0, 0.0, 0.0, 0.0, 0.0, 0.0], [0.0, 0.0, 0.0, 0.0, 0.0, 0.0, 0.0, 0.0, 0.0, 0.0], [0.0, 0.0, 0.0, 0.0, 0.0, 0.0, 0.0, 0.0, 0.0, 0.0]]}, "target_value": {"40": [[104.12451485529951, 101.34083653789921, 102.75400186864087, 102.89000974381985, 104.0824536175527, 104.86370645357312, 100.9642735888433, 103.72510232498236, 101.44206462164001, 109.14975756424441], [106.36106825854189, 103.7353592327268, 104.5160270381787, 105.1870989307371, 105.1571951597543, 108.3736385639352, 103.78754833118707, 105.99525122525694, 103.93548640705582, 111.78861966209517], [99.60107852172794, 97.70864501524045, 99.08846329815445, 99.07459870147535, 100.25897908957995, 101.20520022056806, 98.76215123159801, 99.2927243935934, 97.80065016199795, 105.40685384663742]], "50": [[100.90732098186616, 101.1499388041969, 103.99598311905663, 101.86427192973169, 101.69871738608221, 102.91426512239646, 99.9472862551497, 102.81800146682284, 104.2197602830019, 103.40303424371193], [103.15588578753727, 101.49912587792741, 106.33608845338999, 104.6797137576608, 102.57013981123845, 105.9555056159015, 101.00591452611626, 106.81113882104975, 106.23825333988515, 102.67821260013784], [98.9629892051064, 97.30123394118192, 100.81959957110571, 97.65882217455255, 98.33612069365974, 99.46040768434732, 96.59393932028114, 98.90757461569248, 99.22941979242555, 97.82682018480912]], "60": [[103.9703686669015, 103.74733491053402, 106.16535215805213, 96.7216694034267, 98.70447956616934, 106.62182180440176, 102.70637207632785, 102.85452620758436, 99.41905436503185, 107.17199836881346], [106.01857471837204, 105.07177089362557, 107.36945333977896, 100.04744098621768, 100.0761955284828, 109.08847935996543, 104.15538777991358, 104.58014322131505, 100.07219499122465, 109.23583933122708], [99.33781889531866, 98.66361172947252, 101.67270163864848, 93.46834675235102, 95.1333764943833, 102.30026259050211, 99.25153703231993, 98.87952136173715, 95.97885175371407, 102.79027055190248]],