{"avg_delay": {"40": [[0.09876354336651216, 0.10201593466552372, 0.1021675405489699, 0.10525221573566924, 0.107768264160926, 0.10083276696484622, 0.10354849053284275, 0.10082136242258423, 0.09975562033504763, 0.10348002596831782], [0.10098678583902682, 0.10367809637359901, 0.10562566736167044, 0.10611874815445266, 0.1119645361349168, 0.10515050257643016, 0.10582002976040536, 0.10464671776542925, 0.09954544266535156, 0.10637091487331993], [0.09570867717199119, 0.09873939245518343, 0.09812275169391527, 0.10170717588860319, 0.10303206394161343, 0.09787065590991516, 0.09940378686862354, 0.09769951347425962, 0.0955691474683265, 0.09917220180991601]], "50": [[0.09803198848847186, 0.09967134678085325, 0.10697241331208647, 0.10132915174494635, 0.09974094137371224, 0.10175735807137999, 0.10531446924387346, 0.10437414558384749, 0.10626251742028692, 0.10440413906123988], [0.10021618143350279, 0.09870807773722812, 0.10886665457949303, 0.10255827580663272, 0.10104595166386249, 0.10395756247085979, 0.1067857932063291, 0.10633365866159998, 0.10977847263580207, 0.10602598295054051], [0.0961580837100675, 0.09525919470620722, 0.10257721656702927, 0.09686300180487117, 0.09654012328678256, 0.0981624577085552, 0.10176388139704011, 0.10111056140954562, 0.10214153722923212, 0.09992731279753495]], "60": [[0.10491628664311325, 0.10530785978299557, 0.10068430295331661, 0.10043049130870631, 0.10145485672965637, 0.10744564378931142, 0.10247409553849761, 0.1053345640068527, 0.10252281322368785, 0.10154623501211658], [0.11059476767109751, 0.10611327967117466, 0.10250117649146871, 0.10318044169616995, 0.10224384073716958, 0.1121312514577328, 0.10248971097028434, 0.10789533591727545, 0.1064477115421212, 0.10689250016821829], [0.10193932441240211, 0.10218567449998296, 0.09616803355195344, 0.0967923321123163, 0.09723469537554984, 0.10252452909383113, 0.09826154900601308, 0.10071729319832197, 0.0995297175402758, 0.0993748794790001]], "70": [[0.10476067524724142, 0.10165849273673548, 0.10436699957859125, 0.09942455612318336, 0.10348084363255385, 0.1042861907206895, 0.10418415474162672, 0.10324619142562257, 0.10615797863466118, 0.1039777725409628], [0.10690186227018325, 0.10409629344762894, 0.10560888324134017, 0.10333729681531646, 0.10644175584158684, 0.10572988213280948, 0.10415889475460674, 0.10627444194802108, 0.10962542452354054, 0.1068844702975224], [0.10073209630938205, 0.09712282305971899, 0.09977000567638639, 0.09576443616710562, 0.09964901833902377, 0.10007473408629687, 0.09919029208971117, 0.09999748798239709, 0.10187772702672893, 0.098137062252984]], "80": [[0.10438887330032115, 0.10210840752830838, 0.10465503425639527, 0.10303367880611657, 0.10423559705793743, 0.10334819879061667, 0.10001958880932171, 0.10192465444431498, 0.10315321991799672, 0.10766303176886796], [0.10744031364171663, 0.10312470092451513, 0.10503356354969824, 0.10536584172292604, 0.10712808858243789, 0.10532980844849545, 0.10078643546088335, 0.10341654995820754, 0.103753398893984, 0.10902698478497981], [0.10063077627879148, 0.09823995876898714, 0.09976344807828844, 0.10004584331979569, 0.10005431034954207, 0.09957534358657014, 0.09534739966698595, 0.09837676159391467, 0.09907148053872239, 0.10359653741843734]], "90": [[0.10178915074481072, 0.10323730186454637, 0.10281442972823372, 0.10103390312568496, 0.10093822698716634, 0.10235271036888668, 0.10268005866667279, 0.10679338212668592, 0.10361034168003903, 0.10256238159090265], [0.10310582029814394, 0.10478730085954466, 0.10462165818939143, 0.10299371542106313, 0.10289003789483132, 0.10376552535907793, 0.10552317568386156, 0.10883977642626529, 0.10593610154623925, 0.1021219647429351], [0.09743748260799986, 0.09969419753942213, 0.09809006608054675, 0.09677421702670176, 0.09750177284286098, 0.09849530616213881, 0.09838101657741105, 0.10154192443050417, 0.10005834902565201, 0.09860112342802435]], "100": [[0.10241527059434809, 0.10236351506400335, 0.10226020344673908, 0.10367188945877004, 0.10462907575342897, 0.09997396863212696, 0.10246163924636668, 0.10291801447490186, 0.10218270090184677, 0.10069438654963943], [0.1055065230396961, 0.1029267561869321, 0.10451982220813022, 0.10613387493725362, 0.10741342998897706, 0.1014703796391027, 0.10401060572701354, 0.10454626606843034, 0.10378180518772538, 0.1013795192657418], [0.09792827094969112, 0.09846793511742236, 0.09816723469093175, 0.09983461538382232, 0.10059011598813299, 0.09632668796168693, 0.09800131416550703, 0.09915835832309107, 0.09824051502190825, 0.09595414246350463]]}, "cost": {"40": [[0.0, 0.0, 0.0, 0.0, 0.0, 0.0, 0.0, 0.0, 0.0, 0.0], [0.0, 0.0, 0.0, 0.0, 0.0, 0.0, 0.0, 0.0, 0.0, 0.0], [0.0, 0.0, 0.0, 0.0, 0.0, 0.0, 0.0, 0.0, 0.0, 0.0]], "50": [[0.0, 0.0, 0.0, 0.0, 0.0, 0.0, 0.0, 0.0, 0.0, 0.0], [0.0, 0.0, 0.0, 0.0, 0.0, 0.0, 0.0, 0.0, 0.0, 0.0], [0.0, 0.0, 0.0, 0.0, 0.0, 0.0, 0.0, 0.0, 0.0, 0.0]], "60": [[0.0, 0.0, 0.0, 0.0, 0.0, 0.0, 0.0, 0.0, 0.0, 0.0], [0.0, 0.0, 0.0, 0.0, 0.0, 0.0, 0.0, 0.0, 0.0, 0.0], [0.0, 0.0, 0.0, 0.0, 0.0, 0.0, 0.0, 0.0, 0.0, 0.0]], "70": [[0.0, 0.0, 0.0, 0.0, 0.0, 0.0, 0.0, 0.0, 0.0, 0.0], [0.0, 0.0, 0.0, 0.0, 0.0, 0.0, 0.0, 0.0, 0.0, 0.0], [0.0, 0.0, 0.0, 0.0, 0.0, 0.0, 0.0, 0.0, 0.0, 0.0]], "80": [[0.0, 0.0, 0.0, 0.0, 0.0, 0.0, 0.0, 0.0, 0.0, 0.0], [0.0, 0.0, 0.0, 0.0, 0.0, 0.0, 0.0, 0.0, 0.0, 0.0], [0.0, 0.0, 0.0, 0.0, 0.0, 0.0, 0.0, 0.0, 0.0, 0.0]], "90": [[0.0, 0.0, 0.0, 0.0, 0.0, 0.0, 0.0, 0.0, 0.0, 0.0], [0.0, 0.0, 0.0, 0.0, 0.0, 0.0, 0.0, 0.0, 0.0, 0.0], [0.0, 0.0, 0.0, 0.0, 0.0, 0.0, 0.0, 0.0, 0.0, 0.0]], "100": [[0.0, 0.0, 0.0, 0.0, 0.0, 0.0, 0.0, 0.0, 0.0, 0.0], [0.0, 0.0, 0.0, 0.0, 0.0, 0.0, 0.0, 0.0, 0.0, 0.0], [0.0, 0.0, 0.0, 0.0, 0.0, 0.0, 0.0, 0.0, 0.0, 0.0]]}, "target_value": {"40": [[98.76354336651217, 102.01593466552372, 102.1675405489699, 105.25221573566924, 107.768264160926, 100.83276696484621, 103.54849053284275, 100.82136242258423, 99.75562033504764, 103.48002596831782], [100.98678583902682, 103.678096373599, 105.62566736167044, 106.11874815445266, 111.9645361349168, 105.15050257643016, 105.82002976040536, 104.64671776542924, 99.54544266535156, 106.37091487331993], [95.7086771719912, 98.73939245518343, 98.12275169391526, 101.70717588860319, 103.03206394161343, 97.87065590991516, 99.40378686862354, 97.69951347425962, 95.56914746832649, 99.172201809916]], "50": [[98.03198848847187, 99.67134678085326, 106.97241331208647, 101.32915174494634, 99.74094137371225, 101.75735807138, 105.31446924387346, 104.37414558384748, 106.26251742028691, 104.40413906123987], [100.2161814335028, 98.70807773722812, 108.86665457949303, 102.55827580663272, 101.04595166386248, 103.95756247085978, 106.7857932063291, 106.33365866159998, 109.77847263580206, 106.02598295054051], [96.1580837100675, 95.25919470620723, 102.57721656702927, 96.86300180487117, 96.54012328678256, 98.1624577085552, 101.76388139704011, 101.11056140954562, 102.14153722923213, 99.92731279753494]], "60": [[104.91628664311325, 105.30785978299558, 100.6843029533166, 100.43049130870631, 101.45485672965637, 107.44564378931142, 102.47409553849761, 105.3345640068527, 102.52281322368785, 101.54623501211658], [110.59476767109751, 106.11327967117467, 102.50117649146871, 103.18044169616995, 102.24384073716958, 112.1312514577328, 102.48971097028434, 107.89533591727545, 106.4477115421212, 106.89250016821829], [101.93932441240212, 102.18567449998297, 96.16803355195344, 96.7923321123163, 97.23469537554983, 102.52452909383112, 98.26154900601308, 100.71729319832197, 99.5297175402758, 99.3748794790001]],