{"avg_delay": {"40": [[0.10335350093833455, 0.10451680395960587, 0.09766767320851891, 0.10677667499215927, 0.10054636504595253, 0.10115543294765131, 0.09591557145430604, 0.10244897564561393, 0.10234870113901484, 0.1079635493102019], [0.10306820562453918, 0.10550684206534017, 0.09866286231107914, 0.10896802800509818, 0.10320440640481793, 0.10292288602723071, 0.09340509281386984, 0.1030354586878131, 0.10525998996687636, 0.10971801912175691], [0.0977719824178111, 0.10121338557547624, 0.09445408328483612, 0.10247428751688718, 0.09734794798013877, 0.09662342174424506, 0.09141210561787984, 0.09863106071289035, 0.09831581078328604, 0.10319427307905987]], "50": [[0.10573896022936023, 0.1035981919376459, 0.10436189057060535, 0.1019846904701083, 0.10444954160430583, 0.10644292581718323, 0.10268367000768615, 0.10342327675052265, 0.09923990433536571, 0.10314341128327278], [0.10721584667530146, 0.1044577353938442, 0.10665316233805269, 0.10372180928047339, 0.10501953800496533, 0.10984264338156656, 0.10251793719353693, 0.10478287843913099, 0.10256784089199916, 0.1043204986434903], [0.10157887941059703, 0.09959245426796083, 0.10073485801165755, 0.09783808853342209, 0.09973428859207614, 0.10135780776429663, 0.09755053014399032, 0.09927952121080265, 0.09585142611393664, 0.09898763002887047]], "60": [[0.10233442261912584, 0.10281775708558916, 0.10252041631641687, 0.10416023052958583, 0.09609009820497058, 0.10494205054644892, 0.10339316346692823, 0.10388701497273387, 0.10214932306753767, 0.1028020287301672], [0.10290703676881541, 0.10380472088837006, 0.10452282507824957, 0.10678165853383442, 0.09678517003310426, 0.10621849482171393, 0.10602836105727838, 0.10435364767588565, 0.10368227376973714, 0.10401896838826344], [0.09899678404947668, 0.09874929853622137, 0.09795253130709435, 0.10032759255235295, 0.09321660124045503, 0.10039162772322702, 0.0991087419121514, 0.09922628138713505, 0.09824503091522484, 0.09852282495049827]], "70": [[0.10496275153686664, 0.10186128499821298, 0.10354212165510868, 0.09942269653757761, 0.10467782833424556, 0.10372706194733246, 0.10135362447987258, 0.1031100759947225, 0.10114818139807959, 0.10460400917963829], [0.10675146343852529, 0.1034303998230104, 0.10579198345926605, 0.10104214422620306, 0.10531350539780837, 0.10555157934724627, 0.10348205205726405, 0.10409363443860693, 0.10336429924502653, 0.10683554604529011], [0.10080878263755767, 0.0976977726715487, 0.09965150786370933, 0.09608917218791442, 0.0999784180590392, 0.0988925871589167, 0.09775884271481197, 0.09995500494972252, 0.09742222490676138, 0.10039808527553179]], "80": [[0.10246178350263621, 0.1021996036984794, 0.10436020525264073, 0.10410134208183208, 0.10353332839580044, 0.10100614133168614, 0.10470648641699003, 0.10025603643643072, 0.10340194455237083, 0.10505960120494198], [0.10178891820453334, 0.10370406943320352, 0.10720578622332341, 0.10630474728570335, 0.10463172362707601, 0.10178327495137562, 0.10719645240844569, 0.1033637846227474, 0.10418290906815773, 0.10960571416823535], [0.0977038751794954, 0.09814306337388158, 0.10092810902995841, 0.09987712496759628, 0.10020080750066748, 0.09765270122362509, 0.10043291397685947, 0.097078327905715, 0.09950318076029487, 0.10169095926463081]], "90": [[0.10325939517135177, 0.09968318187129892, 0.10758127212174015, 0.10510311866973063, 0.10620806910189648, 0.10408142710096066, 0.10101444079363388, 0.1011674904668577, 0.10708347296158384, 0.10425500401079525], [0.1057338431159186, 0.10203578421191457, 0.10877851582505489, 0.10891982220122169, 0.11106096488953347, 0.10506104595744328, 0.10303806309446446, 0.10324465908914446, 0.10868353875727747, 0.10566758461347059], [0.09859902557259685, 0.09603268632648757, 0.10265266727130293, 0.10042458843276898, 0.10254616757846666, 0.09933688692645186, 0.09636448058580085, 0.09751904540814503, 0.10285346768355849, 0.09936937494889235]], "100": [[0.10325200552497694, 0.10445471147078299, 0.1046241068398496, 0.1037319914928017, 0.10402049666981653, 0.10407238152922867, 0.10325429363265173, 0.10056148892306067, 0.10631521529611374, 0.10379780599493081], [0.10363486856899558, 0.10755789776836751, 0.10562711824994428, 0.1048273589130486, 0.10623391269872966, 0.10684985302765676, 0.10609862137314639, 0.10196067146432888, 0.10787422462942024, 0.10617188661954835], [0.09925344231500957, 0.10080766237169021, 0.09998703841642338, 0.09990450711922233, 0.09944304531067182, 0.1008706445325188, 0.10013737870448526, 0.09680860808409139, 0.10166880939970555, 0.09926879142879975]]}, "cost": {"40": [[0.0, 0.0, 0.0, 0.0, 0.0, 0.0, 0.0, 0.0, 0.0, 0.0], [0.0, 0.0, 0.0, 0.0, 0.0, 0.0, 0.0, 0.0, 0.0, 0.0], [0.0, 0.0, 0.0, 0.0, 0.0, 0.0, 0.0, 0.0, 0.0, 0.0]], "50": [[0.0, 0.0, 0.0, 0.0, 0.0, 0.0, 0.0, 0.0, 0.0, 0.0], [0.0, 0.0, 0.0, 0.0, 0.0, 0.0, 0.0, 0.0, 0.0, 0.0], [0.0, 0.0, 0.0, 0.0, 0.0, 0.0, 0.0, 0.0, 0.0, 0.0]], "60": [[0.0, 0.0, 0.0, 0.0, 0.0, 0.0, 0.0, 0.0, 0.0, 0.0], [0.0, 0.0, 0.0, 0.0, 0.0, 0.0, 0.0, 0.0, 0.0, 0.0], [0.0, 0.0, 0.0, 0.0, 0.0, 0.0, 0.0, 0.0, 0.0, 0.0]], "70": [[0.0, 0.0, 0.0, 0.0, 0.0, 0.0, 0.0, 0.0, 0.0, 0.0], [0.0, 0.0, 0.0, 0.0, 0.0, 0.0, 0.0, 0.0, 0.0, 0.0], [0.0, 0.0, 0.0, 0.0, 0.0, 0.0, 0.0, 0.0, 0.0, 0.0]], "80": [[0.0, 0.0, 0.0, 0.0, 0.0, 0.0, 0.0, 0.0, 0.0, 0.0], [0.0, 0.0, 0.0, 0.0, 0.0, 0.0, 0.0, 0.0, 0.0, 0.0], [0.0, 0.0, 0.0, 0.0, 0.0, 0.0, 0.0, 0.0, 0.0, 0.0]], "90": [[0.0, 0.0, 0.0, 0.0, 0.0, 0.0, 0.0, 0.0, 0.0, 0.0], [0.0, 0.0, 0.0, 0.0, 0.0, 0.0, 0.0, 0.0, 0.0, 0.0], [0.0, 0.0, 0.0, 0.0, 0.0, 0.0, 0.0, 0.0, 0.0, 0.0]], "100": [[0.0, 0.0, 0.0, 0.0, 0.0, 0.0, 0.0, 0.0, 0.0, 0.0], [0.0, 0.0, 0.0, 0.0, 0.0, 0.0, 0.0, 0.0, 0.0, 0.0], [0.0, 0.0, 0.0, 0.0, 0.0, 0.0, 0.0, 0.0, 0.0, 0.0]]}, "target_value": {"40": [[103.35350093833455, 104.51680395960587, 97.6676732085189, 106.77667499215927, 100.54636504595253, 101.1554329476513, 95.91557145430605, 102.44897564561394, 102.34870113901484, 107.9635493102019], [103.06820562453917, 105.50684206534017, 98.66286231107914, 108.96802800509818, 103.20440640481793, 102.9228860272307, 93.40509281386984, 103.03545868781309, 105.25998996687636, 109.71801912175691], [97.7719824178111, 101.21338557547624, 94.45408328483612, 102.47428751688719, 97.34794798013877, 96.62342174424505, 91.41210561787983, 98.63106071289035, 98.31581078328604, 103.19427307905987]], "50": [[105.73896022936023, 103.5981919376459, 104.36189057060535, 101.9846904701083, 104.44954160430584, 106.44292581718324, 102.68367000768615, 103.42327675052265, 99.23990433536571, 103.14341128327278], [107.21584667530146, 104.4577353938442, 106.6531623380527, 103.7218092804734, 105.01953800496533, 109.84264338156656, 102.51793719353692, 104.782878439131, 102.56784089199917, 104.3204986434903], [101.57887941059703, 99.59245426796083, 100.73485801165755, 97.8380885334221, 99.73428859207614, 101.35780776429664, 97.55053014399031, 99.27952121080264, 95.85142611393664, 98.98763002887047]], "60": [[102.33442261912585, 102.81775708558915, 102.52041631641687, 104.16023052958583, 96.09009820497059, 104.94205054644893, 103.39316346692823, 103.88701497273387, 102.14932306753767, 102.8020287301672], [102.9070367688154, 103.80472088837006, 104.52282507824957, 106.78165853383442, 96.78517003310427, 106.21849482171393, 106.02836105727837, 104.35364767588565, 103.68227376973714, 104.01896838826345], [98.99678404947667, 98.74929853622137, 97.95253130709435, 100.32759255235295, 93.21660124045502, 100.39162772322702, 99.1087419121514, 99.22628138713505, 98.24503091522483, 98.52282495049828]],