{"avg_delay": {"40": [[0.11709502813997139, 0.1190263755110953, 0.10936250406535908, 0.11139745467441003, 0.11579320968108517, 0.12138186253159927, 0.1169153671330862, 0.11237722849459487, 0.1182830240557656, 0.11579068267596906], [0.11818917682468073, 0.12031498014161049, 0.11134450918466696, 0.11364197897745405, 0.11751381998829963, 0.12312830302195937, 0.1186040574428529, 0.11322748706702615, 0.12190855825623982, 0.12035185029638683], [0.12521940686107555, 0.12764758844821217, 0.12249002917671963, 0.12291015841150667, 0.12331612232678563, 0.130035650252414, 0.1273498497419398, 0.12289849334310933, 0.1293719777450777, 0.12798310711940497]], "50": [[0.11741532292203073, 0.11585869262460194, 0.1121816009379246, 0.11864878987406133, 0.11464943279021785, 0.11782629982419456, 0.11681231239706098, 0.11312535434335848, 0.11538486789695605, 0.12221159357247566], [0.11969620584787852, 0.11780521105612982, 0.11321302206693667, 0.1191290568319465, 0.11463544021056928, 0.12074623868744157, 0.11664713920280635, 0.11699762667390876, 0.11719303073402228, 0.12563784336600445], [0.12622155219816042, 0.126439382186162, 0.12351177408832473, 0.1265613105320392, 0.12316772013459597, 0.12792663219690545, 0.1228392883028862, 0.12639767546401515, 0.12916011300206182, 0.1291961137666949]], "60": [[0.11544573879632124, 0.11818085978226826, 0.11561324119135989, 0.11663904401661819, 0.11559242692127171, 0.11472496455828252, 0.11628204385367463, 0.1109232344992975, 0.11138371193759875, 0.12079524864486825], [0.1169089889534321, 0.1208333951789696, 0.11878659091079549, 0.11684472523373243, 0.12018915240402339, 0.11550003961216633, 0.11652758361092554, 0.11457031579551641, 0.11381598521143836, 0.12092821672779418], [0.12781869101658175, 0.12752018746497182, 0.12420827011808416, 0.1315261110949028, 0.12446282352904946, 0.12454502063224757, 0.12747271738892224, 0.12440502061450735, 0.1253874528890519, 0.13190291832558879]], "70": [[0.11999145506124856, 0.11801730730109744, 0.11613302399883516, 0.11938931578740554, 0.11610835724016061, 0.11782838640354763, 0.11991469155958923, 0.11692358318483981, 0.11597278717360412, 0.12043193437604524], [0.12176889822862602, 0.11896809666194295, 0.11895761051358031, 0.12076125271141774, 0.11702033385316167, 0.1216174285814409, 0.12034997970586515, 0.11803804505573738, 0.11749572937324901, 0.12142417072968342], [0.13172421172115412, 0.1304180532038614, 0.1256751656990567, 0.13111718941458786, 0.1289377032431602, 0.12964198529130724, 0.131262289108047, 0.12896147102297964, 0.12603962514454894, 0.131364693402076]], "80": [[0.1160836136205232, 0.11603231243498191, 0.11734857139990013, 0.1196998026092884, 0.11735461801522883, 0.11634519093742317, 0.1164180926804794, 0.11804317586206721, 0.11905383115445806, 0.11750893841243566], [0.11854132117159838, 0.11775502748772311, 0.11917996067431463, 0.12210827243280993, 0.12016249701856159, 0.11893173699759224, 0.11887602263466367, 0.11762813674330186, 0.121423992876963, 0.11927650934156907], [0.12819738402045117, 0.12962859416863778, 0.12687582047816165, 0.13077392684835845, 0.12767733860969296, 0.12883497677989253, 0.1295821383231138, 0.12657009434044017, 0.13311865541163392, 0.12755202743238148]], "90": [[0.11960909461780657, 0.11761754274296962, 0.11463809492279961, 0.11553208639922959, 0.12113726565265898, 0.11867259867810927, 0.12551914613487072, 0.12021734242436258, 0.11808615214576113, 0.11823337189049123], [0.12205112691783765, 0.118173235747878, 0.11733270774750638, 0.11820910754522819, 0.12276666366637458, 0.12049208939527385, 0.12688927403063252, 0.1239970464203811, 0.12079079949532925, 0.12198030796030068], [0.13104361280817317, 0.12878824778558848, 0.12583939497236385, 0.12995256596735055, 0.13064412798773017, 0.12805902464485447, 0.1342250775957049, 0.13102243037445704, 0.1282288796053683, 0.12657579864588725]], "100": [[0.11698531864694914, 0.12051152211366377, 0.11964057621778956, 0.11996971824926576, 0.1181917203379533, 0.11895492240074705, 0.12017610319709354, 0.11959821738942958, 0.11651857233995457, 0.11983741295280638], [0.11666689525994327, 0.12089242494402916, 0.12285446541982321, 0.12091025704456368, 0.12081407065859907, 0.12090688850594679, 0.12055535453858597, 0.12112841402002379, 0.11772505784962835, 0.1214591477283092], [0.12330397496674109, 0.12949657769323134, 0.12963116985944673, 0.12933937228236886, 0.12757488422583224, 0.13284481190275857, 0.1281571864309417, 0.12971711811999923, 0.12877379162975475, 0.12931873929226348]]}, "cost": {"40": [[100.15, 90.1, 93.55, 92.95, 90.775, 89.775, 93.425, 93.9, 99.95, 97.825], [100.45, 92.3, 99.1, 95.25, 93.475, 90.075, 95.925, 93.675, 103.225, 99.95], [38.575, 41.9, 39.0, 40.075, 42.925, 41.65, 38.25, 37.775, 39.925, 39.55]], "50": [[112.54, 113.4, 109.66, 117.48, 110.52, 111.14, 113.08, 110.16, 122.24, 112.02], [115.36, 115.68, 114.3, 119.08, 113.26, 114.0, 115.78, 112.38, 123.92, 114.12], [47.78, 42.4, 45.52, 45.42, 43.12, 41.6, 46.58, 42.46, 42.96, 45.52]], "60": [[129.4, 124.08333333333333, 122.98333333333333, 118.1, 125.1, 128.86666666666667, 133.28333333333333, 129.55, 123.51666666666667, 132.85], [134.0, 129.0, 125.88333333333334, 119.88333333333334, 128.85, 127.55, 134.26666666666668, 131.7, 127.48333333333333, 131.53333333333333], [49.7, 48.63333333333333, 49.983333333333334, 43.36666666666667, 48.333333333333336, 49.95, 47.96666666666667, 48.86666666666667, 48.083333333333336, 48.25]], "70": [[147.18571428571428, 147.11428571428573, 152.77142857142857, 158.11428571428573, 145.38571428571427, 148.85714285714286, 147.4857142857143, 145.77142857142857, 147.3, 153.55714285714285], [149.5142857142857, 149.55714285714285, 156.45714285714286, 160.8, 147.11428571428573, 151.25714285714287, 149.55714285714285, 147.97142857142856, 148.75714285714287, 155.84285714285716], [53.285714285714285, 50.07142857142857, 55.42857142857143, 56.41428571428571, 50.81428571428572, 53.55714285714286, 50.18571428571428, 50.385714285714286, 54.84285714285714, 55.58571428571429]], "80": [[168.5625, 170.725, 170.325, 152.175, 153.5, 158.5875, 160.4625, 167.925, 168.2875, 155.625], [171.525, 174.575, 173.2, 158.0125, 158.8, 160.2875, 168.5375, 171.1375, 170.825, 159.725], [56.7125, 57.075, 61.1875, 56.3625, 56.95, 56.775, 57.425, 62.325, 57.2, 56.9875]], "90": [[181.46666666666667, 187.26666666666668, 178.1, 168.54444444444445, 182.1, 171.22222222222223, 185.82222222222222, 183.2888888888889, 180.9, 178.2111111111111], [189.0, 187.53333333333333, 181.9, 171.8111111111111, 187.77777777777777, 175.54444444444445, 190.61111111111111, 190.2888888888889, 184.4111111111111, 184.74444444444444], [63.84444444444444, 63.7, 63.855555555555554, 57.28888888888889, 66.2, 61.67777777777778, 64.31111111111112, 63.86666666666667, 63.94444444444444, 64.21111111111111]], "100": [[189.55, 208.41, 199.82, 205.63, 199.07, 187.72, 203.58, 198.67, 195.13, 195.92], [191.4, 212.68, 203.37, 211.74, 201.97, 192.22, 208.28, 203.37, 198.74, 201.58], [69.09, 69.82, 68.96, 70.48, 68.3, 65.59, 70.66, 68.3, 65.21, 69.9]]}, "target_value": {"40": [[217.2450281399714, 209.1263755110953, 202.9125040653591, 204.34745467441002, 206.5682096810852, 211.15686253159927, 210.3403671330862, 206.27722849459488, 218.2330240557656, 213.61568267596908], [218.63917682468073, 212.6149801416105, 210.44450918466697, 208.89197897745407, 210.9888199882996, 213.20330302195936, 214.5290574428529, 206.90248706702613, 225.1335582562398, 220.30185029638682], [163.79440686107557, 169.54758844821217, 161.49002917671964, 162.9851584115067, 166.24112232678561, 171.685650252414, 165.5998497419398, 160.67349334310933, 169.2969777450777, 167.53310711940497]],