{"avg_delay": {"40": [[0.11264165829949936, 0.11404859488744373, 0.11322980600628028, 0.1122282971475852, 0.11465482948350166, 0.11917271584148985, 0.11229897364547611, 0.117723090349577, 0.10905772018917682, 0.11439099262453749], [0.1153693082666604, 0.11541645666273617, 0.11664486342665809, 0.11111252093585881, 0.11700558445044053, 0.12112451164747873, 0.11269976118796039, 0.12149734838062701, 0.11093246899902033, 0.1186395254258283], [0.12449944413272278, 0.12441065533512313, 0.12100026045031922, 0.11955562292488109, 0.1214621234064708, 0.12935759370102323, 0.11826956394970192, 0.12765361466505643, 0.12278613244996589, 0.12648712353685584]], "50": [[0.11723047329381261, 0.1155652889664362, 0.11892233428960529, 0.11565461616612474, 0.11449406396510343, 0.11575999839722756, 0.11506000555759795, 0.1206522052150224, 0.11931532449840247, 0.11458081559674597], [0.11809770332422645, 0.1188123045689519, 0.12414833857335347, 0.12019963216940782, 0.11532063919819834, 0.11727058375142828, 0.11540622833449515, 0.12164274233135275, 0.1195501723279164, 0.11804070079204261], [0.12894448881100265, 0.12354801968269226, 0.13134029728146843, 0.12644454099522887, 0.12353347151921223, 0.12454250709713055, 0.12414528086976202, 0.1271056829557831, 0.1284208963959571, 0.12437167828287757]], "60": [[0.1209542188354051, 0.11576631453232758, 0.11545428270771041, 0.11786052548933545, 0.11779388420361504, 0.11508360340131127, 0.11833464709382138, 0.11651172168502373, 0.12058679921247567, 0.1206426263223483], [0.1210622330605644, 0.11758115119660378, 0.11629986134417127, 0.11932013974107047, 0.11881363299644578, 0.11602022904494252, 0.11770953880171828, 0.12019136898843276, 0.12329091573093678, 0.12398185451353698], [0.1292163092227588, 0.12859728988632188, 0.12484221730804565, 0.1291386661224674, 0.12881440735418218, 0.13110666370026608, 0.12991081115336608, 0.1273663529961886, 0.12921605755308227, 0.12945343284719077]], "70": [[0.11924552587832601, 0.11837660966379931, 0.11677801202188047, 0.11770948654554941, 0.12172922612224363, 0.11692622795163066, 0.11979659650641437, 0.11722364625611432, 0.11687027270663283, 0.11516014190305657], [0.12277078763686179, 0.12058497134181667, 0.11771917683385906, 0.12291201797261239, 0.12322725882178874, 0.11780863752331071, 0.12271811578084917, 0.11841427306233111, 0.11824217521378282, 0.1181076560761852], [0.13154573846867762, 0.12727739447031097, 0.12909369075069302, 0.12867739438382592, 0.13208973024881696, 0.12638383670464237, 0.13052289153563787, 0.1271545112944784, 0.1280304438312157, 0.12700476738608749]], "80": [[0.12084630104730452, 0.11753574306137368, 0.12083378980177997, 0.11545017984392601, 0.11651652797896088, 0.11931903422984597, 0.11622807813505066, 0.11654394764508627, 0.12047237968324657, 0.11616530282414406], [0.12236807699322437, 0.12013557795660938, 0.12138573642907524, 0.11590142849303325, 0.11871622682832346, 0.12187506261457369, 0.11701215143446858, 0.11812170082898403, 0.12214709298219448, 0.11940271417829916], [0.13041927054682023, 0.12659455074141038, 0.12941451087957134, 0.1283134926083638, 0.12952191129100818, 0.1295503900201093, 0.1286778113645686, 0.1284082469219209, 0.12922085966282018, 0.1302742386089806]], "90": [[0.11857514945028347, 0.11672203102668188, 0.11791700523830713, 0.1193960210782967, 0.11838202339417692, 0.1178187439866931, 0.12305869186804867, 0.11751302921084332, 0.11809027262408266, 0.1154469973985585], [0.11938810725171982, 0.11673261778688081, 0.1176999482573923, 0.12205403935718812, 0.11960397152587803, 0.12349903041470647, 0.12593676904183507, 0.11884130751066531, 0.11940846936986119, 0.11563986521196655], [0.12938332823647566, 0.1257631506926056, 0.12659002169097813, 0.12815401919833197, 0.12677551395006917, 0.13161101482263837, 0.130420982448076, 0.1319721427669868, 0.1313398196779355, 0.12675339598748436]], "100": [[0.1164864735573097, 0.11829425553628903, 0.1200341250000464, 0.11721697085061794, 0.11782473593560824, 0.12047914582112623, 0.11744717613564123, 0.12169726962835932, 0.11474805142421783, 0.11984309577757], [0.11822109329681622, 0.11924990850844158, 0.12278193712757818, 0.11948024118641151, 0.11833664680279803, 0.12320996051533212, 0.11983528032437805, 0.12454439528532114, 0.11666991816498114, 0.12179875129198331], [0.12667326745095517, 0.12625367383846636, 0.13175621013850072, 0.13029139072269003, 0.1260097482957656, 0.1332771282398131, 0.12798789139009623, 0.13228753577961608, 0.1259346139813677, 0.12852889905969658]]}, "cost": {"40": [[95.975, 94.3, 90.525, 92.175, 89.9, 97.725, 87.05, 96.475, 87.2, 100.1], [98.7, 94.975, 93.15, 93.425, 91.6, 99.725, 89.775, 100.1, 88.775, 102.725], [40.25, 40.15, 44.2, 37.6, 42.7, 45.125, 39.825, 42.25, 36.925, 39.45]], "50": [[123.2, 106.68, 114.9, 112.22, 111.48, 113.02, 117.76, 119.42, 116.3, 116.64], [124.88, 108.9, 114.66, 113.1, 112.36, 114.74, 115.22, 119.52, 119.04, 120.38], [43.34, 45.84, 43.34, 49.4, 45.08, 45.5, 46.86, 47.36, 42.36, 45.0]], "60": [[130.78333333333333, 136.48333333333332, 132.16666666666666, 126.46666666666667, 130.6, 122.66666666666667, 126.95, 127.25, 129.33333333333334, 125.3], [131.43333333333334, 136.65, 132.5, 129.8, 132.56666666666666, 123.65, 128.05, 131.51666666666668, 132.98333333333332, 126.66666666666667], [47.45, 49.333333333333336, 49.3, 48.88333333333333, 50.13333333333333, 43.36666666666667, 50.483333333333334, 50.55, 49.56666666666667, 49.5]], "70": [[148.14285714285714, 145.88571428571427, 142.42857142857142, 148.95714285714286, 153.21428571428572, 147.4142857142857, 150.65714285714284, 148.14285714285714, 153.02857142857144, 152.78571428571428], [152.27142857142857, 151.75714285714287, 143.97142857142856, 154.3, 155.4857142857143, 151.18571428571428, 153.9142857142857, 154.74285714285713, 156.4, 158.31428571428572], [56.07142857142857, 55.285714285714285, 51.15714285714286, 54.82857142857143, 55.142857142857146, 54.97142857142857, 54.885714285714286, 56.285714285714285, 56.15714285714286, 56.48571428571429]], "80": [[164.25, 157.7375, 156.9875, 162.8625, 172.1, 158.85, 167.1375, 166.6125, 156.45, 160.3], [163.4375, 159.1875, 159.0, 164.475, 173.4875, 163.8875, 169.4, 169.4, 157.3125, 165.6375], [56.1125, 57.5625, 56.6125, 57.35, 57.25, 55.85, 58.1625, 56.7, 56.5, 57.2875]], "90": [[181.9777777777778, 179.93333333333334, 187.5888888888889, 177.06666666666666, 172.24444444444444, 174.12222222222223, 179.14444444444445, 186.66666666666666, 167.7, 179.6888888888889], [184.46666666666667, 183.2, 190.45555555555555, 180.55555555555554, 175.13333333333333, 180.17777777777778, 180.44444444444446, 188.3111111111111, 170.7111111111111, 180.73333333333332], [64.87777777777778, 64.13333333333334, 63.855555555555554, 63.81111111111111, 63.06666666666667, 63.766666666666666, 63.68888888888889, 62.68888888888889, 57.03333333333333, 63.55555555555556]], "100": [[204.62, 193.37, 196.37, 188.58, 191.96, 190.76, 196.57, 202.06, 200.63, 203.07], [209.91, 197.65, 198.78, 192.06, 191.85, 194.84, 202.94, 207.35, 200.09, 203.37], [70.43, 69.99, 65.2, 64.27, 69.37, 66.08, 70.09, 71.83, 71.07, 70.2]]}, "target_value": {"40": [[208.61665829949936, 208.3485948874437, 203.7548060062803, 204.4032971475852, 204.55482948350166, 216.89771584148986, 199.34897364547612, 214.198090349577, 196.25772018917684, 214.49099262453748], [214.0693082666604, 210.39145666273618, 209.79486342665808, 204.53752093585882, 208.60558445044052, 220.84951164747872, 202.47476118796038, 221.597348380627, 199.70746899902034, 221.36452542582828], [164.74944413272277, 164.56065533512313, 165.20026045031923, 157.1556229248811, 164.1621234064708, 174.48259370102323, 158.09456394970192, 169.9036146650564, 159.71113244996587, 165.93712353685584]],