{"avg_delay": {"40": [[0.11335684392984093, 0.11562949728162616, 0.11595920710371593, 0.11658442671623623, 0.1167564532286041, 0.1131101211477305, 0.11759656574617933, 0.1171382123337792, 0.11139953265751702, 0.11355406414858515], [0.11576680338905888, 0.11792969332595149, 0.11843024778033642, 0.11777447735620189, 0.11756460464626409, 0.11647198976325952, 0.12391904999872416, 0.12042026453429536, 0.11728602435867762, 0.11408986095680848], [0.1268901025748101, 0.12663908940468563, 0.12772394831779588, 0.1263215122985629, 0.12542747617739736, 0.12008692966265193, 0.12952583754625963, 0.12618792091267084, 0.12282798925184131, 0.12356879693249223]], "50": [[0.11394910901063607, 0.11791853680147378, 0.11534664983821795, 0.1150669815013474, 0.11558954957590124, 0.12037470965592292, 0.11766392758721977, 0.11674740546677749, 0.1174483435568992, 0.11121963039972693], [0.11466915041187421, 0.11875089341842661, 0.11652653012019314, 0.11629685031468023, 0.11736446469873, 0.123263501232909, 0.11962006761683722, 0.11800952935385406, 0.11777999891039297, 0.11444712601758952], [0.12718216522092424, 0.12765055044582296, 0.12622190499450603, 0.12597735394954124, 0.12654913137773532, 0.1277378218691346, 0.1268944989675404, 0.12401610406860364, 0.1261016902831327, 0.12703712408984263]], "60": [[0.11616109307756814, 0.11870150640244569, 0.1175380586178807, 0.11824086818191702, 0.12023307130259317, 0.11256973172552745, 0.11187300120894651, 0.11574564629403837, 0.12176287769474256, 0.1139683400825474], [0.11748612732026606, 0.12136633834859284, 0.11724615574526305, 0.11964210873878296, 0.12211359650566463, 0.11453567564164062, 0.11285593450970383, 0.117281542483146, 0.12398819902182838, 0.11542684899314641], [0.122530668134824, 0.12978403736057884, 0.12772613890833437, 0.12708427617652923, 0.1298931128730496, 0.12753183116837308, 0.12353136970059918, 0.12616971532621832, 0.1326650750883613, 0.1257259448887207]], "70": [[0.11755130315102659, 0.1209804228947873, 0.11305498355647486, 0.11594295492718416, 0.11502532501601866, 0.11895885591921941, 0.11817954804306663, 0.11504161100584952, 0.11943922913321683, 0.11577746410014379], [0.11932718066116445, 0.12306759727528689, 0.11512000970977981, 0.11907041520573541, 0.11815538325830184, 0.1220171887994307, 0.1212444883111179, 0.11790549369521215, 0.12137424666965546, 0.11821167632475571], [0.12857051897795807, 0.13441772873484736, 0.12381519946378637, 0.12631372130140783, 0.12587196924966632, 0.1327153761251077, 0.12762681591108674, 0.13069456937600188, 0.13083507210309367, 0.12501684175244318]], "80": [[0.11866248462552492, 0.11695672758672726, 0.11803464957657057, 0.12081177257229307, 0.12042016741859365, 0.1189731410670131, 0.11678428683823616, 0.1199873874617988, 0.11780143737798152, 0.11776868008057648], [0.12068041124480847, 0.11797158656271475, 0.11934296256409027, 0.12314206110449497, 0.1204802370228665, 0.12000336052492669, 0.11700614841631589, 0.12135528754365417, 0.11979268340829768, 0.12054655374790026], [0.128489990105788, 0.12882594000367806, 0.12703515364938456, 0.1290289527009704, 0.13023975868118506, 0.12863661652088693, 0.12794059052338666, 0.13061181212807715, 0.12909008591569604, 0.13188081781464933]], "90": [[0.11861841184909636, 0.12112849186791926, 0.11612354213373101, 0.1178821976597762, 0.11623493404510238, 0.11679641707082243, 0.11920120806638494, 0.12029549878075238, 0.11741068396455367, 0.12077245528621057], [0.12072124314409019, 0.12336871012619618, 0.11624890582177243, 0.1201795613948107, 0.12084346248141864, 0.11832817040292339, 0.1217467568907649, 0.12299004360299641, 0.11927083074322738, 0.12008596762550208], [0.12696915526188954, 0.12951655046509006, 0.12187917312284137, 0.12934406045196367, 0.12932059619991867, 0.12735716587320417, 0.13108693296454998, 0.13361998526472946, 0.12715201437346443, 0.12888110028049782]], "100": [[0.11913451615036318, 0.11894803611771437, 0.11965951358460677, 0.12026483442268814, 0.12016093397168905, 0.11801660580270534, 0.11796480009243271, 0.11897251926758429, 0.12206000833605324, 0.11970098516646802], [0.11879386489161224, 0.11981517202214506, 0.1228332928529586, 0.1224556825969038, 0.12207537043460014, 0.12103040902108751, 0.12033403930579112, 0.12195946225431599, 0.12337407763504264, 0.12213270531359066], [0.1269417048923856, 0.12926281384624264, 0.13020413626120084, 0.1311706873127408, 0.12965048446084662, 0.12887289546498912, 0.1314699158603859, 0.12796415694083996, 0.1316341434440445, 0.13176474906314023]]}, "cost": {"40": [[91.975, 93.75, 90.85, 98.05, 92.075, 87.8, 98.35, 102.9, 101.325, 88.875], [95.125, 96.7, 91.725, 98.875, 93.5, 89.875, 100.95, 106.25, 101.4, 93.0], [40.05, 41.375, 36.375, 36.775, 41.45, 44.325, 39.55, 45.025, 43.5, 37.175]], "50": [[123.56, 109.94, 112.58, 114.98, 125.76, 112.18, 112.74, 111.66, 109.98, 113.88], [126.06, 116.5, 114.88, 117.7, 125.68, 116.62, 116.98, 113.6, 114.46, 116.34], [42.6, 45.72, 44.9, 41.88, 42.8, 49.08, 46.02, 46.98, 45.7, 43.64]], "60": [[129.03333333333333, 139.38333333333333, 127.68333333333334, 126.28333333333333, 128.9, 119.76666666666667, 132.48333333333332, 130.45, 124.15, 130.68333333333334], [129.53333333333333, 141.96666666666667, 130.45, 130.01666666666668, 130.95, 123.7, 134.3, 132.75, 129.7, 130.98333333333332], [50.28333333333333, 49.25, 47.05, 48.68333333333333, 49.233333333333334, 47.65, 47.983333333333334, 48.3, 47.65, 49.45]], "70": [[151.27142857142857, 144.24285714285713, 154.4142857142857, 147.64285714285714, 154.88571428571427, 152.87142857142857, 142.74285714285713, 140.28571428571428, 153.65714285714284, 152.55714285714285], [155.74285714285713, 148.0857142857143, 156.22857142857143, 147.37142857142857, 157.67142857142858, 153.84285714285716, 144.71428571428572, 144.88571428571427, 158.07142857142858, 155.9], [57.0, 50.82857142857143, 56.785714285714285, 55.05714285714286, 56.042857142857144, 50.22857142857143, 55.17142857142857, 51.05714285714286, 57.042857142857144, 56.1]], "80": [[168.4625, 163.5125, 175.425, 168.8625, 162.3125, 165.2875, 161.1125, 166.55, 170.225, 167.1625], [170.1625, 164.475, 179.425, 173.4875, 162.7875, 167.725, 159.8125, 168.5, 172.4875, 167.625], [62.225, 57.6, 61.3375, 61.85, 56.2625, 56.9, 57.175, 56.9875, 56.775, 57.9125]], "90": [[170.53333333333333, 186.43333333333334, 181.7, 178.14444444444445, 189.6, 182.61111111111111, 165.04444444444445, 194.44444444444446, 168.93333333333334, 188.51111111111112], [175.45555555555555, 188.46666666666667, 185.16666666666666, 185.35555555555555, 191.87777777777777, 185.57777777777778, 168.17777777777778, 195.63333333333333, 174.9111111111111, 192.2111111111111], [61.8, 62.577777777777776, 64.41111111111111, 64.87777777777778, 64.76666666666667, 63.62222222222222, 57.733333333333334, 63.84444444444444, 62.86666666666667, 63.87777777777778]], "100": [[194.2, 201.93, 197.11, 202.76, 204.36, 184.98, 195.66, 200.6, 209.97, 208.7], [198.09, 205.35, 201.97, 210.07, 208.83, 189.83, 201.03, 207.07, 216.77, 214.22], [69.96, 71.52, 70.37, 69.85, 70.9, 63.64, 65.11, 69.77, 70.79, 70.52]]}, "target_value": {"40": [[205.33184392984091, 209.37949728162616, 206.80920710371595, 214.63442671623622, 208.83145322860412, 200.91012114773048, 215.94656574617932, 220.0382123337792, 212.72453265751705, 202.42906414858516], [210.89180338905888, 214.6296933259515, 210.15524778033642, 216.64947735620188, 211.0646046462641, 206.34698976325953, 224.86904999872417, 226.67026453429537, 218.68602435867763, 207.08986095680848], [166.94010257481008, 168.01408940468565, 164.09894831779587, 163.09651229856289, 166.87747617739734, 164.41192966265191, 169.0758375462596, 171.21292091267082, 166.3279892518413, 160.74379693249222]],