{"avg_delay": {"40": [[0.11407654455873453, 0.12089339237398804, 0.11311792893967075, 0.11509258301150145, 0.11834695572784965, 0.11394353954765317, 0.11643081674233217, 0.11581187815339174, 0.11790965869988647, 0.11928297513844494], [0.1158782043720292, 0.12322010367872344, 0.11404933595116999, 0.11766300857941508, 0.12039071698716045, 0.11644343461786068, 0.11661013519532183, 0.11698884164984037, 0.12031092067991883, 0.12540982305432866], [0.12406748190803041, 0.12705852792787062, 0.12408560302042669, 0.1240146398639698, 0.12899689360647013, 0.12206869147094455, 0.12440477314859191, 0.12607518241622506, 0.12423799682576732, 0.12594514715685265]], "50": [[0.113497945641313, 0.11328384920804906, 0.11035730483437557, 0.11165599591342976, 0.11820804345229574, 0.11825330571961169, 0.11933554689319967, 0.11932947309496006, 0.11869969759196988, 0.11804291001191666], [0.11710405452056309, 0.11738954113685934, 0.11002078699695489, 0.11506043196654767, 0.1225949640588684, 0.12056490891827516, 0.12366632745582287, 0.12127169382633039, 0.12120982774231175, 0.11951559252825264], [0.1210747381672456, 0.12037806832540429, 0.11837069548305751, 0.12307871423761041, 0.1252169510125352, 0.12701423752448482, 0.12853681152269583, 0.12806312265219558, 0.1254974493448212, 0.12531336944453955]], "60": [[0.11445547163839333, 0.11766172898997472, 0.11885043341373533, 0.11642024759448827, 0.11888288990769962, 0.12013839031637354, 0.11352220465270114, 0.12144595033824346, 0.12029989444923767, 0.11909701138669843], [0.11749290711315633, 0.12214888084010156, 0.12092981724064747, 0.11729231289547776, 0.12025417849409259, 0.12179043116906521, 0.11586453136854655, 0.12331300594054079, 0.12307491396225713, 0.11991539954566423], [0.12552844789446047, 0.12947441485323513, 0.1300687191629561, 0.12605350898927634, 0.12642003302190488, 0.12887876000912799, 0.12491726803294463, 0.13375204067306504, 0.12861111813447815, 0.12746455824885378]], "70": [[0.11659737977146267, 0.11894393648732624, 0.11333130100260412, 0.11841786400923993, 0.12057380227490463, 0.11784999017801673, 0.11933929734156914, 0.11890592777644429, 0.11478661512168399, 0.12009508053041859], [0.11598102971289, 0.12197200280876802, 0.11551682889505412, 0.12031658966089288, 0.12137566462915901, 0.1225415241985233, 0.12114645154683192, 0.12106771840263597, 0.11482353557449174, 0.12135009332687008], [0.129658312446006, 0.12974101891346124, 0.12383929637984487, 0.13011203913220884, 0.1316362531641704, 0.12734629807298672, 0.1307383491869538, 0.13142825233869215, 0.12294057847149466, 0.1336999099797717]], "80": [[0.11595223332411761, 0.11847065965597371, 0.11620090227456402, 0.1143035863764015, 0.11712487267595995, 0.11562276882953908, 0.118231147970454, 0.11926705932782752, 0.1178483980798161, 0.1176980033518721], [0.11980108542153747, 0.12120312603879992, 0.11792127951286742, 0.11570859590243497, 0.11994175722251495, 0.11799749161224034, 0.12056657928246382, 0.12244491050792504, 0.12161387032422848, 0.11896353124277483], [0.1311467829020071, 0.12878277114716863, 0.12861859884473228, 0.12710029903351658, 0.12924565768640786, 0.12689332586141816, 0.12764606945410648, 0.13377031023489408, 0.1323773401248208, 0.13225957589298176]], "90": [[0.11667652784326937, 0.11822218034539046, 0.12171579364085766, 0.11506810365462723, 0.11731135968432232, 0.11611273799141171, 0.11813043284008087, 0.11873060164577938, 0.11994975380672676, 0.1208483609004048], [0.12108352883251065, 0.12163636086852987, 0.12351932839133493, 0.1191384463912867, 0.1193146773316012, 0.12020094416131133, 0.1192593545197787, 0.11952952302028078, 0.12230082507740395, 0.12258616286734127], [0.12961352529640557, 0.12935275495556442, 0.1330599028595043, 0.12771396164222246, 0.13083083800243137, 0.1260269623827001, 0.12831689232889337, 0.12699913314002953, 0.12930860723688084, 0.12862056398087493]], "100": [[0.11730080085792788, 0.1186761457530818, 0.12064149612093117, 0.11566821662396626, 0.11847281443063211, 0.12086363215487904, 0.1161640252424329, 0.1152505451912054, 0.11995905509957061, 0.12121751362815701], [0.11954593914104607, 0.12098090924391802, 0.12133343236646363, 0.11667630637917732, 0.12173837635712237, 0.12476025937281358, 0.11853276918676854, 0.11657319799949026, 0.12310717221140631, 0.12375707883658335], [0.12878903340612627, 0.12708797597720528, 0.13158561912013725, 0.12462939316642471, 0.12747115909111828, 0.13200651464194285, 0.1283330824756324, 0.12555897612047598, 0.12963399506221748, 0.13195853000314295]]}, "cost": {"40": [[99.975, 92.675, 97.75, 94.8, 96.875, 87.2, 103.0, 94.775, 87.225, 88.9], [100.6, 95.65, 100.075, 96.325, 99.95, 88.475, 102.175, 95.7, 89.0, 91.975], [43.375, 45.225, 46.775, 39.7, 40.125, 42.45, 42.575, 40.425, 42.3, 39.4]], "50": [[107.1, 107.94, 108.3, 106.72, 107.72, 114.14, 117.24, 114.64, 103.86, 117.36], [107.96, 108.54, 108.18, 109.78, 110.88, 115.86, 119.8, 115.68, 106.92, 120.84], [47.98, 46.34, 44.78, 44.22, 48.8, 45.98, 46.26, 50.2, 45.4, 44.8]], "60": [[130.5, 124.35, 142.3, 133.0, 135.11666666666667, 138.4, 137.46666666666667, 139.78333333333333, 123.7, 125.43333333333334], [130.5, 129.96666666666667, 145.73333333333332, 135.1, 136.46666666666667, 140.53333333333333, 138.28333333333333, 143.51666666666668, 126.11666666666666, 126.81666666666666], [48.93333333333333, 45.7, 49.166666666666664, 50.7, 48.86666666666667, 49.45, 49.88333333333333, 49.983333333333334, 47.61666666666667, 47.36666666666667]], "70": [[144.32857142857142, 151.45714285714286, 151.6, 149.32857142857142, 149.27142857142857, 140.3, 142.45714285714286, 143.81428571428572, 152.15714285714284, 145.71428571428572], [143.94285714285715, 153.25714285714287, 156.67142857142858, 149.44285714285715, 149.88571428571427, 141.2, 145.02857142857144, 146.4, 152.5857142857143, 148.8], [50.7, 55.3, 56.371428571428574, 54.81428571428572, 50.47142857142857, 50.042857142857144, 49.285714285714285, 50.9, 56.1, 50.77142857142857]], "80": [[165.55, 158.725, 165.175, 161.0375, 166.6875, 169.2125, 172.8625, 162.8125, 162.5, 168.8625], [166.9875, 162.6, 166.225, 164.2125, 170.0875, 170.4, 175.9625, 167.9375, 168.0125, 171.25], [58.3, 57.675, 57.3625, 57.125, 57.75, 56.25, 61.4125, 57.5, 57.55, 57.6875]], "90": [[176.25555555555556, 181.5888888888889, 182.16666666666666, 167.2, 190.74444444444444, 182.0, 182.42222222222222, 165.67777777777778, 170.61111111111111, 174.74444444444444], [181.88888888888889, 187.34444444444443, 186.0222222222222, 173.82222222222222, 194.67777777777778, 183.42222222222222, 184.38888888888889, 168.8111111111111, 176.1, 175.61111111111111], [62.96666666666667, 63.53333333333333, 64.73333333333333, 63.522222222222226, 64.06666666666666, 63.577777777777776, 63.111111111111114, 62.84444444444444, 63.36666666666667, 63.75555555555555]], "100": [[197.59, 198.91, 186.25, 191.56, 208.5, 203.05, 176.47, 199.82, 192.69, 209.96], [203.67, 198.26, 189.9, 194.27, 212.1, 211.06, 180.03, 205.81, 198.74, 218.74], [71.35, 68.94, 64.12, 69.08, 70.9, 70.87, 64.6, 71.4, 68.99, 70.2]]}, "target_value": {"40": [[214.05154455873452, 213.56839237398805, 210.86792893967075, 209.89258301150144, 215.22195572784966, 201.14353954765318, 219.43081674233218, 210.58687815339175, 205.13465869988647, 208.18297513844493], [216.4782043720292, 218.87010367872344, 214.12433595117, 213.9880085794151, 220.34071698716045, 204.91843461786067, 218.78513519532183, 212.68884164984036, 209.31092067991884, 217.38482305432865], [167.4424819080304, 172.2835279278706, 170.86060302042668, 163.7146398639698, 169.12189360647014, 164.51869147094456, 166.9797731485919, 166.50018241622507, 166.53799682576732, 165.34514715685265]],