{"avg_delay": {"40": [[0.1159421057864569, 0.12015942215425136, 0.11513338126317794, 0.11837024092548758, 0.11527753859104489, 0.11168036764515703, 0.11254382189619026, 0.11806678778593672, 0.1160641500221125, 0.11239837262084629], [0.11517226121775863, 0.12405899500628091, 0.1170138741848676, 0.12094095912164077, 0.11604466276355106, 0.1145273884169293, 0.11399362745731886, 0.11996323087681915, 0.11674666496217688, 0.11413891796692438], [0.12062496428556202, 0.12666443173791703, 0.12664319600196874, 0.12561597430746338, 0.12387322468003034, 0.1203004737552415, 0.12584269023374808, 0.12376376193031277, 0.12591037148960452, 0.12613925513193022]], "50": [[0.11389193858477079, 0.11695695493631886, 0.11107227337803924, 0.11677625520862667, 0.11551439775090747, 0.11156273452162103, 0.12064615683558788, 0.1171536903069154, 0.11191929144009673, 0.11416120321312512], [0.11736269021158942, 0.11798448428133382, 0.11160964900471845, 0.11933003296854952, 0.11805493216242582, 0.11724540396698599, 0.12419390692803345, 0.1209079155540547, 0.11549842464383826, 0.1189909097994542], [0.12502748400223537, 0.12431966371948892, 0.1237569241766357, 0.12790551896954758, 0.12333652499579151, 0.12477296955533966, 0.12759015250645406, 0.1273606133202788, 0.12347314689362016, 0.12520583800555674]], "60": [[0.11791297552882575, 0.1172401386205814, 0.11723001295319228, 0.11960347048726488, 0.11432147149692724, 0.1141959529276064, 0.12001517515897804, 0.11573923475688247, 0.11659751001241876, 0.11416101766329394], [0.12092501000033104, 0.11871818911378292, 0.12007511809003171, 0.12049128840387824, 0.11622622598160212, 0.11562055210689266, 0.12112338805151239, 0.1161749330359965, 0.11949075658895236, 0.1167070157562797], [0.1293592137983214, 0.12674641513042753, 0.13117920722774656, 0.13141313583672798, 0.1258099524758285, 0.12557902869938517, 0.12864350224909507, 0.12639237235530487, 0.12889875701665343, 0.12417405923308425]], "70": [[0.12025701424777033, 0.1175370632522887, 0.1133356717722759, 0.11626225064853427, 0.11708805657041443, 0.11842411343722908, 0.11496395445423796, 0.11412268939637969, 0.11385151376305254, 0.11732496042665906], [0.12245101162623272, 0.12103943616570323, 0.11535451700132619, 0.11886844736705271, 0.12104162961945762, 0.1220897824584216, 0.11742262416516142, 0.1169991718533208, 0.11787566026392775, 0.11903063960152376], [0.13329088491040747, 0.12733749053709426, 0.12761132474032524, 0.129360373125526, 0.12900151977291135, 0.12994712725327823, 0.12806947192985013, 0.12510591769528556, 0.12988684887148635, 0.13117257715228867]], "80": [[0.12457402927627939, 0.11715525666525783, 0.118697543874039, 0.11901767340208985, 0.11814475169088076, 0.11535700661854163, 0.11763985614376178, 0.11927913151043407, 0.11354670410300689, 0.11914204544058288], [0.1250412678070517, 0.12124560770340553, 0.12050067987385935, 0.12142104987915485, 0.12092654634359819, 0.11613027887809575, 0.11939933608503427, 0.12181266722421732, 0.11559538470959385, 0.12285051546512643], [0.13282748740154596, 0.1306733112368908, 0.13075197505814404, 0.12851914215730667, 0.12937207300949205, 0.12365541858860896, 0.1289366097803314, 0.13252665420336293, 0.1267103232128717, 0.13177317554410556]], "90": [[0.11871773321365289, 0.11991711868262638, 0.11656391592188442, 0.11725753862665783, 0.11697714561311658, 0.11979365475361266, 0.11886391992652452, 0.11726931598520908, 0.1142177987506623, 0.11507342867493554], [0.1211826935550686, 0.12168594103366326, 0.11837480181647707, 0.11985795328363572, 0.11938788550800708, 0.12115733605427607, 0.1192394599670865, 0.12025711536236662, 0.11546907571315167, 0.11931298618682361], [0.13193982968353454, 0.12856585970521353, 0.12705518588676265, 0.13024399764493172, 0.1299534442473115, 0.1307351715843232, 0.12660624869979747, 0.12758806871526593, 0.1271109469913092, 0.1268213360635169]], "100": [[0.11898282146629229, 0.11422611396861117, 0.12030592045977971, 0.1174355761951776, 0.12058211738465757, 0.11735939313136262, 0.11852251744589944, 0.12203170952099547, 0.11764526257578113, 0.11901961528957254], [0.11981315566693504, 0.11722055611090026, 0.12159339825205273, 0.11992151155440448, 0.12154071594754512, 0.12101502881850647, 0.1201237639083078, 0.12454062930012279, 0.11978759325203996, 0.12126544519584556], [0.1292970871960692, 0.12696006712727823, 0.13394754928697333, 0.12632150876714052, 0.12938385955607912, 0.12838918047925466, 0.129197053323815, 0.12944277115478084, 0.12641781332526558, 0.12878919507561964]]}, "cost": {"40": [[100.475, 94.375, 96.75, 94.475, 86.65, 86.875, 94.05, 86.175, 93.425, 97.15], [101.725, 96.65, 100.175, 96.85, 89.875, 88.5, 94.675, 86.95, 93.5, 96.8], [41.9, 42.45, 38.85, 40.575, 40.625, 42.775, 39.525, 43.225, 37.55, 36.85]], "50": [[112.18, 103.48, 110.16, 120.86, 110.34, 116.02, 107.58, 109.84, 113.96, 110.06], [115.5, 104.72, 113.62, 124.52, 111.38, 118.56, 108.7, 109.98, 115.82, 112.76], [45.52, 43.86, 43.22, 43.18, 47.18, 44.52, 44.66, 44.66, 44.92, 43.26]], "60": [[121.9, 123.8, 136.96666666666667, 135.51666666666668, 126.31666666666666, 126.36666666666666, 125.66666666666667, 121.43333333333334, 125.65, 129.68333333333334], [126.08333333333333, 126.2, 139.05, 137.68333333333334, 129.76666666666668, 129.61666666666667, 127.65, 122.75, 127.2, 131.4], [48.03333333333333, 48.86666666666667, 48.733333333333334, 48.78333333333333, 49.06666666666667, 48.71666666666667, 46.96666666666667, 48.13333333333333, 49.55, 49.233333333333334]], "70": [[142.55714285714285, 147.3, 142.65714285714284, 142.8, 147.4857142857143, 144.68571428571428, 142.55714285714285, 145.67142857142858, 132.81428571428572, 138.77142857142857], [144.44285714285715, 150.62857142857143, 143.97142857142856, 146.5142857142857, 148.45714285714286, 147.67142857142858, 145.0142857142857, 146.14285714285714, 135.71428571428572, 140.2], [51.02857142857143, 55.128571428571426, 49.92857142857143, 50.58571428571429, 53.142857142857146, 53.97142857142857, 49.614285714285714, 54.17142857142857, 49.885714285714286, 50.357142857142854]], "80": [[158.575, 164.575, 173.9125, 161.0625, 165.8875, 160.4125, 172.8625, 170.4125, 163.8125, 165.3875], [161.7875, 166.35, 176.2875, 163.1, 170.375, 156.8125, 179.95, 173.9375, 166.1125, 169.9], [56.2375, 57.575, 57.45, 56.1, 57.6125, 56.5375, 61.7875, 57.5875, 57.0625, 58.2]], "90": [[188.05555555555554, 174.51111111111112, 182.57777777777778, 193.35555555555555, 182.44444444444446, 181.4, 172.8111111111111, 180.11111111111111, 189.24444444444444, 180.2], [192.74444444444444, 177.57777777777778, 188.75555555555556, 199.1, 188.42222222222222, 182.84444444444443, 176.44444444444446, 185.13333333333333, 192.8111111111111, 181.07777777777778], [63.266666666666666, 62.422222222222224, 64.27777777777777, 65.86666666666666, 63.55555555555556, 64.32222222222222, 64.1, 64.16666666666667, 65.82222222222222, 63.56666666666667]], "100": [[206.55, 184.1, 191.92, 196.16, 191.65, 197.48, 197.44, 195.34, 193.74, 196.46], [208.62, 187.43, 198.05, 199.32, 196.9, 202.25, 201.18, 199.47, 198.79, 201.17], [71.17, 65.23, 65.18, 69.02, 69.45, 69.12, 68.1, 68.72, 68.58, 70.01]]}, "target_value": {"40": [[216.4171057864569, 214.53442215425136, 211.88338126317794, 212.8452409254876, 201.92753859104488, 198.55536764515705, 206.59382189619026, 204.2417877859367, 209.48915002211248, 209.5483726208463], [216.89726121775863, 220.70899500628093, 217.1888741848676, 217.79095912164075, 205.91966276355106, 203.02738841692928, 208.66862745731885, 206.91323087681917, 210.24666496217688, 210.93891796692438], [162.52496428556202, 169.11443173791702, 165.49319600196876, 166.19097430746336, 164.49822468003035, 163.0754737552415, 165.36769023374808, 166.98876193031276, 163.4603714896045, 162.98925513193024]],