{"40": {"sim0": {"simulation_id": 0, "user_seed": 98709327, "Nearest": {"max_delay": 0.1457219776959101, "cost": 106.15, "target_value": 198.79697769591013, "running_time": 1.0006427764892578, "local_count": 80, "common_count": 0}, "M-Greedy": {"max_delay": 0.1457219776959101, "cost": 101.65, "target_value": 196.54697769591013, "running_time": 1119.035005569458, "n_selected_site": 10, "local_count": 42, "common_count": 38}, "M-Greedy-V2(Tx+Tp+Tq)": {"max_delay": 0.13650388687715004, "cost": 93.725, "target_value": 183.36638687715003, "running_time": 1324.3515491485596, "n_selected_site": 6, "local_count": 10, "common_count": 70}, "Ours": {"max_delay": 0.13377277608203184, "cost": 83.725, "target_value": 175.63527608203185, "running_time": 15793.113470077515, "local_count": 51, "common_count": 29}}, "sim1": {"simulation_id": 1, "user_seed": 63843931, "Nearest": {"max_delay": 0.1520644892910662, "cost": 106.3, "target_value": 205.2144892910662, "running_time": 1.0008811950683594, "local_count": 80, "common_count": 0}, "M-Greedy": {"max_delay": 0.23671882527018256, "cost": 87.0, "target_value": 280.2188252701826, "running_time": 240.20934104919434, "n_selected_site": 1, "local_count": 80, "common_count": 0}, "M-Greedy-V2(Tx+Tp+Tq)": {"max_delay": 0.14233282388418123, "cost": 97.85, "target_value": 191.25782388418122, "running_time": 1360.4393005371094, "n_selected_site": 6, "local_count": 14, "common_count": 66}, "Ours": {"max_delay": 0.13786901182371067, "cost": 86.7, "target_value": 181.21901182371067, "running_time": 16937.252044677734, "local_count": 62, "common_count": 18}}}, "50": {"sim0": {"simulation_id": 0, "user_seed": 31264156, "Nearest": {"max_delay": 0.15389818369306546, "cost": 120.92, "target_value": 214.35818369306546, "running_time": 2.001523971557617, "local_count": 100, "common_count": 0}, "M-Greedy": {"max_delay": 0.1376844355537049, "cost": 94.32, "target_value": 184.8444355537049, "running_time": 1886.3162994384766, "n_selected_site": 10, "local_count": 46, "common_count": 54}, "M-Greedy-V2(Tx+Tp+Tq)": {"max_delay": 0.1376844355537049, "cost": 97.2, "target_value": 186.2844355537049, "running_time": 3095.374345779419, "n_selected_site": 9, "local_count": 22, "common_count": 78}, "Ours": {"max_delay": 0.13484923041368402, "cost": 92.0, "target_value": 180.849230413684, "running_time": 25289.636850357056, "local_count": 68, "common_count": 32}}, "sim1": {"simulation_id": 1, "user_seed": 33574536, "Nearest": {"max_delay": 0.15182188353593618, "cost": 119.34, "target_value": 211.49188353593615, "running_time": 1.0008811950683594, "local_count": 100, "common_count": 0}, "M-Greedy": {"max_delay": 0.14518488578483374, "cost": 100.68, "target_value": 195.52488578483374, "running_time": 1981.1487197875977, "n_selected_site": 11, "local_count": 50, "common_count": 50}, "M-Greedy-V2(Tx+Tp+Tq)": {"max_delay": 0.14169282229277025, "cost": 97.56, "target_value": 190.47282229277025, "running_time": 2491.4257526397705, "n_selected_site": 7, "local_count": 32, "common_count": 68}, "Ours": {"max_delay": 0.13769128341911052, "cost": 93.84, "target_value": 184.61128341911052, "running_time": 25722.24736213684, "local_count": 59, "common_count": 41}}}, "60": {"sim0": {"simulation_id": 0, "user_seed": 50555406, "Nearest": {"max_delay": 0.1581353232885876, "cost": 148.76666666666668, "target_value": 232.5186566219209, "running_time": 2.002239227294922, "local_count": 120, "common_count": 0}, "M-Greedy": {"max_delay": 0.1417873611773391, "cost": 118.3, "target_value": 200.93736117733908, "running_time": 2682.748556137085, "n_selected_site": 10, "local_count": 42, "common_count": 78}, "M-Greedy-V2(Tx+Tp+Tq)": {"max_delay": 0.1407564156888171, "cost": 119.55, "target_value": 200.5314156888171, "running_time": 3998.7480640411377, "n_selected_site": 8, "local_count": 36, "common_count": 84}, "Ours": {"max_delay": 0.1371678989424056, "cost": 113.91666666666667, "target_value": 194.12623227573894, "running_time": 34200.76036453247, "local_count": 68, "common_count": 52}}, "sim1": {"simulation_id": 1, "user_seed": 67252451, "Nearest": {"max_delay": 0.15417447600561657, "cost": 134.05, "target_value": 221.19947600561656, "running_time": 2.0020008087158203, "local_count": 120, "common_count": 0}, "M-Greedy": {"max_delay": 0.14566247952169437, "cost": 117.73333333333333, "target_value": 204.52914618836104, "running_time": 2914.4434928894043, "n_selected_site": 11, "local_count": 60, "common_count": 60}, "M-Greedy-V2(Tx+Tp+Tq)": {"max_delay": 0.14267546653468138, "cost": 112.93333333333334, "target_value": 199.14213320134806, "running_time": 3940.5150413513184, "n_selected_site": 8, "local_count": 38, "common_count": 82}, "Ours": {"max_delay": 0.13751586405757088, "cost": 107.6, "target_value": 191.31586405757088, "running_time": 33984.943866729736, "local_count": 79, "common_count": 41}}}, "70": {"sim0": {"simulation_id": 0, "user_seed": 90953168, "Nearest": {"max_delay": 0.15644428422668272, "cost": 167.77142857142857, "target_value": 240.32999851239703, "running_time": 3.002643585205078, "local_count": 140, "common_count": 0}, "M-Greedy": {"max_delay": 0.14551873865543752, "cost": 138.18571428571428, "target_value": 214.61159579829467, "running_time": 3932.241201400757, "n_selected_site": 11, "local_count": 88, "common_count": 52}, "M-Greedy-V2(Tx+Tp+Tq)": {"max_delay": 0.13997641165357627, "cost": 134.18571428571428, "target_value": 207.0692687964334, "running_time": 4892.094850540161, "n_selected_site": 7, "local_count": 38, "common_count": 102}, "Ours": {"max_delay": 0.13780838997335948, "cost": 127.5, "target_value": 201.55838997335948, "running_time": 46250.83827972412, "local_count": 90, "common_count": 50}}, "sim1": {"simulation_id": 1, "user_seed": 91541359, "Nearest": {"max_delay": 0.14824219798948546, "cost": 156.74285714285713, "target_value": 226.613626560914, "running_time": 2.0017623901367188, "local_count": 140, "common_count": 0}, "M-Greedy": {"max_delay": 0.14044888333189487, "cost": 133.67142857142858, "target_value": 207.28459761760917, "running_time": 4002.6559829711914, "n_selected_site": 11, "local_count": 66, "common_count": 74}, "M-Greedy-V2(Tx+Tp+Tq)": {"max_delay": 0.14044888333189487, "cost": 135.22857142857143, "target_value": 208.06316904618058, "running_time": 4822.74317741394, "n_selected_site": 7, "local_count": 28, "common_count": 112}, "Ours": {"max_delay": 0.13789270163569667, "cost": 124.45714285714286, "target_value": 200.1212730642681, "running_time": 45437.97564506531, "local_count": 99, "common_count": 41}}}, "80": {"sim0": {"simulation_id": 0, "user_seed": 26693874, "Nearest": {"max_delay": 0.15331579239244825, "cost": 182.6375, "target_value": 244.63454239244825, "running_time": 3.0031204223632812, "local_count": 160, "common_count": 0}, "M-Greedy": {"max_delay": 0.23663498831874297, "cost": 142.0, "target_value": 307.63498831874296, "running_time": 968.5101509094238, "n_selected_site": 1, "local_count": 160, "common_count": 0}, "M-Greedy-V2(Tx+Tp+Tq)": {"max_delay": 0.1422008390706667, "cost": 154.1625, "target_value": 219.2820890706667, "running_time": 5684.810638427734, "n_selected_site": 6, "local_count": 16, "common_count": 144}, "Ours": {"max_delay": 0.13894680950374905, "cost": 134.575, "target_value": 206.23430950374905, "running_time": 57872.26605415344, "local_count": 92, "common_count": 68}}, "sim1": {"simulation_id": 1, "user_seed": 70363755, "Nearest": {"max_delay": 0.15338223708732482, "cost": 186.55, "target_value": 246.65723708732483, "running_time": 2.001047134399414, "local_count": 160, "common_count": 0}, "M-Greedy": {"max_delay": 0.14236635202589276, "cost": 150.4875, "target_value": 217.61010202589276, "running_time": 4682.656526565552, "n_selected_site": 10, "local_count": 56, "common_count": 104}, "M-Greedy-V2(Tx+Tp+Tq)": {"max_delay": 0.14236635202589276, "cost": 151.5375, "target_value": 218.13510202589276, "running_time": 6370.2099323272705, "n_selected_site": 7, "local_count": 32,