{"40": {"sim0": {"simulation_id": 0, "user_seed": 51815713, "Nearest": {"max_delay": 0.15269199676495757, "cost": 110.0, "target_value": 207.69199676495757, "running_time": 1.0006427764892578, "local_count": 80, "common_count": 0}, "M-Greedy": {"max_delay": 0.13982047686340068, "cost": 93.7, "target_value": 186.67047686340067, "running_time": 1170.6936359405518, "n_selected_site": 10, "local_count": 32, "common_count": 48}, "M-Greedy-V2(Tx+Tp+Tq)": {"max_delay": 0.13982047686340068, "cost": 96.4, "target_value": 188.0204768634007, "running_time": 1741.499662399292, "n_selected_site": 8, "local_count": 16, "common_count": 64}, "Ours": {"max_delay": 0.13754556637168958, "cost": 88.35, "target_value": 181.72056637168959, "running_time": 17374.115705490112, "local_count": 58, "common_count": 22}}, "sim1": {"simulation_id": 1, "user_seed": 82419164, "Nearest": {"max_delay": 0.1426353090579032, "cost": 102.35, "target_value": 193.81030905790317, "running_time": 1.001119613647461, "local_count": 80, "common_count": 0}, "M-Greedy": {"max_delay": 0.23610674209736204, "cost": 87.0, "target_value": 279.60674209736203, "running_time": 256.20269775390625, "n_selected_site": 1, "local_count": 80, "common_count": 0}, "M-Greedy-V2(Tx+Tp+Tq)": {"max_delay": 0.13687982316448627, "cost": 93.8, "target_value": 183.7798231644863, "running_time": 1426.9156455993652, "n_selected_site": 6, "local_count": 14, "common_count": 66}, "Ours": {"max_delay": 0.13300601017518776, "cost": 85.175, "target_value": 175.59351017518776, "running_time": 17316.559076309204, "local_count": 56, "common_count": 24}}}, "50": {"sim0": {"simulation_id": 0, "user_seed": 8963898, "Nearest": {"max_delay": 0.15469870469056207, "cost": 124.2, "target_value": 216.79870469056206, "running_time": 2.0055770874023438, "local_count": 100, "common_count": 0}, "M-Greedy": {"max_delay": 0.14020919016537836, "cost": 110.32, "target_value": 195.36919016537837, "running_time": 1876.0600090026855, "n_selected_site": 10, "local_count": 38, "common_count": 62}, "M-Greedy-V2(Tx+Tp+Tq)": {"max_delay": 0.14020919016537836, "cost": 114.0, "target_value": 197.20919016537837, "running_time": 3008.5160732269287, "n_selected_site": 9, "local_count": 22, "common_count": 78}, "Ours": {"max_delay": 0.13640358132462865, "cost": 103.42, "target_value": 188.11358132462865, "running_time": 25714.932918548584, "local_count": 59, "common_count": 41}}, "sim1": {"simulation_id": 1, "user_seed": 67926250, "Nearest": {"max_delay": 0.15657231595036297, "cost": 131.2, "target_value": 222.17231595036296, "running_time": 1.0006427764892578, "local_count": 100, "common_count": 0}, "M-Greedy": {"max_delay": 0.1404062654815903, "cost": 108.5, "target_value": 194.6562654815903, "running_time": 1875.474452972412, "n_selected_site": 10, "local_count": 38, "common_count": 62}, "M-Greedy-V2(Tx+Tp+Tq)": {"max_delay": 0.1404062654815903, "cost": 113.04, "target_value": 196.92626548159032, "running_time": 2760.345220565796, "n_selected_site": 8, "local_count": 16, "common_count": 84}, "Ours": {"max_delay": 0.13378362398788146, "cost": 102.4, "target_value": 184.98362398788146, "running_time": 25025.90584754944, "local_count": 64, "common_count": 36}}}, "60": {"sim0": {"simulation_id": 0, "user_seed": 47963656, "Nearest": {"max_delay": 0.15644158910302336, "cost": 146.36666666666667, "target_value": 229.62492243635668, "running_time": 2.0017623901367188, "local_count": 120, "common_count": 0}, "M-Greedy": {"max_delay": 0.14168470594228671, "cost": 116.25, "target_value": 199.8097059422867, "running_time": 2689.309597015381, "n_selected_site": 10, "local_count": 54, "common_count": 66}, "M-Greedy-V2(Tx+Tp+Tq)": {"max_delay": 0.14168470594228671, "cost": 119.35, "target_value": 201.35970594228672, "running_time": 4323.07767868042, "n_selected_site": 9, "local_count": 42, "common_count": 78}, "Ours": {"max_delay": 0.1371085259701352, "cost": 113.78333333333333, "target_value": 194.00019263680184, "running_time": 34473.103523254395, "local_count": 83, "common_count": 37}}, "sim1": {"simulation_id": 1, "user_seed": 7996029, "Nearest": {"max_delay": 0.15790503203310324, "cost": 147.21666666666667, "target_value": 231.51336536643657, "running_time": 2.0012855529785156, "local_count": 120, "common_count": 0}, "M-Greedy": {"max_delay": 0.14092662534297865, "cost": 112.46666666666667, "target_value": 197.159958676312, "running_time": 2691.0481452941895, "n_selected_site": 10, "local_count": 50, "common_count": 70}, "M-Greedy-V2(Tx+Tp+Tq)": {"max_delay": 0.14085217091422383, "cost": 115.21666666666667, "target_value": 198.4605042475572, "running_time": 4336.283445358276, "n_selected_site": 9, "local_count": 28, "common_count": 92}, "Ours": {"max_delay": 0.13490773826753438, "cost": 110.73333333333333, "target_value": 190.27440493420104, "running_time": 33514.647245407104, "local_count": 61, "common_count": 59}}}, "70": {"sim0": {"simulation_id": 0, "user_seed": 83912730, "Nearest": {"max_delay": 0.15272783597672338, "cost": 175.02857142857144, "target_value": 240.24212169100912, "running_time": 2.0012855529785156, "local_count": 140, "common_count": 0}, "M-Greedy": {"max_delay": 0.13863760095218752, "cost": 134.18571428571428, "target_value": 205.73045809504464, "running_time": 3649.3780612945557, "n_selected_site": 10, "local_count": 42, "common_count": 98}, "M-Greedy-V2(Tx+Tp+Tq)": {"max_delay": 0.13863760095218752, "cost": 134.04285714285714, "target_value": 205.65902952361608, "running_time": 4276.150941848755, "n_selected_site": 6, "local_count": 24, "common_count": 116}, "Ours": {"max_delay": 0.13751153672414423, "cost": 124.65714285714286, "target_value": 199.84010815271566, "running_time": 45507.11894035339, "local_count": 91, "common_count": 49}}, "sim1": {"simulation_id": 1, "user_seed": 90298536, "Nearest": {"max_delay": 0.150152982397105, "cost": 154.11428571428573, "target_value": 227.21012525424788, "running_time": 2.0017623901367188, "local_count": 140, "common_count": 0}, "M-Greedy": {"max_delay": 0.13902543850116686, "cost": 129.07142857142858, "target_value": 203.56115278688117, "running_time": 3675.931930541992, "n_selected_site": 10, "local_count": 58, "common_count": 82}, "M-Greedy-V2(Tx+Tp+Tq)": {"max_delay": 0.13902543850116686, "cost": 131.75714285714287, "target_value": 204.9040099297383, "running_time": 4405.613422393799, "n_selected_site": 6, "local_count": 32, "common_count": 108}, "Ours": {"max_delay": 0.13629630813958754, "cost": 118.75714285714285, "target_value": 195.67487956815899, "running_time": 45387.914180755615, "local_count": 82, "common_count": 58}}}, "80": {"sim0": {"simulation_id": 0, "user_seed": 91236620, "Nearest": {"max_delay": 0.15655351202744205, "cost": 180.9625, "target_value": 247.03476202744207, "running_time": 3.002166748046875, "local_count": 160, "common_count": 0}, "M-Greedy": {"max_delay": 0.14310144808916098, "cost": 151.0625, "target_value": 218.63269808916098, "running_time": 4816.653251647949, "n_selected_site": 10, "local_count": 68, "common_count": 92}, "M-Greedy-V2(Tx+Tp+Tq)": {"max_delay": 0.14310144808916098, "cost": 153.475, "target_value": 219.83894808916097, "running_time": 5666.520833969116, "n_selected_site": 6, "local_count": 38, "common_count": 122}, "Ours": {"max_delay": 0.13649829080923226, "cost": 146.9125, "target_value": 209.95454080923224, "running_time": 58286.444902420044, "local_count": 99, "common_count": 61}}, "sim1": {"simulation_id": 1, "user_seed": 75058577, "Nearest": {"max_delay": 0.16028557577929692, "cost": 182.85, "target_value": 251.7105757792969, "running_time": 2.590656280517578, "local_count": 160, "common_count": 0}, "M-Greedy": {"max_delay": 0.14505983023204055, "cost": 159.3625, "target_value": 224.74108023204056, "running_time": 5227.630138397217, "n_selected_site": 11, "local_count": 70, "common_count": 90}, "M-Greedy-V2(Tx+Tp+Tq)": {"max_delay": 0.1402475087911536, "cost": 151.0, "target_value": 215.74750879115362, "running_time": 5677.685976028442,