{"40": {"sim0": {"simulation_id": 0, "user_seed": 46931823, "Nearest": {"max_delay": 0.14945897836393868, "cost": 106.825, "target_value": 202.87147836393868, "running_time": 1.0013580322265625, "local_count": 80, "common_count": 0}, "M-Greedy": {"max_delay": 0.2364015372478085, "cost": 87.0, "target_value": 279.9015372478085, "running_time": 244.79222297668457, "n_selected_site": 1, "local_count": 80, "common_count": 0}, "M-Greedy-V2(Tx+Tp+Tq)": {"max_delay": 0.14038410444672095, "cost": 92.125, "target_value": 186.44660444672095, "running_time": 1741.7597770690918, "n_selected_site": 8, "local_count": 22, "common_count": 58}, "Ours": {"max_delay": 0.13763032417426985, "cost": 87.95, "target_value": 181.60532417426984, "running_time": 16930.44900894165, "local_count": 46, "common_count": 34}}, "sim1": {"simulation_id": 1, "user_seed": 38176334, "Nearest": {"max_delay": 0.15173083985137564, "cost": 102.55, "target_value": 203.00583985137564, "running_time": 1.0006427764892578, "local_count": 80, "common_count": 0}, "M-Greedy": {"max_delay": 0.2351213935647672, "cost": 87.0, "target_value": 278.62139356476723, "running_time": 248.20542335510254, "n_selected_site": 1, "local_count": 80, "common_count": 0}, "M-Greedy-V2(Tx+Tp+Tq)": {"max_delay": 0.13792158128374016, "cost": 96.5, "target_value": 186.17158128374015, "running_time": 1434.7906112670898, "n_selected_site": 6, "local_count": 10, "common_count": 70}, "Ours": {"max_delay": 0.13360648503421033, "cost": 84.15, "target_value": 175.6814850342103, "running_time": 17207.09276199341, "local_count": 56, "common_count": 24}}}, "50": {"sim0": {"simulation_id": 0, "user_seed": 90053171, "Nearest": {"max_delay": 0.1499569246616948, "cost": 126.18, "target_value": 213.04692466169482, "running_time": 1.0001659393310547, "local_count": 100, "common_count": 0}, "M-Greedy": {"max_delay": 0.1424585982020799, "cost": 100.66, "target_value": 192.78859820207992, "running_time": 2050.9023666381836, "n_selected_site": 11, "local_count": 42, "common_count": 58}, "M-Greedy-V2(Tx+Tp+Tq)": {"max_delay": 0.1424585982020799, "cost": 98.16, "target_value": 191.53859820207992, "running_time": 2542.8173542022705, "n_selected_site": 7, "local_count": 28, "common_count": 72}, "Ours": {"max_delay": 0.13749931951551778, "cost": 92.94, "target_value": 183.96931951551778, "running_time": 24994.823932647705, "local_count": 62, "common_count": 38}}, "sim1": {"simulation_id": 1, "user_seed": 66191577, "Nearest": {"max_delay": 0.14982689325398124, "cost": 124.5, "target_value": 212.07689325398124, "running_time": 2.0008087158203125, "local_count": 100, "common_count": 0}, "M-Greedy": {"max_delay": 0.23879607651913254, "cost": 98.0, "target_value": 287.7960765191325, "running_time": 395.91002464294434, "n_selected_site": 1, "local_count": 100, "common_count": 0}, "M-Greedy-V2(Tx+Tp+Tq)": {"max_delay": 0.13574584229348308, "cost": 113.14, "target_value": 192.31584229348306, "running_time": 2215.5401706695557, "n_selected_site": 6, "local_count": 20, "common_count": 80}, "Ours": {"max_delay": 0.13263716304534479, "cost": 103.7, "target_value": 184.48716304534477, "running_time": 25418.562650680542, "local_count": 65, "common_count": 35}}}, "60": {"sim0": {"simulation_id": 0, "user_seed": 95491748, "Nearest": {"max_delay": 0.15525827525322056, "cost": 150.85, "target_value": 230.68327525322053, "running_time": 2.000570297241211, "local_count": 120, "common_count": 0}, "M-Greedy": {"max_delay": 0.14257603469066382, "cost": 117.91666666666667, "target_value": 201.53436802399716, "running_time": 2962.9881381988525, "n_selected_site": 11, "local_count": 52, "common_count": 68}, "M-Greedy-V2(Tx+Tp+Tq)": {"max_delay": 0.14257603469066382, "cost": 117.96666666666667, "target_value": 201.55936802399714, "running_time": 3596.1544513702393, "n_selected_site": 7, "local_count": 30, "common_count": 90}, "Ours": {"max_delay": 0.13653775414717942, "cost": 112.83333333333333, "target_value": 192.95442081384607, "running_time": 33952.301025390625, "local_count": 67, "common_count": 53}}, "sim1": {"simulation_id": 1, "user_seed": 50711832, "Nearest": {"max_delay": 0.14374574950078398, "cost": 143.43333333333334, "target_value": 215.46241616745064, "running_time": 2.001047134399414, "local_count": 120, "common_count": 0}, "M-Greedy": {"max_delay": 0.140745749500784, "cost": 125.75, "target_value": 203.620749500784, "running_time": 3268.949508666992, "n_selected_site": 13, "local_count": 82, "common_count": 38}, "M-Greedy-V2(Tx+Tp+Tq)": {"max_delay": 0.1359159719264732, "cost": 114.96666666666667, "target_value": 193.3993052598065, "running_time": 4376.3298988342285, "n_selected_site": 9, "local_count": 34, "common_count": 86}, "Ours": {"max_delay": 0.13133282118384187, "cost": 112.18333333333334, "target_value": 187.42448785050854, "running_time": 33656.501054763794, "local_count": 78, "common_count": 42}}}, "70": {"sim0": {"simulation_id": 0, "user_seed": 43157534, "Nearest": {"max_delay": 0.15251667257236196, "cost": 169.18571428571428, "target_value": 237.10952971521908, "running_time": 2.0024776458740234, "local_count": 140, "common_count": 0}, "M-Greedy": {"max_delay": 0.14695446124261258, "cost": 141.42857142857142, "target_value": 217.6687469568983, "running_time": 3924.7920513153076, "n_selected_site": 11, "local_count": 76, "common_count": 64}, "M-Greedy-V2(Tx+Tp+Tq)": {"max_delay": 0.1465858295271007, "cost": 139.31428571428572, "target_value": 216.24297238424356, "running_time": 3785.5312824249268, "n_selected_site": 5, "local_count": 0, "common_count": 140}, "Ours": {"max_delay": 0.1381096196225872, "cost": 123.94285714285714, "target_value": 200.08104819401575, "running_time": 45879.41098213196, "local_count": 89, "common_count": 51}}, "sim1": {"simulation_id": 1, "user_seed": 81500834, "Nearest": {"max_delay": 0.15200391630536614, "cost": 163.57142857142858, "target_value": 233.78963059108042, "running_time": 3.0019283294677734, "local_count": 140, "common_count": 0}, "M-Greedy": {"max_delay": 0.1531724144738643, "cost": 144.32857142857142, "target_value": 225.33670018815, "running_time": 3606.7800521850586, "n_selected_site": 10, "local_count": 58, "common_count": 82}, "M-Greedy-V2(Tx+Tp+Tq)": {"max_delay": 0.13806769243632272, "cost": 133.81428571428572, "target_value": 204.97483529346556, "running_time": 4297.8174686431885, "n_selected_site": 6, "local_count": 30, "common_count": 110}, "Ours": {"max_delay": 0.1329987130737078, "cost": 129.34285714285716, "target_value": 197.6701416451364, "running_time": 45702.680349349976, "local_count": 83, "common_count": 57}}}, "80": {"sim0": {"simulation_id": 0, "user_seed": 35682363, "Nearest": {"max_delay": 0.154759418420616, "cost": 188.15, "target_value": 248.83441842061598, "running_time": 3.003358840942383, "local_count": 160, "common_count": 0}, "M-Greedy": {"max_delay": 0.1427323976972292, "cost": 151.0375, "target_value": 218.25114769722921, "running_time": 4803.572654724121, "n_selected_site": 10, "local_count": 58, "common_count": 102}, "M-Greedy-V2(Tx+Tp+Tq)": {"max_delay": 0.1427323976972292, "cost": 152.5125, "target_value": 218.9886476972292, "running_time": 5666.364669799805, "n_selected_site": 6, "local_count": 28, "common_count": 132}, "Ours": {"max_delay": 0.13651824562034254, "cost": 146.225, "target_value": 209.6307456203425, "running_time": 56835.505962371826, "local_count": 83, "common_count": 77}}, "sim1": {"simulation_id": 1, "user_seed": 41046640, "Nearest": {"max_delay": 0.15449407036927337, "cost": 183.85, "target_value": 246.41907036927336, "running_time": 3.0028820037841797, "local_count": 160, "common_count": 0}, "M-Greedy": {"max_delay": 0.14569396135693002, "cost": 150.4625, "target_value": 220.92521135693005, "running_time": 5201.413154602051, "n_selected_site": 11, "local_count": 80, "common_count": 80}, "M-Greedy-V2(Tx+Tp+Tq)": {"max_delay": 0.139706948369917, "cost": 152.3375, "target_value": 215.87569836991702, "running_time": 7037.142038345337,