{"40": {"sim0": {"simulation_id": 0, "user_seed": 33504870, "Nearest": {"max_delay": 0.14482093391651163, "cost": 114.9, "target_value": 202.27093391651164, "running_time": 1.001119613647461, "local_count": 80, "common_count": 0}, "M-Greedy": {"max_delay": 0.14615796274134535, "cost": 104.25, "target_value": 198.28296274134536, "running_time": 1053.450584411621, "n_selected_site": 9, "local_count": 34, "common_count": 46}, "M-Greedy-V2(Tx+Tp+Tq)": {"max_delay": 0.13819644782260235, "cost": 96.2, "target_value": 186.29644782260235, "running_time": 1356.3168048858643, "n_selected_site": 6, "local_count": 8, "common_count": 72}, "Ours": {"max_delay": 0.1351156965891531, "cost": 91.325, "target_value": 180.77819658915308, "running_time": 16274.250507354736, "local_count": 47, "common_count": 33}}, "sim1": {"simulation_id": 1, "user_seed": 58273478, "Nearest": {"max_delay": 0.1587652554699937, "cost": 113.175, "target_value": 215.35275546999372, "running_time": 1.001119613647461, "local_count": 80, "common_count": 0}, "M-Greedy": {"max_delay": 0.1436595303039228, "cost": 94.425, "target_value": 190.87203030392283, "running_time": 1201.789140701294, "n_selected_site": 10, "local_count": 24, "common_count": 56}, "M-Greedy-V2(Tx+Tp+Tq)": {"max_delay": 0.14104321138154272, "cost": 96.4, "target_value": 189.24321138154272, "running_time": 1908.912181854248, "n_selected_site": 9, "local_count": 16, "common_count": 64}, "Ours": {"max_delay": 0.1357885905294856, "cost": 88.85, "target_value": 180.2135905294856, "running_time": 17298.226356506348, "local_count": 60, "common_count": 20}}}, "50": {"sim0": {"simulation_id": 0, "user_seed": 48749510, "Nearest": {"max_delay": 0.1479896631659306, "cost": 127.1, "target_value": 211.53966316593062, "running_time": 1.0006427764892578, "local_count": 100, "common_count": 0}, "M-Greedy": {"max_delay": 0.1539896631659306, "cost": 115.96, "target_value": 211.9696631659306, "running_time": 1894.986867904663, "n_selected_site": 10, "local_count": 26, "common_count": 74}, "M-Greedy-V2(Tx+Tp+Tq)": {"max_delay": 0.14039368084992204, "cost": 115.12, "target_value": 197.95368084992205, "running_time": 2497.8787899017334, "n_selected_site": 7, "local_count": 20, "common_count": 80}, "Ours": {"max_delay": 0.1350299169500851, "cost": 103.8, "target_value": 186.9299169500851, "running_time": 25302.765607833862, "local_count": 56, "common_count": 44}}, "sim1": {"simulation_id": 1, "user_seed": 54398636, "Nearest": {"max_delay": 0.15149493135493752, "cost": 120.6, "target_value": 211.79493135493755, "running_time": 1.0013580322265625, "local_count": 100, "common_count": 0}, "M-Greedy": {"max_delay": 0.13849041072939516, "cost": 95.32, "target_value": 186.15041072939516, "running_time": 1927.100419998169, "n_selected_site": 10, "local_count": 36, "common_count": 64}, "M-Greedy-V2(Tx+Tp+Tq)": {"max_delay": 0.13849041072939516, "cost": 96.16, "target_value": 186.57041072939518, "running_time": 2797.3532676696777, "n_selected_site": 8, "local_count": 20, "common_count": 80}, "Ours": {"max_delay": 0.13469730155432938, "cost": 91.32, "target_value": 180.35730155432938, "running_time": 25241.250038146973, "local_count": 54, "common_count": 46}}}, "60": {"sim0": {"simulation_id": 0, "user_seed": 41949725, "Nearest": {"max_delay": 0.15405742174080841, "cost": 135.48333333333332, "target_value": 221.7990884074751, "running_time": 1.0006427764892578, "local_count": 120, "common_count": 0}, "M-Greedy": {"max_delay": 0.23727742866832685, "cost": 109.0, "target_value": 291.7774286683268, "running_time": 571.0697174072266, "n_selected_site": 1, "local_count": 120, "common_count": 0}, "M-Greedy-V2(Tx+Tp+Tq)": {"max_delay": 0.14147988218442947, "cost": 116.25, "target_value": 199.60488218442947, "running_time": 3182.102918624878, "n_selected_site": 6, "local_count": 16, "common_count": 104}, "Ours": {"max_delay": 0.1336814848950446, "cost": 107.91666666666667, "target_value": 187.63981822837795, "running_time": 33834.60283279419, "local_count": 64, "common_count": 56}}, "sim1": {"simulation_id": 1, "user_seed": 57444035, "Nearest": {"max_delay": 0.15233426624719548, "cost": 138.68333333333334, "target_value": 221.67593291386214, "running_time": 2.0020008087158203, "local_count": 120, "common_count": 0}, "M-Greedy": {"max_delay": 0.1534087206759503, "cost": 129.36666666666667, "target_value": 218.09205400928363, "running_time": 2944.2412853240967, "n_selected_site": 11, "local_count": 66, "common_count": 54}, "M-Greedy-V2(Tx+Tp+Tq)": {"max_delay": 0.1409159719264732, "cost": 115.18333333333334, "target_value": 198.5076385931399, "running_time": 4019.4485187530518, "n_selected_site": 8, "local_count": 26, "common_count": 94}, "Ours": {"max_delay": 0.13595744580846647, "cost": 113.18333333333334, "target_value": 192.54911247513314, "running_time": 34310.951232910156, "local_count": 78, "common_count": 42}}}, "70": {"sim0": {"simulation_id": 0, "user_seed": 88736695, "Nearest": {"max_delay": 0.15308804120749614, "cost": 156.55714285714285, "target_value": 231.36661263606754, "running_time": 2.001523971557617, "local_count": 140, "common_count": 0}, "M-Greedy": {"max_delay": 0.13926220062236394, "cost": 131.6, "target_value": 205.06220062236395, "running_time": 3705.60359954834, "n_selected_site": 10, "local_count": 44, "common_count": 96}, "M-Greedy-V2(Tx+Tp+Tq)": {"max_delay": 0.13926220062236394, "cost": 133.28571428571428, "target_value": 205.90505776522107, "running_time": 5487.0734214782715, "n_selected_site": 8, "local_count": 28, "common_count": 112}, "Ours": {"max_delay": 0.13532540858263115, "cost": 126.94285714285714, "target_value": 198.79683715405972, "running_time": 45912.02759742737, "local_count": 84, "common_count": 56}}, "sim1": {"simulation_id": 1, "user_seed": 58301880, "Nearest": {"max_delay": 0.14912304777245186, "cost": 155.92857142857142, "target_value": 227.08733348673758, "running_time": 2.0017623901367188, "local_count": 140, "common_count": 0}, "M-Greedy": {"max_delay": 0.23626751194537848, "cost": 131.0, "target_value": 301.7675119453785, "running_time": 762.2168064117432, "n_selected_site": 1, "local_count": 140, "common_count": 0}, "M-Greedy-V2(Tx+Tp+Tq)": {"max_delay": 0.13988151055937711, "cost": 134.4857142857143, "target_value": 207.12436770223428, "running_time": 5363.251209259033, "n_selected_site": 8, "local_count": 28, "common_count": 112}, "Ours": {"max_delay": 0.13653731965940985, "cost": 124.32857142857142, "target_value": 198.70160537369557, "running_time": 46196.68412208557, "local_count": 86, "common_count": 54}}}, "80": {"sim0": {"simulation_id": 0, "user_seed": 21164215, "Nearest": {"max_delay": 0.15518124078246193, "cost": 169.0625, "target_value": 239.7124907824619, "running_time": 3.0024051666259766, "local_count": 160, "common_count": 0}, "M-Greedy": {"max_delay": 0.1421139562534966, "cost": 137.4875, "target_value": 210.85770625349662, "running_time": 4791.950225830078, "n_selected_site": 10, "local_count": 56, "common_count": 104}, "M-Greedy-V2(Tx+Tp+Tq)": {"max_delay": 0.14016148975653694, "cost": 138.325, "target_value": 209.32398975653695, "running_time": 7744.0855503082275, "n_selected_site": 9, "local_count": 38, "common_count": 122}, "Ours": {"max_delay": 0.13633326919494954, "cost": 133.7625, "target_value": 203.21451919494953, "running_time": 58060.911655426025, "local_count": 93, "common_count": 67}}, "sim1": {"simulation_id": 1, "user_seed": 1297531, "Nearest": {"max_delay": 0.1558819525166246, "cost": 176.6, "target_value": 244.18195251662462, "running_time": 3.002643585205078, "local_count": 160, "common_count": 0}, "M-Greedy": {"max_delay": 0.1391703484916718, "cost": 131.4375, "target_value": 204.8890984916718, "running_time": 4870.386123657227, "n_selected_site": 10, "local_count": 48, "common_count": 112}, "M-Greedy-V2(Tx+Tp+Tq)": {"max_delay": 0.1391703484916718, "cost": 135.4875, "target_value": 206.9140984916718, "running_time": 6353.825092315674, "n_selected_site": 7, "local_count": 18,