{"40": {"sim0": {"simulation_id": 0, "user_seed": 83148239, "Nearest": {"max_delay": 0.15108940102411958, "cost": 116.55, "target_value": 209.3644010241196, "running_time": 1.0004043579101562, "local_count": 80, "common_count": 0}, "M-Greedy": {"max_delay": 0.14013931786288933, "cost": 92.55, "target_value": 186.41431786288933, "running_time": 1172.419548034668, "n_selected_site": 10, "local_count": 30, "common_count": 50}, "M-Greedy-V2(Tx+Tp+Tq)": {"max_delay": 0.14013931786288933, "cost": 95.05, "target_value": 187.66431786288933, "running_time": 1731.8437099456787, "n_selected_site": 8, "local_count": 16, "common_count": 64}, "Ours": {"max_delay": 0.13398214185302887, "cost": 91.0, "target_value": 179.48214185302888, "running_time": 17178.24673652649, "local_count": 51, "common_count": 29}}, "sim1": {"simulation_id": 1, "user_seed": 11275635, "Nearest": {"max_delay": 0.15065291223629484, "cost": 114.475, "target_value": 207.89041223629482, "running_time": 1.001119613647461, "local_count": 80, "common_count": 0}, "M-Greedy": {"max_delay": 0.13969139731755187, "cost": 91.95, "target_value": 185.66639731755185, "running_time": 1223.2062816619873, "n_selected_site": 10, "local_count": 46, "common_count": 34}, "M-Greedy-V2(Tx+Tp+Tq)": {"max_delay": 0.13969139731755187, "cost": 96.95, "target_value": 188.16639731755185, "running_time": 1766.0353183746338, "n_selected_site": 8, "local_count": 18, "common_count": 62}, "Ours": {"max_delay": 0.13969139731755187, "cost": 88.1, "target_value": 183.74139731755184, "running_time": 17314.30435180664, "local_count": 60, "common_count": 20}}}, "50": {"sim0": {"simulation_id": 0, "user_seed": 41081753, "Nearest": {"max_delay": 0.15197390354322454, "cost": 131.0, "target_value": 217.47390354322454, "running_time": 1.0008811950683594, "local_count": 100, "common_count": 0}, "M-Greedy": {"max_delay": 0.15197390354322454, "cost": 123.64, "target_value": 213.79390354322453, "running_time": 1893.0859565734863, "n_selected_site": 10, "local_count": 40, "common_count": 60}, "M-Greedy-V2(Tx+Tp+Tq)": {"max_delay": 0.13539576491387115, "cost": 112.38, "target_value": 191.58576491387115, "running_time": 2750.0228881835938, "n_selected_site": 8, "local_count": 14, "common_count": 86}, "Ours": {"max_delay": 0.13346432150811138, "cost": 103.5, "target_value": 185.2143215081114, "running_time": 25150.224924087524, "local_count": 62, "common_count": 38}}, "sim1": {"simulation_id": 1, "user_seed": 27272040, "Nearest": {"max_delay": 0.1494262406416481, "cost": 120.8, "target_value": 209.82624064164813, "running_time": 2.0020008087158203, "local_count": 100, "common_count": 0}, "M-Greedy": {"max_delay": 0.138168031453502, "cost": 99.52, "target_value": 187.928031453502, "running_time": 1916.4395332336426, "n_selected_site": 10, "local_count": 28, "common_count": 72}, "M-Greedy-V2(Tx+Tp+Tq)": {"max_delay": 0.138168031453502, "cost": 98.58, "target_value": 187.458031453502, "running_time": 2211.48943901062, "n_selected_site": 6, "local_count": 20, "common_count": 80}, "Ours": {"max_delay": 0.13390752278634144, "cost": 92.92, "target_value": 180.36752278634145, "running_time": 24971.256494522095, "local_count": 62, "common_count": 38}}}, "60": {"sim0": {"simulation_id": 0, "user_seed": 77601279, "Nearest": {"max_delay": 0.14912936744027033, "cost": 143.11666666666667, "target_value": 220.68770077360367, "running_time": 2.025604248046875, "local_count": 120, "common_count": 0}, "M-Greedy": {"max_delay": 0.13868871185224155, "cost": 112.15, "target_value": 194.76371185224156, "running_time": 2762.967109680176, "n_selected_site": 10, "local_count": 48, "common_count": 72}, "M-Greedy-V2(Tx+Tp+Tq)": {"max_delay": 0.13868871185224155, "cost": 113.85, "target_value": 195.61371185224152, "running_time": 4056.0693740844727, "n_selected_site": 8, "local_count": 26, "common_count": 94}, "Ours": {"max_delay": 0.13231277065134778, "cost": 110.43333333333334, "target_value": 187.52943731801446, "running_time": 33935.25791168213, "local_count": 70, "common_count": 50}}, "sim1": {"simulation_id": 1, "user_seed": 91718822, "Nearest": {"max_delay": 0.14949299334565122, "cost": 133.0, "target_value": 215.99299334565123, "running_time": 2.0020008087158203, "local_count": 120, "common_count": 0}, "M-Greedy": {"max_delay": 0.14974880729913959, "cost": 123.65, "target_value": 211.57380729913962, "running_time": 3246.0269927978516, "n_selected_site": 13, "local_count": 74, "common_count": 46}, "M-Greedy-V2(Tx+Tp+Tq)": {"max_delay": 0.1429318089267333, "cost": 113.91666666666667, "target_value": 199.89014226006663, "running_time": 4014.0368938446045, "n_selected_site": 8, "local_count": 26, "common_count": 94}, "Ours": {"max_delay": 0.1368670322024839, "cost": 105.55, "target_value": 189.6420322024839, "running_time": 33860.23831367493, "local_count": 79, "common_count": 41}}}, "70": {"sim0": {"simulation_id": 0, "user_seed": 53886156, "Nearest": {"max_delay": 0.15180980797050975, "cost": 161.42857142857142, "target_value": 232.52409368479545, "running_time": 2.0017623901367188, "local_count": 140, "common_count": 0}, "M-Greedy": {"max_delay": 0.1429253605372555, "cost": 132.87142857142857, "target_value": 209.36107482296978, "running_time": 3693.1192874908447, "n_selected_site": 10, "local_count": 44, "common_count": 96}, "M-Greedy-V2(Tx+Tp+Tq)": {"max_delay": 0.1429253605372555, "cost": 133.44285714285715, "target_value": 209.64678910868406, "running_time": 5378.014087677002, "n_selected_site": 8, "local_count": 26, "common_count": 114}, "Ours": {"max_delay": 0.13657921375316454, "cost": 125.72857142857143, "target_value": 199.44349946745024, "running_time": 45298.35891723633, "local_count": 83, "common_count": 57}}, "sim1": {"simulation_id": 1, "user_seed": 78365574, "Nearest": {"max_delay": 0.15321173097536162, "cost": 149.87142857142857, "target_value": 228.1474452610759, "running_time": 2.0017623901367188, "local_count": 140, "common_count": 0}, "M-Greedy": {"max_delay": 0.14070000113063583, "cost": 129.62857142857143, "target_value": 205.51428684492154, "running_time": 3958.575487136841, "n_selected_site": 11, "local_count": 56, "common_count": 84}, "M-Greedy-V2(Tx+Tp+Tq)": {"max_delay": 0.14070000113063583, "cost": 133.14285714285714, "target_value": 207.27142970206438, "running_time": 6430.6960105896, "n_selected_site": 10, "local_count": 28, "common_count": 112}, "Ours": {"max_delay": 0.1354336488566173, "cost": 122.18571428571428, "target_value": 196.5265059994744, "running_time": 45169.532775878906, "local_count": 86, "common_count": 54}}}, "80": {"sim0": {"simulation_id": 0, "user_seed": 71731109, "Nearest": {"max_delay": 0.15942928518937097, "cost": 182.425, "target_value": 250.64178518937098, "running_time": 2.001523971557617, "local_count": 160, "common_count": 0}, "M-Greedy": {"max_delay": 0.14007281219437778, "cost": 150.1625, "target_value": 215.1540621943778, "running_time": 4839.274883270264, "n_selected_site": 10, "local_count": 52, "common_count": 108}, "M-Greedy-V2(Tx+Tp+Tq)": {"max_delay": 0.14007281219437778, "cost": 150.3375, "target_value": 215.24156219437776, "running_time": 5620.744228363037, "n_selected_site": 6, "local_count": 40, "common_count": 120}, "Ours": {"max_delay": 0.13757233166234567, "cost": 139.65, "target_value": 207.39733166234566, "running_time": 57245.967864990234, "local_count": 95, "common_count": 65}}, "sim1": {"simulation_id": 1, "user_seed": 11524961, "Nearest": {"max_delay": 0.15565346507119124, "cost": 182.775, "target_value": 247.04096507119124, "running_time": 3.002166748046875, "local_count": 160, "common_count": 0}, "M-Greedy": {"max_delay": 0.23728576897269948, "cost": 142.0, "target_value": 308.2857689726995, "running_time": 997.5118637084961, "n_selected_site": 1, "local_count": 160, "common_count": 0}, "M-Greedy-V2(Tx+Tp+Tq)": {"max_delay": 0.1396489858481115, "cost": 151.725, "target_value": 215.51148584811148, "running_time": 6356.842517852783, "n_selected_site": 7, "local_count": 34,