{"40": {"sim0": {"simulation_id": 0, "user_seed": 28097096, "Nearest": {"max_delay": 0.1567652554699937, "cost": 114.6, "target_value": 214.0652554699937, "running_time": 1.0008811950683594, "local_count": 80, "common_count": 0}, "M-Greedy": {"max_delay": 0.13962593857265665, "cost": 94.85, "target_value": 187.05093857265666, "running_time": 1288.75732421875, "n_selected_site": 12, "local_count": 30, "common_count": 50}, "M-Greedy-V2(Tx+Tp+Tq)": {"max_delay": 0.13962593857265665, "cost": 95.875, "target_value": 187.56343857265665, "running_time": 1815.7007694244385, "n_selected_site": 9, "local_count": 14, "common_count": 66}, "Ours": {"max_delay": 0.13421980308980647, "cost": 89.125, "target_value": 178.78230308980648, "running_time": 16116.378545761108, "local_count": 46, "common_count": 34}}, "sim1": {"simulation_id": 1, "user_seed": 55187593, "Nearest": {"max_delay": 0.14825927807687966, "cost": 103.95, "target_value": 200.23427807687966, "running_time": 1.0004043579101562, "local_count": 80, "common_count": 0}, "M-Greedy": {"max_delay": 0.23300702690348035, "cost": 76.0, "target_value": 271.0070269034803, "running_time": 243.20054054260254, "n_selected_site": 1, "local_count": 80, "common_count": 0}, "M-Greedy-V2(Tx+Tp+Tq)": {"max_delay": 0.13504929343779692, "cost": 92.225, "target_value": 181.16179343779692, "running_time": 1391.2806510925293, "n_selected_site": 6, "local_count": 6, "common_count": 74}, "Ours": {"max_delay": 0.13236247458675088, "cost": 79.875, "target_value": 172.29997458675086, "running_time": 16800.546407699585, "local_count": 47, "common_count": 33}}}, "50": {"sim0": {"simulation_id": 0, "user_seed": 22969379, "Nearest": {"max_delay": 0.15948016920738495, "cost": 131.7, "target_value": 225.33016920738496, "running_time": 1.0008811950683594, "local_count": 100, "common_count": 0}, "M-Greedy": {"max_delay": 0.14037498312267865, "cost": 110.86, "target_value": 195.80498312267866, "running_time": 2003.3481121063232, "n_selected_site": 11, "local_count": 46, "common_count": 54}, "M-Greedy-V2(Tx+Tp+Tq)": {"max_delay": 0.14037498312267865, "cost": 113.46, "target_value": 197.10498312267865, "running_time": 2758.655786514282, "n_selected_site": 8, "local_count": 26, "common_count": 74}, "Ours": {"max_delay": 0.1353058712965558, "cost": 105.48, "target_value": 188.04587129655582, "running_time": 25142.59958267212, "local_count": 63, "common_count": 37}}, "sim1": {"simulation_id": 1, "user_seed": 41081180, "Nearest": {"max_delay": 0.1565082285000859, "cost": 129.76, "target_value": 221.3882285000859, "running_time": 2.001523971557617, "local_count": 100, "common_count": 0}, "M-Greedy": {"max_delay": 0.1386925066466726, "cost": 111.56, "target_value": 194.4725066466726, "running_time": 1895.4272270202637, "n_selected_site": 10, "local_count": 46, "common_count": 54}, "M-Greedy-V2(Tx+Tp+Tq)": {"max_delay": 0.1386925066466726, "cost": 116.08, "target_value": 196.7325066466726, "running_time": 2773.698091506958, "n_selected_site": 8, "local_count": 26, "common_count": 74}, "Ours": {"max_delay": 0.13640358132462865, "cost": 103.68, "target_value": 188.24358132462865, "running_time": 25203.056573867798, "local_count": 70, "common_count": 30}}}, "60": {"sim0": {"simulation_id": 0, "user_seed": 2713304, "Nearest": {"max_delay": 0.15009495200351716, "cost": 145.4, "target_value": 222.79495200351715, "running_time": 1.001119613647461, "local_count": 120, "common_count": 0}, "M-Greedy": {"max_delay": 0.13836116808968257, "cost": 117.21666666666667, "target_value": 196.9695014230159, "running_time": 2708.4882259368896, "n_selected_site": 10, "local_count": 48, "common_count": 72}, "M-Greedy-V2(Tx+Tp+Tq)": {"max_delay": 0.13619433404282216, "cost": 118.88333333333334, "target_value": 195.63600070948883, "running_time": 3975.9068489074707, "n_selected_site": 8, "local_count": 38, "common_count": 82}, "Ours": {"max_delay": 0.13358457794526118, "cost": 113.76666666666667, "target_value": 190.4679112785945, "running_time": 33878.60012054443, "local_count": 67, "common_count": 53}}, "sim1": {"simulation_id": 1, "user_seed": 58387549, "Nearest": {"max_delay": 0.15239876636894284, "cost": 147.35, "target_value": 226.0737663689428, "running_time": 1.0008811950683594, "local_count": 120, "common_count": 0}, "M-Greedy": {"max_delay": 0.13834590525006343, "cost": 112.83333333333333, "target_value": 194.76257191673008, "running_time": 2921.7190742492676, "n_selected_site": 11, "local_count": 46, "common_count": 74}, "M-Greedy-V2(Tx+Tp+Tq)": {"max_delay": 0.13834590525006343, "cost": 114.83333333333333, "target_value": 195.76257191673008, "running_time": 4371.1512088775635, "n_selected_site": 9, "local_count": 24, "common_count": 96}, "Ours": {"max_delay": 0.13449503985483596, "cost": 109.78333333333333, "target_value": 189.38670652150262, "running_time": 33680.71961402893, "local_count": 68, "common_count": 52}}}, "70": {"sim0": {"simulation_id": 0, "user_seed": 83621374, "Nearest": {"max_delay": 0.15208804120749614, "cost": 151.1, "target_value": 227.63804120749614, "running_time": 2.0017623901367188, "local_count": 140, "common_count": 0}, "M-Greedy": {"max_delay": 0.1382078270999053, "cost": 130.84285714285716, "target_value": 203.62925567133388, "running_time": 3646.530866622925, "n_selected_site": 10, "local_count": 54, "common_count": 86}, "M-Greedy-V2(Tx+Tp+Tq)": {"max_delay": 0.13683167424679155, "cost": 136.5, "target_value": 205.08167424679155, "running_time": 5274.438381195068, "n_selected_site": 8, "local_count": 28, "common_count": 112}, "Ours": {"max_delay": 0.1352078270999053, "cost": 124.2, "target_value": 197.3078270999053, "running_time": 45554.52466011047, "local_count": 99, "common_count": 41}}, "sim1": {"simulation_id": 1, "user_seed": 28426747, "Nearest": {"max_delay": 0.15131686479762702, "cost": 158.4142857142857, "target_value": 230.52400765476986, "running_time": 2.0020008087158203, "local_count": 140, "common_count": 0}, "M-Greedy": {"max_delay": 0.13957359556319415, "cost": 127.35714285714286, "target_value": 203.2521669917656, "running_time": 3692.9969787597656, "n_selected_site": 10, "local_count": 58, "common_count": 82}, "M-Greedy-V2(Tx+Tp+Tq)": {"max_delay": 0.13957359556319415, "cost": 130.45714285714286, "target_value": 204.80216699176557, "running_time": 4845.253467559814, "n_selected_site": 7, "local_count": 30, "common_count": 110}, "Ours": {"max_delay": 0.1358507123894689, "cost": 121.2, "target_value": 196.4507123894689, "running_time": 45263.56554031372, "local_count": 78, "common_count": 62}}}, "80": {"sim0": {"simulation_id": 0, "user_seed": 50959713, "Nearest": {"max_delay": 0.15372791949994605, "cost": 177.5125, "target_value": 242.48416949994603, "running_time": 3.002166748046875, "local_count": 160, "common_count": 0}, "M-Greedy": {"max_delay": 0.1531471994070308, "cost": 153.2875, "target_value": 229.79094940703078, "running_time": 5491.883754730225, "n_selected_site": 12, "local_count": 54, "common_count": 106}, "M-Greedy-V2(Tx+Tp+Tq)": {"max_delay": 0.13906826575519626, "cost": 152.625, "target_value": 215.38076575519625, "running_time": 5681.6253662109375, "n_selected_site": 6, "local_count": 28, "common_count": 132}, "Ours": {"max_delay": 0.1351851469338422, "cost": 138.425, "target_value": 204.3976469338422, "running_time": 57212.09383010864, "local_count": 86, "common_count": 74}}, "sim1": {"simulation_id": 1, "user_seed": 96896687, "Nearest": {"max_delay": 0.15387263817865937, "cost": 168.625, "target_value": 238.18513817865937, "running_time": 2.002239227294922, "local_count": 160, "common_count": 0}, "M-Greedy": {"max_delay": 0.14221870904189615, "cost": 135.4875, "target_value": 209.96245904189615, "running_time": 4758.240222930908, "n_selected_site": 10, "local_count": 70, "common_count": 90}, "M-Greedy-V2(Tx+Tp+Tq)": {"max_delay": 0.14221870904189615, "cost": 138.4375, "target_value": 211.43745904189615, "running_time": 7099.1504192352295, "n_selected_site": 8, "local_count": 44,