{"40": {"sim0": {"simulation_id": 0, "user_seed": 7882171, "Nearest": {"max_delay": 0.1532369198623688, "cost": 114.025, "target_value": 210.24941986236877, "running_time": 1.0008811950683594, "local_count": 80, "common_count": 0}, "M-Greedy": {"max_delay": 0.1442369198623688, "cost": 98.275, "target_value": 193.37441986236882, "running_time": 1249.7546672821045, "n_selected_site": 11, "local_count": 34, "common_count": 46}, "M-Greedy-V2(Tx+Tp+Tq)": {"max_delay": 0.13692046551785858, "cost": 95.075, "target_value": 184.45796551785858, "running_time": 1864.2995357513428, "n_selected_site": 9, "local_count": 20, "common_count": 60}, "Ours": {"max_delay": 0.1367524438376418, "cost": 86.55, "target_value": 180.02744383764178, "running_time": 17230.49259185791, "local_count": 48, "common_count": 32}}, "sim1": {"simulation_id": 1, "user_seed": 80607152, "Nearest": {"max_delay": 0.1462801602938622, "cost": 115.0, "target_value": 203.7801602938622, "running_time": 1.001119613647461, "local_count": 80, "common_count": 0}, "M-Greedy": {"max_delay": 0.1492801602938622, "cost": 105.325, "target_value": 201.9426602938622, "running_time": 1017.9593563079834, "n_selected_site": 8, "local_count": 34, "common_count": 46}, "M-Greedy-V2(Tx+Tp+Tq)": {"max_delay": 0.138267926491091, "cost": 95.175, "target_value": 185.85542649109098, "running_time": 1417.2985553741455, "n_selected_site": 6, "local_count": 16, "common_count": 64}, "Ours": {"max_delay": 0.1358163176784617, "cost": 87.625, "target_value": 179.6288176784617, "running_time": 17529.963731765747, "local_count": 59, "common_count": 21}}}, "50": {"sim0": {"simulation_id": 0, "user_seed": 26138956, "Nearest": {"max_delay": 0.15175940156333378, "cost": 123.6, "target_value": 213.55940156333378, "running_time": 2.0012855529785156, "local_count": 100, "common_count": 0}, "M-Greedy": {"max_delay": 0.13971418453135342, "cost": 108.32, "target_value": 193.87418453135342, "running_time": 1906.324863433838, "n_selected_site": 10, "local_count": 28, "common_count": 72}, "M-Greedy-V2(Tx+Tp+Tq)": {"max_delay": 0.13971418453135342, "cost": 108.86, "target_value": 194.14418453135343, "running_time": 2197.60799407959, "n_selected_site": 6, "local_count": 18, "common_count": 82}, "Ours": {"max_delay": 0.13368669046687132, "cost": 98.58, "target_value": 182.9766904668713, "running_time": 25340.008020401, "local_count": 53, "common_count": 47}}, "sim1": {"simulation_id": 1, "user_seed": 49600946, "Nearest": {"max_delay": 0.14672207678028776, "cost": 121.84, "target_value": 207.64207678028777, "running_time": 1.001119613647461, "local_count": 100, "common_count": 0}, "M-Greedy": {"max_delay": 0.14040190391839116, "cost": 105.92, "target_value": 193.36190391839116, "running_time": 2036.3719463348389, "n_selected_site": 11, "local_count": 44, "common_count": 56}, "M-Greedy-V2(Tx+Tp+Tq)": {"max_delay": 0.14040190391839116, "cost": 107.7, "target_value": 194.25190391839115, "running_time": 2463.743209838867, "n_selected_site": 7, "local_count": 22, "common_count": 78}, "Ours": {"max_delay": 0.13534681818492014, "cost": 96.52, "target_value": 183.60681818492014, "running_time": 25651.84187889099, "local_count": 59, "common_count": 41}}}, "60": {"sim0": {"simulation_id": 0, "user_seed": 29068505, "Nearest": {"max_delay": 0.15189361223381054, "cost": 143.63333333333333, "target_value": 223.7102789004772, "running_time": 2.001523971557617, "local_count": 120, "common_count": 0}, "M-Greedy": {"max_delay": 0.14148866461325998, "cost": 114.26666666666667, "target_value": 198.6219979465933, "running_time": 2710.1192474365234, "n_selected_site": 10, "local_count": 48, "common_count": 72}, "M-Greedy-V2(Tx+Tp+Tq)": {"max_delay": 0.14148866461325998, "cost": 114.86666666666666, "target_value": 198.9219979465933, "running_time": 4307.719469070435, "n_selected_site": 9, "local_count": 36, "common_count": 84}, "Ours": {"max_delay": 0.13640871983731445, "cost": 112.08333333333333, "target_value": 192.45038650398112, "running_time": 34181.48994445801, "local_count": 82, "common_count": 38}}, "sim1": {"simulation_id": 1, "user_seed": 90021702, "Nearest": {"max_delay": 0.15111812030041244, "cost": 142.71666666666667, "target_value": 222.4764536337458, "running_time": 2.0017623901367188, "local_count": 120, "common_count": 0}, "M-Greedy": {"max_delay": 0.14077732908739093, "cost": 114.05, "target_value": 197.80232908739094, "running_time": 2667.853355407715, "n_selected_site": 10, "local_count": 32, "common_count": 88}, "M-Greedy-V2(Tx+Tp+Tq)": {"max_delay": 0.14060883091889279, "cost": 115.71666666666667, "target_value": 198.4671642522261, "running_time": 4329.294443130493, "n_selected_site": 9, "local_count": 24, "common_count": 96}, "Ours": {"max_delay": 0.13363781775415812, "cost": 110.3, "target_value": 188.7878177541581, "running_time": 34036.0746383667, "local_count": 66, "common_count": 54}}}, "70": {"sim0": {"simulation_id": 0, "user_seed": 88997987, "Nearest": {"max_delay": 0.14910776804053477, "cost": 167.32857142857142, "target_value": 232.7720537548205, "running_time": 2.001523971557617, "local_count": 140, "common_count": 0}, "M-Greedy": {"max_delay": 0.14910776804053477, "cost": 144.18571428571428, "target_value": 221.20062518339194, "running_time": 4429.21257019043, "n_selected_site": 13, "local_count": 86, "common_count": 54}, "M-Greedy-V2(Tx+Tp+Tq)": {"max_delay": 0.14272175257978895, "cost": 135.71428571428572, "target_value": 210.57889543693182, "running_time": 4230.898857116699, "n_selected_site": 6, "local_count": 26, "common_count": 114}, "Ours": {"max_delay": 0.13789270163569667, "cost": 125.51428571428572, "target_value": 200.64984449283955, "running_time": 45592.1733379364, "local_count": 98, "common_count": 42}}, "sim1": {"simulation_id": 1, "user_seed": 91462537, "Nearest": {"max_delay": 0.15222686760192516, "cost": 164.32857142857142, "target_value": 234.39115331621088, "running_time": 2.0020008087158203, "local_count": 140, "common_count": 0}, "M-Greedy": {"max_delay": 0.1397952636162919, "cost": 133.42857142857142, "target_value": 206.5095493305776, "running_time": 4002.1069049835205, "n_selected_site": 11, "local_count": 48, "common_count": 92}, "M-Greedy-V2(Tx+Tp+Tq)": {"max_delay": 0.13958697147905325, "cost": 133.4142857142857, "target_value": 206.2941143361961, "running_time": 4286.458492279053, "n_selected_site": 6, "local_count": 28, "common_count": 112}, "Ours": {"max_delay": 0.137555426679319, "cost": 126.88571428571429, "target_value": 200.99828382217615, "running_time": 46214.71858024597, "local_count": 91, "common_count": 49}}}, "80": {"sim0": {"simulation_id": 0, "user_seed": 4067245, "Nearest": {"max_delay": 0.1484442842266827, "cost": 161.575, "target_value": 229.2317842266827, "running_time": 3.002643585205078, "local_count": 160, "common_count": 0}, "M-Greedy": {"max_delay": 0.1454442842266827, "cost": 144.35, "target_value": 217.61928422668268, "running_time": 6135.4780197143555, "n_selected_site": 14, "local_count": 106, "common_count": 54}, "M-Greedy-V2(Tx+Tp+Tq)": {"max_delay": 0.13741812733063608, "cost": 134.75, "target_value": 204.79312733063608, "running_time": 6400.7909297943115, "n_selected_site": 7, "local_count": 18, "common_count": 142}, "Ours": {"max_delay": 0.1309498041147736, "cost": 128.3, "target_value": 195.0998041147736, "running_time": 57768.95213127136, "local_count": 98, "common_count": 62}}, "sim1": {"simulation_id": 1, "user_seed": 79541542, "Nearest": {"max_delay": 0.14981309013763233, "cost": 177.9, "target_value": 238.76309013763233, "running_time": 2.0012855529785156, "local_count": 160, "common_count": 0}, "M-Greedy": {"max_delay": 0.14078456987772642, "cost": 148.675, "target_value": 215.12206987772643, "running_time": 4808.407545089722, "n_selected_site": 10, "local_count": 66, "common_count": 94}, "M-Greedy-V2(Tx+Tp+Tq)": {"max_delay": 0.14078456987772642, "cost": 151.475, "target_value": 216.52206987772644, "running_time": 5752.174377441406, "n_selected_site": 6,