{"40": {"sim0": {"simulation_id": 0, "user_seed": 2415653, "Nearest": {"max_delay": 0.1502165728156824, "cost": 105.175, "target_value": 202.80407281568242, "running_time": 1.0008811950683594, "local_count": 80, "common_count": 0}, "M-Greedy": {"max_delay": 0.23394017957123625, "cost": 87.0, "target_value": 277.4401795712363, "running_time": 238.7998104095459, "n_selected_site": 1, "local_count": 80, "common_count": 0}, "M-Greedy-V2(Tx+Tp+Tq)": {"max_delay": 0.23394017957123625, "cost": 87.0, "target_value": 277.4401795712363, "running_time": 446.8810558319092, "n_selected_site": 1, "local_count": 80, "common_count": 0}, "Ours": {"max_delay": 0.13366745229850902, "cost": 85.125, "target_value": 176.229952298509, "running_time": 16877.183437347412, "local_count": 51, "common_count": 29}}, "sim1": {"simulation_id": 1, "user_seed": 25316231, "Nearest": {"max_delay": 0.14252332653983202, "cost": 103.1, "target_value": 194.073326539832, "running_time": 2.0017623901367188, "local_count": 80, "common_count": 0}, "M-Greedy": {"max_delay": 0.23570281830452555, "cost": 87.0, "target_value": 279.2028183045255, "running_time": 258.7926387786865, "n_selected_site": 1, "local_count": 80, "common_count": 0}, "M-Greedy-V2(Tx+Tp+Tq)": {"max_delay": 0.1362135622300677, "cost": 94.55, "target_value": 183.4885622300677, "running_time": 1779.1836261749268, "n_selected_site": 8, "local_count": 8, "common_count": 72}, "Ours": {"max_delay": 0.13278390183116257, "cost": 84.825, "target_value": 175.19640183116255, "running_time": 17184.113025665283, "local_count": 56, "common_count": 24}}}, "50": {"sim0": {"simulation_id": 0, "user_seed": 13664465, "Nearest": {"max_delay": 0.14407819931345023, "cost": 127.66, "target_value": 207.9081993134502, "running_time": 2.0012855529785156, "local_count": 100, "common_count": 0}, "M-Greedy": {"max_delay": 0.13978029271119577, "cost": 107.0, "target_value": 193.28029271119576, "running_time": 1925.3406524658203, "n_selected_site": 10, "local_count": 28, "common_count": 72}, "M-Greedy-V2(Tx+Tp+Tq)": {"max_delay": 0.14429995039746119, "cost": 112.34, "target_value": 200.46995039746116, "running_time": 1953.4027576446533, "n_selected_site": 5, "local_count": 0, "common_count": 100}, "Ours": {"max_delay": 0.13526316023714707, "cost": 94.9, "target_value": 182.71316023714706, "running_time": 25033.75220298767, "local_count": 44, "common_count": 56}}, "sim1": {"simulation_id": 1, "user_seed": 48546572, "Nearest": {"max_delay": 0.1553460867328485, "cost": 128.8, "target_value": 219.7460867328485, "running_time": 1.001119613647461, "local_count": 100, "common_count": 0}, "M-Greedy": {"max_delay": 0.15527585521691753, "cost": 111.2, "target_value": 210.87585521691753, "running_time": 1476.9055843353271, "n_selected_site": 7, "local_count": 28, "common_count": 72}, "M-Greedy-V2(Tx+Tp+Tq)": {"max_delay": 0.13996693558893558, "cost": 114.46, "target_value": 197.19693558893556, "running_time": 2258.087158203125, "n_selected_site": 6, "local_count": 12, "common_count": 88}, "Ours": {"max_delay": 0.13549024104153568, "cost": 103.34, "target_value": 187.1602410415357, "running_time": 25724.010705947876, "local_count": 63, "common_count": 37}}}, "60": {"sim0": {"simulation_id": 0, "user_seed": 54098706, "Nearest": {"max_delay": 0.15417290956700852, "cost": 140.25, "target_value": 224.29790956700853, "running_time": 1.962423324584961, "local_count": 120, "common_count": 0}, "M-Greedy": {"max_delay": 0.14201094735999975, "cost": 113.53333333333333, "target_value": 198.7776140266664, "running_time": 2963.362455368042, "n_selected_site": 11, "local_count": 74, "common_count": 46}, "M-Greedy-V2(Tx+Tp+Tq)": {"max_delay": 0.14201094735999975, "cost": 116.01666666666667, "target_value": 200.0192806933331, "running_time": 3964.3945693969727, "n_selected_site": 8, "local_count": 32, "common_count": 88}, "Ours": {"max_delay": 0.13556724117895758, "cost": 112.25, "target_value": 191.69224117895757, "running_time": 34111.35530471802, "local_count": 77, "common_count": 43}}, "sim1": {"simulation_id": 1, "user_seed": 20942383, "Nearest": {"max_delay": 0.15178423210317754, "cost": 130.35, "target_value": 216.95923210317756, "running_time": 2.0020008087158203, "local_count": 120, "common_count": 0}, "M-Greedy": {"max_delay": 0.23542961697132375, "cost": 109.0, "target_value": 289.92961697132375, "running_time": 551.0599613189697, "n_selected_site": 1, "local_count": 120, "common_count": 0}, "M-Greedy-V2(Tx+Tp+Tq)": {"max_delay": 0.23542961697132375, "cost": 109.0, "target_value": 289.92961697132375, "running_time": 1008.1887245178223, "n_selected_site": 1, "local_count": 120, "common_count": 0}, "Ours": {"max_delay": 0.13336322420650365, "cost": 108.08333333333333, "target_value": 187.4048908731703, "running_time": 33765.64598083496, "local_count": 73, "common_count": 47}}}, "70": {"sim0": {"simulation_id": 0, "user_seed": 55509877, "Nearest": {"max_delay": 0.15467088496402354, "cost": 155.45714285714286, "target_value": 232.39945639259497, "running_time": 2.0017623901367188, "local_count": 140, "common_count": 0}, "M-Greedy": {"max_delay": 0.14158329513552886, "cost": 128.68571428571428, "target_value": 205.92615227838598, "running_time": 3717.125177383423, "n_selected_site": 10, "local_count": 48, "common_count": 92}, "M-Greedy-V2(Tx+Tp+Tq)": {"max_delay": 0.14158329513552886, "cost": 131.67142857142858, "target_value": 207.41900942124315, "running_time": 4312.975168228149, "n_selected_site": 6, "local_count": 22, "common_count": 118}, "Ours": {"max_delay": 0.13473925232424483, "cost": 123.97142857142858, "target_value": 196.72496660995913, "running_time": 45424.476623535156, "local_count": 68, "common_count": 72}}, "sim1": {"simulation_id": 1, "user_seed": 47045480, "Nearest": {"max_delay": 0.14797635938268056, "cost": 165.3, "target_value": 230.62635938268056, "running_time": 2.0017623901367188, "local_count": 140, "common_count": 0}, "M-Greedy": {"max_delay": 0.13671299948840282, "cost": 135.21428571428572, "target_value": 204.3201423455457, "running_time": 3734.476089477539, "n_selected_site": 10, "local_count": 34, "common_count": 106}, "M-Greedy-V2(Tx+Tp+Tq)": {"max_delay": 0.13671299948840282, "cost": 134.72857142857143, "target_value": 204.07728520268853, "running_time": 4316.701650619507, "n_selected_site": 6, "local_count": 26, "common_count": 114}, "Ours": {"max_delay": 0.1350091717433266, "cost": 129.2, "target_value": 199.6091717433266, "running_time": 45042.15717315674, "local_count": 76, "common_count": 64}}}, "80": {"sim0": {"simulation_id": 0, "user_seed": 54886175, "Nearest": {"max_delay": 0.15626308972033348, "cost": 181.8375, "target_value": 247.18183972033347, "running_time": 3.002166748046875, "local_count": 160, "common_count": 0}, "M-Greedy": {"max_delay": 0.14280973901200716, "cost": 150.95, "target_value": 218.28473901200715, "running_time": 4839.381217956543, "n_selected_site": 10, "local_count": 66, "common_count": 94}, "M-Greedy-V2(Tx+Tp+Tq)": {"max_delay": 0.1423748208093633, "cost": 155.7375, "target_value": 220.24357080936332, "running_time": 5600.57806968689, "n_selected_site": 6, "local_count": 42, "common_count": 118}, "Ours": {"max_delay": 0.13628125355790133, "cost": 147.375, "target_value": 209.96875355790132, "running_time": 57674.837827682495, "local_count": 113, "common_count": 47}}, "sim1": {"simulation_id": 1, "user_seed": 57965391, "Nearest": {"max_delay": 0.15333689820631208, "cost": 186.4625, "target_value": 246.56814820631206, "running_time": 3.002643585205078, "local_count": 160, "common_count": 0}, "M-Greedy": {"max_delay": 0.1443368982063121, "cost": 157.7, "target_value": 223.1868982063121, "running_time": 5822.332859039307, "n_selected_site": 13, "local_count": 84, "common_count": 76}, "M-Greedy-V2(Tx+Tp+Tq)": {"max_delay": 0.14121217698171495, "cost": 153.1625, "target_value": 217.79342698171496, "running_time": 6377.981901168823, "n_selected_site": 7, "local_count": 20, "common_count": 140},