{"40": {"sim0": {"simulation_id": 0, "user_seed": 47518129, "Nearest": {"max_delay": 0.15348005811278903, "cost": 111.625, "target_value": 209.29255811278904, "running_time": 1.001119613647461, "local_count": 80, "common_count": 0}, "M-Greedy": {"max_delay": 0.14856728358981983, "cost": 94.55, "target_value": 195.84228358981983, "running_time": 902.3323059082031, "n_selected_site": 7, "local_count": 16, "common_count": 64}, "M-Greedy-V2(Tx+Tp+Tq)": {"max_delay": 0.14095517301500632, "cost": 92.45, "target_value": 187.18017301500632, "running_time": 1746.7026710510254, "n_selected_site": 8, "local_count": 16, "common_count": 64}, "Ours": {"max_delay": 0.13738392943461464, "cost": 85.4, "target_value": 180.08392943461462, "running_time": 17044.57950592041, "local_count": 48, "common_count": 32}}, "sim1": {"simulation_id": 1, "user_seed": 65938984, "Nearest": {"max_delay": 0.15189599112256802, "cost": 105.75, "target_value": 204.770991122568, "running_time": 1.0013580322265625, "local_count": 80, "common_count": 0}, "M-Greedy": {"max_delay": 0.23671882527018256, "cost": 87.0, "target_value": 280.2188252701826, "running_time": 253.20935249328613, "n_selected_site": 1, "local_count": 80, "common_count": 0}, "M-Greedy-V2(Tx+Tp+Tq)": {"max_delay": 0.14150356777125142, "cost": 97.925, "target_value": 190.46606777125143, "running_time": 1440.201759338379, "n_selected_site": 6, "local_count": 6, "common_count": 74}, "Ours": {"max_delay": 0.1365013220526794, "cost": 87.125, "target_value": 180.0638220526794, "running_time": 17182.194709777832, "local_count": 53, "common_count": 27}}}, "50": {"sim0": {"simulation_id": 0, "user_seed": 62716803, "Nearest": {"max_delay": 0.15130510788262336, "cost": 129.08, "target_value": 215.84510788262338, "running_time": 1.001119613647461, "local_count": 100, "common_count": 0}, "M-Greedy": {"max_delay": 0.15237956231137817, "cost": 121.82, "target_value": 213.28956231137818, "running_time": 1926.6135692596436, "n_selected_site": 10, "local_count": 30, "common_count": 70}, "M-Greedy-V2(Tx+Tp+Tq)": {"max_delay": 0.14019128709523732, "cost": 115.14, "target_value": 197.76128709523732, "running_time": 3064.291000366211, "n_selected_site": 9, "local_count": 20, "common_count": 80}, "Ours": {"max_delay": 0.1378207442065712, "cost": 104.44, "target_value": 190.0407442065712, "running_time": 25189.261436462402, "local_count": 75, "common_count": 25}}, "sim1": {"simulation_id": 1, "user_seed": 87533242, "Nearest": {"max_delay": 0.14964762235153295, "cost": 133.82, "target_value": 216.55762235153296, "running_time": 2.0020008087158203, "local_count": 100, "common_count": 0}, "M-Greedy": {"max_delay": 0.14772207678028776, "cost": 121.12, "target_value": 208.28207678028775, "running_time": 2365.811347961426, "n_selected_site": 13, "local_count": 62, "common_count": 38}, "M-Greedy-V2(Tx+Tp+Tq)": {"max_delay": 0.13940190391839116, "cost": 108.6, "target_value": 193.70190391839117, "running_time": 2204.451560974121, "n_selected_site": 6, "local_count": 16, "common_count": 84}, "Ours": {"max_delay": 0.1347104545485565, "cost": 93.78, "target_value": 181.6004545485565, "running_time": 25092.357873916626, "local_count": 46, "common_count": 54}}}, "60": {"sim0": {"simulation_id": 0, "user_seed": 40485338, "Nearest": {"max_delay": 0.1551891684394673, "cost": 148.61666666666667, "target_value": 229.49750177280066, "running_time": 2.0017623901367188, "local_count": 120, "common_count": 0}, "M-Greedy": {"max_delay": 0.15335766660796546, "cost": 128.73333333333332, "target_value": 217.7243332746321, "running_time": 2600.834846496582, "n_selected_site": 9, "local_count": 36, "common_count": 84}, "M-Greedy-V2(Tx+Tp+Tq)": {"max_delay": 0.13928300589554396, "cost": 115.73333333333333, "target_value": 197.14967256221064, "running_time": 4388.233661651611, "n_selected_site": 9, "local_count": 30, "common_count": 90}, "Ours": {"max_delay": 0.13497894541170818, "cost": 111.33333333333333, "target_value": 190.64561207837485, "running_time": 33950.42872428894, "local_count": 61, "common_count": 59}}, "sim1": {"simulation_id": 1, "user_seed": 95846889, "Nearest": {"max_delay": 0.15314642616355628, "cost": 151.03333333333333, "target_value": 228.66309283022292, "running_time": 1.0013580322265625, "local_count": 120, "common_count": 0}, "M-Greedy": {"max_delay": 0.23577275274729187, "cost": 120.0, "target_value": 295.77275274729186, "running_time": 568.0663585662842, "n_selected_site": 1, "local_count": 120, "common_count": 0}, "M-Greedy-V2(Tx+Tp+Tq)": {"max_delay": 0.23577275274729187, "cost": 120.0, "target_value": 295.77275274729186, "running_time": 1007.0061683654785, "n_selected_site": 1, "local_count": 120, "common_count": 0}, "Ours": {"max_delay": 0.13510936208390123, "cost": 113.1, "target_value": 191.65936208390121, "running_time": 33956.515073776245, "local_count": 72, "common_count": 48}}}, "70": {"sim0": {"simulation_id": 0, "user_seed": 49474222, "Nearest": {"max_delay": 0.15537886318147187, "cost": 150.77142857142857, "target_value": 230.76457746718614, "running_time": 3.002166748046875, "local_count": 140, "common_count": 0}, "M-Greedy": {"max_delay": 0.1408929734599609, "cost": 127.15714285714286, "target_value": 204.47154488853232, "running_time": 3654.111862182617, "n_selected_site": 10, "local_count": 74, "common_count": 66}, "M-Greedy-V2(Tx+Tp+Tq)": {"max_delay": 0.1408929734599609, "cost": 132.57142857142858, "target_value": 207.17868774567518, "running_time": 4887.943506240845, "n_selected_site": 7, "local_count": 30, "common_count": 110}, "Ours": {"max_delay": 0.1348209124040095, "cost": 121.92857142857143, "target_value": 195.78519811829523, "running_time": 45194.86904144287, "local_count": 88, "common_count": 52}}, "sim1": {"simulation_id": 1, "user_seed": 5494482, "Nearest": {"max_delay": 0.15322714112126717, "cost": 167.4, "target_value": 236.9271411212672, "running_time": 2.0020008087158203, "local_count": 140, "common_count": 0}, "M-Greedy": {"max_delay": 0.13924154071461844, "cost": 132.4, "target_value": 205.44154071461844, "running_time": 3763.3535861968994, "n_selected_site": 10, "local_count": 62, "common_count": 78}, "M-Greedy-V2(Tx+Tp+Tq)": {"max_delay": 0.13924154071461844, "cost": 134.0, "target_value": 206.24154071461845, "running_time": 4390.5370235443115, "n_selected_site": 6, "local_count": 32, "common_count": 108}, "Ours": {"max_delay": 0.13787461565001896, "cost": 126.87142857142857, "target_value": 201.31032993573325, "running_time": 45986.97090148926, "local_count": 84, "common_count": 56}}}, "80": {"sim0": {"simulation_id": 0, "user_seed": 37118153, "Nearest": {"max_delay": 0.15560918432930948, "cost": 194.0, "target_value": 252.60918432930947, "running_time": 3.0028820037841797, "local_count": 160, "common_count": 0}, "M-Greedy": {"max_delay": 0.14238123970093153, "cost": 151.15, "target_value": 217.95623970093152, "running_time": 4805.164813995361, "n_selected_site": 10, "local_count": 50, "common_count": 110}, "M-Greedy-V2(Tx+Tp+Tq)": {"max_delay": 0.14218014863455566, "cost": 156.5125, "target_value": 220.43639863455567, "running_time": 5651.575088500977, "n_selected_site": 6, "local_count": 26, "common_count": 134}, "Ours": {"max_delay": 0.13522799552450782, "cost": 144.8125, "target_value": 207.6342455245078, "running_time": 57701.89714431763, "local_count": 85, "common_count": 75}}, "sim1": {"simulation_id": 1, "user_seed": 94292669, "Nearest": {"max_delay": 0.15072141437050646, "cost": 173.8125, "target_value": 237.62766437050647, "running_time": 3.0012130737304688, "local_count": 160, "common_count": 0}, "M-Greedy": {"max_delay": 0.14772141437050645, "cost": 156.4375, "target_value": 225.94016437050647, "running_time": 5490.572690963745, "n_selected_site": 12, "local_count": 70, "common_count": 90}, "M-Greedy-V2(Tx+Tp+Tq)": {"max_delay": 0.14055894550124567, "cost": 140.8, "target_value": 210.9589455012457, "running_time": 7662.683725357056, "n_selected_site": 9, "local_count": 38, "common_count": 122},