{"40": {"sim0": {"simulation_id": 0, "user_seed": 12844302, "Nearest": {"max_delay": 0.14860451640632377, "cost": 103.725, "target_value": 200.46701640632375, "running_time": 1.0006427764892578, "local_count": 80, "common_count": 0}, "M-Greedy": {"max_delay": 0.13911841045421594, "cost": 88.825, "target_value": 183.53091045421593, "running_time": 1186.168909072876, "n_selected_site": 10, "local_count": 34, "common_count": 46}, "M-Greedy-V2(Tx+Tp+Tq)": {"max_delay": 0.13911841045421594, "cost": 90.025, "target_value": 184.13091045421595, "running_time": 1406.365156173706, "n_selected_site": 6, "local_count": 18, "common_count": 62}, "Ours": {"max_delay": 0.13611841045421594, "cost": 85.0, "target_value": 178.61841045421593, "running_time": 16934.173822402954, "local_count": 57, "common_count": 23}}, "sim1": {"simulation_id": 1, "user_seed": 81442654, "Nearest": {"max_delay": 0.15304967845872755, "cost": 112.925, "target_value": 209.51217845872756, "running_time": 2.001523971557617, "local_count": 80, "common_count": 0}, "M-Greedy": {"max_delay": 0.23762433390552573, "cost": 87.0, "target_value": 281.12433390552576, "running_time": 255.21111488342285, "n_selected_site": 1, "local_count": 80, "common_count": 0}, "M-Greedy-V2(Tx+Tp+Tq)": {"max_delay": 0.1383581873041529, "cost": 93.6, "target_value": 185.15818730415288, "running_time": 1411.874771118164, "n_selected_site": 6, "local_count": 18, "common_count": 62}, "Ours": {"max_delay": 0.1383581873041529, "cost": 89.025, "target_value": 182.8706873041529, "running_time": 17783.37860107422, "local_count": 49, "common_count": 31}}}, "50": {"sim0": {"simulation_id": 0, "user_seed": 91929330, "Nearest": {"max_delay": 0.1473517862128933, "cost": 124.08, "target_value": 209.3917862128933, "running_time": 2.0020008087158203, "local_count": 100, "common_count": 0}, "M-Greedy": {"max_delay": 0.1473517862128933, "cost": 110.0, "target_value": 202.3517862128933, "running_time": 2419.750452041626, "n_selected_site": 14, "local_count": 52, "common_count": 48}, "M-Greedy-V2(Tx+Tp+Tq)": {"max_delay": 0.14068493966606238, "cost": 99.18, "target_value": 190.27493966606238, "running_time": 2499.577045440674, "n_selected_site": 7, "local_count": 22, "common_count": 78}, "Ours": {"max_delay": 0.13642443099890184, "cost": 92.24, "target_value": 182.54443099890184, "running_time": 26158.65659713745, "local_count": 53, "common_count": 47}}, "sim1": {"simulation_id": 1, "user_seed": 50041515, "Nearest": {"max_delay": 0.1548975521177044, "cost": 133.3, "target_value": 221.5475521177044, "running_time": 1.001119613647461, "local_count": 100, "common_count": 0}, "M-Greedy": {"max_delay": 0.2400430486061783, "cost": 98.0, "target_value": 289.04304860617833, "running_time": 392.32420921325684, "n_selected_site": 1, "local_count": 100, "common_count": 0}, "M-Greedy-V2(Tx+Tp+Tq)": {"max_delay": 0.1418255453886751, "cost": 110.96, "target_value": 197.30554538867509, "running_time": 2229.18963432312, "n_selected_site": 6, "local_count": 26, "common_count": 74}, "Ours": {"max_delay": 0.13631216521409711, "cost": 103.12, "target_value": 187.87216521409712, "running_time": 26678.938627243042, "local_count": 55, "common_count": 45}}}, "60": {"sim0": {"simulation_id": 0, "user_seed": 54962902, "Nearest": {"max_delay": 0.14976682527036478, "cost": 147.76666666666668, "target_value": 223.65015860369812, "running_time": 2.0012855529785156, "local_count": 120, "common_count": 0}, "M-Greedy": {"max_delay": 0.15393532343886296, "cost": 129.11666666666667, "target_value": 218.4936567721963, "running_time": 3132.7171325683594, "n_selected_site": 12, "local_count": 58, "common_count": 62}, "M-Greedy-V2(Tx+Tp+Tq)": {"max_delay": 0.14168470594228671, "cost": 118.5, "target_value": 200.9347059422867, "running_time": 4694.916009902954, "n_selected_site": 10, "local_count": 28, "common_count": 92}, "Ours": {"max_delay": 0.13598948883681816, "cost": 111.9, "target_value": 191.93948883681816, "running_time": 34486.393451690674, "local_count": 68, "common_count": 52}}, "sim1": {"simulation_id": 1, "user_seed": 77929, "Nearest": {"max_delay": 0.15179288413307102, "cost": 136.88333333333333, "target_value": 220.2345507997377, "running_time": 2.0008087158203125, "local_count": 120, "common_count": 0}, "M-Greedy": {"max_delay": 0.13980644470079806, "cost": 112.41666666666667, "target_value": 196.0147780341314, "running_time": 2761.7108821868896, "n_selected_site": 10, "local_count": 50, "common_count": 70}, "M-Greedy-V2(Tx+Tp+Tq)": {"max_delay": 0.13980644470079806, "cost": 114.48333333333333, "target_value": 197.04811136746474, "running_time": 4328.550815582275, "n_selected_site": 9, "local_count": 26, "common_count": 94}, "Ours": {"max_delay": 0.13526813518604572, "cost": 109.88333333333334, "target_value": 190.2098018527124, "running_time": 33272.60971069336, "local_count": 78, "common_count": 42}}}, "70": {"sim0": {"simulation_id": 0, "user_seed": 34301058, "Nearest": {"max_delay": 0.15279967028362781, "cost": 173.22857142857143, "target_value": 239.41395599791355, "running_time": 2.0020008087158203, "local_count": 140, "common_count": 0}, "M-Greedy": {"max_delay": 0.1434308594772824, "cost": 130.9, "target_value": 208.8808594772824, "running_time": 3737.1222972869873, "n_selected_site": 10, "local_count": 48, "common_count": 92}, "M-Greedy-V2(Tx+Tp+Tq)": {"max_delay": 0.14317965456435328, "cost": 135.88571428571427, "target_value": 211.12251170721044, "running_time": 4266.977310180664, "n_selected_site": 6, "local_count": 26, "common_count": 114}, "Ours": {"max_delay": 0.13820282360242725, "cost": 123.97142857142858, "target_value": 200.18853788814155, "running_time": 45275.126934051514, "local_count": 78, "common_count": 62}}, "sim1": {"simulation_id": 1, "user_seed": 94206961, "Nearest": {"max_delay": 0.1564529947678793, "cost": 155.07142857142858, "target_value": 233.9887090535936, "running_time": 3.0024051666259766, "local_count": 140, "common_count": 0}, "M-Greedy": {"max_delay": 0.14173786696720225, "cost": 129.47142857142856, "target_value": 206.47358125291652, "running_time": 3634.4006061553955, "n_selected_site": 10, "local_count": 50, "common_count": 90}, "M-Greedy-V2(Tx+Tp+Tq)": {"max_delay": 0.14173786696720225, "cost": 131.52857142857144, "target_value": 207.50215268148798, "running_time": 4840.328931808472, "n_selected_site": 7, "local_count": 28, "common_count": 112}, "Ours": {"max_delay": 0.13606494863320714, "cost": 124.5, "target_value": 198.31494863320714, "running_time": 45427.50406265259, "local_count": 86, "common_count": 54}}}, "80": {"sim0": {"simulation_id": 0, "user_seed": 29862163, "Nearest": {"max_delay": 0.15818863529157867, "cost": 192.55, "target_value": 254.46363529157867, "running_time": 2.001523971557617, "local_count": 160, "common_count": 0}, "M-Greedy": {"max_delay": 0.14228119778579154, "cost": 150.8, "target_value": 217.68119778579154, "running_time": 4779.941558837891, "n_selected_site": 10, "local_count": 48, "common_count": 112}, "M-Greedy-V2(Tx+Tp+Tq)": {"max_delay": 0.1403748208093633, "cost": 152.9, "target_value": 216.8248208093633, "running_time": 6278.911113739014, "n_selected_site": 7, "local_count": 26, "common_count": 134}, "Ours": {"max_delay": 0.13542266769931546, "cost": 144.0375, "target_value": 207.44141769931548, "running_time": 57206.45594596863, "local_count": 87, "common_count": 73}}, "sim1": {"simulation_id": 1, "user_seed": 44257807, "Nearest": {"max_delay": 0.15602432988311282, "cost": 175.125, "target_value": 243.5868298831128, "running_time": 3.002166748046875, "local_count": 160, "common_count": 0}, "M-Greedy": {"max_delay": 0.14348586120335294, "cost": 148.075, "target_value": 217.52336120335292, "running_time": 4782.160997390747, "n_selected_site": 10, "local_count": 58, "common_count": 102}, "M-Greedy-V2(Tx+Tp+Tq)": {"max_delay": 0.14348586120335294, "cost": 150.975, "target_value": 218.9733612033529, "running_time": 6331.135988235474, "n_selected_site": 7, "local_count": 32,