{"40": {"sim0": {"simulation_id": 0, "user_seed": 69968152, "Nearest": {"max_delay": 0.15604967845872755, "cost": 112.85, "target_value": 212.47467845872757, "running_time": 1.0008811950683594, "local_count": 80, "common_count": 0}, "M-Greedy": {"max_delay": 0.13632457960577143, "cost": 91.8, "target_value": 182.22457960577145, "running_time": 1201.6665935516357, "n_selected_site": 11, "local_count": 34, "common_count": 46}, "M-Greedy-V2(Tx+Tp+Tq)": {"max_delay": 0.13632457960577143, "cost": 94.9, "target_value": 183.77457960577146, "running_time": 1800.7276058197021, "n_selected_site": 9, "local_count": 18, "common_count": 62}, "Ours": {"max_delay": 0.13498755078093774, "cost": 87.3, "target_value": 178.63755078093774, "running_time": 16374.565601348877, "local_count": 55, "common_count": 25}}, "sim1": {"simulation_id": 1, "user_seed": 67355953, "Nearest": {"max_delay": 0.15090747601501517, "cost": 106.925, "target_value": 204.36997601501517, "running_time": 1.0001659393310547, "local_count": 80, "common_count": 0}, "M-Greedy": {"max_delay": 0.23688652671868232, "cost": 87.0, "target_value": 280.3865267186823, "running_time": 245.20206451416016, "n_selected_site": 1, "local_count": 80, "common_count": 0}, "M-Greedy-V2(Tx+Tp+Tq)": {"max_delay": 0.14277218124971724, "cost": 96.4, "target_value": 190.97218124971727, "running_time": 1542.8075790405273, "n_selected_site": 7, "local_count": 14, "common_count": 66}, "Ours": {"max_delay": 0.13708172191387752, "cost": 85.525, "target_value": 179.8442219138775, "running_time": 17340.624570846558, "local_count": 52, "common_count": 28}}}, "50": {"sim0": {"simulation_id": 0, "user_seed": 72375116, "Nearest": {"max_delay": 0.15260426319893394, "cost": 118.48, "target_value": 211.84426319893396, "running_time": 2.001523971557617, "local_count": 100, "common_count": 0}, "M-Greedy": {"max_delay": 0.23404285234757843, "cost": 98.0, "target_value": 283.04285234757845, "running_time": 381.9234371185303, "n_selected_site": 1, "local_count": 100, "common_count": 0}, "M-Greedy-V2(Tx+Tp+Tq)": {"max_delay": 0.23404285234757843, "cost": 98.0, "target_value": 283.04285234757845, "running_time": 709.6984386444092, "n_selected_site": 1, "local_count": 100, "common_count": 0}, "Ours": {"max_delay": 0.13665764066004116, "cost": 90.28, "target_value": 181.79764066004117, "running_time": 25280.168533325195, "local_count": 53, "common_count": 47}}, "sim1": {"simulation_id": 1, "user_seed": 37475852, "Nearest": {"max_delay": 0.15324617316106603, "cost": 131.46, "target_value": 218.97617316106601, "running_time": 1.001119613647461, "local_count": 100, "common_count": 0}, "M-Greedy": {"max_delay": 0.13873610099893668, "cost": 111.68, "target_value": 194.57610099893668, "running_time": 2049.72505569458, "n_selected_site": 11, "local_count": 36, "common_count": 64}, "M-Greedy-V2(Tx+Tp+Tq)": {"max_delay": 0.13873610099893668, "cost": 114.04, "target_value": 195.7561009989367, "running_time": 2766.996145248413, "n_selected_site": 8, "local_count": 20, "common_count": 80}, "Ours": {"max_delay": 0.13413768698213707, "cost": 101.2, "target_value": 184.73768698213706, "running_time": 25311.175107955933, "local_count": 66, "common_count": 34}}}, "60": {"sim0": {"simulation_id": 0, "user_seed": 89927279, "Nearest": {"max_delay": 0.15593228326899888, "cost": 149.88333333333333, "target_value": 230.87394993566554, "running_time": 2.002239227294922, "local_count": 120, "common_count": 0}, "M-Greedy": {"max_delay": 0.2367301444464996, "cost": 120.0, "target_value": 296.7301444464996, "running_time": 572.075366973877, "n_selected_site": 1, "local_count": 120, "common_count": 0}, "M-Greedy-V2(Tx+Tp+Tq)": {"max_delay": 0.14182387012027398, "cost": 130.56666666666666, "target_value": 207.1072034536073, "running_time": 3227.6675701141357, "n_selected_site": 6, "local_count": 28, "common_count": 92}, "Ours": {"max_delay": 0.1374303901467453, "cost": 114.23333333333333, "target_value": 194.54705681341198, "running_time": 34634.272813797, "local_count": 68, "common_count": 52}}, "sim1": {"simulation_id": 1, "user_seed": 93998391, "Nearest": {"max_delay": 0.15308715848229548, "cost": 137.03333333333333, "target_value": 221.60382514896213, "running_time": 2.001047134399414, "local_count": 120, "common_count": 0}, "M-Greedy": {"max_delay": 0.14109786713310346, "cost": 114.45, "target_value": 198.32286713310344, "running_time": 2715.7580852508545, "n_selected_site": 10, "local_count": 56, "common_count": 64}, "M-Greedy-V2(Tx+Tp+Tq)": {"max_delay": 0.14109786713310346, "cost": 115.7, "target_value": 198.94786713310344, "running_time": 4064.7127628326416, "n_selected_site": 8, "local_count": 30, "common_count": 90}, "Ours": {"max_delay": 0.13487832726652352, "cost": 113.86666666666666, "target_value": 191.81166059985685, "running_time": 34539.477825164795, "local_count": 76, "common_count": 44}}}, "70": {"sim0": {"simulation_id": 0, "user_seed": 84729214, "Nearest": {"max_delay": 0.15120320917351654, "cost": 146.77142857142857, "target_value": 224.58892345923084, "running_time": 2.001523971557617, "local_count": 140, "common_count": 0}, "M-Greedy": {"max_delay": 0.13885740893817652, "cost": 130.38571428571427, "target_value": 204.05026608103367, "running_time": 3661.062717437744, "n_selected_site": 10, "local_count": 50, "common_count": 90}, "M-Greedy-V2(Tx+Tp+Tq)": {"max_delay": 0.13885740893817652, "cost": 132.47142857142856, "target_value": 205.0931232238908, "running_time": 5376.416921615601, "n_selected_site": 8, "local_count": 30, "common_count": 110}, "Ours": {"max_delay": 0.13721373710669432, "cost": 118.91428571428571, "target_value": 196.67087996383717, "running_time": 45087.7046585083, "local_count": 96, "common_count": 44}}, "sim1": {"simulation_id": 1, "user_seed": 1693867, "Nearest": {"max_delay": 0.1547040993488133, "cost": 155.7, "target_value": 232.55409934881328, "running_time": 2.0020008087158203, "local_count": 140, "common_count": 0}, "M-Greedy": {"max_delay": 0.1403122533670457, "cost": 128.95714285714286, "target_value": 204.7908247956171, "running_time": 3944.4074630737305, "n_selected_site": 11, "local_count": 86, "common_count": 54}, "M-Greedy-V2(Tx+Tp+Tq)": {"max_delay": 0.1403122533670457, "cost": 132.31428571428572, "target_value": 206.46939622418853, "running_time": 4278.563737869263, "n_selected_site": 6, "local_count": 34, "common_count": 106}, "Ours": {"max_delay": 0.1358327701115194, "cost": 121.12857142857143, "target_value": 196.39705582580513, "running_time": 45941.47086143494, "local_count": 90, "common_count": 50}}}, "80": {"sim0": {"simulation_id": 0, "user_seed": 87901266, "Nearest": {"max_delay": 0.15544876509124664, "cost": 195.3875, "target_value": 253.14251509124662, "running_time": 3.002166748046875, "local_count": 160, "common_count": 0}, "M-Greedy": {"max_delay": 0.14004542672791753, "cost": 157.7125, "target_value": 218.90167672791756, "running_time": 4812.228679656982, "n_selected_site": 10, "local_count": 44, "common_count": 116}, "M-Greedy-V2(Tx+Tp+Tq)": {"max_delay": 0.14004542672791753, "cost": 157.9125, "target_value": 219.00167672791753, "running_time": 7798.577547073364, "n_selected_site": 9, "local_count": 28, "common_count": 132}, "Ours": {"max_delay": 0.13549735820084227, "cost": 151.5125, "target_value": 211.25360820084228, "running_time": 58533.08296203613, "local_count": 87, "common_count": 73}}, "sim1": {"simulation_id": 1, "user_seed": 80411459, "Nearest": {"max_delay": 0.1568480113444889, "cost": 178.7625, "target_value": 246.2292613444889, "running_time": 3.0024051666259766, "local_count": 160, "common_count": 0}, "M-Greedy": {"max_delay": 0.23772746307435894, "cost": 142.0, "target_value": 308.7274630743589, "running_time": 990.1671409606934, "n_selected_site": 1, "local_count": 160, "common_count": 0}, "M-Greedy-V2(Tx+Tp+Tq)": {"max_delay": 0.1430504985049143, "cost": 158.9, "target_value": 222.50049850491433, "running_time": 5012.951612472534, "n_selected_site": 5, "local_count": 0,