{"40": {"sim0": {"simulation_id": 0, "user_seed": 48782781, "Nearest": {"max_delay": 0.14338996859880077, "cost": 104.325, "target_value": 195.55246859880077, "running_time": 1.0063648223876953, "local_count": 80, "common_count": 0}, "M-Greedy": {"max_delay": 0.2365572486424466, "cost": 87.0, "target_value": 280.05724864244655, "running_time": 240.26012420654297, "n_selected_site": 1, "local_count": 80, "common_count": 0}, "M-Greedy-V2(Tx+Tp+Tq)": {"max_delay": 0.1361712472564452, "cost": 98.65, "target_value": 185.4962472564452, "running_time": 1362.3826503753662, "n_selected_site": 6, "local_count": 14, "common_count": 66}, "Ours": {"max_delay": 0.13378099524183404, "cost": 85.1, "target_value": 176.33099524183405, "running_time": 16551.96189880371, "local_count": 60, "common_count": 20}}, "sim1": {"simulation_id": 1, "user_seed": 64133193, "Nearest": {"max_delay": 0.15500104326647718, "cost": 110.7, "target_value": 210.35104326647718, "running_time": 1.001596450805664, "local_count": 80, "common_count": 0}, "M-Greedy": {"max_delay": 0.23688652671868232, "cost": 87.0, "target_value": 280.3865267186823, "running_time": 252.213716506958, "n_selected_site": 1, "local_count": 80, "common_count": 0}, "M-Greedy-V2(Tx+Tp+Tq)": {"max_delay": 0.1411752891653395, "cost": 96.825, "target_value": 189.5877891653395, "running_time": 1623.5706806182861, "n_selected_site": 7, "local_count": 22, "common_count": 58}, "Ours": {"max_delay": 0.13568207256901804, "cost": 89.95, "target_value": 180.65707256901803, "running_time": 17050.851345062256, "local_count": 51, "common_count": 29}}}, "50": {"sim0": {"simulation_id": 0, "user_seed": 24896704, "Nearest": {"max_delay": 0.14850347334341418, "cost": 125.9, "target_value": 211.4534733434142, "running_time": 2.001523971557617, "local_count": 100, "common_count": 0}, "M-Greedy": {"max_delay": 0.1377952685150336, "cost": 108.14, "target_value": 191.8652685150336, "running_time": 1897.2952365875244, "n_selected_site": 10, "local_count": 38, "common_count": 62}, "M-Greedy-V2(Tx+Tp+Tq)": {"max_delay": 0.1377952685150336, "cost": 109.84, "target_value": 192.71526851503359, "running_time": 2750.957250595093, "n_selected_site": 8, "local_count": 28, "common_count": 72}, "Ours": {"max_delay": 0.13452865308132017, "cost": 102.52, "target_value": 185.78865308132015, "running_time": 24800.995588302612, "local_count": 53, "common_count": 47}}, "sim1": {"simulation_id": 1, "user_seed": 98228757, "Nearest": {"max_delay": 0.15166442699858917, "cost": 127.78, "target_value": 215.55442699858918, "running_time": 1.0001659393310547, "local_count": 100, "common_count": 0}, "M-Greedy": {"max_delay": 0.154738881427344, "cost": 115.2, "target_value": 212.33888142734398, "running_time": 1770.9743976593018, "n_selected_site": 9, "local_count": 28, "common_count": 72}, "M-Greedy-V2(Tx+Tp+Tq)": {"max_delay": 0.14106844468258062, "cost": 112.04, "target_value": 197.08844468258062, "running_time": 2769.1826820373535, "n_selected_site": 8, "local_count": 22, "common_count": 78}, "Ours": {"max_delay": 0.13589548700113444, "cost": 104.76, "target_value": 188.27548700113442, "running_time": 25086.49730682373, "local_count": 57, "common_count": 43}}}, "60": {"sim0": {"simulation_id": 0, "user_seed": 8414941, "Nearest": {"max_delay": 0.15743538494266535, "cost": 147.81666666666666, "target_value": 231.34371827599867, "running_time": 2.001523971557617, "local_count": 120, "common_count": 0}, "M-Greedy": {"max_delay": 0.1436163005706733, "cost": 128.2, "target_value": 207.71630057067327, "running_time": 2745.0737953186035, "n_selected_site": 10, "local_count": 44, "common_count": 76}, "M-Greedy-V2(Tx+Tp+Tq)": {"max_delay": 0.14181904031183282, "cost": 135.01666666666668, "target_value": 209.32737364516618, "running_time": 3240.408420562744, "n_selected_site": 6, "local_count": 8, "common_count": 112}, "Ours": {"max_delay": 0.13756811376393757, "cost": 113.78333333333333, "target_value": 194.4597804306042, "running_time": 33436.824321746826, "local_count": 72, "common_count": 48}}, "sim1": {"simulation_id": 1, "user_seed": 74098588, "Nearest": {"max_delay": 0.15550338404692904, "cost": 139.05, "target_value": 225.02838404692903, "running_time": 2.001523971557617, "local_count": 120, "common_count": 0}, "M-Greedy": {"max_delay": 0.13920158499918872, "cost": 114.6, "target_value": 196.5015849991887, "running_time": 2713.7062549591064, "n_selected_site": 10, "local_count": 36, "common_count": 84}, "M-Greedy-V2(Tx+Tp+Tq)": {"max_delay": 0.13920158499918872, "cost": 115.06666666666666, "target_value": 196.73491833252206, "running_time": 3924.403429031372, "n_selected_site": 8, "local_count": 28, "common_count": 92}, "Ours": {"max_delay": 0.1352016979633523, "cost": 109.48333333333333, "target_value": 189.94336463001898, "running_time": 33289.86072540283, "local_count": 69, "common_count": 51}}}, "70": {"sim0": {"simulation_id": 0, "user_seed": 86562077, "Nearest": {"max_delay": 0.15563065641502957, "cost": 159.18571428571428, "target_value": 235.2235135578867, "running_time": 2.001047134399414, "local_count": 140, "common_count": 0}, "M-Greedy": {"max_delay": 0.15370511084378438, "cost": 141.9, "target_value": 224.65511084378437, "running_time": 3434.8928928375244, "n_selected_site": 9, "local_count": 42, "common_count": 98}, "M-Greedy-V2(Tx+Tp+Tq)": {"max_delay": 0.1410929085345775, "cost": 131.77142857142857, "target_value": 206.97862282029178, "running_time": 4277.94623374939, "n_selected_site": 6, "local_count": 30, "common_count": 110}, "Ours": {"max_delay": 0.13557763270715265, "cost": 124.24285714285715, "target_value": 197.6990612785812, "running_time": 44417.479276657104, "local_count": 80, "common_count": 60}}, "sim1": {"simulation_id": 1, "user_seed": 55817955, "Nearest": {"max_delay": 0.15638874097095207, "cost": 161.14285714285714, "target_value": 236.96016954238064, "running_time": 2.0012855529785156, "local_count": 140, "common_count": 0}, "M-Greedy": {"max_delay": 0.14555723913945023, "cost": 134.05714285714285, "target_value": 212.58581056802166, "running_time": 3952.5656700134277, "n_selected_site": 11, "local_count": 52, "common_count": 88}, "M-Greedy-V2(Tx+Tp+Tq)": {"max_delay": 0.1416285161889398, "cost": 133.57142857142858, "target_value": 208.41423047465406, "running_time": 6354.274272918701, "n_selected_site": 10, "local_count": 34, "common_count": 106}, "Ours": {"max_delay": 0.13597548990676941, "cost": 124.85714285714286, "target_value": 198.40406133534083, "running_time": 44977.09941864014, "local_count": 91, "common_count": 49}}}, "80": {"sim0": {"simulation_id": 0, "user_seed": 23789542, "Nearest": {"max_delay": 0.15811518871565022, "cost": 178.1375, "target_value": 247.1839387156502, "running_time": 3.002643585205078, "local_count": 160, "common_count": 0}, "M-Greedy": {"max_delay": 0.13917029377194018, "cost": 150.1875, "target_value": 214.26404377194018, "running_time": 4809.755325317383, "n_selected_site": 10, "local_count": 52, "common_count": 108}, "M-Greedy-V2(Tx+Tp+Tq)": {"max_delay": 0.13917029377194018, "cost": 152.05, "target_value": 215.1952937719402, "running_time": 5540.111541748047, "n_selected_site": 6, "local_count": 28, "common_count": 132}, "Ours": {"max_delay": 0.13777075686653129, "cost": 137.4875, "target_value": 206.5145068665313, "running_time": 57198.4543800354, "local_count": 99, "common_count": 61}}, "sim1": {"simulation_id": 1, "user_seed": 93527971, "Nearest": {"max_delay": 0.1553691402092423, "cost": 179.875, "target_value": 245.30664020924232, "running_time": 3.0024051666259766, "local_count": 160, "common_count": 0}, "M-Greedy": {"max_delay": 0.1434877947018334, "cost": 150.8625, "target_value": 218.9190447018334, "running_time": 4752.848863601685, "n_selected_site": 10, "local_count": 38, "common_count": 122}, "M-Greedy-V2(Tx+Tp+Tq)": {"max_delay": 0.1434877947018334, "cost": 151.5125, "target_value": 219.2440447018334, "running_time": 6432.907819747925, "n_selected_site": 7, "local_count": 26,