{"40": {"sim0": {"simulation_id": 0, "user_seed": 74323279, "Nearest": {"max_delay": 0.15203479935983494, "cost": 102.375, "target_value": 203.22229935983495, "running_time": 1.001119613647461, "local_count": 80, "common_count": 0}, "M-Greedy": {"max_delay": 0.13981236099056799, "cost": 89.9, "target_value": 184.76236099056797, "running_time": 1131.4117908477783, "n_selected_site": 10, "local_count": 28, "common_count": 52}, "M-Greedy-V2(Tx+Tp+Tq)": {"max_delay": 0.1394067251940537, "cost": 91.475, "target_value": 185.14422519405372, "running_time": 1654.5298099517822, "n_selected_site": 8, "local_count": 20, "common_count": 60}, "Ours": {"max_delay": 0.13581995790258858, "cost": 85.55, "target_value": 178.5949579025886, "running_time": 16192.610502243042, "local_count": 55, "common_count": 25}}, "sim1": {"simulation_id": 1, "user_seed": 47693867, "Nearest": {"max_delay": 0.15825914684368358, "cost": 108.05, "target_value": 212.2841468436836, "running_time": 1.0004043579101562, "local_count": 80, "common_count": 0}, "M-Greedy": {"max_delay": 0.14333314841941508, "cost": 93.375, "target_value": 190.02064841941507, "running_time": 1174.659252166748, "n_selected_site": 10, "local_count": 26, "common_count": 54}, "M-Greedy-V2(Tx+Tp+Tq)": {"max_delay": 0.14333314841941508, "cost": 93.65, "target_value": 190.15814841941506, "running_time": 1700.359582901001, "n_selected_site": 8, "local_count": 24, "common_count": 56}, "Ours": {"max_delay": 0.13815221033324182, "cost": 86.375, "target_value": 181.3397103332418, "running_time": 17331.78687095642, "local_count": 52, "common_count": 28}}}, "50": {"sim0": {"simulation_id": 0, "user_seed": 76009251, "Nearest": {"max_delay": 0.14969246330503058, "cost": 123.16, "target_value": 211.27246330503056, "running_time": 1.0004043579101562, "local_count": 100, "common_count": 0}, "M-Greedy": {"max_delay": 0.14969246330503058, "cost": 113.92, "target_value": 206.65246330503058, "running_time": 2424.3218898773193, "n_selected_site": 14, "local_count": 70, "common_count": 30}, "M-Greedy-V2(Tx+Tp+Tq)": {"max_delay": 0.13873610099893668, "cost": 114.68, "target_value": 196.07610099893668, "running_time": 2759.2124938964844, "n_selected_site": 8, "local_count": 14, "common_count": 86}, "Ours": {"max_delay": 0.13219706577241286, "cost": 103.46, "target_value": 183.92706577241285, "running_time": 25106.611013412476, "local_count": 64, "common_count": 36}}, "sim1": {"simulation_id": 1, "user_seed": 77395152, "Nearest": {"max_delay": 0.1508046691468763, "cost": 129.98, "target_value": 215.7946691468763, "running_time": 2.0017623901367188, "local_count": 100, "common_count": 0}, "M-Greedy": {"max_delay": 0.1508046691468763, "cost": 117.16, "target_value": 209.38466914687626, "running_time": 1722.9318618774414, "n_selected_site": 9, "local_count": 22, "common_count": 78}, "M-Greedy-V2(Tx+Tp+Tq)": {"max_delay": 0.1386130850765285, "cost": 108.22, "target_value": 192.7230850765285, "running_time": 2192.838430404663, "n_selected_site": 6, "local_count": 18, "common_count": 82}, "Ours": {"max_delay": 0.1356432603784919, "cost": 97.3, "target_value": 184.2932603784919, "running_time": 25174.30853843689, "local_count": 54, "common_count": 46}}}, "60": {"sim0": {"simulation_id": 0, "user_seed": 63454182, "Nearest": {"max_delay": 0.1486191710759806, "cost": 138.86666666666667, "target_value": 218.05250440931394, "running_time": 1.0006427764892578, "local_count": 120, "common_count": 0}, "M-Greedy": {"max_delay": 0.23996217177799473, "cost": 109.0, "target_value": 294.46217177799474, "running_time": 569.4708824157715, "n_selected_site": 1, "local_count": 120, "common_count": 0}, "M-Greedy-V2(Tx+Tp+Tq)": {"max_delay": 0.14219314543105704, "cost": 120.9, "target_value": 202.64314543105706, "running_time": 2779.167890548706, "n_selected_site": 5, "local_count": 0, "common_count": 120}, "Ours": {"max_delay": 0.13350385868670028, "cost": 111.4, "target_value": 189.2038586867003, "running_time": 34245.24664878845, "local_count": 72, "common_count": 48}}, "sim1": {"simulation_id": 1, "user_seed": 21601563, "Nearest": {"max_delay": 0.15345840113396308, "cost": 135.91666666666666, "target_value": 221.4167344672964, "running_time": 2.001523971557617, "local_count": 120, "common_count": 0}, "M-Greedy": {"max_delay": 0.1388416978861379, "cost": 113.51666666666667, "target_value": 195.60003121947122, "running_time": 2729.297399520874, "n_selected_site": 10, "local_count": 58, "common_count": 62}, "M-Greedy-V2(Tx+Tp+Tq)": {"max_delay": 0.1388416978861379, "cost": 115.81666666666666, "target_value": 196.75003121947123, "running_time": 4024.456739425659, "n_selected_site": 8, "local_count": 36, "common_count": 84}, "Ours": {"max_delay": 0.1358416978861379, "cost": 106.45, "target_value": 189.0666978861379, "running_time": 33871.87051773071, "local_count": 83, "common_count": 37}}}, "70": {"sim0": {"simulation_id": 0, "user_seed": 76512619, "Nearest": {"max_delay": 0.14687259751731147, "cost": 150.28571428571428, "target_value": 222.01545466016861, "running_time": 2.001523971557617, "local_count": 140, "common_count": 0}, "M-Greedy": {"max_delay": 0.15231888766127602, "cost": 134.68571428571428, "target_value": 219.66174480413315, "running_time": 3720.5910682678223, "n_selected_site": 10, "local_count": 58, "common_count": 82}, "M-Greedy-V2(Tx+Tp+Tq)": {"max_delay": 0.13975854351101025, "cost": 133.35714285714286, "target_value": 206.4371149395817, "running_time": 4863.099098205566, "n_selected_site": 7, "local_count": 20, "common_count": 120}, "Ours": {"max_delay": 0.13542697301007012, "cost": 121.85714285714286, "target_value": 196.35554443864157, "running_time": 45528.502225875854, "local_count": 84, "common_count": 56}}, "sim1": {"simulation_id": 1, "user_seed": 75068023, "Nearest": {"max_delay": 0.15764560697244515, "cost": 160.34285714285716, "target_value": 237.81703554387371, "running_time": 2.001523971557617, "local_count": 140, "common_count": 0}, "M-Greedy": {"max_delay": 0.14223554109508674, "cost": 131.7, "target_value": 208.08554109508674, "running_time": 3674.9825477600098, "n_selected_site": 10, "local_count": 58, "common_count": 82}, "M-Greedy-V2(Tx+Tp+Tq)": {"max_delay": 0.14192071814436336, "cost": 135.5857142857143, "target_value": 209.7135752872205, "running_time": 4314.814329147339, "n_selected_site": 6, "local_count": 34, "common_count": 106}, "Ours": {"max_delay": 0.1363123668376765, "cost": 126.24285714285715, "target_value": 199.43379540910507, "running_time": 45963.29951286316, "local_count": 93, "common_count": 47}}}, "80": {"sim0": {"simulation_id": 0, "user_seed": 61833403, "Nearest": {"max_delay": 0.1596849639918612, "cost": 195.4375, "target_value": 257.4037139918612, "running_time": 3.0019283294677734, "local_count": 160, "common_count": 0}, "M-Greedy": {"max_delay": 0.14376598942849533, "cost": 151.775, "target_value": 219.65348942849533, "running_time": 4801.41282081604, "n_selected_site": 10, "local_count": 38, "common_count": 122}, "M-Greedy-V2(Tx+Tp+Tq)": {"max_delay": 0.14079879623208663, "cost": 153.3125, "target_value": 217.45504623208663, "running_time": 5652.097225189209, "n_selected_site": 6, "local_count": 24, "common_count": 136}, "Ours": {"max_delay": 0.1361364506683952, "cost": 144.0375, "target_value": 208.1552006683952, "running_time": 57857.29789733887, "local_count": 79, "common_count": 81}}, "sim1": {"simulation_id": 1, "user_seed": 98812714, "Nearest": {"max_delay": 0.1557844508108625, "cost": 188.275, "target_value": 249.92195081086248, "running_time": 3.0024051666259766, "local_count": 160, "common_count": 0}, "M-Greedy": {"max_delay": 0.1393573454668372, "cost": 148.6375, "target_value": 213.67609546683718, "running_time": 4759.2408657073975, "n_selected_site": 10, "local_count": 56, "common_count": 104}, "M-Greedy-V2(Tx+Tp+Tq)": {"max_delay": 0.1393573454668372, "cost": 150.9875, "target_value": 214.8510954668372, "running_time": 5579.151630401611, "n_selected_site": 6, "local_count": 26,