{"40": {"sim0": {"simulation_id": 0, "user_seed": 88243622, "Nearest": {"max_delay": 0.15023691986236878, "cost": 103.1, "target_value": 201.7869198623688, "running_time": 1.001119613647461, "local_count": 80, "common_count": 0}, "M-Greedy": {"max_delay": 0.1532369198623688, "cost": 101.375, "target_value": 203.92441986236878, "running_time": 1331.0296535491943, "n_selected_site": 12, "local_count": 38, "common_count": 42}, "M-Greedy-V2(Tx+Tp+Tq)": {"max_delay": 0.13916302393159946, "cost": 94.2, "target_value": 186.26302393159946, "running_time": 2030.576229095459, "n_selected_site": 10, "local_count": 22, "common_count": 58}, "Ours": {"max_delay": 0.13692046551785858, "cost": 85.8, "target_value": 179.8204655178586, "running_time": 16811.147212982178, "local_count": 67, "common_count": 13}}, "sim1": {"simulation_id": 1, "user_seed": 94705690, "Nearest": {"max_delay": 0.15208501201799174, "cost": 113.45, "target_value": 208.81001201799174, "running_time": 2.0017623901367188, "local_count": 80, "common_count": 0}, "M-Greedy": {"max_delay": 0.15208501201799174, "cost": 102.525, "target_value": 203.34751201799173, "running_time": 1148.5702991485596, "n_selected_site": 9, "local_count": 24, "common_count": 56}, "M-Greedy-V2(Tx+Tp+Tq)": {"max_delay": 0.14108612046375424, "cost": 95.9, "target_value": 189.03612046375423, "running_time": 1792.7134037017822, "n_selected_site": 8, "local_count": 20, "common_count": 60}, "Ours": {"max_delay": 0.1384128340972685, "cost": 89.575, "target_value": 183.2003340972685, "running_time": 17984.97986793518, "local_count": 50, "common_count": 30}}}, "50": {"sim0": {"simulation_id": 0, "user_seed": 72069687, "Nearest": {"max_delay": 0.15321388920287596, "cost": 133.6, "target_value": 220.01388920287593, "running_time": 2.0020008087158203, "local_count": 100, "common_count": 0}, "M-Greedy": {"max_delay": 0.14020601905021435, "cost": 114.0, "target_value": 197.20601905021434, "running_time": 2011.5489959716797, "n_selected_site": 11, "local_count": 40, "common_count": 60}, "M-Greedy-V2(Tx+Tp+Tq)": {"max_delay": 0.13899344149028375, "cost": 115.12, "target_value": 196.55344149028375, "running_time": 3070.8765983581543, "n_selected_site": 9, "local_count": 12, "common_count": 88}, "Ours": {"max_delay": 0.13536954386580838, "cost": 104.76, "target_value": 187.74954386580836, "running_time": 26133.6829662323, "local_count": 55, "common_count": 45}}, "sim1": {"simulation_id": 1, "user_seed": 42876564, "Nearest": {"max_delay": 0.1476348004885824, "cost": 118.2, "target_value": 206.7348004885824, "running_time": 2.002239227294922, "local_count": 100, "common_count": 0}, "M-Greedy": {"max_delay": 0.1476348004885824, "cost": 110.16, "target_value": 202.7148004885824, "running_time": 2372.195243835449, "n_selected_site": 13, "local_count": 66, "common_count": 34}, "M-Greedy-V2(Tx+Tp+Tq)": {"max_delay": 0.13608923593712957, "cost": 95.28, "target_value": 183.72923593712954, "running_time": 2740.065574645996, "n_selected_site": 8, "local_count": 12, "common_count": 88}, "Ours": {"max_delay": 0.13391959595442282, "cost": 89.88, "target_value": 178.85959595442282, "running_time": 25887.951374053955, "local_count": 48, "common_count": 52}}}, "60": {"sim0": {"simulation_id": 0, "user_seed": 34420041, "Nearest": {"max_delay": 0.1520858666605473, "cost": 138.31666666666666, "target_value": 221.24419999388064, "running_time": 2.001047134399414, "local_count": 120, "common_count": 0}, "M-Greedy": {"max_delay": 0.1520858666605473, "cost": 128.85, "target_value": 216.51086666054732, "running_time": 3511.042356491089, "n_selected_site": 14, "local_count": 82, "common_count": 38}, "M-Greedy-V2(Tx+Tp+Tq)": {"max_delay": 0.13876121808712172, "cost": 116.1, "target_value": 196.8112180871217, "running_time": 4772.920846939087, "n_selected_site": 10, "local_count": 22, "common_count": 98}, "Ours": {"max_delay": 0.13471271529627277, "cost": 111.16666666666667, "target_value": 190.2960486296061, "running_time": 34787.24455833435, "local_count": 70, "common_count": 50}}, "sim1": {"simulation_id": 1, "user_seed": 70071059, "Nearest": {"max_delay": 0.15339077562829606, "cost": 154.83333333333334, "target_value": 230.80744229496275, "running_time": 2.0020008087158203, "local_count": 120, "common_count": 0}, "M-Greedy": {"max_delay": 0.1392486777352005, "cost": 129.7, "target_value": 204.09867773520048, "running_time": 2660.3031158447266, "n_selected_site": 10, "local_count": 44, "common_count": 76}, "M-Greedy-V2(Tx+Tp+Tq)": {"max_delay": 0.1392486777352005, "cost": 131.16666666666666, "target_value": 204.8320110685338, "running_time": 3981.844425201416, "n_selected_site": 8, "local_count": 32, "common_count": 88}, "Ours": {"max_delay": 0.13677611908286658, "cost": 118.38333333333334, "target_value": 195.96778574953325, "running_time": 33875.11229515076, "local_count": 66, "common_count": 54}}}, "70": {"sim0": {"simulation_id": 0, "user_seed": 22541200, "Nearest": {"max_delay": 0.15424187415582757, "cost": 168.72857142857143, "target_value": 238.6061598701133, "running_time": 3.0028820037841797, "local_count": 140, "common_count": 0}, "M-Greedy": {"max_delay": 0.14524187415582757, "cost": 139.65714285714284, "target_value": 215.07044558439898, "running_time": 4006.917715072632, "n_selected_site": 11, "local_count": 46, "common_count": 94}, "M-Greedy-V2(Tx+Tp+Tq)": {"max_delay": 0.13982181255371956, "cost": 137.0142857142857, "target_value": 208.32895541086242, "running_time": 5401.363849639893, "n_selected_site": 8, "local_count": 20, "common_count": 120}, "Ours": {"max_delay": 0.13382025200261252, "cost": 127.18571428571428, "target_value": 197.41310914546966, "running_time": 45357.00798034668, "local_count": 80, "common_count": 60}}, "sim1": {"simulation_id": 1, "user_seed": 4115775, "Nearest": {"max_delay": 0.15339563928976532, "cost": 161.3, "target_value": 234.04563928976532, "running_time": 2.001523971557617, "local_count": 140, "common_count": 0}, "M-Greedy": {"max_delay": 0.1390914228255777, "cost": 135.68571428571428, "target_value": 206.93427996843485, "running_time": 3668.2751178741455, "n_selected_site": 10, "local_count": 34, "common_count": 106}, "M-Greedy-V2(Tx+Tp+Tq)": {"max_delay": 0.1390914228255777, "cost": 134.52857142857144, "target_value": 206.35570853986343, "running_time": 4356.50897026062, "n_selected_site": 6, "local_count": 20, "common_count": 120}, "Ours": {"max_delay": 0.1380091717433266, "cost": 125.82857142857142, "target_value": 200.92345745761233, "running_time": 45838.27710151672, "local_count": 78, "common_count": 62}}}, "80": {"sim0": {"simulation_id": 0, "user_seed": 84958107, "Nearest": {"max_delay": 0.15717324751183032, "cost": 179.1875, "target_value": 246.7669975118303, "running_time": 3.002166748046875, "local_count": 160, "common_count": 0}, "M-Greedy": {"max_delay": 0.14033510123184428, "cost": 155.2125, "target_value": 217.9413512318443, "running_time": 5562.976121902466, "n_selected_site": 12, "local_count": 98, "common_count": 62}, "M-Greedy-V2(Tx+Tp+Tq)": {"max_delay": 0.13750995985685574, "cost": 151.5125, "target_value": 213.26620985685574, "running_time": 5662.967681884766, "n_selected_site": 6, "local_count": 28, "common_count": 132}, "Ours": {"max_delay": 0.13292265826955413, "cost": 138.075, "target_value": 201.9601582695541, "running_time": 56913.67745399475, "local_count": 95, "common_count": 65}}, "sim1": {"simulation_id": 1, "user_seed": 27297897, "Nearest": {"max_delay": 0.14967497511830152, "cost": 176.7875, "target_value": 238.06872511830153, "running_time": 3.002643585205078, "local_count": 160, "common_count": 0}, "M-Greedy": {"max_delay": 0.1421139562534966, "cost": 136.15, "target_value": 210.1889562534966, "running_time": 4791.3923263549805, "n_selected_site": 10, "local_count": 56, "common_count": 104}, "M-Greedy-V2(Tx+Tp+Tq)": {"max_delay": 0.1421139562534966, "cost": 139.825, "target_value": 212.0264562534966, "running_time": 7094.603538513184, "n_selected_site": 8, "local_count": 24,