{"40": {"sim0": {"simulation_id": 0, "user_seed": 38456508, "Nearest": {"max_delay": 0.15036676059761614, "cost": 114.0, "target_value": 207.36676059761615, "running_time": 1.0008811950683594, "local_count": 80, "common_count": 0}, "M-Greedy": {"max_delay": 0.14844121502637095, "cost": 103.0, "target_value": 199.94121502637094, "running_time": 1388.3507251739502, "n_selected_site": 12, "local_count": 34, "common_count": 46}, "M-Greedy-V2(Tx+Tp+Tq)": {"max_delay": 0.1404011969563159, "cost": 95.775, "target_value": 188.2886969563159, "running_time": 1433.502435684204, "n_selected_site": 6, "local_count": 22, "common_count": 58}, "Ours": {"max_delay": 0.13857915810295574, "cost": 88.9, "target_value": 183.02915810295576, "running_time": 17306.453466415405, "local_count": 60, "common_count": 20}}, "sim1": {"simulation_id": 1, "user_seed": 14009068, "Nearest": {"max_delay": 0.15269199676495757, "cost": 110.725, "target_value": 208.05449676495755, "running_time": 2.0017623901367188, "local_count": 80, "common_count": 0}, "M-Greedy": {"max_delay": 0.13982047686340068, "cost": 94.8, "target_value": 187.22047686340068, "running_time": 1244.746446609497, "n_selected_site": 10, "local_count": 22, "common_count": 58}, "M-Greedy-V2(Tx+Tp+Tq)": {"max_delay": 0.13982047686340068, "cost": 95.475, "target_value": 187.55797686340065, "running_time": 1792.459487915039, "n_selected_site": 8, "local_count": 20, "common_count": 60}, "Ours": {"max_delay": 0.13734791821106673, "cost": 87.675, "target_value": 181.18541821106675, "running_time": 17116.88280105591, "local_count": 51, "common_count": 29}}}, "50": {"sim0": {"simulation_id": 0, "user_seed": 75906114, "Nearest": {"max_delay": 0.15269870469056207, "cost": 128.48, "target_value": 216.93870469056208, "running_time": 1.0001659393310547, "local_count": 100, "common_count": 0}, "M-Greedy": {"max_delay": 0.24032776590902433, "cost": 98.0, "target_value": 289.3277659090243, "running_time": 390.32673835754395, "n_selected_site": 1, "local_count": 100, "common_count": 0}, "M-Greedy-V2(Tx+Tp+Tq)": {"max_delay": 0.13614776737114026, "cost": 113.62, "target_value": 192.95776737114025, "running_time": 3097.5756645202637, "n_selected_site": 9, "local_count": 24, "common_count": 76}, "Ours": {"max_delay": 0.13446296011490444, "cost": 105.22, "target_value": 187.07296011490445, "running_time": 25535.479068756104, "local_count": 55, "common_count": 45}}, "sim1": {"simulation_id": 1, "user_seed": 62415662, "Nearest": {"max_delay": 0.15150347334341419, "cost": 124.18, "target_value": 213.5934733434142, "running_time": 2.001523971557617, "local_count": 100, "common_count": 0}, "M-Greedy": {"max_delay": 0.23901277173253682, "cost": 98.0, "target_value": 288.01277173253686, "running_time": 402.9064178466797, "n_selected_site": 1, "local_count": 100, "common_count": 0}, "M-Greedy-V2(Tx+Tp+Tq)": {"max_delay": 0.13971301743278253, "cost": 113.76, "target_value": 196.59301743278252, "running_time": 2253.2806396484375, "n_selected_site": 6, "local_count": 10, "common_count": 90}, "Ours": {"max_delay": 0.13554051078883006, "cost": 102.02, "target_value": 186.55051078883005, "running_time": 25201.38645172119, "local_count": 58, "common_count": 42}}}, "60": {"sim0": {"simulation_id": 0, "user_seed": 84486229, "Nearest": {"max_delay": 0.15139815823257707, "cost": 142.68333333333334, "target_value": 222.73982489924373, "running_time": 2.0017623901367188, "local_count": 120, "common_count": 0}, "M-Greedy": {"max_delay": 0.23610391551470766, "cost": 120.0, "target_value": 296.10391551470764, "running_time": 551.4554977416992, "n_selected_site": 1, "local_count": 120, "common_count": 0}, "M-Greedy-V2(Tx+Tp+Tq)": {"max_delay": 0.1385850170949573, "cost": 117.9, "target_value": 197.5350170949573, "running_time": 4439.849853515625, "n_selected_site": 9, "local_count": 22, "common_count": 98}, "Ours": {"max_delay": 0.13541385364487052, "cost": 114.61666666666666, "target_value": 192.72218697820387, "running_time": 33742.2661781311, "local_count": 73, "common_count": 47}}, "sim1": {"simulation_id": 1, "user_seed": 24868860, "Nearest": {"max_delay": 0.15936093051391054, "cost": 156.06666666666666, "target_value": 237.39426384724388, "running_time": 1.0004043579101562, "local_count": 120, "common_count": 0}, "M-Greedy": {"max_delay": 0.1436163005706733, "cost": 128.85, "target_value": 208.0413005706733, "running_time": 2748.6355304718018, "n_selected_site": 10, "local_count": 46, "common_count": 74}, "M-Greedy-V2(Tx+Tp+Tq)": {"max_delay": 0.1436163005706733, "cost": 129.65, "target_value": 208.44130057067326, "running_time": 3265.8185958862305, "n_selected_site": 6, "local_count": 34, "common_count": 86}, "Ours": {"max_delay": 0.13868446716029173, "cost": 115.4, "target_value": 196.3844671602917, "running_time": 33778.66339683533, "local_count": 75, "common_count": 45}}}, "70": {"sim0": {"simulation_id": 0, "user_seed": 55289904, "Nearest": {"max_delay": 0.15150647694980335, "cost": 174.0857142857143, "target_value": 238.5493340926605, "running_time": 3.002166748046875, "local_count": 140, "common_count": 0}, "M-Greedy": {"max_delay": 0.24125265514971084, "cost": 131.0, "target_value": 306.75265514971085, "running_time": 775.968074798584, "n_selected_site": 1, "local_count": 140, "common_count": 0}, "M-Greedy-V2(Tx+Tp+Tq)": {"max_delay": 0.1399198100280094, "cost": 146.9142857142857, "target_value": 213.37695288515226, "running_time": 4381.76965713501, "n_selected_site": 6, "local_count": 14, "common_count": 126}, "Ours": {"max_delay": 0.1351826654400426, "cost": 133.5857142857143, "target_value": 201.97552258289974, "running_time": 45782.97686576843, "local_count": 82, "common_count": 58}}, "sim1": {"simulation_id": 1, "user_seed": 80904352, "Nearest": {"max_delay": 0.15669909371577137, "cost": 173.25714285714287, "target_value": 243.3276651443428, "running_time": 2.0017623901367188, "local_count": 140, "common_count": 0}, "M-Greedy": {"max_delay": 0.1429573199771373, "cost": 147.94285714285715, "target_value": 216.92874854856586, "running_time": 3739.3128871917725, "n_selected_site": 10, "local_count": 58, "common_count": 82}, "M-Greedy-V2(Tx+Tp+Tq)": {"max_delay": 0.14080500190957232, "cost": 153.78571428571428, "target_value": 217.69785905242946, "running_time": 4993.659734725952, "n_selected_site": 7, "local_count": 32, "common_count": 108}, "Ours": {"max_delay": 0.13781785865016016, "cost": 135.4857142857143, "target_value": 205.56071579301732, "running_time": 45213.87457847595, "local_count": 91, "common_count": 49}}}, "80": {"sim0": {"simulation_id": 0, "user_seed": 20361290, "Nearest": {"max_delay": 0.15131749042536968, "cost": 187.0875, "target_value": 244.86124042536966, "running_time": 3.0024051666259766, "local_count": 160, "common_count": 0}, "M-Greedy": {"max_delay": 0.13909484507458064, "cost": 149.2625, "target_value": 213.72609507458063, "running_time": 4826.664924621582, "n_selected_site": 10, "local_count": 56, "common_count": 104}, "M-Greedy-V2(Tx+Tp+Tq)": {"max_delay": 0.13909484507458064, "cost": 151.5625, "target_value": 214.87609507458063, "running_time": 5684.672594070435, "n_selected_site": 6, "local_count": 22, "common_count": 138}, "Ours": {"max_delay": 0.13448409424667035, "cost": 144.05, "target_value": 206.50909424667034, "running_time": 56768.455266952515, "local_count": 94, "common_count": 66}}, "sim1": {"simulation_id": 1, "user_seed": 73482389, "Nearest": {"max_delay": 0.15456399240721436, "cost": 181.7125, "target_value": 245.42024240721435, "running_time": 3.0024051666259766, "local_count": 160, "common_count": 0}, "M-Greedy": {"max_delay": 0.1407496827011815, "cost": 148.95, "target_value": 215.22468270118148, "running_time": 4769.895792007446, "n_selected_site": 10, "local_count": 68, "common_count": 92}, "M-Greedy-V2(Tx+Tp+Tq)": {"max_delay": 0.1407496827011815, "cost": 151.3875, "target_value": 216.44343270118148, "running_time": 5728.665590286255, "n_selected_site": 6, "local_count": 40, "common_count": 120},