{"40": {"sim0": {"simulation_id": 0, "user_seed": 353702, "Nearest": {"max_delay": 0.144969528319142, "cost": 99.025, "target_value": 194.482028319142, "running_time": 1.001119613647461, "local_count": 80, "common_count": 0}, "M-Greedy": {"max_delay": 0.23384158485596535, "cost": 87.0, "target_value": 277.3415848559654, "running_time": 238.19541931152344, "n_selected_site": 1, "local_count": 80, "common_count": 0}, "M-Greedy-V2(Tx+Tp+Tq)": {"max_delay": 0.1349368370114561, "cost": 90.65, "target_value": 180.26183701145607, "running_time": 1544.5647239685059, "n_selected_site": 7, "local_count": 14, "common_count": 66}, "Ours": {"max_delay": 0.13201645822585886, "cost": 82.025, "target_value": 173.02895822585884, "running_time": 16390.339374542236, "local_count": 58, "common_count": 22}}, "sim1": {"simulation_id": 1, "user_seed": 9435911, "Nearest": {"max_delay": 0.15108981421035, "cost": 110.4, "target_value": 206.28981421035002, "running_time": 1.0004043579101562, "local_count": 80, "common_count": 0}, "M-Greedy": {"max_delay": 0.2344466297321086, "cost": 87.0, "target_value": 277.9466297321086, "running_time": 246.46639823913574, "n_selected_site": 1, "local_count": 80, "common_count": 0}, "M-Greedy-V2(Tx+Tp+Tq)": {"max_delay": 0.13733900693597945, "cost": 97.925, "target_value": 186.30150693597946, "running_time": 1217.7321910858154, "n_selected_site": 5, "local_count": 2, "common_count": 78}, "Ours": {"max_delay": 0.13406141804457136, "cost": 83.975, "target_value": 176.04891804457134, "running_time": 17206.71033859253, "local_count": 45, "common_count": 35}}}, "50": {"sim0": {"simulation_id": 0, "user_seed": 8415673, "Nearest": {"max_delay": 0.1426555674819149, "cost": 125.38, "target_value": 205.3455674819149, "running_time": 2.0017623901367188, "local_count": 100, "common_count": 0}, "M-Greedy": {"max_delay": 0.23976976153738416, "cost": 98.0, "target_value": 288.76976153738417, "running_time": 396.3332176208496, "n_selected_site": 1, "local_count": 100, "common_count": 0}, "M-Greedy-V2(Tx+Tp+Tq)": {"max_delay": 0.13589485789177919, "cost": 114.22, "target_value": 193.00485789177918, "running_time": 2228.2633781433105, "n_selected_site": 6, "local_count": 16, "common_count": 84}, "Ours": {"max_delay": 0.1318555855603809, "cost": 103.54, "target_value": 183.62558556038093, "running_time": 25061.975955963135, "local_count": 57, "common_count": 43}}, "sim1": {"simulation_id": 1, "user_seed": 78565542, "Nearest": {"max_delay": 0.1499726908270931, "cost": 127.68, "target_value": 213.81269082709312, "running_time": 2.001047134399414, "local_count": 100, "common_count": 0}, "M-Greedy": {"max_delay": 0.14283826087814244, "cost": 113.74, "target_value": 199.70826087814245, "running_time": 2155.186891555786, "n_selected_site": 12, "local_count": 48, "common_count": 52}, "M-Greedy-V2(Tx+Tp+Tq)": {"max_delay": 0.13578180394267306, "cost": 110.1, "target_value": 190.83180394267305, "running_time": 2178.3084869384766, "n_selected_site": 6, "local_count": 14, "common_count": 86}, "Ours": {"max_delay": 0.1361483108835424, "cost": 94.34, "target_value": 183.31831088354238, "running_time": 24630.885362625122, "local_count": 44, "common_count": 56}}}, "60": {"sim0": {"simulation_id": 0, "user_seed": 39508952, "Nearest": {"max_delay": 0.14855919555578478, "cost": 140.25, "target_value": 218.68419555578478, "running_time": 2.001523971557617, "local_count": 120, "common_count": 0}, "M-Greedy": {"max_delay": 0.23925093422465188, "cost": 109.0, "target_value": 293.75093422465187, "running_time": 551.3021945953369, "n_selected_site": 1, "local_count": 120, "common_count": 0}, "M-Greedy-V2(Tx+Tp+Tq)": {"max_delay": 0.14119095870445608, "cost": 114.7, "target_value": 198.54095870445607, "running_time": 3567.525625228882, "n_selected_site": 7, "local_count": 24, "common_count": 96}, "Ours": {"max_delay": 0.1358953377246993, "cost": 113.13333333333334, "target_value": 192.46200439136598, "running_time": 34036.174297332764, "local_count": 77, "common_count": 43}}, "sim1": {"simulation_id": 1, "user_seed": 65200752, "Nearest": {"max_delay": 0.15014642616355628, "cost": 138.66666666666666, "target_value": 219.47975949688959, "running_time": 2.0012855529785156, "local_count": 120, "common_count": 0}, "M-Greedy": {"max_delay": 0.1482208805923111, "cost": 130.51666666666668, "target_value": 213.47921392564444, "running_time": 2551.1698722839355, "n_selected_site": 9, "local_count": 60, "common_count": 60}, "M-Greedy-V2(Tx+Tp+Tq)": {"max_delay": 0.13895337500383736, "cost": 116.5, "target_value": 197.20337500383735, "running_time": 3588.080883026123, "n_selected_site": 7, "local_count": 38, "common_count": 82}, "Ours": {"max_delay": 0.13400153967375325, "cost": 113.58333333333333, "target_value": 190.7932063404199, "running_time": 33780.75933456421, "local_count": 78, "common_count": 42}}}, "70": {"sim0": {"simulation_id": 0, "user_seed": 24703258, "Nearest": {"max_delay": 0.15208533224724036, "cost": 165.94285714285715, "target_value": 235.05676081866892, "running_time": 3.002166748046875, "local_count": 140, "common_count": 0}, "M-Greedy": {"max_delay": 0.15025383041573853, "cost": 151.92857142857142, "target_value": 226.2181161300242, "running_time": 3384.0999603271484, "n_selected_site": 9, "local_count": 76, "common_count": 64}, "M-Greedy-V2(Tx+Tp+Tq)": {"max_delay": 0.14063483057813655, "cost": 135.67142857142858, "target_value": 208.47054486385085, "running_time": 5930.955410003662, "n_selected_site": 9, "local_count": 48, "common_count": 92}, "Ours": {"max_delay": 0.13521247156028954, "cost": 131.74285714285713, "target_value": 201.0839001317181, "running_time": 45640.8154964447, "local_count": 88, "common_count": 52}}, "sim1": {"simulation_id": 1, "user_seed": 96136653, "Nearest": {"max_delay": 0.15059112700111676, "cost": 161.34285714285716, "target_value": 231.26255557254535, "running_time": 2.0012855529785156, "local_count": 140, "common_count": 0}, "M-Greedy": {"max_delay": 0.13913964642779775, "cost": 134.5, "target_value": 206.38964642779774, "running_time": 3687.9756450653076, "n_selected_site": 10, "local_count": 42, "common_count": 98}, "M-Greedy-V2(Tx+Tp+Tq)": {"max_delay": 0.13913964642779775, "cost": 133.94285714285715, "target_value": 206.11107499922633, "running_time": 4399.320602416992, "n_selected_site": 6, "local_count": 24, "common_count": 116}, "Ours": {"max_delay": 0.13469933405810297, "cost": 123.6, "target_value": 196.499334058103, "running_time": 45393.05377006531, "local_count": 98, "common_count": 42}}}, "80": {"sim0": {"simulation_id": 0, "user_seed": 500846, "Nearest": {"max_delay": 0.15408716367807448, "cost": 181.475, "target_value": 244.8246636780745, "running_time": 2.001523971557617, "local_count": 160, "common_count": 0}, "M-Greedy": {"max_delay": 0.14092840534729906, "cost": 148.2875, "target_value": 215.07215534729903, "running_time": 4834.6381187438965, "n_selected_site": 10, "local_count": 82, "common_count": 78}, "M-Greedy-V2(Tx+Tp+Tq)": {"max_delay": 0.14092840534729906, "cost": 152.1625, "target_value": 217.00965534729903, "running_time": 6298.598527908325, "n_selected_site": 7, "local_count": 36, "common_count": 124}, "Ours": {"max_delay": 0.13622092952569753, "cost": 141.375, "target_value": 206.90842952569753, "running_time": 57209.53607559204, "local_count": 101, "common_count": 59}}, "sim1": {"simulation_id": 1, "user_seed": 23260347, "Nearest": {"max_delay": 0.156924712525174, "cost": 177.7375, "target_value": 245.79346252517402, "running_time": 3.0031204223632812, "local_count": 160, "common_count": 0}, "M-Greedy": {"max_delay": 0.13969883499815583, "cost": 150.9625, "target_value": 215.18008499815585, "running_time": 4854.658126831055, "n_selected_site": 10, "local_count": 50, "common_count": 110}, "M-Greedy-V2(Tx+Tp+Tq)": {"max_delay": 0.13969883499815583, "cost": 151.1375, "target_value": 215.26758499815583, "running_time": 5675.731897354126, "n_selected_site": 6, "local_count": 36, "common_count": 124},