{"40": {"sim0": {"simulation_id": 0, "user_seed": 16601298, "Nearest": {"max_delay": 0.15086630119133676, "cost": 100.275, "target_value": 201.00380119133678, "running_time": 1.001596450805664, "local_count": 80, "common_count": 0}, "M-Greedy": {"max_delay": 0.23474550347383377, "cost": 87.0, "target_value": 278.24550347383376, "running_time": 240.19885063171387, "n_selected_site": 1, "local_count": 80, "common_count": 0}, "M-Greedy-V2(Tx+Tp+Tq)": {"max_delay": 0.1390707396411752, "cost": 89.95, "target_value": 184.0457396411752, "running_time": 1540.4284000396729, "n_selected_site": 7, "local_count": 20, "common_count": 60}, "Ours": {"max_delay": 0.13614310261216075, "cost": 83.45, "target_value": 177.86810261216075, "running_time": 16603.452444076538, "local_count": 61, "common_count": 19}}, "sim1": {"simulation_id": 1, "user_seed": 65733842, "Nearest": {"max_delay": 0.1535719883348719, "cost": 121.125, "target_value": 214.1344883348719, "running_time": 1.0008811950683594, "local_count": 80, "common_count": 0}, "M-Greedy": {"max_delay": 0.14062048877709185, "cost": 95.175, "target_value": 188.20798877709186, "running_time": 1226.6161441802979, "n_selected_site": 10, "local_count": 28, "common_count": 52}, "M-Greedy-V2(Tx+Tp+Tq)": {"max_delay": 0.14062048877709185, "cost": 96.9, "target_value": 189.07048877709184, "running_time": 1945.2950954437256, "n_selected_site": 9, "local_count": 16, "common_count": 64}, "Ours": {"max_delay": 0.13869563492664289, "cost": 89.225, "target_value": 183.30813492664288, "running_time": 17449.51319694519, "local_count": 57, "common_count": 23}}}, "50": {"sim0": {"simulation_id": 0, "user_seed": 74099563, "Nearest": {"max_delay": 0.1528982363983383, "cost": 134.96, "target_value": 220.3782363983383, "running_time": 1.001119613647461, "local_count": 100, "common_count": 0}, "M-Greedy": {"max_delay": 0.13984177946286888, "cost": 107.22, "target_value": 193.4517794628689, "running_time": 2044.847011566162, "n_selected_site": 11, "local_count": 44, "common_count": 56}, "M-Greedy-V2(Tx+Tp+Tq)": {"max_delay": 0.13984177946286888, "cost": 109.74, "target_value": 194.7117794628689, "running_time": 2221.0423946380615, "n_selected_site": 6, "local_count": 20, "common_count": 80}, "Ours": {"max_delay": 0.1333594098127446, "cost": 98.32, "target_value": 182.5194098127446, "running_time": 25138.5235786438, "local_count": 59, "common_count": 41}}, "sim1": {"simulation_id": 1, "user_seed": 57672112, "Nearest": {"max_delay": 0.1510889485930011, "cost": 130.86, "target_value": 216.5189485930011, "running_time": 1.0008811950683594, "local_count": 100, "common_count": 0}, "M-Greedy": {"max_delay": 0.23961652835568148, "cost": 98.0, "target_value": 288.61652835568145, "running_time": 398.3328342437744, "n_selected_site": 1, "local_count": 100, "common_count": 0}, "M-Greedy-V2(Tx+Tp+Tq)": {"max_delay": 0.1353664319328497, "cost": 116.18, "target_value": 193.4564319328497, "running_time": 2221.0564613342285, "n_selected_site": 6, "local_count": 18, "common_count": 82}, "Ours": {"max_delay": 0.13293186267521787, "cost": 104.58, "target_value": 185.22186267521786, "running_time": 25326.087951660156, "local_count": 62, "common_count": 38}}}, "60": {"sim0": {"simulation_id": 0, "user_seed": 25379250, "Nearest": {"max_delay": 0.15393532343886296, "cost": 148.9, "target_value": 228.38532343886294, "running_time": 1.9745826721191406, "local_count": 120, "common_count": 0}, "M-Greedy": {"max_delay": 0.14016802242358095, "cost": 116.26666666666667, "target_value": 198.3013557569143, "running_time": 2674.8859882354736, "n_selected_site": 10, "local_count": 24, "common_count": 96}, "M-Greedy-V2(Tx+Tp+Tq)": {"max_delay": 0.13766223582617063, "cost": 118.23333333333333, "target_value": 196.7789024928373, "running_time": 5080.358505249023, "n_selected_site": 11, "local_count": 24, "common_count": 96}, "Ours": {"max_delay": 0.1364728053181124, "cost": 110.06666666666666, "target_value": 191.50613865144572, "running_time": 33360.58712005615, "local_count": 69, "common_count": 51}}, "sim1": {"simulation_id": 1, "user_seed": 11118383, "Nearest": {"max_delay": 0.1498476733996671, "cost": 141.35, "target_value": 220.5226733996671, "running_time": 2.0020008087158203, "local_count": 120, "common_count": 0}, "M-Greedy": {"max_delay": 0.24022845057750297, "cost": 109.0, "target_value": 294.72845057750294, "running_time": 557.471513748169, "n_selected_site": 1, "local_count": 120, "common_count": 0}, "M-Greedy-V2(Tx+Tp+Tq)": {"max_delay": 0.14251721302416015, "cost": 115.9, "target_value": 200.46721302416017, "running_time": 3974.3056297302246, "n_selected_site": 8, "local_count": 32, "common_count": 88}, "Ours": {"max_delay": 0.13459417638949625, "cost": 112.51666666666667, "target_value": 190.85250972282958, "running_time": 33368.69740486145, "local_count": 74, "common_count": 46}}}, "70": {"sim0": {"simulation_id": 0, "user_seed": 1265431, "Nearest": {"max_delay": 0.15246877187078922, "cost": 144.15714285714284, "target_value": 224.54734329936065, "running_time": 2.0456314086914062, "local_count": 140, "common_count": 0}, "M-Greedy": {"max_delay": 0.15254322629954403, "cost": 140.42857142857142, "target_value": 222.75751201382974, "running_time": 3429.387092590332, "n_selected_site": 9, "local_count": 46, "common_count": 94}, "M-Greedy-V2(Tx+Tp+Tq)": {"max_delay": 0.1400854140213627, "cost": 132.64285714285714, "target_value": 206.4068425927913, "running_time": 4891.451358795166, "n_selected_site": 7, "local_count": 32, "common_count": 108}, "Ours": {"max_delay": 0.1373298998708537, "cost": 117.41428571428571, "target_value": 196.03704272799655, "running_time": 44785.49885749817, "local_count": 84, "common_count": 56}}, "sim1": {"simulation_id": 1, "user_seed": 24152190, "Nearest": {"max_delay": 0.15562929970701422, "cost": 167.45714285714286, "target_value": 239.35787113558564, "running_time": 2.0012855529785156, "local_count": 140, "common_count": 0}, "M-Greedy": {"max_delay": 0.23615448852537424, "cost": 131.0, "target_value": 301.65448852537423, "running_time": 755.7146549224854, "n_selected_site": 1, "local_count": 140, "common_count": 0}, "M-Greedy-V2(Tx+Tp+Tq)": {"max_delay": 0.13844325097203142, "cost": 133.18571428571428, "target_value": 205.03610811488858, "running_time": 5362.173080444336, "n_selected_site": 8, "local_count": 22, "common_count": 118}, "Ours": {"max_delay": 0.13496088132190714, "cost": 124.37142857142857, "target_value": 197.14659560762144, "running_time": 45246.84166908264, "local_count": 73, "common_count": 67}}}, "80": {"sim0": {"simulation_id": 0, "user_seed": 36670797, "Nearest": {"max_delay": 0.15040270884834556, "cost": 187.85, "target_value": 244.32770884834554, "running_time": 3.0024051666259766, "local_count": 160, "common_count": 0}, "M-Greedy": {"max_delay": 0.14150218669483708, "cost": 149.2875, "target_value": 216.14593669483708, "running_time": 4795.348644256592, "n_selected_site": 10, "local_count": 54, "common_count": 106}, "M-Greedy-V2(Tx+Tp+Tq)": {"max_delay": 0.14142773226608227, "cost": 151.525, "target_value": 217.19023226608226, "running_time": 6898.949146270752, "n_selected_site": 8, "local_count": 28, "common_count": 132}, "Ours": {"max_delay": 0.13452151518786154, "cost": 141.1125, "target_value": 205.07776518786156, "running_time": 56872.23291397095, "local_count": 91, "common_count": 69}}, "sim1": {"simulation_id": 1, "user_seed": 59837759, "Nearest": {"max_delay": 0.15365165126605684, "cost": 184.2625, "target_value": 245.78290126605683, "running_time": 3.0028820037841797, "local_count": 160, "common_count": 0}, "M-Greedy": {"max_delay": 0.1467677858315549, "cost": 158.4875, "target_value": 226.0115358315549, "running_time": 5191.64776802063, "n_selected_site": 11, "local_count": 80, "common_count": 80}, "M-Greedy-V2(Tx+Tp+Tq)": {"max_delay": 0.14111321190917217, "cost": 151.3875, "target_value": 216.80696190917217, "running_time": 5617.838144302368, "n_selected_site": 6, "local_count": 34,