{"40": {"sim0": {"simulation_id": 0, "user_seed": 43278419, "Nearest": {"max_delay": 0.15299611706017358, "cost": 109.775, "target_value": 207.8836170601736, "running_time": 1.0006427764892578, "local_count": 80, "common_count": 0}, "M-Greedy": {"max_delay": 0.14037477265943576, "cost": 89.4, "target_value": 185.07477265943578, "running_time": 1138.6620998382568, "n_selected_site": 10, "local_count": 34, "common_count": 46}, "M-Greedy-V2(Tx+Tp+Tq)": {"max_delay": 0.14037477265943576, "cost": 92.6, "target_value": 186.67477265943575, "running_time": 1832.5471878051758, "n_selected_site": 9, "local_count": 18, "common_count": 62}, "Ours": {"max_delay": 0.1373355290238234, "cost": 82.925, "target_value": 178.7980290238234, "running_time": 16027.026414871216, "local_count": 54, "common_count": 26}}, "sim1": {"simulation_id": 1, "user_seed": 12413690, "Nearest": {"max_delay": 0.14842050267831744, "cost": 99.2, "target_value": 198.02050267831743, "running_time": 1.0008811950683594, "local_count": 80, "common_count": 0}, "M-Greedy": {"max_delay": 0.18335411686620073, "cost": 99.0, "target_value": 232.85411686620074, "running_time": 689.0957355499268, "n_selected_site": 5, "local_count": 26, "common_count": 54}, "M-Greedy-V2(Tx+Tp+Tq)": {"max_delay": 0.13794978751113762, "cost": 90.25, "target_value": 183.07478751113763, "running_time": 1372.3852634429932, "n_selected_site": 6, "local_count": 26, "common_count": 54}, "Ours": {"max_delay": 0.13614165609172524, "cost": 84.65, "target_value": 178.4666560917252, "running_time": 16902.640342712402, "local_count": 56, "common_count": 24}}}, "50": {"sim0": {"simulation_id": 0, "user_seed": 19624374, "Nearest": {"max_delay": 0.1473120710626038, "cost": 130.78, "target_value": 212.7020710626038, "running_time": 2.001523971557617, "local_count": 100, "common_count": 0}, "M-Greedy": {"max_delay": 0.1503120710626038, "cost": 124.74, "target_value": 212.6820710626038, "running_time": 1723.1569290161133, "n_selected_site": 9, "local_count": 46, "common_count": 54}, "M-Greedy-V2(Tx+Tp+Tq)": {"max_delay": 0.1364839424333643, "cost": 112.58, "target_value": 192.7739424333643, "running_time": 2235.5637550354004, "n_selected_site": 6, "local_count": 14, "common_count": 86}, "Ours": {"max_delay": 0.1301138174230369, "cost": 100.36, "target_value": 180.2938174230369, "running_time": 24714.145183563232, "local_count": 55, "common_count": 45}}, "sim1": {"simulation_id": 1, "user_seed": 32198792, "Nearest": {"max_delay": 0.14782884088597492, "cost": 120.3, "target_value": 207.97884088597493, "running_time": 2.001523971557617, "local_count": 100, "common_count": 0}, "M-Greedy": {"max_delay": 0.2385554373870316, "cost": 98.0, "target_value": 287.5554373870316, "running_time": 393.3253288269043, "n_selected_site": 1, "local_count": 100, "common_count": 0}, "M-Greedy-V2(Tx+Tp+Tq)": {"max_delay": 0.14033793416952844, "cost": 109.2, "target_value": 194.93793416952843, "running_time": 2202.5716304779053, "n_selected_site": 6, "local_count": 16, "common_count": 84}, "Ours": {"max_delay": 0.13478602818282862, "cost": 100.22, "target_value": 184.89602818282862, "running_time": 25023.516178131104, "local_count": 53, "common_count": 47}}}, "60": {"sim0": {"simulation_id": 0, "user_seed": 85929573, "Nearest": {"max_delay": 0.15092716827195662, "cost": 144.28333333333333, "target_value": 223.0688349386233, "running_time": 2.0020008087158203, "local_count": 120, "common_count": 0}, "M-Greedy": {"max_delay": 0.15092716827195662, "cost": 128.26666666666668, "target_value": 215.06050160528997, "running_time": 2483.5288524627686, "n_selected_site": 9, "local_count": 34, "common_count": 86}, "M-Greedy-V2(Tx+Tp+Tq)": {"max_delay": 0.1404517497822049, "cost": 113.36666666666666, "target_value": 197.13508311553824, "running_time": 3983.112573623657, "n_selected_site": 8, "local_count": 28, "common_count": 92}, "Ours": {"max_delay": 0.13479596129170662, "cost": 110.13333333333334, "target_value": 189.86262795837328, "running_time": 33526.986837387085, "local_count": 61, "common_count": 59}}, "sim1": {"simulation_id": 1, "user_seed": 2281031, "Nearest": {"max_delay": 0.1466595024145369, "cost": 147.48333333333332, "target_value": 220.40116908120353, "running_time": 2.0017623901367188, "local_count": 120, "common_count": 0}, "M-Greedy": {"max_delay": 0.15082800058303508, "cost": 122.1, "target_value": 211.8780005830351, "running_time": 2861.294984817505, "n_selected_site": 11, "local_count": 46, "common_count": 74}, "M-Greedy-V2(Tx+Tp+Tq)": {"max_delay": 0.13738743070025755, "cost": 114.86666666666666, "target_value": 194.82076403359088, "running_time": 4384.814977645874, "n_selected_site": 9, "local_count": 38, "common_count": 82}, "Ours": {"max_delay": 0.1327807280276218, "cost": 112.4, "target_value": 188.9807280276218, "running_time": 33697.134256362915, "local_count": 68, "common_count": 52}}}, "70": {"sim0": {"simulation_id": 0, "user_seed": 94568074, "Nearest": {"max_delay": 0.1511671088904291, "cost": 159.7, "target_value": 231.0171088904291, "running_time": 3.0028820037841797, "local_count": 140, "common_count": 0}, "M-Greedy": {"max_delay": 0.23715177937277093, "cost": 120.0, "target_value": 297.15177937277093, "running_time": 761.2149715423584, "n_selected_site": 1, "local_count": 140, "common_count": 0}, "M-Greedy-V2(Tx+Tp+Tq)": {"max_delay": 0.1382564283556474, "cost": 133.28571428571428, "target_value": 204.89928549850453, "running_time": 4820.507287979126, "n_selected_site": 7, "local_count": 26, "common_count": 114}, "Ours": {"max_delay": 0.13354189794642482, "cost": 123.31428571428572, "target_value": 195.1990408035677, "running_time": 44837.334632873535, "local_count": 81, "common_count": 59}}, "sim1": {"simulation_id": 1, "user_seed": 62380208, "Nearest": {"max_delay": 0.15375964060550182, "cost": 159.95714285714286, "target_value": 233.73821203407326, "running_time": 3.0050277709960938, "local_count": 140, "common_count": 0}, "M-Greedy": {"max_delay": 0.15675964060550182, "cost": 137.31428571428572, "target_value": 225.41678346264467, "running_time": 3637.286424636841, "n_selected_site": 10, "local_count": 58, "common_count": 82}, "M-Greedy-V2(Tx+Tp+Tq)": {"max_delay": 0.14029967306395796, "cost": 133.21428571428572, "target_value": 206.90681592110082, "running_time": 4349.943399429321, "n_selected_site": 6, "local_count": 20, "common_count": 120}, "Ours": {"max_delay": 0.1356043229583681, "cost": 123.71428571428571, "target_value": 197.46146581551096, "running_time": 45259.51671600342, "local_count": 85, "common_count": 55}}}, "80": {"sim0": {"simulation_id": 0, "user_seed": 317700, "Nearest": {"max_delay": 0.15335964042032274, "cost": 176.8625, "target_value": 241.79089042032274, "running_time": 2.001523971557617, "local_count": 160, "common_count": 0}, "M-Greedy": {"max_delay": 0.14323548959613266, "cost": 144.6125, "target_value": 215.54173959613266, "running_time": 4773.340225219727, "n_selected_site": 10, "local_count": 78, "common_count": 82}, "M-Greedy-V2(Tx+Tp+Tq)": {"max_delay": 0.14323548959613266, "cost": 149.45, "target_value": 217.96048959613265, "running_time": 6458.810329437256, "n_selected_site": 7, "local_count": 36, "common_count": 124}, "Ours": {"max_delay": 0.13710121893678856, "cost": 133.6375, "target_value": 203.91996893678856, "running_time": 56821.210622787476, "local_count": 97, "common_count": 63}}, "sim1": {"simulation_id": 1, "user_seed": 14683086, "Nearest": {"max_delay": 0.15691225206259674, "cost": 182.8625, "target_value": 248.34350206259674, "running_time": 3.002643585205078, "local_count": 160, "common_count": 0}, "M-Greedy": {"max_delay": 0.15872177587212055, "cost": 163.025, "target_value": 240.23427587212058, "running_time": 4401.60346031189, "n_selected_site": 9, "local_count": 46, "common_count": 114}, "M-Greedy-V2(Tx+Tp+Tq)": {"max_delay": 0.1402053465543565, "cost": 151.9375, "target_value": 216.1740965543565, "running_time": 7090.33203125, "n_selected_site": 8, "local_count": 40,