{"40": {"sim0": {"simulation_id": 0, "user_seed": 96734252, "Nearest": {"max_delay": 0.15105609258036942, "cost": 100.8, "target_value": 201.45609258036941, "running_time": 1.001119613647461, "local_count": 80, "common_count": 0}, "M-Greedy": {"max_delay": 0.1388301935556387, "cost": 93.95, "target_value": 185.80519355563868, "running_time": 1235.156774520874, "n_selected_site": 11, "local_count": 24, "common_count": 56}, "M-Greedy-V2(Tx+Tp+Tq)": {"max_delay": 0.14105899298005722, "cost": 96.975, "target_value": 189.54649298005722, "running_time": 1188.1675720214844, "n_selected_site": 5, "local_count": 10, "common_count": 70}, "Ours": {"max_delay": 0.1353355290238234, "cost": 86.55, "target_value": 178.6105290238234, "running_time": 16368.148803710938, "local_count": 53, "common_count": 27}}, "sim1": {"simulation_id": 1, "user_seed": 31873585, "Nearest": {"max_delay": 0.15079109674602117, "cost": 109.675, "target_value": 205.62859674602117, "running_time": 1.0004043579101562, "local_count": 80, "common_count": 0}, "M-Greedy": {"max_delay": 0.2351189576295018, "cost": 87.0, "target_value": 278.6189576295018, "running_time": 249.2060661315918, "n_selected_site": 1, "local_count": 80, "common_count": 0}, "M-Greedy-V2(Tx+Tp+Tq)": {"max_delay": 0.13827916925181646, "cost": 90.525, "target_value": 183.54166925181647, "running_time": 1597.3827838897705, "n_selected_site": 7, "local_count": 16, "common_count": 64}, "Ours": {"max_delay": 0.1359253504260347, "cost": 83.65, "target_value": 177.7503504260347, "running_time": 16894.06967163086, "local_count": 54, "common_count": 26}}}, "50": {"sim0": {"simulation_id": 0, "user_seed": 3468515, "Nearest": {"max_delay": 0.15589818369306546, "cost": 128.0, "target_value": 219.89818369306545, "running_time": 1.0013580322265625, "local_count": 100, "common_count": 0}, "M-Greedy": {"max_delay": 0.14549925036851974, "cost": 100.88, "target_value": 195.93925036851974, "running_time": 2032.9864025115967, "n_selected_site": 11, "local_count": 64, "common_count": 36}, "M-Greedy-V2(Tx+Tp+Tq)": {"max_delay": 0.14171802728497104, "cost": 97.78, "target_value": 190.60802728497106, "running_time": 3315.1957988739014, "n_selected_site": 10, "local_count": 38, "common_count": 62}, "Ours": {"max_delay": 0.13777592859096552, "cost": 91.14, "target_value": 183.3459285909655, "running_time": 24363.735675811768, "local_count": 72, "common_count": 28}}, "sim1": {"simulation_id": 1, "user_seed": 453184, "Nearest": {"max_delay": 0.15121388920287596, "cost": 137.18, "target_value": 219.80388920287595, "running_time": 1.0008811950683594, "local_count": 100, "common_count": 0}, "M-Greedy": {"max_delay": 0.1387227025689201, "cost": 111.6, "target_value": 194.52270256892012, "running_time": 1913.0897521972656, "n_selected_site": 10, "local_count": 32, "common_count": 68}, "M-Greedy-V2(Tx+Tp+Tq)": {"max_delay": 0.13699344149028375, "cost": 112.9, "target_value": 193.44344149028376, "running_time": 3239.7608757019043, "n_selected_site": 10, "local_count": 18, "common_count": 82}, "Ours": {"max_delay": 0.13330863423404793, "cost": 106.46, "target_value": 186.53863423404792, "running_time": 24677.348375320435, "local_count": 59, "common_count": 41}}}, "60": {"sim0": {"simulation_id": 0, "user_seed": 30213810, "Nearest": {"max_delay": 0.14983899534613576, "cost": 140.85, "target_value": 220.26399534613574, "running_time": 1.0004043579101562, "local_count": 120, "common_count": 0}, "M-Greedy": {"max_delay": 0.2356313213986414, "cost": 120.0, "target_value": 295.6313213986414, "running_time": 566.0746097564697, "n_selected_site": 1, "local_count": 120, "common_count": 0}, "M-Greedy-V2(Tx+Tp+Tq)": {"max_delay": 0.13990092499446777, "cost": 125.05, "target_value": 202.42592499446778, "running_time": 3215.70086479187, "n_selected_site": 6, "local_count": 18, "common_count": 102}, "Ours": {"max_delay": 0.1370428046522299, "cost": 115.01666666666667, "target_value": 194.55113798556323, "running_time": 33626.624584198, "local_count": 74, "common_count": 46}}, "sim1": {"simulation_id": 1, "user_seed": 12483574, "Nearest": {"max_delay": 0.15948016920738495, "cost": 131.56666666666666, "target_value": 225.2635025407183, "running_time": 2.001523971557617, "local_count": 120, "common_count": 0}, "M-Greedy": {"max_delay": 0.14037498312267865, "cost": 111.38333333333334, "target_value": 196.06664978934532, "running_time": 2671.499013900757, "n_selected_site": 10, "local_count": 40, "common_count": 80}, "M-Greedy-V2(Tx+Tp+Tq)": {"max_delay": 0.14037498312267865, "cost": 112.83333333333333, "target_value": 196.7916497893453, "running_time": 3945.3864097595215, "n_selected_site": 8, "local_count": 30, "common_count": 90}, "Ours": {"max_delay": 0.13596937201316187, "cost": 104.61666666666666, "target_value": 188.2777053464952, "running_time": 33003.86691093445, "local_count": 74, "common_count": 46}}}, "70": {"sim0": {"simulation_id": 0, "user_seed": 16675471, "Nearest": {"max_delay": 0.151058369433427, "cost": 163.9142857142857, "target_value": 233.01551229056983, "running_time": 2.001523971557617, "local_count": 140, "common_count": 0}, "M-Greedy": {"max_delay": 0.14467315774588974, "cost": 140.34285714285716, "target_value": 214.84458631731832, "running_time": 4029.3619632720947, "n_selected_site": 11, "local_count": 56, "common_count": 84}, "M-Greedy-V2(Tx+Tp+Tq)": {"max_delay": 0.13758697147905324, "cost": 134.72857142857143, "target_value": 204.95125719333896, "running_time": 4333.134889602661, "n_selected_site": 6, "local_count": 26, "common_count": 114}, "Ours": {"max_delay": 0.13758697147905324, "cost": 127.52857142857142, "target_value": 201.35125719333894, "running_time": 45204.670906066895, "local_count": 85, "common_count": 55}}, "sim1": {"simulation_id": 1, "user_seed": 41667532, "Nearest": {"max_delay": 0.15808804120749614, "cost": 151.24285714285713, "target_value": 233.7094697789247, "running_time": 2.001523971557617, "local_count": 140, "common_count": 0}, "M-Greedy": {"max_delay": 0.14124141883117147, "cost": 128.64285714285714, "target_value": 205.56284740260003, "running_time": 3745.7776069641113, "n_selected_site": 10, "local_count": 74, "common_count": 66}, "M-Greedy-V2(Tx+Tp+Tq)": {"max_delay": 0.14124141883117147, "cost": 131.64285714285714, "target_value": 207.06284740260003, "running_time": 4329.722166061401, "n_selected_site": 6, "local_count": 46, "common_count": 94}, "Ours": {"max_delay": 0.13624315750038007, "cost": 125.68571428571428, "target_value": 199.0860146432372, "running_time": 45392.672300338745, "local_count": 98, "common_count": 42}}}, "80": {"sim0": {"simulation_id": 0, "user_seed": 88531516, "Nearest": {"max_delay": 0.15104189516849587, "cost": 189.9875, "target_value": 246.03564516849588, "running_time": 3.0028820037841797, "local_count": 160, "common_count": 0}, "M-Greedy": {"max_delay": 0.13911321190917217, "cost": 150.575, "target_value": 214.40071190917217, "running_time": 5238.996505737305, "n_selected_site": 11, "local_count": 70, "common_count": 90}, "M-Greedy-V2(Tx+Tp+Tq)": {"max_delay": 0.13911321190917217, "cost": 150.8875, "target_value": 214.55696190917217, "running_time": 5590.5492305755615, "n_selected_site": 6, "local_count": 26, "common_count": 134}, "Ours": {"max_delay": 0.13282818700733762, "cost": 141.8, "target_value": 203.72818700733762, "running_time": 56878.32450866699, "local_count": 93, "common_count": 67}}, "sim1": {"simulation_id": 1, "user_seed": 51272839, "Nearest": {"max_delay": 0.1552193561704039, "cost": 170.3875, "target_value": 240.4131061704039, "running_time": 2.001523971557617, "local_count": 160, "common_count": 0}, "M-Greedy": {"max_delay": 0.14276207563571855, "cost": 142.1, "target_value": 213.81207563571854, "running_time": 4798.6860275268555, "n_selected_site": 10, "local_count": 38, "common_count": 122}, "M-Greedy-V2(Tx+Tp+Tq)": {"max_delay": 0.13979439607638758, "cost": 142.6875, "target_value": 211.13814607638759, "running_time": 7793.011426925659, "n_selected_site": 9,