{"40": {"sim0": {"simulation_id": 0, "user_seed": 74869626, "Nearest": {"max_delay": 0.15444001930265225, "cost": 116.25, "target_value": 212.56501930265225, "running_time": 1.0013580322265625, "local_count": 80, "common_count": 0}, "M-Greedy": {"max_delay": 0.23742921276754408, "cost": 87.0, "target_value": 280.9292127675441, "running_time": 247.2081184387207, "n_selected_site": 1, "local_count": 80, "common_count": 0}, "M-Greedy-V2(Tx+Tp+Tq)": {"max_delay": 0.13971797521420126, "cost": 95.225, "target_value": 187.33047521420127, "running_time": 1614.4523620605469, "n_selected_site": 7, "local_count": 18, "common_count": 62}, "Ours": {"max_delay": 0.136235605564077, "cost": 87.025, "target_value": 179.74810556407698, "running_time": 17085.43086051941, "local_count": 54, "common_count": 26}}, "sim1": {"simulation_id": 1, "user_seed": 98660385, "Nearest": {"max_delay": 0.15181708693762275, "cost": 108.575, "target_value": 206.10458693762274, "running_time": 1.0008811950683594, "local_count": 80, "common_count": 0}, "M-Greedy": {"max_delay": 0.14281708693762274, "cost": 93.85, "target_value": 189.74208693762273, "running_time": 1306.786298751831, "n_selected_site": 11, "local_count": 36, "common_count": 44}, "M-Greedy-V2(Tx+Tp+Tq)": {"max_delay": 0.14095517301500632, "cost": 92.7, "target_value": 187.30517301500632, "running_time": 1770.2116966247559, "n_selected_site": 8, "local_count": 16, "common_count": 64}, "Ours": {"max_delay": 0.13738392943461464, "cost": 85.675, "target_value": 180.22142943461463, "running_time": 17043.90835762024, "local_count": 48, "common_count": 32}}}, "50": {"sim0": {"simulation_id": 0, "user_seed": 41288276, "Nearest": {"max_delay": 0.15304547674786567, "cost": 129.54, "target_value": 217.81547674786566, "running_time": 2.0020008087158203, "local_count": 100, "common_count": 0}, "M-Greedy": {"max_delay": 0.15304547674786567, "cost": 118.74, "target_value": 212.41547674786568, "running_time": 2302.963972091675, "n_selected_site": 13, "local_count": 44, "common_count": 56}, "M-Greedy-V2(Tx+Tp+Tq)": {"max_delay": 0.13651327621985454, "cost": 114.18, "target_value": 193.60327621985454, "running_time": 2721.284866333008, "n_selected_site": 8, "local_count": 14, "common_count": 86}, "Ours": {"max_delay": 0.13406672369656003, "cost": 102.46, "target_value": 185.29672369656, "running_time": 25167.299270629883, "local_count": 54, "common_count": 46}}, "sim1": {"simulation_id": 1, "user_seed": 21764581, "Nearest": {"max_delay": 0.1478444156848574, "cost": 126.6, "target_value": 211.1444156848574, "running_time": 2.001523971557617, "local_count": 100, "common_count": 0}, "M-Greedy": {"max_delay": 0.1448444156848574, "cost": 116.08, "target_value": 202.8844156848574, "running_time": 2133.497476577759, "n_selected_site": 12, "local_count": 40, "common_count": 60}, "M-Greedy-V2(Tx+Tp+Tq)": {"max_delay": 0.13652135844404928, "cost": 109.42, "target_value": 191.23135844404928, "running_time": 2202.380657196045, "n_selected_site": 6, "local_count": 18, "common_count": 82}, "Ours": {"max_delay": 0.13402702737828964, "cost": 98.54, "target_value": 183.29702737828964, "running_time": 25213.6492729187, "local_count": 50, "common_count": 50}}}, "60": {"sim0": {"simulation_id": 0, "user_seed": 46417311, "Nearest": {"max_delay": 0.15576006938597584, "cost": 141.53333333333333, "target_value": 226.5267360526425, "running_time": 2.0017623901367188, "local_count": 120, "common_count": 0}, "M-Greedy": {"max_delay": 0.1401418468381027, "cost": 115.85, "target_value": 198.06684683810272, "running_time": 2761.69490814209, "n_selected_site": 10, "local_count": 46, "common_count": 74}, "M-Greedy-V2(Tx+Tp+Tq)": {"max_delay": 0.1401418468381027, "cost": 116.8, "target_value": 198.5418468381027, "running_time": 4034.593105316162, "n_selected_site": 8, "local_count": 28, "common_count": 92}, "Ours": {"max_delay": 0.1353403541971479, "cost": 109.51666666666667, "target_value": 190.09868753048124, "running_time": 33304.18038368225, "local_count": 84, "common_count": 36}}, "sim1": {"simulation_id": 1, "user_seed": 2348760, "Nearest": {"max_delay": 0.15623359987515417, "cost": 141.05, "target_value": 226.75859987515418, "running_time": 2.0012855529785156, "local_count": 120, "common_count": 0}, "M-Greedy": {"max_delay": 0.14723359987515416, "cost": 123.46666666666667, "target_value": 208.9669332084875, "running_time": 2894.9925899505615, "n_selected_site": 11, "local_count": 46, "common_count": 74}, "M-Greedy-V2(Tx+Tp+Tq)": {"max_delay": 0.14015288573354476, "cost": 114.91666666666667, "target_value": 197.6112190668781, "running_time": 4355.116128921509, "n_selected_site": 9, "local_count": 14, "common_count": 106}, "Ours": {"max_delay": 0.13694585249690527, "cost": 107.26666666666667, "target_value": 190.5791858302386, "running_time": 33448.86255264282, "local_count": 63, "common_count": 57}}}, "70": {"sim0": {"simulation_id": 0, "user_seed": 88651829, "Nearest": {"max_delay": 0.14951667257236195, "cost": 158.4142857142857, "target_value": 228.7238154295048, "running_time": 2.001523971557617, "local_count": 140, "common_count": 0}, "M-Greedy": {"max_delay": 0.13913964642779775, "cost": 132.24285714285713, "target_value": 205.2610749992263, "running_time": 3897.2103595733643, "n_selected_site": 11, "local_count": 54, "common_count": 86}, "M-Greedy-V2(Tx+Tp+Tq)": {"max_delay": 0.1401181374769064, "cost": 135.2, "target_value": 207.7181374769064, "running_time": 4793.338298797607, "n_selected_site": 7, "local_count": 22, "common_count": 118}, "Ours": {"max_delay": 0.13720438456315348, "cost": 125.8, "target_value": 200.10438456315347, "running_time": 45119.68922615051, "local_count": 89, "common_count": 51}}, "sim1": {"simulation_id": 1, "user_seed": 67383140, "Nearest": {"max_delay": 0.15266147789657022, "cost": 159.2, "target_value": 232.26147789657023, "running_time": 2.001523971557617, "local_count": 140, "common_count": 0}, "M-Greedy": {"max_delay": 0.14397742455811052, "cost": 133.71428571428572, "target_value": 210.8345674152534, "running_time": 3574.355125427246, "n_selected_site": 10, "local_count": 52, "common_count": 88}, "M-Greedy-V2(Tx+Tp+Tq)": {"max_delay": 0.14097742455811052, "cost": 134.67142857142858, "target_value": 208.31313884382482, "running_time": 4830.64341545105, "n_selected_site": 7, "local_count": 34, "common_count": 106}, "Ours": {"max_delay": 0.13740960984825706, "cost": 126.12857142857143, "target_value": 200.4738955625428, "running_time": 45421.66066169739, "local_count": 95, "common_count": 45}}}, "80": {"sim0": {"simulation_id": 0, "user_seed": 41643528, "Nearest": {"max_delay": 0.1523691402092423, "cost": 180.175, "target_value": 242.45664020924232, "running_time": 3.0024051666259766, "local_count": 160, "common_count": 0}, "M-Greedy": {"max_delay": 0.1553691402092423, "cost": 160.825, "target_value": 235.7816402092423, "running_time": 4347.242116928101, "n_selected_site": 9, "local_count": 42, "common_count": 118}, "M-Greedy-V2(Tx+Tp+Tq)": {"max_delay": 0.14401633592804905, "cost": 150.575, "target_value": 219.30383592804904, "running_time": 6963.547468185425, "n_selected_site": 8, "local_count": 30, "common_count": 130}, "Ours": {"max_delay": 0.13712516737992508, "cost": 133.4, "target_value": 203.82516737992506, "running_time": 56471.50683403015, "local_count": 87, "common_count": 73}}, "sim1": {"simulation_id": 1, "user_seed": 90311939, "Nearest": {"max_delay": 0.15661992194782892, "cost": 174.975, "target_value": 244.10742194782893, "running_time": 2.0012855529785156, "local_count": 160, "common_count": 0}, "M-Greedy": {"max_delay": 0.14779755901159772, "cost": 152.7625, "target_value": 224.1788090115977, "running_time": 5065.228462219238, "n_selected_site": 11, "local_count": 84, "common_count": 76}, "M-Greedy-V2(Tx+Tp+Tq)": {"max_delay": 0.1429827441967829, "cost": 150.3875, "target_value": 218.1764941967829, "running_time": 6310.225248336792, "n_selected_site": 7, "local_count": 36, "common_count": 124},