{"40": {"sim0": {"simulation_id": 0, "user_seed": 51439178, "Nearest": {"max_delay": 0.15442764501218173, "cost": 109.625, "target_value": 209.24014501218173, "running_time": 0.9999275207519531, "local_count": 80, "common_count": 0}, "M-Greedy": {"max_delay": 0.14041066779926004, "cost": 92.55, "target_value": 186.68566779926005, "running_time": 1202.6984691619873, "n_selected_site": 11, "local_count": 34, "common_count": 46}, "M-Greedy-V2(Tx+Tp+Tq)": {"max_delay": 0.14033314841941508, "cost": 94.35, "target_value": 187.50814841941508, "running_time": 1650.7041454315186, "n_selected_site": 8, "local_count": 16, "common_count": 64}, "Ours": {"max_delay": 0.13515221033324182, "cost": 86.5, "target_value": 178.4022103332418, "running_time": 15751.55782699585, "local_count": 59, "common_count": 21}}, "sim1": {"simulation_id": 1, "user_seed": 3937113, "Nearest": {"max_delay": 0.14914078111471352, "cost": 103.375, "target_value": 200.82828111471352, "running_time": 1.0013580322265625, "local_count": 80, "common_count": 0}, "M-Greedy": {"max_delay": 0.1478899993761269, "cost": 96.325, "target_value": 196.0524993761269, "running_time": 1446.3956356048584, "n_selected_site": 13, "local_count": 50, "common_count": 30}, "M-Greedy-V2(Tx+Tp+Tq)": {"max_delay": 0.13650388687715004, "cost": 93.025, "target_value": 183.01638687715007, "running_time": 1550.4419803619385, "n_selected_site": 7, "local_count": 20, "common_count": 60}, "Ours": {"max_delay": 0.13320980015220502, "cost": 84.05, "target_value": 175.23480015220503, "running_time": 16726.04537010193, "local_count": 56, "common_count": 24}}}, "50": {"sim0": {"simulation_id": 0, "user_seed": 7524680, "Nearest": {"max_delay": 0.1502145359334064, "cost": 131.16, "target_value": 215.7945359334064, "running_time": 2.001523971557617, "local_count": 100, "common_count": 0}, "M-Greedy": {"max_delay": 0.1502145359334064, "cost": 115.94, "target_value": 208.18453593340638, "running_time": 2452.76141166687, "n_selected_site": 14, "local_count": 64, "common_count": 36}, "M-Greedy-V2(Tx+Tp+Tq)": {"max_delay": 0.13832701823631308, "cost": 107.82, "target_value": 192.23701823631308, "running_time": 2222.163677215576, "n_selected_site": 6, "local_count": 18, "common_count": 82}, "Ours": {"max_delay": 0.13503025424977305, "cost": 97.82, "target_value": 183.94025424977306, "running_time": 24781.396865844727, "local_count": 55, "common_count": 45}}, "sim1": {"simulation_id": 1, "user_seed": 82997661, "Nearest": {"max_delay": 0.1446423836467331, "cost": 121.4, "target_value": 205.34238364673308, "running_time": 1.0001659393310547, "local_count": 100, "common_count": 0}, "M-Greedy": {"max_delay": 0.1360264435749286, "cost": 106.44, "target_value": 189.2464435749286, "running_time": 1874.0699291229248, "n_selected_site": 10, "local_count": 38, "common_count": 62}, "M-Greedy-V2(Tx+Tp+Tq)": {"max_delay": 0.1348465128663798, "cost": 110.18, "target_value": 189.93651286637981, "running_time": 2493.8156604766846, "n_selected_site": 7, "local_count": 20, "common_count": 80}, "Ours": {"max_delay": 0.13310232681986817, "cost": 95.52, "target_value": 180.86232681986814, "running_time": 24909.026622772217, "local_count": 62, "common_count": 38}}}, "60": {"sim0": {"simulation_id": 0, "user_seed": 28452141, "Nearest": {"max_delay": 0.15372511406531236, "cost": 142.88333333333333, "target_value": 225.16678073197903, "running_time": 2.0012855529785156, "local_count": 120, "common_count": 0}, "M-Greedy": {"max_delay": 0.14148866461325998, "cost": 115.06666666666666, "target_value": 199.0219979465933, "running_time": 2706.34126663208, "n_selected_site": 10, "local_count": 32, "common_count": 88}, "M-Greedy-V2(Tx+Tp+Tq)": {"max_delay": 0.14148866461325998, "cost": 115.46666666666667, "target_value": 199.22199794659332, "running_time": 5104.23469543457, "n_selected_site": 11, "local_count": 24, "common_count": 96}, "Ours": {"max_delay": 0.13580882224128238, "cost": 112.95, "target_value": 192.28382224128237, "running_time": 33729.921102523804, "local_count": 67, "common_count": 53}}, "sim1": {"simulation_id": 1, "user_seed": 28283863, "Nearest": {"max_delay": 0.15546420108933945, "cost": 148.01666666666668, "target_value": 229.47253442267277, "running_time": 2.001523971557617, "local_count": 120, "common_count": 0}, "M-Greedy": {"max_delay": 0.14307562125570705, "cost": 122.88333333333334, "target_value": 204.51728792237373, "running_time": 2764.7829055786133, "n_selected_site": 10, "local_count": 62, "common_count": 58}, "M-Greedy-V2(Tx+Tp+Tq)": {"max_delay": 0.14307562125570705, "cost": 129.76666666666668, "target_value": 207.9589545890404, "running_time": 3151.921033859253, "n_selected_site": 6, "local_count": 34, "common_count": 86}, "Ours": {"max_delay": 0.13696001221679263, "cost": 115.68333333333334, "target_value": 194.8016788834593, "running_time": 33733.72030258179, "local_count": 76, "common_count": 44}}}, "70": {"sim0": {"simulation_id": 0, "user_seed": 31904381, "Nearest": {"max_delay": 0.1511671088904291, "cost": 154.55714285714285, "target_value": 228.44568031900053, "running_time": 3.0028820037841797, "local_count": 140, "common_count": 0}, "M-Greedy": {"max_delay": 0.14924156331918392, "cost": 144.1, "target_value": 221.29156331918392, "running_time": 3419.1253185272217, "n_selected_site": 9, "local_count": 72, "common_count": 68}, "M-Greedy-V2(Tx+Tp+Tq)": {"max_delay": 0.13950725309478826, "cost": 136.92857142857142, "target_value": 207.971538809074, "running_time": 4341.623783111572, "n_selected_site": 6, "local_count": 14, "common_count": 126}, "Ours": {"max_delay": 0.13425854170343995, "cost": 122.08571428571429, "target_value": 195.3013988462971, "running_time": 44997.01929092407, "local_count": 77, "common_count": 63}}, "sim1": {"simulation_id": 1, "user_seed": 48250485, "Nearest": {"max_delay": 0.15702315567101038, "cost": 156.82857142857142, "target_value": 235.4374413852961, "running_time": 3.002166748046875, "local_count": 140, "common_count": 0}, "M-Greedy": {"max_delay": 0.14149359317938415, "cost": 131.97142857142856, "target_value": 207.47930746509843, "running_time": 3656.4109325408936, "n_selected_site": 10, "local_count": 56, "common_count": 84}, "M-Greedy-V2(Tx+Tp+Tq)": {"max_delay": 0.14116736984216782, "cost": 134.9857142857143, "target_value": 208.66022698502496, "running_time": 4375.322341918945, "n_selected_site": 6, "local_count": 34, "common_count": 106}, "Ours": {"max_delay": 0.13768253516807227, "cost": 123.58571428571429, "target_value": 199.4753923109294, "running_time": 44538.56539726257, "local_count": 101, "common_count": 39}}}, "80": {"sim0": {"simulation_id": 0, "user_seed": 71409955, "Nearest": {"max_delay": 0.15483569886893828, "cost": 174.375, "target_value": 242.02319886893827, "running_time": 3.002643585205078, "local_count": 160, "common_count": 0}, "M-Greedy": {"max_delay": 0.14246583618388095, "cost": 142.55, "target_value": 213.74083618388096, "running_time": 4766.052961349487, "n_selected_site": 10, "local_count": 46, "common_count": 114}, "M-Greedy-V2(Tx+Tp+Tq)": {"max_delay": 0.13946583618388095, "cost": 142.8625, "target_value": 210.89708618388096, "running_time": 7683.0010414123535, "n_selected_site": 9, "local_count": 46, "common_count": 114}, "Ours": {"max_delay": 0.13563519366833277, "cost": 134.9375, "target_value": 203.10394366833276, "running_time": 56699.182748794556, "local_count": 93, "common_count": 67}}, "sim1": {"simulation_id": 1, "user_seed": 75002746, "Nearest": {"max_delay": 0.15693448915497943, "cost": 188.7125, "target_value": 251.2907391549794, "running_time": 3.002643585205078, "local_count": 160, "common_count": 0}, "M-Greedy": {"max_delay": 0.14284730330584827, "cost": 152.2375, "target_value": 218.96605330584828, "running_time": 4746.88982963562, "n_selected_site": 10, "local_count": 48, "common_count": 112}, "M-Greedy-V2(Tx+Tp+Tq)": {"max_delay": 0.14284730330584827, "cost": 152.625, "target_value": 219.15980330584827, "running_time": 5710.771322250366,