{"40": {"sim0": {"simulation_id": 0, "user_seed": 6852764, "Nearest": {"max_delay": 0.14801428367075645, "cost": 97.8, "target_value": 196.91428367075645, "running_time": 1.0006427764892578, "local_count": 80, "common_count": 0}, "M-Greedy": {"max_delay": 0.14801428367075645, "cost": 90.8, "target_value": 193.41428367075645, "running_time": 1557.0058822631836, "n_selected_site": 14, "local_count": 44, "common_count": 36}, "M-Greedy-V2(Tx+Tp+Tq)": {"max_delay": 0.13708399557408152, "cost": 91.075, "target_value": 182.6214955740815, "running_time": 1605.5476665496826, "n_selected_site": 7, "local_count": 16, "common_count": 64}, "Ours": {"max_delay": 0.13542102439891524, "cost": 83.475, "target_value": 177.15852439891523, "running_time": 17303.810119628906, "local_count": 63, "common_count": 17}}, "sim1": {"simulation_id": 1, "user_seed": 90381160, "Nearest": {"max_delay": 0.14989718701413637, "cost": 98.775, "target_value": 199.28468701413635, "running_time": 1.0001659393310547, "local_count": 80, "common_count": 0}, "M-Greedy": {"max_delay": 0.14389718701413637, "cost": 91.375, "target_value": 189.58468701413636, "running_time": 1481.2076091766357, "n_selected_site": 13, "local_count": 36, "common_count": 44}, "M-Greedy-V2(Tx+Tp+Tq)": {"max_delay": 0.13680053051800078, "cost": 90.1, "target_value": 181.85053051800077, "running_time": 1421.060562133789, "n_selected_site": 6, "local_count": 18, "common_count": 62}, "Ours": {"max_delay": 0.1347780360215624, "cost": 82.075, "target_value": 175.8155360215624, "running_time": 17375.242233276367, "local_count": 50, "common_count": 30}}}, "50": {"sim0": {"simulation_id": 0, "user_seed": 61214678, "Nearest": {"max_delay": 0.15068486884358107, "cost": 126.3, "target_value": 213.83486884358106, "running_time": 1.0001659393310547, "local_count": 100, "common_count": 0}, "M-Greedy": {"max_delay": 0.14875932327233587, "cost": 119.68, "target_value": 208.59932327233588, "running_time": 2157.824993133545, "n_selected_site": 12, "local_count": 42, "common_count": 58}, "M-Greedy-V2(Tx+Tp+Tq)": {"max_delay": 0.1403814861042659, "cost": 114.16, "target_value": 197.46148610426587, "running_time": 2763.3254528045654, "n_selected_site": 8, "local_count": 24, "common_count": 76}, "Ours": {"max_delay": 0.13604542729699992, "cost": 106.0, "target_value": 189.04542729699992, "running_time": 25353.4893989563, "local_count": 64, "common_count": 36}}, "sim1": {"simulation_id": 1, "user_seed": 98858051, "Nearest": {"max_delay": 0.1486718600094295, "cost": 122.7, "target_value": 210.0218600094295, "running_time": 1.001596450805664, "local_count": 100, "common_count": 0}, "M-Greedy": {"max_delay": 0.14329697622990153, "cost": 106.76, "target_value": 196.67697622990153, "running_time": 1925.5728721618652, "n_selected_site": 10, "local_count": 28, "common_count": 72}, "M-Greedy-V2(Tx+Tp+Tq)": {"max_delay": 0.1420073462836587, "cost": 110.12, "target_value": 197.06734628365868, "running_time": 2235.515356063843, "n_selected_site": 6, "local_count": 16, "common_count": 84}, "Ours": {"max_delay": 0.13722956850588092, "cost": 94.34, "target_value": 184.3995685058809, "running_time": 25452.807188034058, "local_count": 57, "common_count": 43}}}, "60": {"sim0": {"simulation_id": 0, "user_seed": 22896632, "Nearest": {"max_delay": 0.15740039779994686, "cost": 139.96666666666667, "target_value": 227.3837311332802, "running_time": 2.0020008087158203, "local_count": 120, "common_count": 0}, "M-Greedy": {"max_delay": 0.23877511239604304, "cost": 109.0, "target_value": 293.275112396043, "running_time": 576.4966011047363, "n_selected_site": 1, "local_count": 120, "common_count": 0}, "M-Greedy-V2(Tx+Tp+Tq)": {"max_delay": 0.14113832927145503, "cost": 115.4, "target_value": 198.83832927145505, "running_time": 3585.630178451538, "n_selected_site": 7, "local_count": 22, "common_count": 98}, "Ours": {"max_delay": 0.13601592494580841, "cost": 108.8, "target_value": 190.41592494580843, "running_time": 33823.73547554016, "local_count": 71, "common_count": 49}}, "sim1": {"simulation_id": 1, "user_seed": 55926287, "Nearest": {"max_delay": 0.14965658945678037, "cost": 146.4, "target_value": 222.8565894567804, "running_time": 2.002239227294922, "local_count": 120, "common_count": 0}, "M-Greedy": {"max_delay": 0.23599008508399066, "cost": 120.0, "target_value": 295.99008508399066, "running_time": 579.0774822235107, "n_selected_site": 1, "local_count": 120, "common_count": 0}, "M-Greedy-V2(Tx+Tp+Tq)": {"max_delay": 0.1418951297873571, "cost": 115.75, "target_value": 199.7701297873571, "running_time": 3613.2407188415527, "n_selected_site": 7, "local_count": 34, "common_count": 86}, "Ours": {"max_delay": 0.13618528027918586, "cost": 112.75, "target_value": 192.56028027918586, "running_time": 33813.32778930664, "local_count": 71, "common_count": 49}}}, "70": {"sim0": {"simulation_id": 0, "user_seed": 1465308, "Nearest": {"max_delay": 0.1496310108824464, "cost": 149.44285714285715, "target_value": 224.35243945387498, "running_time": 2.0024776458740234, "local_count": 140, "common_count": 0}, "M-Greedy": {"max_delay": 0.1496310108824464, "cost": 138.22857142857143, "target_value": 218.7452965967321, "running_time": 4708.00518989563, "n_selected_site": 14, "local_count": 98, "common_count": 42}, "M-Greedy-V2(Tx+Tp+Tq)": {"max_delay": 0.13870000113063582, "cost": 132.6, "target_value": 205.00000113063584, "running_time": 4888.48614692688, "n_selected_site": 7, "local_count": 30, "common_count": 110}, "Ours": {"max_delay": 0.13531615041714967, "cost": 121.01428571428572, "target_value": 195.82329327429255, "running_time": 45204.82277870178, "local_count": 89, "common_count": 51}}, "sim1": {"simulation_id": 1, "user_seed": 8689970, "Nearest": {"max_delay": 0.14866147789657022, "cost": 165.47142857142856, "target_value": 231.39719218228453, "running_time": 3.0024051666259766, "local_count": 140, "common_count": 0}, "M-Greedy": {"max_delay": 0.14866147789657022, "cost": 151.47142857142856, "target_value": 224.39719218228453, "running_time": 3448.0786323547363, "n_selected_site": 9, "local_count": 70, "common_count": 70}, "M-Greedy-V2(Tx+Tp+Tq)": {"max_delay": 0.13694383282684436, "cost": 133.11428571428573, "target_value": 203.50097568398724, "running_time": 4420.814275741577, "n_selected_site": 6, "local_count": 22, "common_count": 118}, "Ours": {"max_delay": 0.13411637342034768, "cost": 125.01428571428572, "target_value": 196.62351627749055, "running_time": 45440.93203544617, "local_count": 90, "common_count": 50}}}, "80": {"sim0": {"simulation_id": 0, "user_seed": 95501306, "Nearest": {"max_delay": 0.1542297308735165, "cost": 167.5125, "target_value": 237.9859808735165, "running_time": 3.0024051666259766, "local_count": 160, "common_count": 0}, "M-Greedy": {"max_delay": 0.1572297308735165, "cost": 142.8875, "target_value": 228.6734808735165, "running_time": 4787.6269817352295, "n_selected_site": 10, "local_count": 62, "common_count": 98}, "M-Greedy-V2(Tx+Tp+Tq)": {"max_delay": 0.1414181082162011, "cost": 133.025, "target_value": 207.9306082162011, "running_time": 5623.980283737183, "n_selected_site": 6, "local_count": 30, "common_count": 130}, "Ours": {"max_delay": 0.1351738707703496, "cost": 128.95, "target_value": 199.6488707703496, "running_time": 57831.56609535217, "local_count": 87, "common_count": 73}}, "sim1": {"simulation_id": 1, "user_seed": 29653708, "Nearest": {"max_delay": 0.1452259427713773, "cost": 172.625, "target_value": 231.5384427713773, "running_time": 3.002643585205078, "local_count": 160, "common_count": 0}, "M-Greedy": {"max_delay": 0.2362890654026794, "cost": 142.0, "target_value": 307.2890654026794, "running_time": 995.01633644104, "n_selected_site": 1, "local_count": 160, "common_count": 0}, "M-Greedy-V2(Tx+Tp+Tq)": {"max_delay": 0.2362890654026794, "cost": 142.0, "target_value": 307.2890654026794, "running_time": 1782.8965187072754, "n_selected_site": 1, "local_count": 160, "common_count": 0}, "Ours": {"max_delay": 0.13466878539959892,