{"40": {"sim0": {"simulation_id": 0, "user_seed": 12704336, "Nearest": {"max_delay": 0.151865551174776, "cost": 100.25, "target_value": 201.990551174776, "running_time": 1.001119613647461, "local_count": 80, "common_count": 0}, "M-Greedy": {"max_delay": 0.13979585277052223, "cost": 90.075, "target_value": 184.83335277052223, "running_time": 1218.8224792480469, "n_selected_site": 10, "local_count": 28, "common_count": 52}, "M-Greedy-V2(Tx+Tp+Tq)": {"max_delay": 0.13979585277052223, "cost": 90.975, "target_value": 185.28335277052224, "running_time": 1434.9064826965332, "n_selected_site": 6, "local_count": 16, "common_count": 64}, "Ours": {"max_delay": 0.13698995554860127, "cost": 83.65, "target_value": 178.8149555486013, "running_time": 17041.351079940796, "local_count": 53, "common_count": 27}}, "sim1": {"simulation_id": 1, "user_seed": 6485610, "Nearest": {"max_delay": 0.1438993380198738, "cost": 102.025, "target_value": 194.9118380198738, "running_time": 1.0006427764892578, "local_count": 80, "common_count": 0}, "M-Greedy": {"max_delay": 0.23583263111810998, "cost": 87.0, "target_value": 279.33263111811, "running_time": 257.80653953552246, "n_selected_site": 1, "local_count": 80, "common_count": 0}, "M-Greedy-V2(Tx+Tp+Tq)": {"max_delay": 0.13695517301500632, "cost": 93.125, "target_value": 183.51767301500632, "running_time": 1441.9143199920654, "n_selected_site": 6, "local_count": 14, "common_count": 66}, "Ours": {"max_delay": 0.13338392943461463, "cost": 85.375, "target_value": 176.07142943461463, "running_time": 17130.894422531128, "local_count": 55, "common_count": 25}}}, "50": {"sim0": {"simulation_id": 0, "user_seed": 42204780, "Nearest": {"max_delay": 0.14960413310531498, "cost": 134.98, "target_value": 217.094133105315, "running_time": 1.0013580322265625, "local_count": 100, "common_count": 0}, "M-Greedy": {"max_delay": 0.2360204685173108, "cost": 109.0, "target_value": 290.52046851731075, "running_time": 400.3310203552246, "n_selected_site": 1, "local_count": 100, "common_count": 0}, "M-Greedy-V2(Tx+Tp+Tq)": {"max_delay": 0.14068911083765398, "cost": 113.72, "target_value": 197.54911083765398, "running_time": 2222.853422164917, "n_selected_site": 6, "local_count": 20, "common_count": 80}, "Ours": {"max_delay": 0.13686449336075787, "cost": 104.18, "target_value": 188.95449336075788, "running_time": 25158.320665359497, "local_count": 67, "common_count": 33}}, "sim1": {"simulation_id": 1, "user_seed": 40664602, "Nearest": {"max_delay": 0.15044650101155446, "cost": 133.24, "target_value": 217.06650101155446, "running_time": 2.001047134399414, "local_count": 100, "common_count": 0}, "M-Greedy": {"max_delay": 0.13661837238231495, "cost": 108.52, "target_value": 190.87837238231495, "running_time": 2095.736503601074, "n_selected_site": 11, "local_count": 46, "common_count": 54}, "M-Greedy-V2(Tx+Tp+Tq)": {"max_delay": 0.13661837238231495, "cost": 114.38, "target_value": 193.80837238231496, "running_time": 3035.127639770508, "n_selected_site": 9, "local_count": 20, "common_count": 80}, "Ours": {"max_delay": 0.13185966368380395, "cost": 102.6, "target_value": 183.15966368380396, "running_time": 25412.18376159668, "local_count": 68, "common_count": 32}}}, "60": {"sim0": {"simulation_id": 0, "user_seed": 26927296, "Nearest": {"max_delay": 0.1534087206759503, "cost": 144.6, "target_value": 225.7087206759503, "running_time": 2.001523971557617, "local_count": 120, "common_count": 0}, "M-Greedy": {"max_delay": 0.14038743070025755, "cost": 115.73333333333333, "target_value": 198.25409736692424, "running_time": 2772.0017433166504, "n_selected_site": 10, "local_count": 38, "common_count": 82}, "M-Greedy-V2(Tx+Tp+Tq)": {"max_delay": 0.14038743070025755, "cost": 116.23333333333333, "target_value": 198.50409736692424, "running_time": 4341.733932495117, "n_selected_site": 9, "local_count": 28, "common_count": 92}, "Ours": {"max_delay": 0.13618306272973557, "cost": 111.88333333333334, "target_value": 192.12472939640224, "running_time": 33967.95058250427, "local_count": 74, "common_count": 46}}, "sim1": {"simulation_id": 1, "user_seed": 33244504, "Nearest": {"max_delay": 0.15111812030041244, "cost": 138.8, "target_value": 220.51812030041245, "running_time": 2.002239227294922, "local_count": 120, "common_count": 0}, "M-Greedy": {"max_delay": 0.1402236192313555, "cost": 113.9, "target_value": 197.17361923135553, "running_time": 2765.2933597564697, "n_selected_site": 10, "local_count": 32, "common_count": 88}, "M-Greedy-V2(Tx+Tp+Tq)": {"max_delay": 0.1402236192313555, "cost": 114.6, "target_value": 197.5236192313555, "running_time": 4693.432331085205, "n_selected_site": 10, "local_count": 18, "common_count": 102}, "Ours": {"max_delay": 0.13415212955479494, "cost": 109.33333333333333, "target_value": 188.8187962214616, "running_time": 33974.25365447998, "local_count": 68, "common_count": 52}}}, "70": {"sim0": {"simulation_id": 0, "user_seed": 31010694, "Nearest": {"max_delay": 0.15767868013802472, "cost": 169.9, "target_value": 242.62868013802472, "running_time": 2.0012855529785156, "local_count": 140, "common_count": 0}, "M-Greedy": {"max_delay": 0.14064841252923793, "cost": 134.21428571428572, "target_value": 207.7555553863808, "running_time": 3689.6045207977295, "n_selected_site": 10, "local_count": 40, "common_count": 100}, "M-Greedy-V2(Tx+Tp+Tq)": {"max_delay": 0.14927401619987138, "cost": 138.35714285714286, "target_value": 218.4525876284428, "running_time": 3774.540662765503, "n_selected_site": 5, "local_count": 0, "common_count": 140}, "Ours": {"max_delay": 0.13598544135407162, "cost": 126.97142857142858, "target_value": 199.4711556397859, "running_time": 45509.31525230408, "local_count": 75, "common_count": 65}}, "sim1": {"simulation_id": 1, "user_seed": 8619366, "Nearest": {"max_delay": 0.14861678210829146, "cost": 160.12857142857143, "target_value": 228.68106782257718, "running_time": 2.001047134399414, "local_count": 140, "common_count": 0}, "M-Greedy": {"max_delay": 0.14268674653327024, "cost": 130.17142857142858, "target_value": 207.7724608189845, "running_time": 3686.6796016693115, "n_selected_site": 10, "local_count": 56, "common_count": 84}, "M-Greedy-V2(Tx+Tp+Tq)": {"max_delay": 0.14239596260419535, "cost": 135.21428571428572, "target_value": 210.0031054613382, "running_time": 4299.278497695923, "n_selected_site": 6, "local_count": 30, "common_count": 110}, "Ours": {"max_delay": 0.13646270714057368, "cost": 125.1, "target_value": 199.0127071405737, "running_time": 45657.700538635254, "local_count": 84, "common_count": 56}}}, "80": {"sim0": {"simulation_id": 0, "user_seed": 38664260, "Nearest": {"max_delay": 0.15618863529157867, "cost": 184.6625, "target_value": 248.51988529157865, "running_time": 2.001523971557617, "local_count": 160, "common_count": 0}, "M-Greedy": {"max_delay": 0.13980973901200716, "cost": 152.925, "target_value": 216.27223901200716, "running_time": 5226.866722106934, "n_selected_site": 11, "local_count": 46, "common_count": 114}, "M-Greedy-V2(Tx+Tp+Tq)": {"max_delay": 0.1403748208093633, "cost": 154.6125, "target_value": 217.68107080936332, "running_time": 6355.190992355347, "n_selected_site": 7, "local_count": 38, "common_count": 122}, "Ours": {"max_delay": 0.13489245115923904, "cost": 145.775, "target_value": 207.77995115923903, "running_time": 56915.61818122864, "local_count": 86, "common_count": 74}}, "sim1": {"simulation_id": 1, "user_seed": 23465413, "Nearest": {"max_delay": 0.15093058070491097, "cost": 170.225, "target_value": 236.04308070491095, "running_time": 3.0024051666259766, "local_count": 160, "common_count": 0}, "M-Greedy": {"max_delay": 0.15393058070491097, "cost": 157.45, "target_value": 232.65558070491096, "running_time": 4869.546413421631, "n_selected_site": 10, "local_count": 74, "common_count": 86}, "M-Greedy-V2(Tx+Tp+Tq)": {"max_delay": 0.14271238040951276, "cost": 148.975, "target_value": 217.19988040951273, "running_time": 6362.8058433532715, "n_selected_site": 7, "local_count": 38, "common_count": 122},