{"40": {"sim0": {"simulation_id": 0, "user_seed": 87203334, "Nearest": {"max_delay": 0.14866512259155426, "cost": 116.925, "target_value": 207.12762259155426, "running_time": 1.001119613647461, "local_count": 80, "common_count": 0}, "M-Greedy": {"max_delay": 0.14866512259155426, "cost": 98.15, "target_value": 197.74012259155427, "running_time": 1007.5738430023193, "n_selected_site": 8, "local_count": 34, "common_count": 46}, "M-Greedy-V2(Tx+Tp+Tq)": {"max_delay": 0.13679424992466999, "cost": 96.8, "target_value": 185.19424992467, "running_time": 1779.8950672149658, "n_selected_site": 8, "local_count": 14, "common_count": 66}, "Ours": {"max_delay": 0.13679424992466999, "cost": 89.125, "target_value": 181.35674992467, "running_time": 17169.852018356323, "local_count": 50, "common_count": 30}}, "sim1": {"simulation_id": 1, "user_seed": 33360020, "Nearest": {"max_delay": 0.15538132874771085, "cost": 110.3, "target_value": 210.53132874771086, "running_time": 1.001119613647461, "local_count": 80, "common_count": 0}, "M-Greedy": {"max_delay": 0.14037477265943576, "cost": 90.375, "target_value": 185.56227265943576, "running_time": 1228.8613319396973, "n_selected_site": 10, "local_count": 30, "common_count": 50}, "M-Greedy-V2(Tx+Tp+Tq)": {"max_delay": 0.14037477265943576, "cost": 92.475, "target_value": 186.61227265943575, "running_time": 1949.9332904815674, "n_selected_site": 9, "local_count": 14, "common_count": 66}, "Ours": {"max_delay": 0.13680698779760775, "cost": 85.7, "target_value": 179.65698779760774, "running_time": 17211.357593536377, "local_count": 52, "common_count": 28}}}, "50": {"sim0": {"simulation_id": 0, "user_seed": 67856792, "Nearest": {"max_delay": 0.15448544132588304, "cost": 128.06, "target_value": 218.51544132588305, "running_time": 1.001119613647461, "local_count": 100, "common_count": 0}, "M-Greedy": {"max_delay": 0.13952135844404928, "cost": 106.38, "target_value": 192.71135844404927, "running_time": 1903.0814170837402, "n_selected_site": 10, "local_count": 42, "common_count": 58}, "M-Greedy-V2(Tx+Tp+Tq)": {"max_delay": 0.13952135844404928, "cost": 107.38, "target_value": 193.21135844404927, "running_time": 2239.8688793182373, "n_selected_site": 6, "local_count": 26, "common_count": 74}, "Ours": {"max_delay": 0.1379340568567477, "cost": 96.1, "target_value": 185.9840568567477, "running_time": 25327.438354492188, "local_count": 61, "common_count": 39}}, "sim1": {"simulation_id": 1, "user_seed": 63917998, "Nearest": {"max_delay": 0.14921725018106263, "cost": 145.44, "target_value": 221.93725018106264, "running_time": 0.9706020355224609, "local_count": 100, "common_count": 0}, "M-Greedy": {"max_delay": 0.14762994859376105, "cost": 130.22, "target_value": 212.73994859376103, "running_time": 1920.4041957855225, "n_selected_site": 10, "local_count": 54, "common_count": 46}, "M-Greedy-V2(Tx+Tp+Tq)": {"max_delay": 0.1371903212742553, "cost": 118.1, "target_value": 196.24032127425528, "running_time": 2230.409622192383, "n_selected_site": 6, "local_count": 6, "common_count": 94}, "Ours": {"max_delay": 0.13531339654614238, "cost": 105.5, "target_value": 188.06339654614237, "running_time": 25608.497381210327, "local_count": 58, "common_count": 42}}}, "60": {"sim0": {"simulation_id": 0, "user_seed": 36708110, "Nearest": {"max_delay": 0.15269362550473542, "cost": 154.06666666666666, "target_value": 229.72695883806875, "running_time": 2.0020008087158203, "local_count": 120, "common_count": 0}, "M-Greedy": {"max_delay": 0.14066241747824043, "cost": 113.73333333333333, "target_value": 197.5290841449071, "running_time": 2910.1037979125977, "n_selected_site": 11, "local_count": 62, "common_count": 58}, "M-Greedy-V2(Tx+Tp+Tq)": {"max_delay": 0.14066241747824043, "cost": 115.88333333333334, "target_value": 198.6040841449071, "running_time": 4007.0080757141113, "n_selected_site": 8, "local_count": 32, "common_count": 88}, "Ours": {"max_delay": 0.1358953377246993, "cost": 112.21666666666667, "target_value": 192.00367105803264, "running_time": 33897.74227142334, "local_count": 66, "common_count": 54}}, "sim1": {"simulation_id": 1, "user_seed": 11255233, "Nearest": {"max_delay": 0.14627541552571438, "cost": 137.93333333333334, "target_value": 215.24208219238105, "running_time": 2.0020008087158203, "local_count": 120, "common_count": 0}, "M-Greedy": {"max_delay": 0.14027541552571438, "cost": 122.88333333333334, "target_value": 201.71708219238104, "running_time": 3114.121198654175, "n_selected_site": 12, "local_count": 54, "common_count": 66}, "M-Greedy-V2(Tx+Tp+Tq)": {"max_delay": 0.13928641245928286, "cost": 115.65, "target_value": 197.11141245928286, "running_time": 4010.523796081543, "n_selected_site": 8, "local_count": 22, "common_count": 98}, "Ours": {"max_delay": 0.13447339313758688, "cost": 113.43333333333334, "target_value": 191.19005980425356, "running_time": 33896.193504333496, "local_count": 68, "common_count": 52}}}, "70": {"sim0": {"simulation_id": 0, "user_seed": 68399464, "Nearest": {"max_delay": 0.15506350480361064, "cost": 155.15714285714284, "target_value": 232.64207623218206, "running_time": 2.0017623901367188, "local_count": 140, "common_count": 0}, "M-Greedy": {"max_delay": 0.1421347818531002, "cost": 128.32857142857142, "target_value": 206.2990675673859, "running_time": 3965.888261795044, "n_selected_site": 11, "local_count": 68, "common_count": 72}, "M-Greedy-V2(Tx+Tp+Tq)": {"max_delay": 0.1434049637600958, "cost": 141.0142857142857, "target_value": 213.91210661723863, "running_time": 3741.9729232788086, "n_selected_site": 5, "local_count": 0, "common_count": 140}, "Ours": {"max_delay": 0.13461185354313304, "cost": 126.64285714285714, "target_value": 197.93328211456162, "running_time": 45114.630699157715, "local_count": 86, "common_count": 54}}, "sim1": {"simulation_id": 1, "user_seed": 26991281, "Nearest": {"max_delay": 0.15571885993729961, "cost": 166.02857142857144, "target_value": 238.73314565158535, "running_time": 2.0017623901367188, "local_count": 140, "common_count": 0}, "M-Greedy": {"max_delay": 0.14030123604443412, "cost": 133.92857142857142, "target_value": 207.26552175871984, "running_time": 3661.8118286132812, "n_selected_site": 10, "local_count": 58, "common_count": 82}, "M-Greedy-V2(Tx+Tp+Tq)": {"max_delay": 0.14030123604443412, "cost": 135.0, "target_value": 207.80123604443412, "running_time": 4300.8012771606445, "n_selected_site": 6, "local_count": 28, "common_count": 112}, "Ours": {"max_delay": 0.13591099214199506, "cost": 129.02857142857144, "target_value": 200.4252778562808, "running_time": 45215.144872665405, "local_count": 84, "common_count": 56}}}, "80": {"sim0": {"simulation_id": 0, "user_seed": 11986240, "Nearest": {"max_delay": 0.15544778283628455, "cost": 179.4375, "target_value": 245.16653283628455, "running_time": 2.001523971557617, "local_count": 160, "common_count": 0}, "M-Greedy": {"max_delay": 0.14155795628850687, "cost": 149.85, "target_value": 216.48295628850684, "running_time": 5186.820268630981, "n_selected_site": 11, "local_count": 102, "common_count": 58}, "M-Greedy-V2(Tx+Tp+Tq)": {"max_delay": 0.14155795628850687, "cost": 151.625, "target_value": 217.37045628850686, "running_time": 5656.613826751709, "n_selected_site": 6, "local_count": 40, "common_count": 120}, "Ours": {"max_delay": 0.13667812835504448, "cost": 145.375, "target_value": 209.36562835504446, "running_time": 57330.56402206421, "local_count": 107, "common_count": 53}}, "sim1": {"simulation_id": 1, "user_seed": 24092390, "Nearest": {"max_delay": 0.14887263817865937, "cost": 170.3125, "target_value": 234.02888817865937, "running_time": 3.002166748046875, "local_count": 160, "common_count": 0}, "M-Greedy": {"max_delay": 0.14205021087339798, "cost": 137.825, "target_value": 210.96271087339798, "running_time": 5150.778293609619, "n_selected_site": 11, "local_count": 60, "common_count": 100}, "M-Greedy-V2(Tx+Tp+Tq)": {"max_delay": 0.14166499918586073, "cost": 138.7375, "target_value": 211.03374918586073,