{"40": {"sim0": {"simulation_id": 0, "user_seed": 62459585, "Nearest": {"max_delay": 0.15113054700912423, "cost": 107.2, "target_value": 204.73054700912422, "running_time": 1.0008811950683594, "local_count": 80, "common_count": 0}, "M-Greedy": {"max_delay": 0.23610674209736204, "cost": 87.0, "target_value": 279.60674209736203, "running_time": 233.20269584655762, "n_selected_site": 1, "local_count": 80, "common_count": 0}, "M-Greedy-V2(Tx+Tp+Tq)": {"max_delay": 0.1394291461818944, "cost": 94.625, "target_value": 186.7416461818944, "running_time": 1355.9517860412598, "n_selected_site": 6, "local_count": 18, "common_count": 62}, "Ours": {"max_delay": 0.1373355290238234, "cost": 85.175, "target_value": 179.9230290238234, "running_time": 16318.214416503906, "local_count": 54, "common_count": 26}}, "sim1": {"simulation_id": 1, "user_seed": 65954640, "Nearest": {"max_delay": 0.14678983124921754, "cost": 115.7, "target_value": 204.63983124921754, "running_time": 1.0006427764892578, "local_count": 80, "common_count": 0}, "M-Greedy": {"max_delay": 0.23868208681803188, "cost": 87.0, "target_value": 282.18208681803185, "running_time": 255.78737258911133, "n_selected_site": 1, "local_count": 80, "common_count": 0}, "M-Greedy-V2(Tx+Tp+Tq)": {"max_delay": 0.13828675818039987, "cost": 99.925, "target_value": 188.24925818039986, "running_time": 1424.7658252716064, "n_selected_site": 6, "local_count": 6, "common_count": 74}, "Ours": {"max_delay": 0.13650856355397975, "cost": 90.525, "target_value": 181.77106355397973, "running_time": 17261.751651763916, "local_count": 59, "common_count": 21}}}, "50": {"sim0": {"simulation_id": 0, "user_seed": 13248970, "Nearest": {"max_delay": 0.1507208015975668, "cost": 121.88, "target_value": 211.66080159756677, "running_time": 1.001119613647461, "local_count": 100, "common_count": 0}, "M-Greedy": {"max_delay": 0.23813182304111785, "cost": 98.0, "target_value": 287.13182304111785, "running_time": 394.84381675720215, "n_selected_site": 1, "local_count": 100, "common_count": 0}, "M-Greedy-V2(Tx+Tp+Tq)": {"max_delay": 0.14042058548777506, "cost": 108.8, "target_value": 194.82058548777508, "running_time": 2742.2263622283936, "n_selected_site": 8, "local_count": 14, "common_count": 86}, "Ours": {"max_delay": 0.1332523242813727, "cost": 99.9, "target_value": 183.20232428137274, "running_time": 24827.631950378418, "local_count": 62, "common_count": 38}}, "sim1": {"simulation_id": 1, "user_seed": 15966296, "Nearest": {"max_delay": 0.15507565144785274, "cost": 118.88, "target_value": 214.51565144785275, "running_time": 2.001523971557617, "local_count": 100, "common_count": 0}, "M-Greedy": {"max_delay": 0.13849041072939516, "cost": 97.2, "target_value": 187.09041072939516, "running_time": 1865.5834197998047, "n_selected_site": 10, "local_count": 34, "common_count": 66}, "M-Greedy-V2(Tx+Tp+Tq)": {"max_delay": 0.13849041072939516, "cost": 96.84, "target_value": 186.91041072939515, "running_time": 3057.060718536377, "n_selected_site": 9, "local_count": 22, "common_count": 78}, "Ours": {"max_delay": 0.13471878515426883, "cost": 91.8, "target_value": 180.61878515426883, "running_time": 24895.976781845093, "local_count": 65, "common_count": 35}}}, "60": {"sim0": {"simulation_id": 0, "user_seed": 30926611, "Nearest": {"max_delay": 0.15827855764257942, "cost": 156.91666666666666, "target_value": 236.73689097591273, "running_time": 2.0017623901367188, "local_count": 120, "common_count": 0}, "M-Greedy": {"max_delay": 0.1390915944367223, "cost": 130.0, "target_value": 204.09159443672232, "running_time": 2694.48184967041, "n_selected_site": 10, "local_count": 42, "common_count": 78}, "M-Greedy-V2(Tx+Tp+Tq)": {"max_delay": 0.1390915944367223, "cost": 131.91666666666666, "target_value": 205.04992777005566, "running_time": 3978.727102279663, "n_selected_site": 8, "local_count": 26, "common_count": 94}, "Ours": {"max_delay": 0.1336567970822837, "cost": 119.75, "target_value": 193.5317970822837, "running_time": 33602.91266441345, "local_count": 67, "common_count": 53}}, "sim1": {"simulation_id": 1, "user_seed": 71729981, "Nearest": {"max_delay": 0.14114192880885784, "cost": 136.66666666666666, "target_value": 209.47526214219118, "running_time": 2.0012855529785156, "local_count": 120, "common_count": 0}, "M-Greedy": {"max_delay": 0.13987785584943777, "cost": 125.4, "target_value": 202.57785584943775, "running_time": 3109.618902206421, "n_selected_site": 12, "local_count": 58, "common_count": 62}, "M-Greedy-V2(Tx+Tp+Tq)": {"max_delay": 0.13716017062602592, "cost": 115.43333333333334, "target_value": 194.87683729269258, "running_time": 4358.609676361084, "n_selected_site": 9, "local_count": 18, "common_count": 102}, "Ours": {"max_delay": 0.13238782181002262, "cost": 110.28333333333333, "target_value": 187.52948847668927, "running_time": 33471.80509567261, "local_count": 75, "common_count": 45}}}, "70": {"sim0": {"simulation_id": 0, "user_seed": 11119763, "Nearest": {"max_delay": 0.15272783597672338, "cost": 165.32857142857142, "target_value": 235.3921216910091, "running_time": 2.0017623901367188, "local_count": 140, "common_count": 0}, "M-Greedy": {"max_delay": 0.14126750885098663, "cost": 136.32857142857142, "target_value": 209.43179456527233, "running_time": 3979.2964458465576, "n_selected_site": 11, "local_count": 38, "common_count": 102}, "M-Greedy-V2(Tx+Tp+Tq)": {"max_delay": 0.14126750885098663, "cost": 135.97142857142856, "target_value": 209.2532231367009, "running_time": 4845.592021942139, "n_selected_site": 7, "local_count": 28, "common_count": 112}, "Ours": {"max_delay": 0.1377238480384346, "cost": 126.25714285714285, "target_value": 200.85241946700603, "running_time": 44991.47939682007, "local_count": 87, "common_count": 53}}, "sim1": {"simulation_id": 1, "user_seed": 43952705, "Nearest": {"max_delay": 0.14640879635059337, "cost": 151.12857142857143, "target_value": 221.9730820648791, "running_time": 3.002643585205078, "local_count": 140, "common_count": 0}, "M-Greedy": {"max_delay": 0.14640879635059337, "cost": 138.4857142857143, "target_value": 215.6516534934505, "running_time": 4448.12273979187, "n_selected_site": 13, "local_count": 88, "common_count": 52}, "M-Greedy-V2(Tx+Tp+Tq)": {"max_delay": 0.13702543850116686, "cost": 132.45714285714286, "target_value": 203.2540099297383, "running_time": 4282.996416091919, "n_selected_site": 6, "local_count": 26, "common_count": 114}, "Ours": {"max_delay": 0.13529630813958754, "cost": 117.32857142857142, "target_value": 193.96059385387326, "running_time": 45455.19256591797, "local_count": 83, "common_count": 57}}}, "80": {"sim0": {"simulation_id": 0, "user_seed": 27128177, "Nearest": {"max_delay": 0.16074507466305518, "cost": 182.4375, "target_value": 251.9638246630552, "running_time": 3.003358840942383, "local_count": 160, "common_count": 0}, "M-Greedy": {"max_delay": 0.1404094714724095, "cost": 149.15, "target_value": 214.9844714724095, "running_time": 4785.19344329834, "n_selected_site": 10, "local_count": 64, "common_count": 96}, "M-Greedy-V2(Tx+Tp+Tq)": {"max_delay": 0.1404094714724095, "cost": 150.4125, "target_value": 215.61572147240952, "running_time": 5605.013608932495, "n_selected_site": 6, "local_count": 44, "common_count": 116}, "Ours": {"max_delay": 0.1365387399310795, "cost": 142.3625, "target_value": 207.7199899310795, "running_time": 57108.77203941345, "local_count": 95, "common_count": 65}}, "sim1": {"simulation_id": 1, "user_seed": 39951128, "Nearest": {"max_delay": 0.15603318993429582, "cost": 177.875, "target_value": 244.97068993429582, "running_time": 3.002643585205078, "local_count": 160, "common_count": 0}, "M-Greedy": {"max_delay": 0.15710764436305064, "cost": 162.2625, "target_value": 238.23889436305063, "running_time": 4844.037771224976, "n_selected_site": 10, "local_count": 70, "common_count": 90}, "M-Greedy-V2(Tx+Tp+Tq)": {"max_delay": 0.13979160900083154, "cost": 150.8125, "target_value": 215.19785900083153, "running_time": 5668.979167938232, "n_selected_site": 6,