{"40": {"sim0": {"simulation_id": 0, "user_seed": 42335514, "Nearest": {"max_delay": 0.14805719777290635, "cost": 100.6, "target_value": 198.35719777290637, "running_time": 1.0008811950683594, "local_count": 80, "common_count": 0}, "M-Greedy": {"max_delay": 0.2350140982118719, "cost": 87.0, "target_value": 278.5140982118719, "running_time": 236.19580268859863, "n_selected_site": 1, "local_count": 80, "common_count": 0}, "M-Greedy-V2(Tx+Tp+Tq)": {"max_delay": 0.13817170103564896, "cost": 90.3, "target_value": 183.32170103564897, "running_time": 1541.5880680084229, "n_selected_site": 7, "local_count": 18, "common_count": 62}, "Ours": {"max_delay": 0.13562796428178964, "cost": 83.175, "target_value": 177.21546428178965, "running_time": 16189.872026443481, "local_count": 50, "common_count": 30}}, "sim1": {"simulation_id": 1, "user_seed": 16875800, "Nearest": {"max_delay": 0.14982254257795175, "cost": 106.55, "target_value": 203.09754257795174, "running_time": 0.9999275207519531, "local_count": 80, "common_count": 0}, "M-Greedy": {"max_delay": 0.13878255601092077, "cost": 90.875, "target_value": 184.22005601092076, "running_time": 1122.8234767913818, "n_selected_site": 9, "local_count": 26, "common_count": 54}, "M-Greedy-V2(Tx+Tp+Tq)": {"max_delay": 0.13878255601092077, "cost": 90.55, "target_value": 184.05755601092076, "running_time": 1412.9796028137207, "n_selected_site": 6, "local_count": 20, "common_count": 60}, "Ours": {"max_delay": 0.13827750550587026, "cost": 82.65, "target_value": 179.60250550587028, "running_time": 17208.271265029907, "local_count": 53, "common_count": 27}}}, "50": {"sim0": {"simulation_id": 0, "user_seed": 70073764, "Nearest": {"max_delay": 0.15207565144785273, "cost": 121.96, "target_value": 213.0556514478527, "running_time": 1.0006427764892578, "local_count": 100, "common_count": 0}, "M-Greedy": {"max_delay": 0.137456818998129, "cost": 96.54, "target_value": 185.726818998129, "running_time": 1913.7840270996094, "n_selected_site": 10, "local_count": 34, "common_count": 66}, "M-Greedy-V2(Tx+Tp+Tq)": {"max_delay": 0.13658392885457343, "cost": 96.5, "target_value": 184.83392885457343, "running_time": 3275.617837905884, "n_selected_site": 10, "local_count": 20, "common_count": 80}, "Ours": {"max_delay": 0.13471878515426883, "cost": 91.68, "target_value": 180.55878515426883, "running_time": 24781.44145011902, "local_count": 57, "common_count": 43}}, "sim1": {"simulation_id": 1, "user_seed": 68781045, "Nearest": {"max_delay": 0.14676326946648183, "cost": 126.3, "target_value": 209.91326946648184, "running_time": 2.0012855529785156, "local_count": 100, "common_count": 0}, "M-Greedy": {"max_delay": 0.23642375013037842, "cost": 98.0, "target_value": 285.4237501303784, "running_time": 390.83075523376465, "n_selected_site": 1, "local_count": 100, "common_count": 0}, "M-Greedy-V2(Tx+Tp+Tq)": {"max_delay": 0.1404338267180009, "cost": 103.72, "target_value": 192.2938267180009, "running_time": 2465.604305267334, "n_selected_site": 7, "local_count": 26, "common_count": 74}, "Ours": {"max_delay": 0.13712399583062415, "cost": 93.34, "target_value": 183.79399583062417, "running_time": 24944.97585296631, "local_count": 64, "common_count": 36}}}, "60": {"sim0": {"simulation_id": 0, "user_seed": 57637149, "Nearest": {"max_delay": 0.15847485222870167, "cost": 144.93333333333334, "target_value": 230.94151889536835, "running_time": 2.001047134399414, "local_count": 120, "common_count": 0}, "M-Greedy": {"max_delay": 0.14113832927145503, "cost": 114.03333333333333, "target_value": 198.15499593812171, "running_time": 2794.783115386963, "n_selected_site": 10, "local_count": 42, "common_count": 78}, "M-Greedy-V2(Tx+Tp+Tq)": {"max_delay": 0.14113832927145503, "cost": 116.33333333333333, "target_value": 199.3049959381217, "running_time": 4016.7078971862793, "n_selected_site": 8, "local_count": 20, "common_count": 100}, "Ours": {"max_delay": 0.1341798005089829, "cost": 112.76666666666667, "target_value": 190.56313384231623, "running_time": 33287.27841377258, "local_count": 72, "common_count": 48}}, "sim1": {"simulation_id": 1, "user_seed": 46750368, "Nearest": {"max_delay": 0.15386393227212586, "cost": 149.43333333333334, "target_value": 228.58059893879252, "running_time": 1.001119613647461, "local_count": 120, "common_count": 0}, "M-Greedy": {"max_delay": 0.13828641245928286, "cost": 115.55, "target_value": 196.06141245928288, "running_time": 2907.926321029663, "n_selected_site": 11, "local_count": 68, "common_count": 52}, "M-Greedy-V2(Tx+Tp+Tq)": {"max_delay": 0.13828641245928286, "cost": 115.55, "target_value": 196.06141245928288, "running_time": 5388.396501541138, "n_selected_site": 12, "local_count": 68, "common_count": 52}, "Ours": {"max_delay": 0.13447540007807826, "cost": 113.63333333333334, "target_value": 191.29206674474491, "running_time": 34018.805265426636, "local_count": 79, "common_count": 41}}}, "70": {"sim0": {"simulation_id": 0, "user_seed": 45629363, "Nearest": {"max_delay": 0.15773086048421936, "cost": 155.84285714285716, "target_value": 235.65228905564794, "running_time": 3.0019283294677734, "local_count": 140, "common_count": 0}, "M-Greedy": {"max_delay": 0.1427177250844795, "cost": 131.9857142857143, "target_value": 208.71058222733666, "running_time": 3979.827642440796, "n_selected_site": 11, "local_count": 72, "common_count": 68}, "M-Greedy-V2(Tx+Tp+Tq)": {"max_delay": 0.1427177250844795, "cost": 132.9142857142857, "target_value": 209.17486794162235, "running_time": 4875.08749961853, "n_selected_site": 7, "local_count": 32, "common_count": 108}, "Ours": {"max_delay": 0.13478769594411702, "cost": 127.5, "target_value": 198.53769594411702, "running_time": 45092.49711036682, "local_count": 94, "common_count": 46}}, "sim1": {"simulation_id": 1, "user_seed": 96144605, "Nearest": {"max_delay": 0.149725215854873, "cost": 163.9, "target_value": 231.675215854873, "running_time": 2.965211868286133, "local_count": 140, "common_count": 0}, "M-Greedy": {"max_delay": 0.23662800983150195, "cost": 131.0, "target_value": 302.1280098315019, "running_time": 768.7587738037109, "n_selected_site": 1, "local_count": 140, "common_count": 0}, "M-Greedy-V2(Tx+Tp+Tq)": {"max_delay": 0.13914606283308711, "cost": 133.82857142857142, "target_value": 206.06034854737283, "running_time": 5384.09161567688, "n_selected_site": 8, "local_count": 52, "common_count": 88}, "Ours": {"max_delay": 0.13682320502669718, "cost": 127.24285714285715, "target_value": 200.44463359812573, "running_time": 45190.937519073486, "local_count": 84, "common_count": 56}}}, "80": {"sim0": {"simulation_id": 0, "user_seed": 69562665, "Nearest": {"max_delay": 0.15608533224724036, "cost": 166.8625, "target_value": 239.51658224724036, "running_time": 3.0024051666259766, "local_count": 160, "common_count": 0}, "M-Greedy": {"max_delay": 0.14046633240963838, "cost": 136.775, "target_value": 208.85383240963836, "running_time": 5668.903112411499, "n_selected_site": 12, "local_count": 68, "common_count": 92}, "M-Greedy-V2(Tx+Tp+Tq)": {"max_delay": 0.14046633240963838, "cost": 138.5875, "target_value": 209.76008240963836, "running_time": 6309.836387634277, "n_selected_site": 7, "local_count": 30, "common_count": 130}, "Ours": {"max_delay": 0.13430544208183148, "cost": 131.725, "target_value": 200.16794208183148, "running_time": 57958.21833610535, "local_count": 95, "common_count": 65}}, "sim1": {"simulation_id": 1, "user_seed": 56848734, "Nearest": {"max_delay": 0.15903318993429583, "cost": 182.8375, "target_value": 250.4519399342958, "running_time": 3.0024051666259766, "local_count": 160, "common_count": 0}, "M-Greedy": {"max_delay": 0.14810764436305063, "cost": 156.05, "target_value": 226.13264436305064, "running_time": 5203.8414478302, "n_selected_site": 11, "local_count": 88, "common_count": 72}, "M-Greedy-V2(Tx+Tp+Tq)": {"max_delay": 0.13979160900083154, "cost": 150.7375, "target_value": 215.16035900083153, "running_time": 5722.07498550415, "n_selected_site": 6, "local_count": 38,