{"40": {"sim0": {"simulation_id": 0, "user_seed": 70980296, "Nearest": {"max_delay": 0.14873083985137564, "cost": 103.4, "target_value": 200.43083985137565, "running_time": 1.0006427764892578, "local_count": 80, "common_count": 0}, "M-Greedy": {"max_delay": 0.14689933801987382, "cost": 102.125, "target_value": 197.96183801987382, "running_time": 990.980863571167, "n_selected_site": 8, "local_count": 30, "common_count": 50}, "M-Greedy-V2(Tx+Tp+Tq)": {"max_delay": 0.1389759548061988, "cost": 94.75, "target_value": 186.35095480619879, "running_time": 1545.2172756195068, "n_selected_site": 7, "local_count": 12, "common_count": 68}, "Ours": {"max_delay": 0.1360278263133052, "cost": 84.2, "target_value": 178.1278263133052, "running_time": 16789.594411849976, "local_count": 53, "common_count": 27}}, "sim1": {"simulation_id": 1, "user_seed": 81630124, "Nearest": {"max_delay": 0.15288869960440818, "cost": 103.425, "target_value": 204.60119960440818, "running_time": 2.001047134399414, "local_count": 80, "common_count": 0}, "M-Greedy": {"max_delay": 0.1376487460729821, "cost": 91.75, "target_value": 183.5237460729821, "running_time": 1300.8904457092285, "n_selected_site": 11, "local_count": 28, "common_count": 52}, "M-Greedy-V2(Tx+Tp+Tq)": {"max_delay": 0.1376487460729821, "cost": 91.55, "target_value": 183.4237460729821, "running_time": 1427.2913932800293, "n_selected_site": 6, "local_count": 6, "common_count": 74}, "Ours": {"max_delay": 0.13537731508728393, "cost": 82.4, "target_value": 176.57731508728392, "running_time": 17091.88437461853, "local_count": 56, "common_count": 24}}}, "50": {"sim0": {"simulation_id": 0, "user_seed": 17675831, "Nearest": {"max_delay": 0.15256335281944852, "cost": 135.9, "target_value": 220.51335281944853, "running_time": 2.0012855529785156, "local_count": 100, "common_count": 0}, "M-Greedy": {"max_delay": 0.15256335281944852, "cost": 121.36, "target_value": 213.24335281944852, "running_time": 2166.111469268799, "n_selected_site": 12, "local_count": 32, "common_count": 68}, "M-Greedy-V2(Tx+Tp+Tq)": {"max_delay": 0.14019657782585374, "cost": 113.18, "target_value": 196.78657782585373, "running_time": 2769.5558071136475, "n_selected_site": 8, "local_count": 18, "common_count": 82}, "Ours": {"max_delay": 0.1350057423486527, "cost": 105.32, "target_value": 187.66574234865269, "running_time": 25180.309534072876, "local_count": 53, "common_count": 47}}, "sim1": {"simulation_id": 1, "user_seed": 90875915, "Nearest": {"max_delay": 0.14515891236076983, "cost": 118.66, "target_value": 204.4889123607698, "running_time": 2.0017623901367188, "local_count": 100, "common_count": 0}, "M-Greedy": {"max_delay": 0.13919787279782075, "cost": 97.86, "target_value": 188.12787279782077, "running_time": 1923.6440658569336, "n_selected_site": 10, "local_count": 32, "common_count": 68}, "M-Greedy-V2(Tx+Tp+Tq)": {"max_delay": 0.13919787279782075, "cost": 98.76, "target_value": 188.57787279782076, "running_time": 2196.178674697876, "n_selected_site": 6, "local_count": 16, "common_count": 84}, "Ours": {"max_delay": 0.13541855614638326, "cost": 93.0, "target_value": 181.91855614638325, "running_time": 25296.671152114868, "local_count": 59, "common_count": 41}}}, "60": {"sim0": {"simulation_id": 0, "user_seed": 34910189, "Nearest": {"max_delay": 0.1456595024145369, "cost": 143.5, "target_value": 217.4095024145369, "running_time": 2.002716064453125, "local_count": 120, "common_count": 0}, "M-Greedy": {"max_delay": 0.13739928840776744, "cost": 116.53333333333333, "target_value": 195.66595507443412, "running_time": 2671.1463928222656, "n_selected_site": 10, "local_count": 28, "common_count": 92}, "M-Greedy-V2(Tx+Tp+Tq)": {"max_delay": 0.13608478851145756, "cost": 120.71666666666667, "target_value": 196.44312184479088, "running_time": 5009.100437164307, "n_selected_site": 11, "local_count": 28, "common_count": 92}, "Ours": {"max_delay": 0.13225328667995573, "cost": 113.48333333333333, "target_value": 188.9949533466224, "running_time": 34000.37980079651, "local_count": 75, "common_count": 45}}, "sim1": {"simulation_id": 1, "user_seed": 72486496, "Nearest": {"max_delay": 0.15576006938597584, "cost": 134.91666666666666, "target_value": 223.21840271930915, "running_time": 1.0013580322265625, "local_count": 120, "common_count": 0}, "M-Greedy": {"max_delay": 0.15576006938597584, "cost": 123.58333333333333, "target_value": 217.5517360526425, "running_time": 3470.271110534668, "n_selected_site": 14, "local_count": 66, "common_count": 54}, "M-Greedy-V2(Tx+Tp+Tq)": {"max_delay": 0.14072256693101792, "cost": 116.16666666666667, "target_value": 198.80590026435127, "running_time": 3997.2856044769287, "n_selected_site": 8, "local_count": 20, "common_count": 100}, "Ours": {"max_delay": 0.1340749972941923, "cost": 108.83333333333333, "target_value": 188.49166396085897, "running_time": 33772.5613117218, "local_count": 70, "common_count": 50}}}, "70": {"sim0": {"simulation_id": 0, "user_seed": 99039309, "Nearest": {"max_delay": 0.15473086048421936, "cost": 159.78571428571428, "target_value": 234.6237176270765, "running_time": 2.0020008087158203, "local_count": 140, "common_count": 0}, "M-Greedy": {"max_delay": 0.2403545082090675, "cost": 120.0, "target_value": 300.3545082090675, "running_time": 765.631914138794, "n_selected_site": 1, "local_count": 140, "common_count": 0}, "M-Greedy-V2(Tx+Tp+Tq)": {"max_delay": 0.14212955243157135, "cost": 138.42857142857142, "target_value": 211.34383814585703, "running_time": 4428.570508956909, "n_selected_site": 6, "local_count": 22, "common_count": 118}, "Ours": {"max_delay": 0.13667987353396904, "cost": 125.84285714285714, "target_value": 199.60130210539762, "running_time": 45683.281660079956, "local_count": 93, "common_count": 47}}, "sim1": {"simulation_id": 1, "user_seed": 76058093, "Nearest": {"max_delay": 0.14919750220120667, "cost": 168.11428571428573, "target_value": 233.25464505834952, "running_time": 2.001523971557617, "local_count": 140, "common_count": 0}, "M-Greedy": {"max_delay": 0.23555627439203564, "cost": 131.0, "target_value": 301.0562743920357, "running_time": 763.6396884918213, "n_selected_site": 1, "local_count": 140, "common_count": 0}, "M-Greedy-V2(Tx+Tp+Tq)": {"max_delay": 0.14144089412852592, "cost": 139.15714285714284, "target_value": 211.01946555709733, "running_time": 4378.086566925049, "n_selected_site": 6, "local_count": 18, "common_count": 122}, "Ours": {"max_delay": 0.13793125905334927, "cost": 123.18571428571428, "target_value": 199.52411619620642, "running_time": 45744.74763870239, "local_count": 104, "common_count": 36}}}, "80": {"sim0": {"simulation_id": 0, "user_seed": 49423896, "Nearest": {"max_delay": 0.15843566237266005, "cost": 170.3125, "target_value": 243.59191237266003, "running_time": 2.001523971557617, "local_count": 160, "common_count": 0}, "M-Greedy": {"max_delay": 0.14064686229207662, "cost": 134.15, "target_value": 207.72186229207665, "running_time": 4837.493419647217, "n_selected_site": 10, "local_count": 70, "common_count": 90}, "M-Greedy-V2(Tx+Tp+Tq)": {"max_delay": 0.14064686229207662, "cost": 135.075, "target_value": 208.18436229207663, "running_time": 7747.986078262329, "n_selected_site": 9, "local_count": 48, "common_count": 112}, "Ours": {"max_delay": 0.13611536760135243, "cost": 132.15, "target_value": 202.19036760135242, "running_time": 57406.6219329834, "local_count": 101, "common_count": 59}}, "sim1": {"simulation_id": 1, "user_seed": 97209505, "Nearest": {"max_delay": 0.1559697863056127, "cost": 176.5125, "target_value": 244.2260363056127, "running_time": 2.0020008087158203, "local_count": 160, "common_count": 0}, "M-Greedy": {"max_delay": 0.13691072325500214, "cost": 152.125, "target_value": 212.97322325500215, "running_time": 4776.293754577637, "n_selected_site": 10, "local_count": 48, "common_count": 112}, "M-Greedy-V2(Tx+Tp+Tq)": {"max_delay": 0.13691072325500214, "cost": 152.4, "target_value": 213.11072325500214, "running_time": 5574.188232421875, "n_selected_site": 6,