{"40": {"sim0": {"simulation_id": 0, "user_seed": 66504856, "Nearest": {"max_delay": 0.1573004601973142, "cost": 111.625, "target_value": 213.1129601973142, "running_time": 2.003192901611328, "local_count": 80, "common_count": 0}, "M-Greedy": {"max_delay": 0.1573004601973142, "cost": 99.675, "target_value": 207.13796019731421, "running_time": 1216.2611484527588, "n_selected_site": 10, "local_count": 22, "common_count": 58}, "M-Greedy-V2(Tx+Tp+Tq)": {"max_delay": 0.13923833251952436, "cost": 96.5, "target_value": 187.48833251952436, "running_time": 1937.3807907104492, "n_selected_site": 9, "local_count": 12, "common_count": 68}, "Ours": {"max_delay": 0.13482964607793724, "cost": 88.2, "target_value": 178.92964607793724, "running_time": 17057.013273239136, "local_count": 57, "common_count": 23}}, "sim1": {"simulation_id": 1, "user_seed": 63895816, "Nearest": {"max_delay": 0.15254106502399534, "cost": 97.925, "target_value": 201.50356502399535, "running_time": 1.001119613647461, "local_count": 80, "common_count": 0}, "M-Greedy": {"max_delay": 0.1358199579025886, "cost": 89.925, "target_value": 180.78245790258862, "running_time": 1266.7145729064941, "n_selected_site": 10, "local_count": 28, "common_count": 52}, "M-Greedy-V2(Tx+Tp+Tq)": {"max_delay": 0.1358199579025886, "cost": 91.325, "target_value": 181.4824579025886, "running_time": 1417.8290367126465, "n_selected_site": 6, "local_count": 8, "common_count": 72}, "Ours": {"max_delay": 0.13279335036378592, "cost": 84.05, "target_value": 174.81835036378592, "running_time": 17178.874969482422, "local_count": 64, "common_count": 16}}}, "50": {"sim0": {"simulation_id": 0, "user_seed": 60668503, "Nearest": {"max_delay": 0.15848889839069372, "cost": 128.22, "target_value": 222.5988983906937, "running_time": 2.0012855529785156, "local_count": 100, "common_count": 0}, "M-Greedy": {"max_delay": 0.14249453457889222, "cost": 119.94, "target_value": 202.46453457889223, "running_time": 2161.5283489227295, "n_selected_site": 12, "local_count": 58, "common_count": 42}, "M-Greedy-V2(Tx+Tp+Tq)": {"max_delay": 0.13975572066377812, "cost": 115.5, "target_value": 197.5057206637781, "running_time": 2206.3350677490234, "n_selected_site": 6, "local_count": 14, "common_count": 86}, "Ours": {"max_delay": 0.13427335101365384, "cost": 105.7, "target_value": 187.12335101365383, "running_time": 25028.912782669067, "local_count": 57, "common_count": 43}}, "sim1": {"simulation_id": 1, "user_seed": 55023292, "Nearest": {"max_delay": 0.15462025731069462, "cost": 119.52, "target_value": 214.38025731069462, "running_time": 1.001119613647461, "local_count": 100, "common_count": 0}, "M-Greedy": {"max_delay": 0.13914760993329972, "cost": 95.64, "target_value": 186.9676099332997, "running_time": 1922.684669494629, "n_selected_site": 10, "local_count": 30, "common_count": 70}, "M-Greedy-V2(Tx+Tp+Tq)": {"max_delay": 0.13914760993329972, "cost": 95.46, "target_value": 186.8776099332997, "running_time": 2746.2029457092285, "n_selected_site": 8, "local_count": 20, "common_count": 80}, "Ours": {"max_delay": 0.13623921879343742, "cost": 91.38, "target_value": 181.92921879343743, "running_time": 25079.285860061646, "local_count": 49, "common_count": 51}}}, "60": {"sim0": {"simulation_id": 0, "user_seed": 51346139, "Nearest": {"max_delay": 0.15033809071507276, "cost": 132.0, "target_value": 216.33809071507275, "running_time": 2.0008087158203125, "local_count": 120, "common_count": 0}, "M-Greedy": {"max_delay": 0.14138574325471384, "cost": 111.11666666666666, "target_value": 196.94407658804718, "running_time": 2703.4990787506104, "n_selected_site": 10, "local_count": 56, "common_count": 64}, "M-Greedy-V2(Tx+Tp+Tq)": {"max_delay": 0.13980501469649073, "cost": 117.05, "target_value": 198.33001469649074, "running_time": 4439.526319503784, "n_selected_site": 9, "local_count": 34, "common_count": 86}, "Ours": {"max_delay": 0.13461741142792133, "cost": 108.65, "target_value": 188.94241142792134, "running_time": 33383.387088775635, "local_count": 80, "common_count": 40}}, "sim1": {"simulation_id": 1, "user_seed": 39011064, "Nearest": {"max_delay": 0.15087355348678197, "cost": 141.71666666666667, "target_value": 221.73188682011528, "running_time": 2.001523971557617, "local_count": 120, "common_count": 0}, "M-Greedy": {"max_delay": 0.141873553486782, "cost": 119.93333333333334, "target_value": 201.84022015344866, "running_time": 3296.201705932617, "n_selected_site": 13, "local_count": 56, "common_count": 64}, "M-Greedy-V2(Tx+Tp+Tq)": {"max_delay": 0.14043289789875318, "cost": 117.18333333333334, "target_value": 199.02456456541987, "running_time": 4447.046756744385, "n_selected_site": 9, "local_count": 18, "common_count": 102}, "Ours": {"max_delay": 0.13377190502973682, "cost": 112.38333333333334, "target_value": 189.96357169640348, "running_time": 33397.65405654907, "local_count": 70, "common_count": 50}}}, "70": {"sim0": {"simulation_id": 0, "user_seed": 21620289, "Nearest": {"max_delay": 0.15024219798948543, "cost": 161.6, "target_value": 231.04219798948543, "running_time": 3.0028820037841797, "local_count": 140, "common_count": 0}, "M-Greedy": {"max_delay": 0.2368875864938863, "cost": 131.0, "target_value": 302.3875864938863, "running_time": 773.169755935669, "n_selected_site": 1, "local_count": 140, "common_count": 0}, "M-Greedy-V2(Tx+Tp+Tq)": {"max_delay": 0.14246074103940476, "cost": 132.55714285714285, "target_value": 208.73931246797616, "running_time": 4893.642902374268, "n_selected_site": 7, "local_count": 34, "common_count": 106}, "Ours": {"max_delay": 0.13786055946685932, "cost": 125.71428571428571, "target_value": 200.71770232400218, "running_time": 45124.961376190186, "local_count": 84, "common_count": 56}}, "sim1": {"simulation_id": 1, "user_seed": 53126417, "Nearest": {"max_delay": 0.15202284272441974, "cost": 174.37142857142857, "target_value": 239.20855701013403, "running_time": 2.0020008087158203, "local_count": 140, "common_count": 0}, "M-Greedy": {"max_delay": 0.15009729715317455, "cost": 153.62857142857143, "target_value": 226.91158286746025, "running_time": 3120.7852363586426, "n_selected_site": 8, "local_count": 58, "common_count": 82}, "M-Greedy-V2(Tx+Tp+Tq)": {"max_delay": 0.1348310017304517, "cost": 134.38571428571427, "target_value": 202.02385887330882, "running_time": 4874.043941497803, "n_selected_site": 7, "local_count": 38, "common_count": 102}, "Ours": {"max_delay": 0.1331680305552854, "cost": 128.24285714285713, "target_value": 197.28945912671395, "running_time": 45423.25043678284, "local_count": 77, "common_count": 63}}}, "80": {"sim0": {"simulation_id": 0, "user_seed": 6707677, "Nearest": {"max_delay": 0.15881952909181, "cost": 175.1, "target_value": 246.36952909180997, "running_time": 3.0028820037841797, "local_count": 160, "common_count": 0}, "M-Greedy": {"max_delay": 0.1404094714724095, "cost": 149.825, "target_value": 215.3219714724095, "running_time": 4800.073146820068, "n_selected_site": 10, "local_count": 70, "common_count": 90}, "M-Greedy-V2(Tx+Tp+Tq)": {"max_delay": 0.1404094714724095, "cost": 152.1625, "target_value": 216.49072147240952, "running_time": 6280.847549438477, "n_selected_site": 7, "local_count": 42, "common_count": 118}, "Ours": {"max_delay": 0.1360556481436399, "cost": 142.6, "target_value": 207.35564814363988, "running_time": 56947.818756103516, "local_count": 100, "common_count": 60}}, "sim1": {"simulation_id": 1, "user_seed": 45996508, "Nearest": {"max_delay": 0.15601839657848676, "cost": 168.1125, "target_value": 240.07464657848678, "running_time": 3.002643585205078, "local_count": 160, "common_count": 0}, "M-Greedy": {"max_delay": 0.1430733790021369, "cost": 146.9, "target_value": 216.5233790021369, "running_time": 5264.660358428955, "n_selected_site": 11, "local_count": 80, "common_count": 80}, "M-Greedy-V2(Tx+Tp+Tq)": {"max_delay": 0.1430733790021369, "cost": 151.0625, "target_value": 218.6046290021369, "running_time": 5685.692310333252, "n_selected_site": 6, "local_count": 32,