{"40": {"sim0": {"simulation_id": 0, "user_seed": 84298024, "Nearest": {"max_delay": 0.14725619886118768, "cost": 121.5, "target_value": 208.00619886118767, "running_time": 0.99945068359375, "local_count": 80, "common_count": 0}, "M-Greedy": {"max_delay": 0.23825727190167983, "cost": 87.0, "target_value": 281.7572719016798, "running_time": 236.19532585144043, "n_selected_site": 1, "local_count": 80, "common_count": 0}, "M-Greedy-V2(Tx+Tp+Tq)": {"max_delay": 0.13923024487465283, "cost": 95.25, "target_value": 186.8552448746528, "running_time": 1852.4796962738037, "n_selected_site": 9, "local_count": 18, "common_count": 62}, "Ours": {"max_delay": 0.13569563492664288, "cost": 87.5, "target_value": 179.4456349266429, "running_time": 16708.20713043213, "local_count": 49, "common_count": 31}}, "sim1": {"simulation_id": 1, "user_seed": 29072562, "Nearest": {"max_delay": 0.14059607202197108, "cost": 98.325, "target_value": 189.75857202197108, "running_time": 1.0004043579101562, "local_count": 80, "common_count": 0}, "M-Greedy": {"max_delay": 0.13916156829369572, "cost": 95.775, "target_value": 187.0490682936957, "running_time": 1225.1768112182617, "n_selected_site": 10, "local_count": 40, "common_count": 40}, "M-Greedy-V2(Tx+Tp+Tq)": {"max_delay": 0.13101768037898642, "cost": 90.125, "target_value": 176.08018037898643, "running_time": 1430.3476810455322, "n_selected_site": 6, "local_count": 10, "common_count": 70}, "Ours": {"max_delay": 0.13101768037898642, "cost": 80.475, "target_value": 171.25518037898644, "running_time": 17108.05630683899, "local_count": 51, "common_count": 29}}}, "50": {"sim0": {"simulation_id": 0, "user_seed": 14855808, "Nearest": {"max_delay": 0.1469726908270931, "cost": 126.3, "target_value": 210.12269082709312, "running_time": 2.001047134399414, "local_count": 100, "common_count": 0}, "M-Greedy": {"max_delay": 0.13691623389162372, "cost": 105.6, "target_value": 189.7162338916237, "running_time": 1865.3178215026855, "n_selected_site": 10, "local_count": 40, "common_count": 60}, "M-Greedy-V2(Tx+Tp+Tq)": {"max_delay": 0.13691623389162372, "cost": 107.06, "target_value": 190.4462338916237, "running_time": 2196.913719177246, "n_selected_site": 6, "local_count": 20, "common_count": 80}, "Ours": {"max_delay": 0.13409765302009102, "cost": 97.24, "target_value": 182.71765302009103, "running_time": 24959.657907485962, "local_count": 57, "common_count": 43}}, "sim1": {"simulation_id": 1, "user_seed": 33735789, "Nearest": {"max_delay": 0.1549992438440573, "cost": 121.74, "target_value": 215.8692438440573, "running_time": 1.0013580322265625, "local_count": 100, "common_count": 0}, "M-Greedy": {"max_delay": 0.23628399274690115, "cost": 98.0, "target_value": 285.28399274690116, "running_time": 397.3405361175537, "n_selected_site": 1, "local_count": 100, "common_count": 0}, "M-Greedy-V2(Tx+Tp+Tq)": {"max_delay": 0.23628399274690115, "cost": 98.0, "target_value": 285.28399274690116, "running_time": 710.6108665466309, "n_selected_site": 1, "local_count": 100, "common_count": 0}, "Ours": {"max_delay": 0.13647918794209635, "cost": 92.22, "target_value": 182.58918794209637, "running_time": 25050.657272338867, "local_count": 53, "common_count": 47}}}, "60": {"sim0": {"simulation_id": 0, "user_seed": 57511610, "Nearest": {"max_delay": 0.1523376391224672, "cost": 152.65, "target_value": 228.66263912246723, "running_time": 1.0006427764892578, "local_count": 120, "common_count": 0}, "M-Greedy": {"max_delay": 0.13941111879421197, "cost": 128.13333333333333, "target_value": 203.47778546087864, "running_time": 2909.8780155181885, "n_selected_site": 11, "local_count": 64, "common_count": 56}, "M-Greedy-V2(Tx+Tp+Tq)": {"max_delay": 0.13941111879421197, "cost": 131.65, "target_value": 205.23611879421196, "running_time": 3191.9050216674805, "n_selected_site": 6, "local_count": 26, "common_count": 94}, "Ours": {"max_delay": 0.13521373710669432, "cost": 118.1, "target_value": 194.2637371066943, "running_time": 33993.46828460693, "local_count": 71, "common_count": 49}}, "sim1": {"simulation_id": 1, "user_seed": 4881174, "Nearest": {"max_delay": 0.1520858666605473, "cost": 144.6, "target_value": 224.38586666054732, "running_time": 2.0017623901367188, "local_count": 120, "common_count": 0}, "M-Greedy": {"max_delay": 0.14074043629592925, "cost": 115.98333333333333, "target_value": 198.73210296259592, "running_time": 2752.798557281494, "n_selected_site": 10, "local_count": 38, "common_count": 82}, "M-Greedy-V2(Tx+Tp+Tq)": {"max_delay": 0.14074043629592925, "cost": 115.85, "target_value": 198.66543629592923, "running_time": 3562.577247619629, "n_selected_site": 7, "local_count": 28, "common_count": 92}, "Ours": {"max_delay": 0.13659892523485231, "cost": 111.81666666666666, "target_value": 192.50725856818565, "running_time": 34089.669704437256, "local_count": 76, "common_count": 44}}}, "70": {"sim0": {"simulation_id": 0, "user_seed": 53522175, "Nearest": {"max_delay": 0.15390190495392572, "cost": 169.67142857142858, "target_value": 238.73761923964, "running_time": 2.002239227294922, "local_count": 140, "common_count": 0}, "M-Greedy": {"max_delay": 0.14497635938268055, "cost": 143.38571428571427, "target_value": 216.6692165255377, "running_time": 3921.321153640747, "n_selected_site": 11, "local_count": 62, "common_count": 78}, "M-Greedy-V2(Tx+Tp+Tq)": {"max_delay": 0.14643066798967141, "cost": 138.21428571428572, "target_value": 215.53781084681427, "running_time": 3756.112813949585, "n_selected_site": 5, "local_count": 0, "common_count": 140}, "Ours": {"max_delay": 0.13611531883961384, "cost": 126.6, "target_value": 199.41531883961386, "running_time": 45583.91761779785, "local_count": 72, "common_count": 68}}, "sim1": {"simulation_id": 1, "user_seed": 69723341, "Nearest": {"max_delay": 0.14951667257236195, "cost": 164.28571428571428, "target_value": 231.6595297152191, "running_time": 2.0017623901367188, "local_count": 140, "common_count": 0}, "M-Greedy": {"max_delay": 0.14951667257236195, "cost": 142.1, "target_value": 220.56667257236194, "running_time": 5221.719026565552, "n_selected_site": 16, "local_count": 108, "common_count": 32}, "M-Greedy-V2(Tx+Tp+Tq)": {"max_delay": 0.13913964642779775, "cost": 132.32857142857142, "target_value": 205.30393214208345, "running_time": 7875.259876251221, "n_selected_site": 13, "local_count": 48, "common_count": 92}, "Ours": {"max_delay": 0.13584074819951714, "cost": 127.18571428571428, "target_value": 199.43360534237428, "running_time": 45940.59705734253, "local_count": 93, "common_count": 47}}}, "80": {"sim0": {"simulation_id": 0, "user_seed": 94490210, "Nearest": {"max_delay": 0.15665346507119124, "cost": 187.75, "target_value": 250.52846507119125, "running_time": 2.001523971557617, "local_count": 160, "common_count": 0}, "M-Greedy": {"max_delay": 0.1396489858481115, "cost": 148.7875, "target_value": 214.04273584811148, "running_time": 4738.019704818726, "n_selected_site": 10, "local_count": 62, "common_count": 98}, "M-Greedy-V2(Tx+Tp+Tq)": {"max_delay": 0.1395745314193567, "cost": 151.8375, "target_value": 215.49328141935672, "running_time": 6980.569124221802, "n_selected_site": 8, "local_count": 28, "common_count": 132}, "Ours": {"max_delay": 0.13657393468943663, "cost": 137.6375, "target_value": 205.39268468943663, "running_time": 57293.62177848816, "local_count": 89, "common_count": 71}}, "sim1": {"simulation_id": 1, "user_seed": 32658664, "Nearest": {"max_delay": 0.15172794501568698, "cost": 187.075, "target_value": 245.26544501568696, "running_time": 3.002166748046875, "local_count": 160, "common_count": 0}, "M-Greedy": {"max_delay": 0.23842773226608227, "cost": 142.0, "target_value": 309.4277322660823, "running_time": 996.4730739593506, "n_selected_site": 1, "local_count": 160, "common_count": 0}, "M-Greedy-V2(Tx+Tp+Tq)": {"max_delay": 0.14092146660192187, "cost": 152.475, "target_value": 217.15896660192186, "running_time": 6426.83219909668, "n_selected_site": 7, "local_count": 30, "common_count": 130},