{"40": {"sim0": {"simulation_id": 0, "user_seed": 65720434, "Nearest": {"max_delay": 0.15325496548154238, "cost": 109.075, "target_value": 207.79246548154237, "running_time": 2.0017623901367188, "local_count": 80, "common_count": 0}, "M-Greedy": {"max_delay": 0.2353328238841812, "cost": 87.0, "target_value": 278.8328238841812, "running_time": 250.7154941558838, "n_selected_site": 1, "local_count": 80, "common_count": 0}, "M-Greedy-V2(Tx+Tp+Tq)": {"max_delay": 0.14169179824315556, "cost": 97.25, "target_value": 190.31679824315555, "running_time": 1443.8443183898926, "n_selected_site": 6, "local_count": 16, "common_count": 64}, "Ours": {"max_delay": 0.13794761219664395, "cost": 86.0, "target_value": 180.94761219664395, "running_time": 17107.646942138672, "local_count": 55, "common_count": 25}}, "sim1": {"simulation_id": 1, "user_seed": 10724576, "Nearest": {"max_delay": 0.1568129879329151, "cost": 97.85, "target_value": 205.73798793291508, "running_time": 1.0008811950683594, "local_count": 80, "common_count": 0}, "M-Greedy": {"max_delay": 0.13958822348467692, "cost": 86.875, "target_value": 183.02572348467692, "running_time": 1209.4168663024902, "n_selected_site": 10, "local_count": 30, "common_count": 50}, "M-Greedy-V2(Tx+Tp+Tq)": {"max_delay": 0.13958822348467692, "cost": 87.775, "target_value": 183.4757234846769, "running_time": 1412.8737449645996, "n_selected_site": 6, "local_count": 24, "common_count": 56}, "Ours": {"max_delay": 0.1363241945085347, "cost": 81.1, "target_value": 176.87419450853469, "running_time": 17155.241012573242, "local_count": 56, "common_count": 24}}}, "50": {"sim0": {"simulation_id": 0, "user_seed": 12195985, "Nearest": {"max_delay": 0.14948222428888175, "cost": 126.22, "target_value": 212.59222428888177, "running_time": 2.0012855529785156, "local_count": 100, "common_count": 0}, "M-Greedy": {"max_delay": 0.23581505403362285, "cost": 98.0, "target_value": 284.81505403362286, "running_time": 384.31811332702637, "n_selected_site": 1, "local_count": 100, "common_count": 0}, "M-Greedy-V2(Tx+Tp+Tq)": {"max_delay": 0.14056744811350025, "cost": 108.42, "target_value": 194.77744811350027, "running_time": 2463.5863304138184, "n_selected_site": 7, "local_count": 14, "common_count": 86}, "Ours": {"max_delay": 0.13515204415611942, "cost": 95.24, "target_value": 182.77204415611942, "running_time": 24948.79150390625, "local_count": 50, "common_count": 50}}, "sim1": {"simulation_id": 1, "user_seed": 39153259, "Nearest": {"max_delay": 0.15121442618223957, "cost": 133.48, "target_value": 217.95442618223956, "running_time": 1.0008811950683594, "local_count": 100, "common_count": 0}, "M-Greedy": {"max_delay": 0.23582155961091966, "cost": 109.0, "target_value": 290.3215596109196, "running_time": 399.9159336090088, "n_selected_site": 1, "local_count": 100, "common_count": 0}, "M-Greedy-V2(Tx+Tp+Tq)": {"max_delay": 0.1390086764054263, "cost": 118.52, "target_value": 198.2686764054263, "running_time": 1960.8397483825684, "n_selected_site": 5, "local_count": 0, "common_count": 100}, "Ours": {"max_delay": 0.1367279923594577, "cost": 106.06, "target_value": 189.75799235945772, "running_time": 25375.216484069824, "local_count": 59, "common_count": 41}}}, "60": {"sim0": {"simulation_id": 0, "user_seed": 97734719, "Nearest": {"max_delay": 0.15565287978223896, "cost": 137.06666666666666, "target_value": 224.1862131155723, "running_time": 2.001047134399414, "local_count": 120, "common_count": 0}, "M-Greedy": {"max_delay": 0.1390184557845941, "cost": 112.6, "target_value": 195.3184557845941, "running_time": 2770.962715148926, "n_selected_site": 10, "local_count": 66, "common_count": 54}, "M-Greedy-V2(Tx+Tp+Tq)": {"max_delay": 0.1390184557845941, "cost": 114.25, "target_value": 196.1434557845941, "running_time": 4015.8865451812744, "n_selected_site": 8, "local_count": 48, "common_count": 72}, "Ours": {"max_delay": 0.1375270881948458, "cost": 106.23333333333333, "target_value": 190.64375486151246, "running_time": 25504.54068183899, "local_count": 90, "common_count": 30}}, "sim1": {"simulation_id": 1, "user_seed": 91917245, "Nearest": {"max_delay": 0.1522679249434869, "cost": 139.78333333333333, "target_value": 222.15959161015354, "running_time": 2.002239227294922, "local_count": 120, "common_count": 0}, "M-Greedy": {"max_delay": 0.13789705374880085, "cost": 113.36666666666666, "target_value": 194.5803870821342, "running_time": 2751.164197921753, "n_selected_site": 10, "local_count": 28, "common_count": 92}, "M-Greedy-V2(Tx+Tp+Tq)": {"max_delay": 0.13789705374880085, "cost": 113.66666666666667, "target_value": 194.7303870821342, "running_time": 4386.630296707153, "n_selected_site": 9, "local_count": 22, "common_count": 98}, "Ours": {"max_delay": 0.1349372531686248, "cost": 107.48333333333333, "target_value": 188.67891983529145, "running_time": 34180.14121055603, "local_count": 66, "common_count": 54}}}, "70": {"sim0": {"simulation_id": 0, "user_seed": 41414470, "Nearest": {"max_delay": 0.15131486694134536, "cost": 152.6, "target_value": 227.61486694134533, "running_time": 3.0024051666259766, "local_count": 140, "common_count": 0}, "M-Greedy": {"max_delay": 0.23872969165916552, "cost": 120.0, "target_value": 298.7296916591655, "running_time": 738.5919094085693, "n_selected_site": 1, "local_count": 140, "common_count": 0}, "M-Greedy-V2(Tx+Tp+Tq)": {"max_delay": 0.13938459020312174, "cost": 138.28571428571428, "target_value": 208.52744734597889, "running_time": 3718.9228534698486, "n_selected_site": 5, "local_count": 0, "common_count": 140}, "Ours": {"max_delay": 0.13524060388231893, "cost": 123.38571428571429, "target_value": 196.9334610251761, "running_time": 45631.794691085815, "local_count": 75, "common_count": 65}}, "sim1": {"simulation_id": 1, "user_seed": 22163670, "Nearest": {"max_delay": 0.15016774356073062, "cost": 157.44285714285715, "target_value": 228.88917213215922, "running_time": 2.0017623901367188, "local_count": 140, "common_count": 0}, "M-Greedy": {"max_delay": 0.2368875864938863, "cost": 131.0, "target_value": 302.3875864938863, "running_time": 757.8005790710449, "n_selected_site": 1, "local_count": 140, "common_count": 0}, "M-Greedy-V2(Tx+Tp+Tq)": {"max_delay": 0.2368875864938863, "cost": 131.0, "target_value": 302.3875864938863, "running_time": 1345.827579498291, "n_selected_site": 1, "local_count": 140, "common_count": 0}, "Ours": {"max_delay": 0.13789270163569667, "cost": 125.85714285714286, "target_value": 200.8212730642681, "running_time": 45999.05753135681, "local_count": 110, "common_count": 30}}}, "80": {"sim0": {"simulation_id": 0, "user_seed": 60253360, "Nearest": {"max_delay": 0.15043767648557155, "cost": 175.125, "target_value": 238.00017648557156, "running_time": 3.002643585205078, "local_count": 160, "common_count": 0}, "M-Greedy": {"max_delay": 0.15343767648557155, "cost": 157.3375, "target_value": 232.10642648557155, "running_time": 3673.9132404327393, "n_selected_site": 7, "local_count": 42, "common_count": 118}, "M-Greedy-V2(Tx+Tp+Tq)": {"max_delay": 0.1400733790021369, "cost": 151.4375, "target_value": 215.7921290021369, "running_time": 5686.110258102417, "n_selected_site": 6, "local_count": 20, "common_count": 140}, "Ours": {"max_delay": 0.13432340486432964, "cost": 135.3125, "target_value": 201.97965486432963, "running_time": 56626.00588798523, "local_count": 97, "common_count": 63}}, "sim1": {"simulation_id": 1, "user_seed": 79734599, "Nearest": {"max_delay": 0.15441961594051856, "cost": 180.975, "target_value": 244.90711594051857, "running_time": 2.0012855529785156, "local_count": 160, "common_count": 0}, "M-Greedy": {"max_delay": 0.14023548959613266, "cost": 148.9, "target_value": 214.68548959613264, "running_time": 5429.501056671143, "n_selected_site": 12, "local_count": 72, "common_count": 88}, "M-Greedy-V2(Tx+Tp+Tq)": {"max_delay": 0.14023548959613266, "cost": 152.125, "target_value": 216.29798959613265, "running_time": 7003.402948379517, "n_selected_site": 8, "local_count": 42, "common_count": 118},