{"40": {"sim0": {"simulation_id": 0, "user_seed": 92770460, "Nearest": {"max_delay": 0.14746989618560474, "cost": 104.975, "target_value": 173.71364618560474, "running_time": 1.0008811950683594, "local_count": 80, "common_count": 0}, "M-Greedy": {"max_delay": 0.14746989618560474, "cost": 100.4, "target_value": 172.56989618560473, "running_time": 1100.6865501403809, "n_selected_site": 9, "local_count": 38, "common_count": 42}, "M-Greedy-V2(Tx+Tp+Tq)": {"max_delay": 0.13511128076308387, "cost": 94.225, "target_value": 158.66753076308387, "running_time": 1417.0565605163574, "n_selected_site": 6, "local_count": 16, "common_count": 64}, "Ours": {"max_delay": 0.13058427622586932, "cost": 91.675, "target_value": 153.50302622586932, "running_time": 16797.10102081299, "local_count": 41, "common_count": 39}}, "sim1": {"simulation_id": 1, "user_seed": 64906120, "Nearest": {"max_delay": 0.1490767222226249, "cost": 128.775, "target_value": 181.2704722226249, "running_time": 2.001523971557617, "local_count": 80, "common_count": 0}, "M-Greedy": {"max_delay": 0.13793818530366467, "cost": 97.625, "target_value": 162.34443530366468, "running_time": 1216.5701389312744, "n_selected_site": 10, "local_count": 26, "common_count": 54}, "M-Greedy-V2(Tx+Tp+Tq)": {"max_delay": 0.13793818530366467, "cost": 97.7, "target_value": 162.3631853036647, "running_time": 1418.3404445648193, "n_selected_site": 6, "local_count": 22, "common_count": 58}, "Ours": {"max_delay": 0.13380714062139218, "cost": 95.525, "target_value": 157.68839062139216, "running_time": 16540.327548980713, "local_count": 36, "common_count": 44}}, "sim2": {"simulation_id": 2, "user_seed": 63293318, "Nearest": {"max_delay": 0.14237974198215914, "cost": 113.925, "target_value": 170.86099198215913, "running_time": 1.0006427764892578, "local_count": 80, "common_count": 0}, "M-Greedy": {"max_delay": 0.13243160098485302, "cost": 97.225, "target_value": 156.73785098485303, "running_time": 1321.091890335083, "n_selected_site": 11, "local_count": 42, "common_count": 38}, "M-Greedy-V2(Tx+Tp+Tq)": {"max_delay": 0.13243160098485302, "cost": 98.525, "target_value": 157.06285098485301, "running_time": 2097.243070602417, "n_selected_site": 10, "local_count": 18, "common_count": 62}, "Ours": {"max_delay": 0.12962626563085816, "cost": 95.225, "target_value": 153.43251563085818, "running_time": 17252.15458869934, "local_count": 49, "common_count": 31}}}, "50": {"sim0": {"simulation_id": 0, "user_seed": 15814344, "Nearest": {"max_delay": 0.14498931840893914, "cost": 143.32, "target_value": 180.81931840893913, "running_time": 2.0017623901367188, "local_count": 100, "common_count": 0}, "M-Greedy": {"max_delay": 0.14935295477257549, "cost": 123.78, "target_value": 180.29795477257548, "running_time": 1894.99831199646, "n_selected_site": 10, "local_count": 30, "common_count": 70}, "M-Greedy-V2(Tx+Tp+Tq)": {"max_delay": 0.13678715247530504, "cost": 116.04, "target_value": 165.79715247530504, "running_time": 2795.811176300049, "n_selected_site": 8, "local_count": 22, "common_count": 78}, "Ours": {"max_delay": 0.13306343151165062, "cost": 112.38, "target_value": 161.15843151165063, "running_time": 25379.73165512085, "local_count": 48, "common_count": 52}}, "sim1": {"simulation_id": 1, "user_seed": 1727596, "Nearest": {"max_delay": 0.1372582189614313, "cost": 128.66, "target_value": 169.4232189614313, "running_time": 1.0008811950683594, "local_count": 100, "common_count": 0}, "M-Greedy": {"max_delay": 0.1372582189614313, "cost": 121.88, "target_value": 167.7282189614313, "running_time": 1419.1794395446777, "n_selected_site": 7, "local_count": 24, "common_count": 76}, "M-Greedy-V2(Tx+Tp+Tq)": {"max_delay": 0.1253519672307859, "cost": 116.18, "target_value": 154.3969672307859, "running_time": 1957.1256637573242, "n_selected_site": 5, "local_count": 8, "common_count": 92}, "Ours": {"max_delay": 0.12329588067618963, "cost": 103.38, "target_value": 149.14088067618962, "running_time": 24840.853691101074, "local_count": 42, "common_count": 58}}, "sim2": {"simulation_id": 2, "user_seed": 28757706, "Nearest": {"max_delay": 0.14703262754917212, "cost": 132.44, "target_value": 180.14262754917212, "running_time": 2.001523971557617, "local_count": 100, "common_count": 0}, "M-Greedy": {"max_delay": 0.14103262754917212, "cost": 123.06, "target_value": 171.7976275491721, "running_time": 2405.9386253356934, "n_selected_site": 14, "local_count": 62, "common_count": 38}, "M-Greedy-V2(Tx+Tp+Tq)": {"max_delay": 0.13321015984010692, "cost": 112.5, "target_value": 161.3351598401069, "running_time": 3311.864137649536, "n_selected_site": 10, "local_count": 24, "common_count": 76}, "Ours": {"max_delay": 0.13004965319901712, "cost": 107.08, "target_value": 156.81965319901713, "running_time": 7103.818655014038, "local_count": 51, "common_count": 49}}}, "60": {"sim0": {"simulation_id": 0, "user_seed": 63673520, "Nearest": {"max_delay": 0.14473488196197656, "cost": 163.2, "target_value": 185.53488196197657, "running_time": 2.0017623901367188, "local_count": 120, "common_count": 0}, "M-Greedy": {"max_delay": 0.14473488196197656, "cost": 148.16666666666666, "target_value": 181.7765486286432, "running_time": 2499.722719192505, "n_selected_site": 9, "local_count": 38, "common_count": 82}, "M-Greedy-V2(Tx+Tp+Tq)": {"max_delay": 0.13269033078423637, "cost": 132.28333333333333, "target_value": 165.76116411756968, "running_time": 3170.5451011657715, "n_selected_site": 6, "local_count": 10, "common_count": 110}, "Ours": {"max_delay": 0.1291008302783096, "cost": 120.76666666666667, "target_value": 159.29249694497625, "running_time": 33259.44471359253, "local_count": 55, "common_count": 65}}, "sim1": {"simulation_id": 1, "user_seed": 92708141, "Nearest": {"max_delay": 0.14355919555578478, "cost": 162.36666666666667, "target_value": 184.15086222245145, "running_time": 2.002239227294922, "local_count": 120, "common_count": 0}, "M-Greedy": {"max_delay": 0.14955919555578479, "cost": 139.75, "target_value": 184.49669555578478, "running_time": 2085.738182067871, "n_selected_site": 7, "local_count": 28, "common_count": 92}, "M-Greedy-V2(Tx+Tp+Tq)": {"max_delay": 0.13442387895091495, "cost": 131.93333333333334, "target_value": 167.40721228424832, "running_time": 3172.557592391968, "n_selected_site": 6, "local_count": 18, "common_count": 102}, "Ours": {"max_delay": 0.13084330925421817, "cost": 117.71666666666667, "target_value": 160.27247592088483, "running_time": 33613.22236061096, "local_count": 59, "common_count": 61}}, "sim2": {"simulation_id": 2, "user_seed": 38962051, "Nearest": {"max_delay": 0.14721508995346916, "cost": 159.36666666666667, "target_value": 187.05675662013581, "running_time": 2.0017623901367188, "local_count": 120, "common_count": 0}, "M-Greedy": {"max_delay": 0.13428239009558057, "cost": 130.8, "target_value": 166.98239009558057, "running_time": 2660.5355739593506, "n_selected_site": 10, "local_count": 48, "common_count": 72}, "M-Greedy-V2(Tx+Tp+Tq)": {"max_delay": 0.13428239009558057, "cost": 132.78333333333333, "target_value": 167.4782234289139, "running_time": 3157.639980316162, "n_selected_site": 6, "local_count": 24, "common_count": 96}, "Ours": {"max_delay": 0.1313067161449118, "cost": 121.9, "target_value": 161.7817161449118, "running_time": 28363.145112991333, "local_count": 71, "common_count": 49}}}, "70": {"sim0": {"simulation_id": 0, "user_seed": 89660266, "Nearest": {"max_delay": 0.1486263094801698, "cost": 172.37142857142857, "target_value": 191.71916662302692, "running_time": 2.0012855529785156, "local_count": 140, "common_count": 0}, "M-Greedy": {"max_delay": 0.23536977393055863, "cost": 134.85714285714286, "target_value": 269.08405964484433, "running_time": 730.1859855651855, "n_selected_site": 1, "local_count": 140, "common_count": 0}, "M-Greedy-V2(Tx+Tp+Tq)": {"max_delay": 0.1382988348131014, "cost": 143.14285714285714, "target_value": 174.08454909881567, "running_time": 4830.89542388916, "n_selected_site": 7, "local_count": 42,