{"40": {"sim0": {"simulation_id": 0, "user_seed": 56554046, "Nearest": {"max_delay": 0.14504786489697552, "cost": 122.275, "target_value": 175.6166148969755, "running_time": 2.001523971557617, "local_count": 80, "common_count": 0}, "M-Greedy": {"max_delay": 0.2344466297321086, "cost": 90.75, "target_value": 257.1341297321086, "running_time": 237.1962070465088, "n_selected_site": 1, "local_count": 80, "common_count": 0}, "M-Greedy-V2(Tx+Tp+Tq)": {"max_delay": 0.13680560409108297, "cost": 97.25, "target_value": 161.11810409108298, "running_time": 1837.5239372253418, "n_selected_site": 9, "local_count": 14, "common_count": 66}, "Ours": {"max_delay": 0.1328460823651074, "cost": 95.0, "target_value": 156.5960823651074, "running_time": 15912.429332733154, "local_count": 34, "common_count": 46}}, "sim1": {"simulation_id": 1, "user_seed": 5049565, "Nearest": {"max_delay": 0.14598949807972011, "cost": 121.725, "target_value": 176.4207480797201, "running_time": 2.0024776458740234, "local_count": 80, "common_count": 0}, "M-Greedy": {"max_delay": 0.2325135744005199, "cost": 102.25, "target_value": 258.07607440051993, "running_time": 239.1977310180664, "n_selected_site": 1, "local_count": 80, "common_count": 0}, "M-Greedy-V2(Tx+Tp+Tq)": {"max_delay": 0.13788359879961087, "cost": 101.875, "target_value": 163.35234879961087, "running_time": 2119.4114685058594, "n_selected_site": 11, "local_count": 24, "common_count": 56}, "Ours": {"max_delay": 0.13323618512313062, "cost": 95.3, "target_value": 157.0611851231306, "running_time": 16166.565895080566, "local_count": 43, "common_count": 37}}, "sim2": {"simulation_id": 2, "user_seed": 27990123, "Nearest": {"max_delay": 0.14132646323690998, "cost": 119.425, "target_value": 171.18271323690996, "running_time": 2.0017623901367188, "local_count": 80, "common_count": 0}, "M-Greedy": {"max_delay": 0.14132646323690998, "cost": 107.75, "target_value": 168.26396323690997, "running_time": 1006.8316459655762, "n_selected_site": 8, "local_count": 28, "common_count": 52}, "M-Greedy-V2(Tx+Tp+Tq)": {"max_delay": 0.13322056395680074, "cost": 98.875, "target_value": 157.93931395680073, "running_time": 1708.921194076538, "n_selected_site": 8, "local_count": 18, "common_count": 62}, "Ours": {"max_delay": 0.13320951391668412, "cost": 93.2, "target_value": 156.50951391668414, "running_time": 17042.757034301758, "local_count": 35, "common_count": 45}}}, "50": {"sim0": {"simulation_id": 0, "user_seed": 54108743, "Nearest": {"max_delay": 0.14790064253078533, "cost": 138.78, "target_value": 182.5956425307853, "running_time": 2.0017623901367188, "local_count": 100, "common_count": 0}, "M-Greedy": {"max_delay": 0.1386130850765285, "cost": 113.88, "target_value": 167.0830850765285, "running_time": 1831.2304019927979, "n_selected_site": 10, "local_count": 32, "common_count": 68}, "M-Greedy-V2(Tx+Tp+Tq)": {"max_delay": 0.13581084590047093, "cost": 114.56, "target_value": 164.45084590047094, "running_time": 3025.1948833465576, "n_selected_site": 9, "local_count": 24, "common_count": 76}, "Ours": {"max_delay": 0.13505098932713805, "cost": 105.4, "target_value": 161.40098932713803, "running_time": 25314.687490463257, "local_count": 59, "common_count": 41}}, "sim1": {"simulation_id": 1, "user_seed": 15029834, "Nearest": {"max_delay": 0.1497109154415931, "cost": 137.34, "target_value": 184.0459154415931, "running_time": 1.0006427764892578, "local_count": 100, "common_count": 0}, "M-Greedy": {"max_delay": 0.1379463323319599, "cost": 111.24, "target_value": 165.75633233195992, "running_time": 1837.9175662994385, "n_selected_site": 10, "local_count": 38, "common_count": 62}, "M-Greedy-V2(Tx+Tp+Tq)": {"max_delay": 0.13652744303574685, "cost": 115.5, "target_value": 165.40244303574684, "running_time": 2470.705986022949, "n_selected_site": 7, "local_count": 14, "common_count": 86}, "Ours": {"max_delay": 0.13260835266419851, "cost": 111.26, "target_value": 160.42335266419852, "running_time": 24984.323740005493, "local_count": 53, "common_count": 47}}, "sim2": {"simulation_id": 2, "user_seed": 30156101, "Nearest": {"max_delay": 0.14853908512615766, "cost": 138.26, "target_value": 183.10408512615766, "running_time": 2.0012855529785156, "local_count": 100, "common_count": 0}, "M-Greedy": {"max_delay": 0.14682119295304097, "cost": 114.68, "target_value": 175.49119295304098, "running_time": 1413.8970375061035, "n_selected_site": 7, "local_count": 18, "common_count": 82}, "M-Greedy-V2(Tx+Tp+Tq)": {"max_delay": 0.1388356777750621, "cost": 112.08, "target_value": 166.8556777750621, "running_time": 2756.7808628082275, "n_selected_site": 8, "local_count": 22, "common_count": 78}, "Ours": {"max_delay": 0.1336649180534456, "cost": 106.18, "target_value": 160.20991805344562, "running_time": 25390.45262336731, "local_count": 49, "common_count": 51}}}, "60": {"sim0": {"simulation_id": 0, "user_seed": 42721177, "Nearest": {"max_delay": 0.1428714869083721, "cost": 144.66666666666666, "target_value": 179.03815357503876, "running_time": 2.0020008087158203, "local_count": 120, "common_count": 0}, "M-Greedy": {"max_delay": 0.1428714869083721, "cost": 127.06666666666666, "target_value": 174.63815357503876, "running_time": 2486.886739730835, "n_selected_site": 9, "local_count": 40, "common_count": 80}, "M-Greedy-V2(Tx+Tp+Tq)": {"max_delay": 0.1328575552722633, "cost": 116.93333333333334, "target_value": 162.09088860559666, "running_time": 3133.3346366882324, "n_selected_site": 6, "local_count": 10, "common_count": 110}, "Ours": {"max_delay": 0.12841166782637586, "cost": 113.71666666666667, "target_value": 156.84083449304254, "running_time": 33526.76248550415, "local_count": 56, "common_count": 64}}, "sim1": {"simulation_id": 1, "user_seed": 43936091, "Nearest": {"max_delay": 0.1460313157536941, "cost": 143.83333333333334, "target_value": 181.98964908702746, "running_time": 2.0012855529785156, "local_count": 120, "common_count": 0}, "M-Greedy": {"max_delay": 0.2328612538901535, "cost": 122.83333333333333, "target_value": 263.56958722348685, "running_time": 571.93922996521, "n_selected_site": 1, "local_count": 120, "common_count": 0}, "M-Greedy-V2(Tx+Tp+Tq)": {"max_delay": 0.13958239190517885, "cost": 123.56666666666666, "target_value": 170.4740585718455, "running_time": 3126.6815662384033, "n_selected_site": 6, "local_count": 8, "common_count": 112}, "Ours": {"max_delay": 0.1318597269960405, "cost": 113.78333333333333, "target_value": 160.30556032937383, "running_time": 33715.6925201416, "local_count": 76, "common_count": 44}}, "sim2": {"simulation_id": 2, "user_seed": 24893718, "Nearest": {"max_delay": 0.1506713543184683, "cost": 155.58333333333334, "target_value": 189.56718765180162, "running_time": 2.002239227294922, "local_count": 120, "common_count": 0}, "M-Greedy": {"max_delay": 0.14003499068210462, "cost": 133.33333333333334, "target_value": 173.36832401543796, "running_time": 2923.0833053588867, "n_selected_site": 11, "local_count": 56, "common_count": 64}, "M-Greedy-V2(Tx+Tp+Tq)": {"max_delay": 0.13591606693864247, "cost": 130.86666666666667, "target_value": 168.63273360530914, "running_time": 4023.144483566284, "n_selected_site": 8, "local_count": 34, "common_count": 86}, "Ours": {"max_delay": 0.13220915763436838, "cost": 118.45, "target_value": 161.8216576343684, "running_time": 11437.769174575806, "local_count": 73, "common_count": 47}}}, "70": {"sim0": {"simulation_id": 0, "user_seed": 20619765, "Nearest": {"max_delay": 0.14703543703029195, "cost": 175.4142857142857, "target_value": 190.88900845886337, "running_time": 3.002166748046875, "local_count": 140, "common_count": 0}, "M-Greedy": {"max_delay": 0.2326384610819357, "cost": 134.71428571428572, "target_value": 266.31703251050715, "running_time": 738.1947040557861, "n_selected_site": 1, "local_count": 140, "common_count": 0}, "M-Greedy-V2(Tx+Tp+Tq)": {"max_delay": 0.13570791283928169, "cost": 134.34285714285716, "target_value": 169.29362712499596, "running_time": 4863.096714019775, "n_selected_site": 7,