{"40": {"sim0": {"simulation_id": 0, "user_seed": 56868085, "Nearest": {"max_delay": 0.1448934182267564, "cost": 118.05, "target_value": 174.40591822675637, "running_time": 1.001119613647461, "local_count": 80, "common_count": 0}, "M-Greedy": {"max_delay": 0.23458120521226195, "cost": 90.0, "target_value": 257.0812052122619, "running_time": 250.6387233734131, "n_selected_site": 1, "local_count": 80, "common_count": 0}, "M-Greedy-V2(Tx+Tp+Tq)": {"max_delay": 0.13442434428005395, "cost": 95.275, "target_value": 158.24309428005395, "running_time": 1822.3960399627686, "n_selected_site": 8, "local_count": 16, "common_count": 64}, "Ours": {"max_delay": 0.13065176852062058, "cost": 94.25, "target_value": 154.21426852062058, "running_time": 17264.479160308838, "local_count": 32, "common_count": 48}}, "sim1": {"simulation_id": 1, "user_seed": 98529506, "Nearest": {"max_delay": 0.14579037902284747, "cost": 123.425, "target_value": 176.64662902284746, "running_time": 1.0013580322265625, "local_count": 80, "common_count": 0}, "M-Greedy": {"max_delay": 0.23126279266193328, "cost": 102.25, "target_value": 256.8252926619333, "running_time": 252.84647941589355, "n_selected_site": 1, "local_count": 80, "common_count": 0}, "M-Greedy-V2(Tx+Tp+Tq)": {"max_delay": 0.23126279266193328, "cost": 102.25, "target_value": 256.8252926619333, "running_time": 462.38207817077637, "n_selected_site": 1, "local_count": 80, "common_count": 0}, "Ours": {"max_delay": 0.13432809153395137, "cost": 97.2, "target_value": 158.6280915339514, "running_time": 17838.35458755493, "local_count": 58, "common_count": 22}}, "sim2": {"simulation_id": 2, "user_seed": 57562784, "Nearest": {"max_delay": 0.15022773749315216, "cost": 123.325, "target_value": 181.05898749315216, "running_time": 1.0013580322265625, "local_count": 80, "common_count": 0}, "M-Greedy": {"max_delay": 0.13786901182371067, "cost": 96.7, "target_value": 162.0440118237107, "running_time": 1228.6982536315918, "n_selected_site": 10, "local_count": 30, "common_count": 50}, "M-Greedy-V2(Tx+Tp+Tq)": {"max_delay": 0.13786901182371067, "cost": 97.4, "target_value": 162.21901182371067, "running_time": 1811.1793994903564, "n_selected_site": 8, "local_count": 18, "common_count": 62}, "Ours": {"max_delay": 0.13311368843414534, "cost": 93.575, "target_value": 156.50743843414534, "running_time": 17764.75739479065, "local_count": 45, "common_count": 35}}}, "50": {"sim0": {"simulation_id": 0, "user_seed": 28039888, "Nearest": {"max_delay": 0.14756984443365903, "cost": 134.04, "target_value": 181.07984443365902, "running_time": 2.0008087158203125, "local_count": 100, "common_count": 0}, "M-Greedy": {"max_delay": 0.23438463621577355, "cost": 101.2, "target_value": 259.68463621577354, "running_time": 386.4610195159912, "n_selected_site": 1, "local_count": 100, "common_count": 0}, "M-Greedy-V2(Tx+Tp+Tq)": {"max_delay": 0.13647088330202067, "cost": 111.92, "target_value": 164.45088330202066, "running_time": 2326.9007205963135, "n_selected_site": 6, "local_count": 22, "common_count": 78}, "Ours": {"max_delay": 0.1328721896708737, "cost": 102.9, "target_value": 158.5971896708737, "running_time": 25970.36600112915, "local_count": 52, "common_count": 48}}, "sim1": {"simulation_id": 1, "user_seed": 24538157, "Nearest": {"max_delay": 0.1431236138542915, "cost": 135.1, "target_value": 176.8986138542915, "running_time": 2.002239227294922, "local_count": 100, "common_count": 0}, "M-Greedy": {"max_delay": 0.1431236138542915, "cost": 130.38, "target_value": 175.7186138542915, "running_time": 1922.297477722168, "n_selected_site": 10, "local_count": 48, "common_count": 52}, "M-Greedy-V2(Tx+Tp+Tq)": {"max_delay": 0.13448379764185817, "cost": 114.32, "target_value": 163.06379764185817, "running_time": 2581.7034244537354, "n_selected_site": 7, "local_count": 14, "common_count": 86}, "Ours": {"max_delay": 0.13115782677775137, "cost": 108.14, "target_value": 158.19282677775138, "running_time": 25935.039043426514, "local_count": 47, "common_count": 53}}, "sim2": {"simulation_id": 2, "user_seed": 79117248, "Nearest": {"max_delay": 0.14857426957240608, "cost": 148.2, "target_value": 185.6242695724061, "running_time": 1.0004043579101562, "local_count": 100, "common_count": 0}, "M-Greedy": {"max_delay": 0.14752099082715692, "cost": 122.9, "target_value": 178.2459908271569, "running_time": 1816.8041706085205, "n_selected_site": 9, "local_count": 30, "common_count": 70}, "M-Greedy-V2(Tx+Tp+Tq)": {"max_delay": 0.13921730106726746, "cost": 113.36, "target_value": 167.55730106726747, "running_time": 2850.52490234375, "n_selected_site": 8, "local_count": 18, "common_count": 82}, "Ours": {"max_delay": 0.13264694447015885, "cost": 108.7, "target_value": 159.82194447015885, "running_time": 25974.879026412964, "local_count": 49, "common_count": 51}}}, "60": {"sim0": {"simulation_id": 0, "user_seed": 95865611, "Nearest": {"max_delay": 0.14796713879022277, "cost": 155.98333333333332, "target_value": 186.9629721235561, "running_time": 2.001523971557617, "local_count": 120, "common_count": 0}, "M-Greedy": {"max_delay": 0.13549461168394522, "cost": 130.91666666666666, "target_value": 168.22377835061187, "running_time": 2762.2721195220947, "n_selected_site": 10, "local_count": 46, "common_count": 74}, "M-Greedy-V2(Tx+Tp+Tq)": {"max_delay": 0.13549461168394522, "cost": 132.63333333333333, "target_value": 168.65294501727854, "running_time": 3261.3232135772705, "n_selected_site": 6, "local_count": 28, "common_count": 92}, "Ours": {"max_delay": 0.13140705094239866, "cost": 123.05, "target_value": 162.16955094239864, "running_time": 15369.927644729614, "local_count": 68, "common_count": 52}}, "sim1": {"simulation_id": 1, "user_seed": 52385074, "Nearest": {"max_delay": 0.1461374643049509, "cost": 156.15, "target_value": 185.1749643049509, "running_time": 2.001523971557617, "local_count": 120, "common_count": 0}, "M-Greedy": {"max_delay": 0.23449373765767245, "cost": 124.33333333333333, "target_value": 265.57707099100577, "running_time": 562.0572566986084, "n_selected_site": 1, "local_count": 120, "common_count": 0}, "M-Greedy-V2(Tx+Tp+Tq)": {"max_delay": 0.13798948883681816, "cost": 134.58333333333334, "target_value": 171.6353221701515, "running_time": 3622.451066970825, "n_selected_site": 7, "local_count": 18, "common_count": 102}, "Ours": {"max_delay": 0.13223382423425353, "cost": 121.61666666666666, "target_value": 162.63799090092022, "running_time": 35001.408100128174, "local_count": 72, "common_count": 48}}, "sim2": {"simulation_id": 2, "user_seed": 44403868, "Nearest": {"max_delay": 0.15157095812999044, "cost": 154.63333333333333, "target_value": 190.22929146332376, "running_time": 2.0020008087158203, "local_count": 120, "common_count": 0}, "M-Greedy": {"max_delay": 0.13659892523485231, "cost": 129.41666666666666, "target_value": 168.95309190151897, "running_time": 2807.92498588562, "n_selected_site": 10, "local_count": 46, "common_count": 74}, "M-Greedy-V2(Tx+Tp+Tq)": {"max_delay": 0.13614995987576375, "cost": 133.43333333333334, "target_value": 169.50829320909708, "running_time": 3656.109094619751, "n_selected_site": 7, "local_count": 18, "common_count": 102}, "Ours": {"max_delay": 0.13289084191530715, "cost": 118.73333333333333, "target_value": 162.57417524864047, "running_time": 34682.4209690094, "local_count": 57, "common_count": 63}}}, "70": {"sim0": {"simulation_id": 0, "user_seed": 62431584, "Nearest": {"max_delay": 0.14943416611587151, "cost": 165.5857142857143, "target_value": 190.83059468730008, "running_time": 3.0059814453125, "local_count": 140, "common_count": 0}, "M-Greedy": {"max_delay": 0.13996983960031462, "cost": 133.74285714285713, "target_value": 173.4055538860289, "running_time": 3748.2383251190186, "n_selected_site": 10, "local_count": 42, "common_count": 98}, "M-Greedy-V2(Tx+Tp+Tq)": {"max_delay": 0.14197634362218686, "cost": 138.87142857142857, "target_value": 176.694200765044, "running_time": 3845.179319381714, "n_selected_site": 5, "local_count": 0,