{"40": {"sim0": {"simulation_id": 0, "user_seed": 59693775, "Nearest": {"max_delay": 0.15105719777290635, "cost": 113.3, "target_value": 179.38219777290635, "running_time": 1.0004043579101562, "local_count": 80, "common_count": 0}, "M-Greedy": {"max_delay": 0.13962796428178964, "cost": 96.05, "target_value": 163.64046428178963, "running_time": 1206.1395645141602, "n_selected_site": 10, "local_count": 24, "common_count": 56}, "M-Greedy-V2(Tx+Tp+Tq)": {"max_delay": 0.13962796428178964, "cost": 96.875, "target_value": 163.84671428178964, "running_time": 1742.3765659332275, "n_selected_site": 8, "local_count": 18, "common_count": 62}, "Ours": {"max_delay": 0.1334428620844552, "cost": 92.225, "target_value": 156.4991120844552, "running_time": 17097.68843650818, "local_count": 40, "common_count": 40}}, "sim1": {"simulation_id": 1, "user_seed": 97740018, "Nearest": {"max_delay": 0.14782311943159088, "cost": 128.4, "target_value": 179.92311943159086, "running_time": 2.0012855529785156, "local_count": 80, "common_count": 0}, "M-Greedy": {"max_delay": 0.13772485359485698, "cost": 98.35, "target_value": 162.31235359485697, "running_time": 1239.5906448364258, "n_selected_site": 10, "local_count": 14, "common_count": 66}, "M-Greedy-V2(Tx+Tp+Tq)": {"max_delay": 0.13772485359485698, "cost": 98.925, "target_value": 162.45610359485696, "running_time": 1792.4752235412598, "n_selected_site": 8, "local_count": 14, "common_count": 66}, "Ours": {"max_delay": 0.13339257349810876, "cost": 94.725, "target_value": 157.07382349810877, "running_time": 17274.855136871338, "local_count": 34, "common_count": 46}}, "sim2": {"simulation_id": 2, "user_seed": 15235229, "Nearest": {"max_delay": 0.15037974198215914, "cost": 116.4, "target_value": 179.47974198215914, "running_time": 1.0006427764892578, "local_count": 80, "common_count": 0}, "M-Greedy": {"max_delay": 0.1369265504798025, "cost": 98.45, "target_value": 161.5390504798025, "running_time": 1254.8840045928955, "n_selected_site": 10, "local_count": 30, "common_count": 50}, "M-Greedy-V2(Tx+Tp+Tq)": {"max_delay": 0.1369265504798025, "cost": 98.275, "target_value": 161.4953004798025, "running_time": 1816.720962524414, "n_selected_site": 8, "local_count": 26, "common_count": 54}, "Ours": {"max_delay": 0.13507782950013764, "cost": 97.975, "target_value": 159.57157950013763, "running_time": 17399.91784095764, "local_count": 49, "common_count": 31}}}, "50": {"sim0": {"simulation_id": 0, "user_seed": 33551534, "Nearest": {"max_delay": 0.14752099082715692, "cost": 143.88, "target_value": 183.4909908271569, "running_time": 2.001047134399414, "local_count": 100, "common_count": 0}, "M-Greedy": {"max_delay": 0.14752099082715692, "cost": 127.46, "target_value": 179.38599082715692, "running_time": 2041.4962768554688, "n_selected_site": 11, "local_count": 48, "common_count": 52}, "M-Greedy-V2(Tx+Tp+Tq)": {"max_delay": 0.13954642413683413, "cost": 118.32, "target_value": 169.12642413683415, "running_time": 2497.396469116211, "n_selected_site": 7, "local_count": 4, "common_count": 96}, "Ours": {"max_delay": 0.13264694447015885, "cost": 111.3, "target_value": 160.47194447015883, "running_time": 25024.58667755127, "local_count": 37, "common_count": 63}}, "sim1": {"simulation_id": 1, "user_seed": 18823055, "Nearest": {"max_delay": 0.1505587398740597, "cost": 156.94, "target_value": 189.79373987405972, "running_time": 2.002239227294922, "local_count": 100, "common_count": 0}, "M-Greedy": {"max_delay": 0.13882112416112943, "cost": 119.64, "target_value": 168.73112416112943, "running_time": 1916.611909866333, "n_selected_site": 10, "local_count": 36, "common_count": 64}, "M-Greedy-V2(Tx+Tp+Tq)": {"max_delay": 0.13865793627601702, "cost": 120.82, "target_value": 168.86293627601702, "running_time": 2489.0568256378174, "n_selected_site": 7, "local_count": 30, "common_count": 70}, "Ours": {"max_delay": 0.13364467062952873, "cost": 114.52, "target_value": 162.2746706295287, "running_time": 10204.681396484375, "local_count": 57, "common_count": 43}}, "sim2": {"simulation_id": 2, "user_seed": 31867415, "Nearest": {"max_delay": 0.15047580347029305, "cost": 131.08, "target_value": 183.24580347029305, "running_time": 2.0017623901367188, "local_count": 100, "common_count": 0}, "M-Greedy": {"max_delay": 0.13669347632140116, "cost": 110.42, "target_value": 164.29847632140115, "running_time": 1896.6271877288818, "n_selected_site": 10, "local_count": 46, "common_count": 54}, "M-Greedy-V2(Tx+Tp+Tq)": {"max_delay": 0.13480973993523107, "cost": 114.96, "target_value": 163.5497399352311, "running_time": 2220.081329345703, "n_selected_site": 6, "local_count": 22, "common_count": 78}, "Ours": {"max_delay": 0.1333399564753075, "cost": 108.78, "target_value": 160.5349564753075, "running_time": 25016.16334915161, "local_count": 51, "common_count": 49}}}, "60": {"sim0": {"simulation_id": 0, "user_seed": 64203529, "Nearest": {"max_delay": 0.1529221278284219, "cost": 152.66666666666666, "target_value": 191.08879449508856, "running_time": 2.0017623901367188, "local_count": 120, "common_count": 0}, "M-Greedy": {"max_delay": 0.13756724117895758, "cost": 130.46666666666667, "target_value": 170.18390784562425, "running_time": 2718.4762954711914, "n_selected_site": 10, "local_count": 60, "common_count": 60}, "M-Greedy-V2(Tx+Tp+Tq)": {"max_delay": 0.13756724117895758, "cost": 132.68333333333334, "target_value": 170.7380745122909, "running_time": 3620.7587718963623, "n_selected_site": 7, "local_count": 34, "common_count": 86}, "Ours": {"max_delay": 0.1344107848477432, "cost": 121.61666666666666, "target_value": 164.81495151440984, "running_time": 10054.490804672241, "local_count": 73, "common_count": 47}}, "sim1": {"simulation_id": 1, "user_seed": 53182017, "Nearest": {"max_delay": 0.14753188392598288, "cost": 146.15, "target_value": 184.06938392598286, "running_time": 3.002643585205078, "local_count": 120, "common_count": 0}, "M-Greedy": {"max_delay": 0.15178769787947125, "cost": 139.33333333333334, "target_value": 186.62103121280458, "running_time": 2705.2433490753174, "n_selected_site": 10, "local_count": 52, "common_count": 68}, "M-Greedy-V2(Tx+Tp+Tq)": {"max_delay": 0.13756724117895758, "cost": 133.43333333333334, "target_value": 170.9255745122909, "running_time": 3551.480531692505, "n_selected_site": 7, "local_count": 32, "common_count": 88}, "Ours": {"max_delay": 0.13283145852340517, "cost": 120.41666666666667, "target_value": 162.93562519007182, "running_time": 33602.75316238403, "local_count": 75, "common_count": 45}}, "sim2": {"simulation_id": 2, "user_seed": 30429904, "Nearest": {"max_delay": 0.14961261526139846, "cost": 152.26666666666668, "target_value": 187.67928192806514, "running_time": 2.001523971557617, "local_count": 120, "common_count": 0}, "M-Greedy": {"max_delay": 0.14086842921488685, "cost": 133.6, "target_value": 174.26842921488685, "running_time": 2902.3663997650146, "n_selected_site": 11, "local_count": 60, "common_count": 60}, "M-Greedy-V2(Tx+Tp+Tq)": {"max_delay": 0.13616064045772197, "cost": 129.63333333333333, "target_value": 168.5689737910553, "running_time": 4696.054935455322, "n_selected_site": 10, "local_count": 28, "common_count": 92}, "Ours": {"max_delay": 0.13199284921284468, "cost": 116.8, "target_value": 161.19284921284466, "running_time": 13442.141771316528, "local_count": 72, "common_count": 48}}}, "70": {"sim0": {"simulation_id": 0, "user_seed": 17545689, "Nearest": {"max_delay": 0.14949780333044943, "cost": 166.9, "target_value": 191.22280333044944, "running_time": 2.002239227294922, "local_count": 140, "common_count": 0}, "M-Greedy": {"max_delay": 0.13642405958048065, "cost": 134.0, "target_value": 169.92405958048064, "running_time": 3961.8306159973145, "n_selected_site": 11, "local_count": 58, "common_count": 82}, "M-Greedy-V2(Tx+Tp+Tq)": {"max_delay": 0.13642405958048065, "cost": 135.0142857142857, "target_value": 170.17763100905208, "running_time": 4884.020805358887, "n_selected_site": 7, "local_count": 28, "common_count": 112},