{"40": {"sim0": {"simulation_id": 0, "user_seed": 49900766, "Nearest": {"max_delay": 0.14008471624120322, "cost": 117.0, "target_value": 169.3347162412032, "running_time": 2.0020008087158203, "local_count": 80, "common_count": 0}, "M-Greedy": {"max_delay": 0.2320707396411752, "cost": 90.5, "target_value": 254.69573964117518, "running_time": 251.65033340454102, "n_selected_site": 1, "local_count": 80, "common_count": 0}, "M-Greedy-V2(Tx+Tp+Tq)": {"max_delay": 0.13614310261216075, "cost": 95.9, "target_value": 160.11810261216075, "running_time": 1604.5517921447754, "n_selected_site": 7, "local_count": 34, "common_count": 46}, "Ours": {"max_delay": 0.13274444262500884, "cost": 90.475, "target_value": 155.36319262500885, "running_time": 17691.012620925903, "local_count": 49, "common_count": 31}}, "sim1": {"simulation_id": 1, "user_seed": 63701463, "Nearest": {"max_delay": 0.14197689383105525, "cost": 108.7, "target_value": 169.15189383105525, "running_time": 1.0008811950683594, "local_count": 80, "common_count": 0}, "M-Greedy": {"max_delay": 0.14197689383105525, "cost": 98.25, "target_value": 166.53939383105524, "running_time": 1287.4205112457275, "n_selected_site": 11, "local_count": 38, "common_count": 42}, "M-Greedy-V2(Tx+Tp+Tq)": {"max_delay": 0.13717669434342689, "cost": 95.8, "target_value": 161.12669434342686, "running_time": 1771.5013027191162, "n_selected_site": 8, "local_count": 18, "common_count": 62}, "Ours": {"max_delay": 0.13274085436814603, "cost": 94.05, "target_value": 156.25335436814603, "running_time": 17611.47665977478, "local_count": 44, "common_count": 36}}, "sim2": {"simulation_id": 2, "user_seed": 4157857, "Nearest": {"max_delay": 0.14569076349257087, "cost": 110.175, "target_value": 173.23451349257087, "running_time": 1.0006427764892578, "local_count": 80, "common_count": 0}, "M-Greedy": {"max_delay": 0.14569076349257087, "cost": 101.5, "target_value": 171.06576349257088, "running_time": 1314.5966529846191, "n_selected_site": 11, "local_count": 36, "common_count": 44}, "M-Greedy-V2(Tx+Tp+Tq)": {"max_delay": 0.13404037542114133, "cost": 96.55, "target_value": 158.17787542114132, "running_time": 1776.4437198638916, "n_selected_site": 8, "local_count": 22, "common_count": 58}, "Ours": {"max_delay": 0.13067305491595116, "cost": 92.075, "target_value": 153.69180491595117, "running_time": 17570.448875427246, "local_count": 44, "common_count": 36}}}, "50": {"sim0": {"simulation_id": 0, "user_seed": 18685091, "Nearest": {"max_delay": 0.15225258010234471, "cost": 138.68, "target_value": 186.92258010234474, "running_time": 1.001119613647461, "local_count": 100, "common_count": 0}, "M-Greedy": {"max_delay": 0.14588435397386007, "cost": 116.02, "target_value": 174.88935397386007, "running_time": 1465.8796787261963, "n_selected_site": 7, "local_count": 18, "common_count": 82}, "M-Greedy-V2(Tx+Tp+Tq)": {"max_delay": 0.13727233480182466, "cost": 113.3, "target_value": 165.59733480182464, "running_time": 2771.786689758301, "n_selected_site": 8, "local_count": 28, "common_count": 72}, "Ours": {"max_delay": 0.13491246497540088, "cost": 104.48, "target_value": 161.0324649754009, "running_time": 25967.31185913086, "local_count": 55, "common_count": 45}}, "sim1": {"simulation_id": 1, "user_seed": 33571913, "Nearest": {"max_delay": 0.1479013916320693, "cost": 138.38, "target_value": 182.4963916320693, "running_time": 2.001523971557617, "local_count": 100, "common_count": 0}, "M-Greedy": {"max_delay": 0.14915720558555767, "cost": 125.52, "target_value": 180.53720558555767, "running_time": 1894.113302230835, "n_selected_site": 10, "local_count": 36, "common_count": 64}, "M-Greedy-V2(Tx+Tp+Tq)": {"max_delay": 0.1384294241193995, "cost": 114.8, "target_value": 167.12942411939952, "running_time": 2761.113405227661, "n_selected_site": 8, "local_count": 28, "common_count": 72}, "Ours": {"max_delay": 0.1326203614678531, "cost": 107.36, "target_value": 159.46036146785312, "running_time": 13733.723878860474, "local_count": 55, "common_count": 45}}, "sim2": {"simulation_id": 2, "user_seed": 39074411, "Nearest": {"max_delay": 0.15072407990923126, "cost": 148.36, "target_value": 187.81407990923125, "running_time": 2.0012855529785156, "local_count": 100, "common_count": 0}, "M-Greedy": {"max_delay": 0.14006110873406497, "cost": 120.62, "target_value": 170.21610873406496, "running_time": 2036.6036891937256, "n_selected_site": 11, "local_count": 56, "common_count": 44}, "M-Greedy-V2(Tx+Tp+Tq)": {"max_delay": 0.13735799542910931, "cost": 115.06, "target_value": 166.12299542910932, "running_time": 2992.478847503662, "n_selected_site": 9, "local_count": 20, "common_count": 80}, "Ours": {"max_delay": 0.13409778559972635, "cost": 108.66, "target_value": 161.26278559972633, "running_time": 25934.27014350891, "local_count": 51, "common_count": 49}}}, "60": {"sim0": {"simulation_id": 0, "user_seed": 6234337, "Nearest": {"max_delay": 0.15229040244365025, "cost": 155.51666666666668, "target_value": 191.1695691103169, "running_time": 2.0012855529785156, "local_count": 120, "common_count": 0}, "M-Greedy": {"max_delay": 0.13966854262218772, "cost": 130.85, "target_value": 172.38104262218772, "running_time": 2767.2905921936035, "n_selected_site": 10, "local_count": 36, "common_count": 84}, "M-Greedy-V2(Tx+Tp+Tq)": {"max_delay": 0.13776011099232005, "cost": 133.16666666666666, "target_value": 171.0517776589867, "running_time": 3575.9642124176025, "n_selected_site": 7, "local_count": 20, "common_count": 100}, "Ours": {"max_delay": 0.13405008432822496, "cost": 120.35, "target_value": 164.13758432822496, "running_time": 34625.81157684326, "local_count": 62, "common_count": 58}}, "sim1": {"simulation_id": 1, "user_seed": 41170113, "Nearest": {"max_delay": 0.14986839506593402, "cost": 167.48333333333332, "target_value": 191.73922839926735, "running_time": 2.001523971557617, "local_count": 120, "common_count": 0}, "M-Greedy": {"max_delay": 0.1385880871904062, "cost": 129.36666666666667, "target_value": 170.92975385707285, "running_time": 2659.221410751343, "n_selected_site": 10, "local_count": 50, "common_count": 70}, "M-Greedy-V2(Tx+Tp+Tq)": {"max_delay": 0.1385880871904062, "cost": 131.9, "target_value": 171.56308719040618, "running_time": 4677.16908454895, "n_selected_site": 10, "local_count": 28, "common_count": 92}, "Ours": {"max_delay": 0.1334326555292931, "cost": 124.35, "target_value": 164.5201555292931, "running_time": 14656.877279281616, "local_count": 56, "common_count": 64}}, "sim2": {"simulation_id": 2, "user_seed": 43130663, "Nearest": {"max_delay": 0.14956968185492614, "cost": 161.4, "target_value": 189.91968185492613, "running_time": 2.001047134399414, "local_count": 120, "common_count": 0}, "M-Greedy": {"max_delay": 0.13688020202378257, "cost": 130.05, "target_value": 169.3927020237826, "running_time": 2729.7041416168213, "n_selected_site": 10, "local_count": 46, "common_count": 74}, "M-Greedy-V2(Tx+Tp+Tq)": {"max_delay": 0.13688020202378257, "cost": 132.6, "target_value": 170.03020202378258, "running_time": 3187.5228881835938, "n_selected_site": 6, "local_count": 22, "common_count": 98}, "Ours": {"max_delay": 0.13446878703756335, "cost": 124.11666666666666, "target_value": 165.49795370423, "running_time": 34711.5957736969, "local_count": 65, "common_count": 55}}}, "70": {"sim0": {"simulation_id": 0, "user_seed": 59677947, "Nearest": {"max_delay": 0.14516982362230488, "cost": 168.0, "target_value": 187.16982362230488, "running_time": 3.002643585205078, "local_count": 140, "common_count": 0}, "M-Greedy": {"max_delay": 0.14816982362230488, "cost": 142.92857142857142, "target_value": 183.90196647944774, "running_time": 2790.7445430755615, "n_selected_site": 7, "local_count": 30, "common_count": 110}, "M-Greedy-V2(Tx+Tp+Tq)": {"max_delay": 0.13474506958898158, "cost": 134.25714285714287, "target_value": 168.3093553032673, "running_time": 4330.1661014556885, "n_selected_site": 6, "local_count": 16, "common_count": 124}, "Ours": {"max_delay": 0.13030010484653592,