{"40": {"sim0": {"simulation_id": 0, "user_seed": 91719828, "Nearest": {"max_delay": 0.14744098709292636, "cost": 117.85, "target_value": 176.90348709292635, "running_time": 2.0008087158203125, "local_count": 80, "common_count": 0}, "M-Greedy": {"max_delay": 0.2332005592149397, "cost": 91.0, "target_value": 255.95055921493972, "running_time": 238.19756507873535, "n_selected_site": 1, "local_count": 80, "common_count": 0}, "M-Greedy-V2(Tx+Tp+Tq)": {"max_delay": 0.14062027769544877, "cost": 95.1, "target_value": 164.39527769544878, "running_time": 1878.798007965088, "n_selected_site": 9, "local_count": 18, "common_count": 62}, "Ours": {"max_delay": 0.13259459978957677, "cost": 92.175, "target_value": 155.63834978957675, "running_time": 16804.033041000366, "local_count": 31, "common_count": 49}}, "sim1": {"simulation_id": 1, "user_seed": 96966425, "Nearest": {"max_delay": 0.1401228655568707, "cost": 117.75, "target_value": 169.5603655568707, "running_time": 1.0004043579101562, "local_count": 80, "common_count": 0}, "M-Greedy": {"max_delay": 0.1386530820969471, "cost": 107.5, "target_value": 165.5280820969471, "running_time": 1323.3416080474854, "n_selected_site": 11, "local_count": 46, "common_count": 34}, "M-Greedy-V2(Tx+Tp+Tq)": {"max_delay": 0.13350095967013725, "cost": 94.65, "target_value": 157.16345967013726, "running_time": 1432.3344230651855, "n_selected_site": 6, "local_count": 18, "common_count": 62}, "Ours": {"max_delay": 0.13096822851627915, "cost": 93.825, "target_value": 154.42447851627915, "running_time": 17179.561614990234, "local_count": 42, "common_count": 38}}, "sim2": {"simulation_id": 2, "user_seed": 86781746, "Nearest": {"max_delay": 0.14540387884237796, "cost": 124.625, "target_value": 176.56012884237796, "running_time": 1.001119613647461, "local_count": 80, "common_count": 0}, "M-Greedy": {"max_delay": 0.14540387884237796, "cost": 109.575, "target_value": 172.79762884237797, "running_time": 996.0792064666748, "n_selected_site": 8, "local_count": 40, "common_count": 40}, "M-Greedy-V2(Tx+Tp+Tq)": {"max_delay": 0.13152596031465774, "cost": 97.9, "target_value": 156.00096031465773, "running_time": 1938.5621547698975, "n_selected_site": 9, "local_count": 20, "common_count": 60}, "Ours": {"max_delay": 0.12924678505897352, "cost": 92.875, "target_value": 152.46553505897353, "running_time": 17476.59683227539, "local_count": 49, "common_count": 31}}}, "50": {"sim0": {"simulation_id": 0, "user_seed": 32724997, "Nearest": {"max_delay": 0.1479013916320693, "cost": 138.62, "target_value": 182.5563916320693, "running_time": 2.001523971557617, "local_count": 100, "common_count": 0}, "M-Greedy": {"max_delay": 0.13748379764185817, "cost": 114.94, "target_value": 166.21879764185815, "running_time": 1870.065450668335, "n_selected_site": 10, "local_count": 24, "common_count": 76}, "M-Greedy-V2(Tx+Tp+Tq)": {"max_delay": 0.13748379764185817, "cost": 115.48, "target_value": 166.35379764185816, "running_time": 2999.2945194244385, "n_selected_site": 9, "local_count": 16, "common_count": 84}, "Ours": {"max_delay": 0.13415782677775137, "cost": 111.4, "target_value": 162.00782677775138, "running_time": 25100.645542144775, "local_count": 50, "common_count": 50}}, "sim1": {"simulation_id": 1, "user_seed": 28001082, "Nearest": {"max_delay": 0.1489013916320693, "cost": 142.5, "target_value": 184.5263916320693, "running_time": 2.001523971557617, "local_count": 100, "common_count": 0}, "M-Greedy": {"max_delay": 0.13571791922622303, "cost": 112.4, "target_value": 163.81791922622304, "running_time": 2156.691551208496, "n_selected_site": 12, "local_count": 58, "common_count": 42}, "M-Greedy-V2(Tx+Tp+Tq)": {"max_delay": 0.13571791922622303, "cost": 114.86, "target_value": 164.43291922622305, "running_time": 3259.7553730010986, "n_selected_site": 10, "local_count": 32, "common_count": 68}, "Ours": {"max_delay": 0.13355133904978297, "cost": 107.66, "target_value": 160.46633904978296, "running_time": 20595.878839492798, "local_count": 62, "common_count": 38}}, "sim2": {"simulation_id": 2, "user_seed": 54785905, "Nearest": {"max_delay": 0.1462296519344221, "cost": 133.8, "target_value": 179.6796519344221, "running_time": 2.002716064453125, "local_count": 100, "common_count": 0}, "M-Greedy": {"max_delay": 0.14148546588791047, "cost": 120.76, "target_value": 171.67546588791046, "running_time": 2168.437957763672, "n_selected_site": 12, "local_count": 68, "common_count": 32}, "M-Greedy-V2(Tx+Tp+Tq)": {"max_delay": 0.13602786074173343, "cost": 112.28, "target_value": 164.09786074173343, "running_time": 2788.2373332977295, "n_selected_site": 8, "local_count": 26, "common_count": 74}, "Ours": {"max_delay": 0.13251447628026763, "cost": 109.34, "target_value": 159.84947628026765, "running_time": 8517.022371292114, "local_count": 49, "common_count": 51}}}, "60": {"sim0": {"simulation_id": 0, "user_seed": 38514918, "Nearest": {"max_delay": 0.14776015804540232, "cost": 156.73333333333332, "target_value": 186.94349137873567, "running_time": 2.0017623901367188, "local_count": 120, "common_count": 0}, "M-Greedy": {"max_delay": 0.13700153967375325, "cost": 132.48333333333332, "target_value": 170.1223730070866, "running_time": 2727.8506755828857, "n_selected_site": 10, "local_count": 30, "common_count": 90}, "M-Greedy-V2(Tx+Tp+Tq)": {"max_delay": 0.13700153967375325, "cost": 132.4, "target_value": 170.10153967375325, "running_time": 3160.8591079711914, "n_selected_site": 6, "local_count": 20, "common_count": 100}, "Ours": {"max_delay": 0.1330520353233893, "cost": 120.55, "target_value": 163.1895353233893, "running_time": 33928.6105632782, "local_count": 62, "common_count": 58}}, "sim1": {"simulation_id": 1, "user_seed": 3386099, "Nearest": {"max_delay": 0.14812047246548737, "cost": 145.78333333333333, "target_value": 184.5663057988207, "running_time": 2.0020008087158203, "local_count": 120, "common_count": 0}, "M-Greedy": {"max_delay": 0.13540210425385135, "cost": 119.06666666666666, "target_value": 165.168770920518, "running_time": 3139.108419418335, "n_selected_site": 12, "local_count": 60, "common_count": 60}, "M-Greedy-V2(Tx+Tp+Tq)": {"max_delay": 0.13540210425385135, "cost": 118.48333333333333, "target_value": 165.02293758718469, "running_time": 3549.8363971710205, "n_selected_site": 7, "local_count": 28, "common_count": 92}, "Ours": {"max_delay": 0.13187621598315719, "cost": 117.41666666666667, "target_value": 161.23038264982384, "running_time": 17801.07855796814, "local_count": 70, "common_count": 50}}, "sim2": {"simulation_id": 2, "user_seed": 23436420, "Nearest": {"max_delay": 0.15121066356672075, "cost": 140.71666666666667, "target_value": 186.3898302333874, "running_time": 2.0020008087158203, "local_count": 120, "common_count": 0}, "M-Greedy": {"max_delay": 0.14054769239155446, "cost": 121.75, "target_value": 170.98519239155445, "running_time": 2876.427173614502, "n_selected_site": 11, "local_count": 72, "common_count": 48}, "M-Greedy-V2(Tx+Tp+Tq)": {"max_delay": 0.13740379051320206, "cost": 114.33333333333333, "target_value": 165.9871238465354, "running_time": 3916.1927700042725, "n_selected_site": 8, "local_count": 34, "common_count": 86}, "Ours": {"max_delay": 0.13430399890797484, "cost": 112.96666666666667, "target_value": 162.5456655746415, "running_time": 6010.292291641235, "local_count": 58, "common_count": 62}}}, "70": {"sim0": {"simulation_id": 0, "user_seed": 35493696, "Nearest": {"max_delay": 0.1453629195514184, "cost": 178.45714285714286, "target_value": 189.97720526570413, "running_time": 3.002166748046875, "local_count": 140, "common_count": 0}, "M-Greedy": {"max_delay": 0.23308222599164846, "cost": 134.42857142857142, "target_value": 266.68936884879133, "running_time": 760.6673240661621, "n_selected_site": 1, "local_count": 140, "common_count": 0}, "M-Greedy-V2(Tx+Tp+Tq)": {"max_delay": 0.1355816321519129, "cost": 135.38571428571427, "target_value": 169.42806072334147, "running_time": 4770.6873416900635, "n_selected_site": 7, "local_count": 30,