{"40": {"sim0": {"simulation_id": 0, "user_seed": 4029187, "Nearest": {"max_delay": 0.14837974198215914, "cost": 120.0, "target_value": 178.37974198215915, "running_time": 1.0006427764892578, "local_count": 80, "common_count": 0}, "M-Greedy": {"max_delay": 0.13796014221106867, "cost": 95.075, "target_value": 161.72889221106868, "running_time": 1236.3042831420898, "n_selected_site": 11, "local_count": 40, "common_count": 40}, "M-Greedy-V2(Tx+Tp+Tq)": {"max_delay": 0.13796014221106867, "cost": 97.575, "target_value": 162.35389221106868, "running_time": 1891.8933868408203, "n_selected_site": 9, "local_count": 30, "common_count": 50}, "Ours": {"max_delay": 0.13320951391668412, "cost": 95.625, "target_value": 157.11576391668413, "running_time": 17050.074815750122, "local_count": 43, "common_count": 37}}, "sim1": {"simulation_id": 1, "user_seed": 16979455, "Nearest": {"max_delay": 0.14199956532304361, "cost": 112.9, "target_value": 170.2245653230436, "running_time": 1.0008811950683594, "local_count": 80, "common_count": 0}, "M-Greedy": {"max_delay": 0.2323097447886276, "cost": 91.25, "target_value": 255.1222447886276, "running_time": 248.82054328918457, "n_selected_site": 1, "local_count": 80, "common_count": 0}, "M-Greedy-V2(Tx+Tp+Tq)": {"max_delay": 0.13594125249261432, "cost": 97.9, "target_value": 160.41625249261432, "running_time": 1597.2719192504883, "n_selected_site": 7, "local_count": 22, "common_count": 58}, "Ours": {"max_delay": 0.13291970574325224, "cost": 95.225, "target_value": 156.72595574325223, "running_time": 17928.240060806274, "local_count": 48, "common_count": 32}}, "sim2": {"simulation_id": 2, "user_seed": 1793297, "Nearest": {"max_delay": 0.14727319334615413, "cost": 129.0, "target_value": 179.52319334615413, "running_time": 1.0008811950683594, "local_count": 80, "common_count": 0}, "M-Greedy": {"max_delay": 0.1335999398941482, "cost": 98.55, "target_value": 158.2374398941482, "running_time": 1239.5026683807373, "n_selected_site": 10, "local_count": 34, "common_count": 46}, "M-Greedy-V2(Tx+Tp+Tq)": {"max_delay": 0.1335999398941482, "cost": 97.15, "target_value": 157.8874398941482, "running_time": 1473.3641147613525, "n_selected_site": 6, "local_count": 12, "common_count": 68}, "Ours": {"max_delay": 0.1316646008058587, "cost": 94.475, "target_value": 155.2833508058587, "running_time": 18116.928339004517, "local_count": 43, "common_count": 37}}}, "50": {"sim0": {"simulation_id": 0, "user_seed": 16282458, "Nearest": {"max_delay": 0.1476398282514717, "cost": 135.22, "target_value": 181.4448282514717, "running_time": 2.001523971557617, "local_count": 100, "common_count": 0}, "M-Greedy": {"max_delay": 0.1376824486691419, "cost": 113.06, "target_value": 165.94744866914192, "running_time": 1924.5643615722656, "n_selected_site": 10, "local_count": 38, "common_count": 62}, "M-Greedy-V2(Tx+Tp+Tq)": {"max_delay": 0.1376824486691419, "cost": 113.24, "target_value": 165.9924486691419, "running_time": 2824.1217136383057, "n_selected_site": 8, "local_count": 24, "common_count": 76}, "Ours": {"max_delay": 0.13457727808496406, "cost": 112.7, "target_value": 162.75227808496408, "running_time": 26832.162857055664, "local_count": 54, "common_count": 46}}, "sim1": {"simulation_id": 1, "user_seed": 38684741, "Nearest": {"max_delay": 0.1436735150751083, "cost": 130.78, "target_value": 176.3685150751083, "running_time": 2.001047134399414, "local_count": 100, "common_count": 0}, "M-Greedy": {"max_delay": 0.148010543899942, "cost": 125.92, "target_value": 179.490543899942, "running_time": 2083.6756229400635, "n_selected_site": 11, "local_count": 54, "common_count": 46}, "M-Greedy-V2(Tx+Tp+Tq)": {"max_delay": 0.13673996921212045, "cost": 115.24, "target_value": 165.54996921212046, "running_time": 3077.8982639312744, "n_selected_site": 9, "local_count": 26, "common_count": 74}, "Ours": {"max_delay": 0.13239567870472826, "cost": 108.5, "target_value": 159.52067870472825, "running_time": 23760.52737236023, "local_count": 57, "common_count": 43}}, "sim2": {"simulation_id": 2, "user_seed": 26328628, "Nearest": {"max_delay": 0.1440239020493712, "cost": 146.18, "target_value": 180.56890204937122, "running_time": 2.001523971557617, "local_count": 100, "common_count": 0}, "M-Greedy": {"max_delay": 0.1352952090157681, "cost": 110.02, "target_value": 162.8002090157681, "running_time": 1888.0767822265625, "n_selected_site": 10, "local_count": 44, "common_count": 56}, "M-Greedy-V2(Tx+Tp+Tq)": {"max_delay": 0.1352952090157681, "cost": 112.08, "target_value": 163.31520901576812, "running_time": 2777.1263122558594, "n_selected_site": 8, "local_count": 22, "common_count": 78}, "Ours": {"max_delay": 0.1305866314378617, "cost": 106.54, "target_value": 157.2216314378617, "running_time": 26874.536752700806, "local_count": 52, "common_count": 48}}}, "60": {"sim0": {"simulation_id": 0, "user_seed": 76783031, "Nearest": {"max_delay": 0.14437682124541312, "cost": 163.6, "target_value": 185.27682124541312, "running_time": 3.002643585205078, "local_count": 120, "common_count": 0}, "M-Greedy": {"max_delay": 0.15063263519890152, "cost": 137.31666666666666, "target_value": 184.9618018655682, "running_time": 3014.7805213928223, "n_selected_site": 11, "local_count": 50, "common_count": 70}, "M-Greedy-V2(Tx+Tp+Tq)": {"max_delay": 0.1352614519821784, "cost": 135.95, "target_value": 169.24895198217837, "running_time": 4080.7154178619385, "n_selected_site": 8, "local_count": 20, "common_count": 100}, "Ours": {"max_delay": 0.13397234031976873, "cost": 127.5, "target_value": 165.84734031976873, "running_time": 36353.06239128113, "local_count": 63, "common_count": 57}}, "sim1": {"simulation_id": 1, "user_seed": 17108883, "Nearest": {"max_delay": 0.15202589114035145, "cost": 152.91666666666666, "target_value": 190.25505780701812, "running_time": 2.0012855529785156, "local_count": 120, "common_count": 0}, "M-Greedy": {"max_delay": 0.13763251696611847, "cost": 129.31666666666666, "target_value": 169.96168363278514, "running_time": 2760.8799934387207, "n_selected_site": 10, "local_count": 62, "common_count": 58}, "M-Greedy-V2(Tx+Tp+Tq)": {"max_delay": 0.13763251696611847, "cost": 132.95, "target_value": 170.8700169661185, "running_time": 3213.970422744751, "n_selected_site": 6, "local_count": 30, "common_count": 90}, "Ours": {"max_delay": 0.13287241207702238, "cost": 124.51666666666667, "target_value": 164.00157874368904, "running_time": 17484.325408935547, "local_count": 72, "common_count": 48}}, "sim2": {"simulation_id": 2, "user_seed": 47077517, "Nearest": {"max_delay": 0.14089876849665495, "cost": 163.61666666666667, "target_value": 181.80293516332162, "running_time": 2.0008087158203125, "local_count": 120, "common_count": 0}, "M-Greedy": {"max_delay": 0.14689876849665495, "cost": 146.88333333333333, "target_value": 183.61960182998828, "running_time": 3429.9187660217285, "n_selected_site": 13, "local_count": 68, "common_count": 52}, "M-Greedy-V2(Tx+Tp+Tq)": {"max_delay": 0.13489779420800668, "cost": 132.38333333333333, "target_value": 167.99362754134, "running_time": 3707.0274353027344, "n_selected_site": 7, "local_count": 16, "common_count": 104}, "Ours": {"max_delay": 0.13250652005979915, "cost": 120.93333333333334, "target_value": 162.73985339313248, "running_time": 36363.74878883362, "local_count": 57, "common_count": 63}}}, "70": {"sim0": {"simulation_id": 0, "user_seed": 46099919, "Nearest": {"max_delay": 0.14673892382118803, "cost": 188.31428571428572, "target_value": 193.81749524975945, "running_time": 3.001689910888672, "local_count": 140, "common_count": 0}, "M-Greedy": {"max_delay": 0.13882462517782732, "cost": 147.77142857142857, "target_value": 175.76748232068448, "running_time": 3813.9753341674805, "n_selected_site": 10, "local_count": 54, "common_count": 86}, "M-Greedy-V2(Tx+Tp+Tq)": {"max_delay": 0.13626613944849997, "cost": 150.9, "target_value": 173.99113944849995, "running_time": 5016.550302505493, "n_selected_site": 7, "local_count": 30, "common_count": 110},