{"40": {"sim0": {"simulation_id": 0, "user_seed": 21102944, "Nearest": {"max_delay": 0.14009032667643811, "cost": 121.25, "target_value": 170.4028266764381, "running_time": 1.0008811950683594, "local_count": 80, "common_count": 0}, "M-Greedy": {"max_delay": 0.22907971507033503, "cost": 91.75, "target_value": 252.01721507033503, "running_time": 236.19532585144043, "n_selected_site": 1, "local_count": 80, "common_count": 0}, "M-Greedy-V2(Tx+Tp+Tq)": {"max_delay": 0.13180698779760774, "cost": 97.475, "target_value": 156.17573779760775, "running_time": 1563.7221336364746, "n_selected_site": 7, "local_count": 16, "common_count": 64}, "Ours": {"max_delay": 0.12794155730983267, "cost": 94.55, "target_value": 151.57905730983268, "running_time": 17347.58162498474, "local_count": 47, "common_count": 33}}, "sim1": {"simulation_id": 1, "user_seed": 29250145, "Nearest": {"max_delay": 0.1496559624015117, "cost": 110.7, "target_value": 177.3309624015117, "running_time": 1.0027885437011719, "local_count": 80, "common_count": 0}, "M-Greedy": {"max_delay": 0.13878255601092077, "cost": 94.325, "target_value": 162.36380601092077, "running_time": 1236.6297245025635, "n_selected_site": 10, "local_count": 22, "common_count": 58}, "M-Greedy-V2(Tx+Tp+Tq)": {"max_delay": 0.13562153090033927, "cost": 95.625, "target_value": 159.52778090033925, "running_time": 2082.9434394836426, "n_selected_site": 10, "local_count": 16, "common_count": 64}, "Ours": {"max_delay": 0.13251353764963977, "cost": 90.925, "target_value": 155.24478764963976, "running_time": 17669.55876350403, "local_count": 41, "common_count": 39}}, "sim2": {"simulation_id": 2, "user_seed": 40850880, "Nearest": {"max_delay": 0.14212303024530437, "cost": 119.425, "target_value": 171.97928024530435, "running_time": 2.001523971557617, "local_count": 80, "common_count": 0}, "M-Greedy": {"max_delay": 0.23036215619377265, "cost": 103.0, "target_value": 256.11215619377265, "running_time": 249.74870681762695, "n_selected_site": 1, "local_count": 80, "common_count": 0}, "M-Greedy-V2(Tx+Tp+Tq)": {"max_delay": 0.1308021147859052, "cost": 99.85, "target_value": 155.7646147859052, "running_time": 1988.3489608764648, "n_selected_site": 9, "local_count": 26, "common_count": 54}, "Ours": {"max_delay": 0.1287138380975308, "cost": 97.725, "target_value": 153.14508809753082, "running_time": 17817.968130111694, "local_count": 34, "common_count": 46}}}, "50": {"sim0": {"simulation_id": 0, "user_seed": 46784758, "Nearest": {"max_delay": 0.1526423836467331, "cost": 133.5, "target_value": 186.0173836467331, "running_time": 2.0020008087158203, "local_count": 100, "common_count": 0}, "M-Greedy": {"max_delay": 0.13768161861389128, "cost": 110.44, "target_value": 165.29161861389127, "running_time": 1894.8538303375244, "n_selected_site": 10, "local_count": 38, "common_count": 62}, "M-Greedy-V2(Tx+Tp+Tq)": {"max_delay": 0.13697632011167113, "cost": 116.42, "target_value": 166.08132011167112, "running_time": 3040.670156478882, "n_selected_site": 9, "local_count": 18, "common_count": 82}, "Ours": {"max_delay": 0.13329151285543528, "cost": 105.24, "target_value": 159.6015128554353, "running_time": 25893.441200256348, "local_count": 50, "common_count": 50}}, "sim1": {"simulation_id": 1, "user_seed": 68349609, "Nearest": {"max_delay": 0.15009198038644272, "cost": 134.44, "target_value": 183.7019803864427, "running_time": 1.062154769897461, "local_count": 100, "common_count": 0}, "M-Greedy": {"max_delay": 0.13840492215532746, "cost": 110.9, "target_value": 166.12992215532745, "running_time": 1880.3133964538574, "n_selected_site": 10, "local_count": 38, "common_count": 62}, "M-Greedy-V2(Tx+Tp+Tq)": {"max_delay": 0.13840492215532746, "cost": 113.18, "target_value": 166.69992215532744, "running_time": 2850.980520248413, "n_selected_site": 8, "local_count": 22, "common_count": 78}, "Ours": {"max_delay": 0.13390278346843995, "cost": 105.62, "target_value": 160.30778346843996, "running_time": 22118.88313293457, "local_count": 41, "common_count": 59}}, "sim2": {"simulation_id": 2, "user_seed": 86858425, "Nearest": {"max_delay": 0.15022965193442211, "cost": 136.58, "target_value": 184.37465193442213, "running_time": 1.0004043579101562, "local_count": 100, "common_count": 0}, "M-Greedy": {"max_delay": 0.15022965193442211, "cost": 119.66, "target_value": 180.14465193442211, "running_time": 1875.9632110595703, "n_selected_site": 10, "local_count": 26, "common_count": 74}, "M-Greedy-V2(Tx+Tp+Tq)": {"max_delay": 0.13502786074173342, "cost": 113.96, "target_value": 163.51786074173344, "running_time": 3064.025402069092, "n_selected_site": 9, "local_count": 18, "common_count": 82}, "Ours": {"max_delay": 0.13264063700049683, "cost": 103.64, "target_value": 158.55063700049683, "running_time": 25611.311197280884, "local_count": 47, "common_count": 53}}}, "60": {"sim0": {"simulation_id": 0, "user_seed": 4473441, "Nearest": {"max_delay": 0.14859110382684063, "cost": 165.93333333333334, "target_value": 190.07443716017394, "running_time": 3.0028820037841797, "local_count": 120, "common_count": 0}, "M-Greedy": {"max_delay": 0.14992813265167432, "cost": 146.53333333333333, "target_value": 186.56146598500763, "running_time": 2675.907611846924, "n_selected_site": 10, "local_count": 40, "common_count": 80}, "M-Greedy-V2(Tx+Tp+Tq)": {"max_delay": 0.1365949093779118, "cost": 134.65, "target_value": 170.25740937791178, "running_time": 4000.091552734375, "n_selected_site": 8, "local_count": 24, "common_count": 96}, "Ours": {"max_delay": 0.13394757499630752, "cost": 125.25, "target_value": 165.2600749963075, "running_time": 34715.01445770264, "local_count": 70, "common_count": 50}}, "sim1": {"simulation_id": 1, "user_seed": 34598058, "Nearest": {"max_delay": 0.14928728403125838, "cost": 161.01666666666668, "target_value": 189.54145069792503, "running_time": 2.001047134399414, "local_count": 120, "common_count": 0}, "M-Greedy": {"max_delay": 0.13840394150904772, "cost": 132.15, "target_value": 171.4414415090477, "running_time": 2702.946662902832, "n_selected_site": 10, "local_count": 36, "common_count": 84}, "M-Greedy-V2(Tx+Tp+Tq)": {"max_delay": 0.13840394150904772, "cost": 132.4, "target_value": 171.5039415090477, "running_time": 3216.6762351989746, "n_selected_site": 6, "local_count": 24, "common_count": 96}, "Ours": {"max_delay": 0.13329084702488653, "cost": 122.56666666666666, "target_value": 163.9325136915532, "running_time": 34703.161001205444, "local_count": 67, "common_count": 53}}, "sim2": {"simulation_id": 2, "user_seed": 70895996, "Nearest": {"max_delay": 0.14856320638199633, "cost": 151.8, "target_value": 186.51320638199633, "running_time": 2.0012855529785156, "local_count": 120, "common_count": 0}, "M-Greedy": {"max_delay": 0.13814512160987186, "cost": 114.61666666666666, "target_value": 166.79928827653853, "running_time": 2760.8511447906494, "n_selected_site": 10, "local_count": 44, "common_count": 76}, "M-Greedy-V2(Tx+Tp+Tq)": {"max_delay": 0.13814512160987186, "cost": 115.36666666666666, "target_value": 166.98678827653853, "running_time": 4087.50319480896, "n_selected_site": 8, "local_count": 22, "common_count": 98}, "Ours": {"max_delay": 0.13320533144441277, "cost": 111.65, "target_value": 161.11783144441276, "running_time": 34571.37727737427, "local_count": 70, "common_count": 50}}}, "70": {"sim0": {"simulation_id": 0, "user_seed": 68631850, "Nearest": {"max_delay": 0.14990509000272967, "cost": 171.85714285714286, "target_value": 192.8693757170154, "running_time": 3.0066967010498047, "local_count": 140, "common_count": 0}, "M-Greedy": {"max_delay": 0.1370992724533176, "cost": 135.42857142857142, "target_value": 170.95641531046047, "running_time": 3629.101514816284, "n_selected_site": 10, "local_count": 34, "common_count": 106}, "M-Greedy-V2(Tx+Tp+Tq)": {"max_delay": 0.1370992724533176, "cost": 134.38571428571427, "target_value": 170.69570102474617, "running_time": 4375.755071640015, "n_selected_site": 6, "local_count": 22, "common_count": 118},