{"40": {"sim0": {"simulation_id": 0, "user_seed": 38005678, "Nearest": {"max_delay": 0.14831350643578056, "cost": 120.65, "target_value": 178.47600643578056, "running_time": 1.0004043579101562, "local_count": 80, "common_count": 0}, "M-Greedy": {"max_delay": 0.232633616617407, "cost": 101.75, "target_value": 258.07111661740703, "running_time": 232.24544525146484, "n_selected_site": 1, "local_count": 80, "common_count": 0}, "M-Greedy-V2(Tx+Tp+Tq)": {"max_delay": 0.1369925909763814, "cost": 98.625, "target_value": 161.6488409763814, "running_time": 1636.4314556121826, "n_selected_site": 8, "local_count": 26, "common_count": 54}, "Ours": {"max_delay": 0.13330778372014557, "cost": 96.05, "target_value": 157.32028372014557, "running_time": 16047.667741775513, "local_count": 45, "common_count": 35}}, "sim1": {"simulation_id": 1, "user_seed": 33221073, "Nearest": {"max_delay": 0.14530405630789833, "cost": 125.975, "target_value": 176.79780630789833, "running_time": 1.0008811950683594, "local_count": 80, "common_count": 0}, "M-Greedy": {"max_delay": 0.14383427284797473, "cost": 107.425, "target_value": 170.69052284797473, "running_time": 1347.4113941192627, "n_selected_site": 12, "local_count": 50, "common_count": 30}, "M-Greedy-V2(Tx+Tp+Tq)": {"max_delay": 0.13478272594719554, "cost": 98.85, "target_value": 159.49522594719554, "running_time": 1356.3988208770752, "n_selected_site": 6, "local_count": 10, "common_count": 70}, "Ours": {"max_delay": 0.13190300730300095, "cost": 95.975, "target_value": 155.89675730300095, "running_time": 16036.550283432007, "local_count": 34, "common_count": 46}}, "sim2": {"simulation_id": 2, "user_seed": 68240496, "Nearest": {"max_delay": 0.14497689383105525, "cost": 111.025, "target_value": 172.73314383105523, "running_time": 1.001596450805664, "local_count": 80, "common_count": 0}, "M-Greedy": {"max_delay": 0.13668552795363792, "cost": 94.425, "target_value": 160.2917779536379, "running_time": 1167.098045349121, "n_selected_site": 10, "local_count": 28, "common_count": 52}, "M-Greedy-V2(Tx+Tp+Tq)": {"max_delay": 0.13668552795363792, "cost": 95.65, "target_value": 160.5980279536379, "running_time": 1696.2177753448486, "n_selected_site": 8, "local_count": 18, "common_count": 62}, "Ours": {"max_delay": 0.13271418316169953, "cost": 93.05, "target_value": 155.97668316169953, "running_time": 16613.136768341064, "local_count": 43, "common_count": 37}}}, "50": {"sim0": {"simulation_id": 0, "user_seed": 58565640, "Nearest": {"max_delay": 0.14860150791944277, "cost": 147.1, "target_value": 185.37650791944276, "running_time": 2.0020008087158203, "local_count": 100, "common_count": 0}, "M-Greedy": {"max_delay": 0.13932880074703424, "cost": 113.2, "target_value": 167.62880074703426, "running_time": 1856.412649154663, "n_selected_site": 10, "local_count": 32, "common_count": 68}, "M-Greedy-V2(Tx+Tp+Tq)": {"max_delay": 0.1367421332712302, "cost": 113.6, "target_value": 165.1421332712302, "running_time": 2976.975917816162, "n_selected_site": 9, "local_count": 28, "common_count": 72}, "Ours": {"max_delay": 0.1340033094112824, "cost": 106.56, "target_value": 160.64330941128242, "running_time": 25352.186679840088, "local_count": 58, "common_count": 42}}, "sim1": {"simulation_id": 1, "user_seed": 25781711, "Nearest": {"max_delay": 0.14837687455830756, "cost": 141.12, "target_value": 183.65687455830755, "running_time": 2.0008087158203125, "local_count": 100, "common_count": 0}, "M-Greedy": {"max_delay": 0.23304098198368522, "cost": 114.0, "target_value": 261.54098198368524, "running_time": 390.32649993896484, "n_selected_site": 1, "local_count": 100, "common_count": 0}, "M-Greedy-V2(Tx+Tp+Tq)": {"max_delay": 0.23304098198368522, "cost": 114.0, "target_value": 261.54098198368524, "running_time": 707.6542377471924, "n_selected_site": 1, "local_count": 100, "common_count": 0}, "Ours": {"max_delay": 0.12994951831004808, "cost": 113.22, "target_value": 158.2545183100481, "running_time": 6149.310827255249, "local_count": 49, "common_count": 51}}, "sim2": {"simulation_id": 2, "user_seed": 58839342, "Nearest": {"max_delay": 0.14043085907086172, "cost": 137.9, "target_value": 174.9058590708617, "running_time": 1.0008811950683594, "local_count": 100, "common_count": 0}, "M-Greedy": {"max_delay": 0.14043085907086172, "cost": 120.94, "target_value": 170.6658590708617, "running_time": 2323.3087062835693, "n_selected_site": 13, "local_count": 54, "common_count": 46}, "M-Greedy-V2(Tx+Tp+Tq)": {"max_delay": 0.136633866867721, "cost": 114.18, "target_value": 165.178866867721, "running_time": 2762.1660232543945, "n_selected_site": 8, "local_count": 22, "common_count": 78}, "Ours": {"max_delay": 0.1324079346193014, "cost": 107.1, "target_value": 159.1829346193014, "running_time": 25212.852239608765, "local_count": 52, "common_count": 48}}}, "60": {"sim0": {"simulation_id": 0, "user_seed": 25202020, "Nearest": {"max_delay": 0.14927368580292572, "cost": 162.6, "target_value": 189.92368580292572, "running_time": 3.0028820037841797, "local_count": 120, "common_count": 0}, "M-Greedy": {"max_delay": 0.13823064185791312, "cost": 128.01666666666668, "target_value": 170.2348085245798, "running_time": 2741.7469024658203, "n_selected_site": 10, "local_count": 56, "common_count": 64}, "M-Greedy-V2(Tx+Tp+Tq)": {"max_delay": 0.13823064185791312, "cost": 130.8, "target_value": 170.93064185791314, "running_time": 3183.734655380249, "n_selected_site": 6, "local_count": 30, "common_count": 90}, "Ours": {"max_delay": 0.13390637143347117, "cost": 123.35, "target_value": 164.74387143347118, "running_time": 8970.443487167358, "local_count": 62, "common_count": 58}}, "sim1": {"simulation_id": 1, "user_seed": 67373473, "Nearest": {"max_delay": 0.14886549466145196, "cost": 158.43333333333334, "target_value": 188.47382799478532, "running_time": 2.0017623901367188, "local_count": 120, "common_count": 0}, "M-Greedy": {"max_delay": 0.13986549466145198, "cost": 137.53333333333333, "target_value": 174.2488279947853, "running_time": 2945.087671279907, "n_selected_site": 11, "local_count": 76, "common_count": 44}, "M-Greedy-V2(Tx+Tp+Tq)": {"max_delay": 0.13711424293251873, "cost": 132.58333333333334, "target_value": 170.26007626585206, "running_time": 4721.940755844116, "n_selected_site": 10, "local_count": 24, "common_count": 96}, "Ours": {"max_delay": 0.13318507319380435, "cost": 122.73333333333333, "target_value": 163.8684065271377, "running_time": 34374.76921081543, "local_count": 67, "common_count": 53}}, "sim2": {"simulation_id": 2, "user_seed": 34854620, "Nearest": {"max_delay": 0.14994774574370306, "cost": 163.76666666666668, "target_value": 190.88941241036972, "running_time": 2.0017623901367188, "local_count": 120, "common_count": 0}, "M-Greedy": {"max_delay": 0.13663115114507912, "cost": 130.61666666666667, "target_value": 169.28531781174578, "running_time": 2778.3215045928955, "n_selected_site": 10, "local_count": 44, "common_count": 76}, "M-Greedy-V2(Tx+Tp+Tq)": {"max_delay": 0.13663115114507912, "cost": 131.68333333333334, "target_value": 169.55198447841246, "running_time": 4022.202253341675, "n_selected_site": 8, "local_count": 32, "common_count": 88}, "Ours": {"max_delay": 0.13313433992067242, "cost": 123.08333333333333, "target_value": 163.90517325400577, "running_time": 34108.99329185486, "local_count": 71, "common_count": 49}}}, "70": {"sim0": {"simulation_id": 0, "user_seed": 21473191, "Nearest": {"max_delay": 0.15087727056444686, "cost": 173.35714285714286, "target_value": 194.21655627873258, "running_time": 2.0017623901367188, "local_count": 140, "common_count": 0}, "M-Greedy": {"max_delay": 0.1373832754518356, "cost": 134.62857142857143, "target_value": 171.04041830897847, "running_time": 3649.9109268188477, "n_selected_site": 10, "local_count": 54, "common_count": 86}, "M-Greedy-V2(Tx+Tp+Tq)": {"max_delay": 0.1450361470732689, "cost": 140.32857142857142, "target_value": 180.11828993041175, "running_time": 4886.737585067749, "n_selected_site": 7, "local_count": 14,