{"40": {"sim0": {"simulation_id": 0, "user_seed": 23621505, "Nearest": {"max_delay": 0.14497689383105525, "cost": 115.475, "target_value": 173.84564383105524, "running_time": 1.0001659393310547, "local_count": 80, "common_count": 0}, "M-Greedy": {"max_delay": 0.13668552795363792, "cost": 94.7, "target_value": 160.36052795363793, "running_time": 1135.2143287658691, "n_selected_site": 10, "local_count": 40, "common_count": 40}, "M-Greedy-V2(Tx+Tp+Tq)": {"max_delay": 0.13668552795363792, "cost": 95.575, "target_value": 160.57927795363793, "running_time": 1670.6697940826416, "n_selected_site": 8, "local_count": 32, "common_count": 48}, "Ours": {"max_delay": 0.13525421372327184, "cost": 94.275, "target_value": 158.82296372327184, "running_time": 5745.49412727356, "local_count": 50, "common_count": 30}}, "sim1": {"simulation_id": 1, "user_seed": 48702978, "Nearest": {"max_delay": 0.14173527344401918, "cost": 119.65, "target_value": 171.64777344401918, "running_time": 1.001119613647461, "local_count": 80, "common_count": 0}, "M-Greedy": {"max_delay": 0.14173527344401918, "cost": 106.75, "target_value": 168.42277344401919, "running_time": 1175.5380630493164, "n_selected_site": 10, "local_count": 24, "common_count": 56}, "M-Greedy-V2(Tx+Tp+Tq)": {"max_delay": 0.13579575953867246, "cost": 93.775, "target_value": 159.23950953867245, "running_time": 1503.8409233093262, "n_selected_site": 7, "local_count": 16, "common_count": 64}, "Ours": {"max_delay": 0.1342645691478794, "cost": 91.8, "target_value": 157.2145691478794, "running_time": 16015.814065933228, "local_count": 36, "common_count": 44}}, "sim2": {"simulation_id": 2, "user_seed": 57987701, "Nearest": {"max_delay": 0.1503087270958969, "cost": 115.95, "target_value": 179.2962270958969, "running_time": 1.0006427764892578, "local_count": 80, "common_count": 0}, "M-Greedy": {"max_delay": 0.13698995554860127, "cost": 93.5, "target_value": 160.36495554860127, "running_time": 1151.5357494354248, "n_selected_site": 10, "local_count": 32, "common_count": 48}, "M-Greedy-V2(Tx+Tp+Tq)": {"max_delay": 0.1359253504260347, "cost": 96.0, "target_value": 159.9253504260347, "running_time": 1850.9666919708252, "n_selected_site": 9, "local_count": 18, "common_count": 62}, "Ours": {"max_delay": 0.13262147642320876, "cost": 90.025, "target_value": 155.12772642320877, "running_time": 16644.984483718872, "local_count": 52, "common_count": 28}}}, "50": {"sim0": {"simulation_id": 0, "user_seed": 42684954, "Nearest": {"max_delay": 0.14745187415664432, "cost": 132.88, "target_value": 180.67187415664432, "running_time": 1.0008811950683594, "local_count": 100, "common_count": 0}, "M-Greedy": {"max_delay": 0.13502786074173342, "cost": 107.4, "target_value": 161.87786074173343, "running_time": 1997.6801872253418, "n_selected_site": 11, "local_count": 56, "common_count": 44}, "M-Greedy-V2(Tx+Tp+Tq)": {"max_delay": 0.13502786074173342, "cost": 113.0, "target_value": 163.27786074173343, "running_time": 2747.3065853118896, "n_selected_site": 8, "local_count": 28, "common_count": 72}, "Ours": {"max_delay": 0.1311525417624016, "cost": 101.78, "target_value": 156.5975417624016, "running_time": 17669.289350509644, "local_count": 66, "common_count": 34}}, "sim1": {"simulation_id": 1, "user_seed": 73297245, "Nearest": {"max_delay": 0.14948222428888175, "cost": 134.74, "target_value": 183.16722428888176, "running_time": 1.001119613647461, "local_count": 100, "common_count": 0}, "M-Greedy": {"max_delay": 0.23273428529994178, "cost": 113.0, "target_value": 260.9842852999418, "running_time": 380.3141117095947, "n_selected_site": 1, "local_count": 100, "common_count": 0}, "M-Greedy-V2(Tx+Tp+Tq)": {"max_delay": 0.1358763809291118, "cost": 115.38, "target_value": 164.7213809291118, "running_time": 2984.663963317871, "n_selected_site": 9, "local_count": 24, "common_count": 76}, "Ours": {"max_delay": 0.13184697653028007, "cost": 106.78, "target_value": 158.54197653028007, "running_time": 25325.652599334717, "local_count": 52, "common_count": 48}}, "sim2": {"simulation_id": 2, "user_seed": 60440556, "Nearest": {"max_delay": 0.1432505979621871, "cost": 125.5, "target_value": 174.6255979621871, "running_time": 2.0020008087158203, "local_count": 100, "common_count": 0}, "M-Greedy": {"max_delay": 0.1344762407142695, "cost": 108.04, "target_value": 161.48624071426948, "running_time": 1884.577751159668, "n_selected_site": 10, "local_count": 40, "common_count": 60}, "M-Greedy-V2(Tx+Tp+Tq)": {"max_delay": 0.1344762407142695, "cost": 109.4, "target_value": 161.8262407142695, "running_time": 3306.2469959259033, "n_selected_site": 10, "local_count": 32, "common_count": 68}, "Ours": {"max_delay": 0.13257973468336368, "cost": 100.02, "target_value": 157.58473468336368, "running_time": 25158.25343132019, "local_count": 52, "common_count": 48}}}, "60": {"sim0": {"simulation_id": 0, "user_seed": 59996057, "Nearest": {"max_delay": 0.14827368580292571, "cost": 155.9, "target_value": 187.2486858029257, "running_time": 3.0024051666259766, "local_count": 120, "common_count": 0}, "M-Greedy": {"max_delay": 0.23483535968384778, "cost": 124.16666666666667, "target_value": 265.8770263505144, "running_time": 562.17360496521, "n_selected_site": 1, "local_count": 120, "common_count": 0}, "M-Greedy-V2(Tx+Tp+Tq)": {"max_delay": 0.13839506795161233, "cost": 138.56666666666666, "target_value": 173.036734618279, "running_time": 2826.202630996704, "n_selected_site": 5, "local_count": 0, "common_count": 120}, "Ours": {"max_delay": 0.13466926943745655, "cost": 122.38333333333334, "target_value": 165.2651027707899, "running_time": 34393.47743988037, "local_count": 63, "common_count": 57}}, "sim1": {"simulation_id": 1, "user_seed": 6407288, "Nearest": {"max_delay": 0.152263797389221, "cost": 152.68333333333334, "target_value": 190.43463072255435, "running_time": 2.0020008087158203, "local_count": 120, "common_count": 0}, "M-Greedy": {"max_delay": 0.13956809153967345, "cost": 128.03333333333333, "target_value": 171.57642487300677, "running_time": 2705.085277557373, "n_selected_site": 10, "local_count": 54, "common_count": 66}, "M-Greedy-V2(Tx+Tp+Tq)": {"max_delay": 0.13956809153967345, "cost": 130.4, "target_value": 172.16809153967344, "running_time": 3126.429319381714, "n_selected_site": 6, "local_count": 28, "common_count": 92}, "Ours": {"max_delay": 0.1327926362351028, "cost": 122.51666666666667, "target_value": 163.42180290176944, "running_time": 23537.535905838013, "local_count": 65, "common_count": 55}}, "sim2": {"simulation_id": 2, "user_seed": 2488079, "Nearest": {"max_delay": 0.14945247835269038, "cost": 155.5, "target_value": 188.32747835269038, "running_time": 2.001523971557617, "local_count": 120, "common_count": 0}, "M-Greedy": {"max_delay": 0.1368067264709202, "cost": 131.95, "target_value": 169.7942264709202, "running_time": 2659.9488258361816, "n_selected_site": 10, "local_count": 44, "common_count": 76}, "M-Greedy-V2(Tx+Tp+Tq)": {"max_delay": 0.1368067264709202, "cost": 133.13333333333333, "target_value": 170.09005980425354, "running_time": 3154.2515754699707, "n_selected_site": 6, "local_count": 26, "common_count": 94}, "Ours": {"max_delay": 0.13301006539342908, "cost": 124.66666666666667, "target_value": 164.17673206009573, "running_time": 34158.06865692139, "local_count": 60, "common_count": 60}}}, "70": {"sim0": {"simulation_id": 0, "user_seed": 78154548, "Nearest": {"max_delay": 0.1482000209287423, "cost": 168.4142857142857, "target_value": 190.30359235731373, "running_time": 2.0017623901367188, "local_count": 140, "common_count": 0}, "M-Greedy": {"max_delay": 0.13920002092874229, "cost": 144.9, "target_value": 175.42502092874227, "running_time": 4379.873991012573, "n_selected_site": 13, "local_count": 76, "common_count": 64}, "M-Greedy-V2(Tx+Tp+Tq)": {"max_delay": 0.13496360959784837, "cost": 134.71428571428572, "target_value": 168.6421810264198, "running_time": 4798.5265254974365, "n_selected_site": 7, "local_count": 24, "common_count": 116},