{"40": {"sim0": {"simulation_id": 0, "user_seed": 40734556, "Nearest": {"max_delay": 0.1447230030258576, "cost": 107.675, "target_value": 171.6417530258576, "running_time": 1.0013580322265625, "local_count": 80, "common_count": 0}, "M-Greedy": {"max_delay": 0.23234769686447565, "cost": 89.25, "target_value": 254.66019686447564, "running_time": 251.2073516845703, "n_selected_site": 1, "local_count": 80, "common_count": 0}, "M-Greedy-V2(Tx+Tp+Tq)": {"max_delay": 0.13234769686447564, "cost": 96.325, "target_value": 156.42894686447565, "running_time": 1630.4364204406738, "n_selected_site": 7, "local_count": 16, "common_count": 64}, "Ours": {"max_delay": 0.1288262182043492, "cost": 89.4, "target_value": 151.1762182043492, "running_time": 17954.397439956665, "local_count": 49, "common_count": 31}}, "sim1": {"simulation_id": 1, "user_seed": 88179251, "Nearest": {"max_delay": 0.14453830879132862, "cost": 113.45, "target_value": 172.90080879132864, "running_time": 1.0008811950683594, "local_count": 80, "common_count": 0}, "M-Greedy": {"max_delay": 0.23193159231520938, "cost": 102.75, "target_value": 257.6190923152094, "running_time": 258.2135200500488, "n_selected_site": 1, "local_count": 80, "common_count": 0}, "M-Greedy-V2(Tx+Tp+Tq)": {"max_delay": 0.13097041236825796, "cost": 99.2, "target_value": 155.77041236825798, "running_time": 1988.675832748413, "n_selected_site": 9, "local_count": 24, "common_count": 56}, "Ours": {"max_delay": 0.12962135724810192, "cost": 98.075, "target_value": 154.14010724810194, "running_time": 18147.627115249634, "local_count": 33, "common_count": 47}}, "sim2": {"simulation_id": 2, "user_seed": 14443374, "Nearest": {"max_delay": 0.14886049493345574, "cost": 123.175, "target_value": 179.65424493345571, "running_time": 2.0020008087158203, "local_count": 80, "common_count": 0}, "M-Greedy": {"max_delay": 0.13406697083664734, "cost": 101.2, "target_value": 159.36697083664734, "running_time": 1224.5979309082031, "n_selected_site": 10, "local_count": 12, "common_count": 68}, "M-Greedy-V2(Tx+Tp+Tq)": {"max_delay": 0.13406697083664734, "cost": 100.175, "target_value": 159.11072083664732, "running_time": 1611.2427711486816, "n_selected_site": 7, "local_count": 12, "common_count": 68}, "Ours": {"max_delay": 0.13175300541562468, "cost": 95.25, "target_value": 155.56550541562467, "running_time": 18247.31206893921, "local_count": 38, "common_count": 42}}}, "50": {"sim0": {"simulation_id": 0, "user_seed": 21745014, "Nearest": {"max_delay": 0.13748516839856822, "cost": 143.8, "target_value": 173.43516839856824, "running_time": 2.0017623901367188, "local_count": 100, "common_count": 0}, "M-Greedy": {"max_delay": 0.23314776737114024, "cost": 114.0, "target_value": 261.6477673711403, "running_time": 397.32837677001953, "n_selected_site": 1, "local_count": 100, "common_count": 0}, "M-Greedy-V2(Tx+Tp+Tq)": {"max_delay": 0.1299811871947002, "cost": 116.66, "target_value": 159.1461871947002, "running_time": 3045.689821243286, "n_selected_site": 9, "local_count": 38, "common_count": 62}, "Ours": {"max_delay": 0.1285682263115815, "cost": 112.88, "target_value": 156.7882263115815, "running_time": 11580.185651779175, "local_count": 54, "common_count": 46}}, "sim1": {"simulation_id": 1, "user_seed": 53728588, "Nearest": {"max_delay": 0.15109198038644273, "cost": 134.7, "target_value": 184.7669803864427, "running_time": 1.0004043579101562, "local_count": 100, "common_count": 0}, "M-Greedy": {"max_delay": 0.13886692900177072, "cost": 118.4, "target_value": 168.46692900177072, "running_time": 2339.7130966186523, "n_selected_site": 13, "local_count": 72, "common_count": 28}, "M-Greedy-V2(Tx+Tp+Tq)": {"max_delay": 0.13509325965891616, "cost": 115.66, "target_value": 164.00825965891616, "running_time": 3092.855453491211, "n_selected_site": 9, "local_count": 22, "common_count": 78}, "Ours": {"max_delay": 0.13286758678106936, "cost": 103.36, "target_value": 158.70758678106935, "running_time": 26336.27700805664, "local_count": 63, "common_count": 37}}, "sim2": {"simulation_id": 2, "user_seed": 28962443, "Nearest": {"max_delay": 0.1455157102623979, "cost": 141.56, "target_value": 180.90571026239792, "running_time": 2.001047134399414, "local_count": 100, "common_count": 0}, "M-Greedy": {"max_delay": 0.23283017509253295, "cost": 114.4, "target_value": 261.430175092533, "running_time": 408.336877822876, "n_selected_site": 1, "local_count": 100, "common_count": 0}, "M-Greedy-V2(Tx+Tp+Tq)": {"max_delay": 0.13753428357486833, "cost": 115.12, "target_value": 166.31428357486834, "running_time": 3076.3778686523438, "n_selected_site": 9, "local_count": 22, "common_count": 78}, "Ours": {"max_delay": 0.13286717506638607, "cost": 111.44, "target_value": 160.72717506638605, "running_time": 26373.051166534424, "local_count": 45, "common_count": 55}}}, "60": {"sim0": {"simulation_id": 0, "user_seed": 51599341, "Nearest": {"max_delay": 0.14573488196197656, "cost": 162.23333333333332, "target_value": 186.2932152953099, "running_time": 3.0028820037841797, "local_count": 120, "common_count": 0}, "M-Greedy": {"max_delay": 0.23396305805696366, "cost": 124.33333333333333, "target_value": 265.046391390297, "running_time": 582.6208591461182, "n_selected_site": 1, "local_count": 120, "common_count": 0}, "M-Greedy-V2(Tx+Tp+Tq)": {"max_delay": 0.13703388521119286, "cost": 133.38333333333333, "target_value": 170.37971854452618, "running_time": 3605.0515174865723, "n_selected_site": 7, "local_count": 18, "common_count": 102}, "Ours": {"max_delay": 0.1322363866996185, "cost": 122.21666666666667, "target_value": 162.7905533662852, "running_time": 35613.57498168945, "local_count": 65, "common_count": 55}}, "sim1": {"simulation_id": 1, "user_seed": 16505508, "Nearest": {"max_delay": 0.14548743077267504, "cost": 152.58333333333334, "target_value": 183.63326410600837, "running_time": 1.9805431365966797, "local_count": 120, "common_count": 0}, "M-Greedy": {"max_delay": 0.23374572572026486, "cost": 124.5, "target_value": 264.8707257202649, "running_time": 564.7072792053223, "n_selected_site": 1, "local_count": 120, "common_count": 0}, "M-Greedy-V2(Tx+Tp+Tq)": {"max_delay": 0.13791379375504872, "cost": 132.51666666666668, "target_value": 171.04296042171538, "running_time": 3609.692335128784, "n_selected_site": 7, "local_count": 30, "common_count": 90}, "Ours": {"max_delay": 0.13307870652983578, "cost": 122.56666666666666, "target_value": 163.72037319650246, "running_time": 7864.720344543457, "local_count": 73, "common_count": 47}}, "sim2": {"simulation_id": 2, "user_seed": 26532319, "Nearest": {"max_delay": 0.14536329076166532, "cost": 149.8, "target_value": 182.81329076166531, "running_time": 2.002239227294922, "local_count": 120, "common_count": 0}, "M-Greedy": {"max_delay": 0.23418238775035927, "cost": 124.16666666666667, "target_value": 265.2240544170259, "running_time": 572.0405578613281, "n_selected_site": 1, "local_count": 120, "common_count": 0}, "M-Greedy-V2(Tx+Tp+Tq)": {"max_delay": 0.13637478193289357, "cost": 136.76666666666668, "target_value": 170.56644859956023, "running_time": 4022.258520126343, "n_selected_site": 8, "local_count": 26, "common_count": 94}, "Ours": {"max_delay": 0.1334417886930131, "cost": 125.03333333333333, "target_value": 164.70012202634643, "running_time": 35241.55855178833, "local_count": 59, "common_count": 61}}}, "70": {"sim0": {"simulation_id": 0, "user_seed": 13402714, "Nearest": {"max_delay": 0.1488518703784789, "cost": 179.2, "target_value": 193.65187037847892, "running_time": 3.002166748046875, "local_count": 140, "common_count": 0}, "M-Greedy": {"max_delay": 0.1501076843319673, "cost": 161.32857142857142, "target_value": 190.43982718911016, "running_time": 3716.240882873535, "n_selected_site": 10, "local_count": 60, "common_count": 80}, "M-Greedy-V2(Tx+Tp+Tq)": {"max_delay": 0.1382603997400653, "cost": 150.44285714285715, "target_value": 175.87111402577958, "running_time": 4301.221609115601, "n_selected_site": 6, "local_count": 32, "common_count": 108},