{"40": {"sim0": {"simulation_id": 0, "user_seed": 77314122, "Nearest": {"max_delay": 0.14927319334615413, "cost": 124.775, "target_value": 180.46694334615412, "running_time": 1.0006427764892578, "local_count": 80, "common_count": 0}, "M-Greedy": {"max_delay": 0.14739040629602737, "cost": 99.975, "target_value": 172.38415629602738, "running_time": 876.2719631195068, "n_selected_site": 7, "local_count": 18, "common_count": 62}, "M-Greedy-V2(Tx+Tp+Tq)": {"max_delay": 0.13857915810295574, "cost": 98.675, "target_value": 163.24790810295573, "running_time": 1863.6674880981445, "n_selected_site": 9, "local_count": 30, "common_count": 50}, "Ours": {"max_delay": 0.13354367891118152, "cost": 95.95, "target_value": 157.53117891118154, "running_time": 15660.07113456726, "local_count": 44, "common_count": 36}}, "sim1": {"simulation_id": 1, "user_seed": 39398152, "Nearest": {"max_delay": 0.14709330754420147, "cost": 115.0, "target_value": 175.84330754420148, "running_time": 2.0012855529785156, "local_count": 80, "common_count": 0}, "M-Greedy": {"max_delay": 0.13383542009244453, "cost": 97.575, "target_value": 158.22917009244455, "running_time": 1217.7631855010986, "n_selected_site": 10, "local_count": 24, "common_count": 56}, "M-Greedy-V2(Tx+Tp+Tq)": {"max_delay": 0.13383542009244453, "cost": 99.55, "target_value": 158.72292009244453, "running_time": 1971.6675281524658, "n_selected_site": 9, "local_count": 6, "common_count": 74}, "Ours": {"max_delay": 0.1301823320896403, "cost": 94.775, "target_value": 153.8760820896403, "running_time": 17346.147298812866, "local_count": 42, "common_count": 38}}, "sim2": {"simulation_id": 2, "user_seed": 33914525, "Nearest": {"max_delay": 0.15029567808392483, "cost": 127.575, "target_value": 182.18942808392484, "running_time": 2.0020008087158203, "local_count": 80, "common_count": 0}, "M-Greedy": {"max_delay": 0.13970837649662324, "cost": 109.875, "target_value": 167.17712649662323, "running_time": 1297.5499629974365, "n_selected_site": 11, "local_count": 44, "common_count": 36}, "M-Greedy-V2(Tx+Tp+Tq)": {"max_delay": 0.13586513215044269, "cost": 95.175, "target_value": 159.65888215044268, "running_time": 2103.118419647217, "n_selected_site": 10, "local_count": 18, "common_count": 62}, "Ours": {"max_delay": 0.13334184022497686, "cost": 93.225, "target_value": 156.64809022497687, "running_time": 17449.236154556274, "local_count": 37, "common_count": 43}}}, "50": {"sim0": {"simulation_id": 0, "user_seed": 10035917, "Nearest": {"max_delay": 0.1464896515825178, "cost": 134.28, "target_value": 180.0596515825178, "running_time": 1.0006427764892578, "local_count": 100, "common_count": 0}, "M-Greedy": {"max_delay": 0.23369737690163433, "cost": 114.0, "target_value": 262.19737690163436, "running_time": 388.3206844329834, "n_selected_site": 1, "local_count": 100, "common_count": 0}, "M-Greedy-V2(Tx+Tp+Tq)": {"max_delay": 0.23369737690163433, "cost": 114.0, "target_value": 262.19737690163436, "running_time": 697.5762844085693, "n_selected_site": 1, "local_count": 100, "common_count": 0}, "Ours": {"max_delay": 0.13221258591832327, "cost": 110.3, "target_value": 159.78758591832326, "running_time": 25465.60287475586, "local_count": 64, "common_count": 36}}, "sim1": {"simulation_id": 1, "user_seed": 30333241, "Nearest": {"max_delay": 0.1486718600094295, "cost": 138.58, "target_value": 183.31686000942952, "running_time": 1.0013580322265625, "local_count": 100, "common_count": 0}, "M-Greedy": {"max_delay": 0.23203389693288717, "cost": 112.8, "target_value": 260.23389693288715, "running_time": 392.32349395751953, "n_selected_site": 1, "local_count": 100, "common_count": 0}, "M-Greedy-V2(Tx+Tp+Tq)": {"max_delay": 0.135843420742411, "cost": 112.9, "target_value": 164.06842074241098, "running_time": 2739.7735118865967, "n_selected_site": 8, "local_count": 20, "common_count": 80}, "Ours": {"max_delay": 0.13332012881694516, "cost": 104.94, "target_value": 159.55512881694517, "running_time": 24729.98809814453, "local_count": 41, "common_count": 59}}, "sim2": {"simulation_id": 2, "user_seed": 63445381, "Nearest": {"max_delay": 0.1452436755224646, "cost": 137.92, "target_value": 179.7236755224646, "running_time": 2.0008087158203125, "local_count": 100, "common_count": 0}, "M-Greedy": {"max_delay": 0.23249024104153565, "cost": 112.8, "target_value": 260.69024104153567, "running_time": 396.8355655670166, "n_selected_site": 1, "local_count": 100, "common_count": 0}, "M-Greedy-V2(Tx+Tp+Tq)": {"max_delay": 0.23249024104153565, "cost": 112.8, "target_value": 260.69024104153567, "running_time": 720.6268310546875, "n_selected_site": 1, "local_count": 100, "common_count": 0}, "Ours": {"max_delay": 0.13251736339042922, "cost": 108.96, "target_value": 159.75736339042922, "running_time": 25120.933055877686, "local_count": 47, "common_count": 53}}}, "60": {"sim0": {"simulation_id": 0, "user_seed": 1850668, "Nearest": {"max_delay": 0.1468935765406905, "cost": 157.15, "target_value": 186.1810765406905, "running_time": 2.001523971557617, "local_count": 120, "common_count": 0}, "M-Greedy": {"max_delay": 0.13942053475003466, "cost": 132.11666666666667, "target_value": 172.44970141670132, "running_time": 2751.793384552002, "n_selected_site": 10, "local_count": 34, "common_count": 86}, "M-Greedy-V2(Tx+Tp+Tq)": {"max_delay": 0.13942053475003466, "cost": 132.86666666666667, "target_value": 172.63720141670132, "running_time": 3152.033567428589, "n_selected_site": 6, "local_count": 18, "common_count": 102}, "Ours": {"max_delay": 0.13266196969486643, "cost": 118.11666666666666, "target_value": 162.1911363615331, "running_time": 33600.97575187683, "local_count": 60, "common_count": 60}}, "sim1": {"simulation_id": 1, "user_seed": 28206145, "Nearest": {"max_delay": 0.1458816503514625, "cost": 157.91666666666666, "target_value": 185.36081701812915, "running_time": 2.0012855529785156, "local_count": 120, "common_count": 0}, "M-Greedy": {"max_delay": 0.14560892307873524, "cost": 138.3, "target_value": 180.18392307873523, "running_time": 2950.758457183838, "n_selected_site": 11, "local_count": 40, "common_count": 80}, "M-Greedy-V2(Tx+Tp+Tq)": {"max_delay": 0.13685271201664684, "cost": 134.11666666666667, "target_value": 170.38187868331352, "running_time": 4716.33768081665, "n_selected_site": 10, "local_count": 30, "common_count": 90}, "Ours": {"max_delay": 0.1325590871498275, "cost": 128.56666666666666, "target_value": 164.70075381649417, "running_time": 25889.155864715576, "local_count": 66, "common_count": 54}}, "sim2": {"simulation_id": 2, "user_seed": 78302352, "Nearest": {"max_delay": 0.15308408842428672, "cost": 154.98333333333332, "target_value": 191.82992175762007, "running_time": 2.0012855529785156, "local_count": 120, "common_count": 0}, "M-Greedy": {"max_delay": 0.13691377034236496, "cost": 130.95, "target_value": 169.65127034236497, "running_time": 2732.661485671997, "n_selected_site": 10, "local_count": 50, "common_count": 70}, "M-Greedy-V2(Tx+Tp+Tq)": {"max_delay": 0.13691377034236496, "cost": 131.81666666666666, "target_value": 169.8679370090316, "running_time": 3204.6496868133545, "n_selected_site": 6, "local_count": 30, "common_count": 90}, "Ours": {"max_delay": 0.1348187729417955, "cost": 120.46666666666667, "target_value": 164.9354396084622, "running_time": 15070.677518844604, "local_count": 69, "common_count": 51}}}, "70": {"sim0": {"simulation_id": 0, "user_seed": 88573257, "Nearest": {"max_delay": 0.14651371455696965, "cost": 172.54285714285714, "target_value": 189.64942884268396, "running_time": 3.0031204223632812, "local_count": 140, "common_count": 0}, "M-Greedy": {"max_delay": 0.14492641296966807, "cost": 150.7, "target_value": 182.60141296966805, "running_time": 4179.085731506348, "n_selected_site": 12, "local_count": 52, "common_count": 88}, "M-Greedy-V2(Tx+Tp+Tq)": {"max_delay": 0.1361497169255236, "cost": 143.0, "target_value": 171.89971692552362, "running_time": 4820.835590362549, "n_selected_site": 7, "local_count": 32, "common_count": 108},