{"40": {"sim0": {"simulation_id": 0, "user_seed": 31420504, "Nearest": {"max_delay": 0.1457643717084255, "cost": 116.725, "target_value": 174.9456217084255, "running_time": 1.0008811950683594, "local_count": 80, "common_count": 0}, "M-Greedy": {"max_delay": 0.14430045592248802, "cost": 105.2, "target_value": 170.60045592248804, "running_time": 1094.1669940948486, "n_selected_site": 9, "local_count": 38, "common_count": 42}, "M-Greedy-V2(Tx+Tp+Tq)": {"max_delay": 0.13111398363699595, "cost": 96.85, "target_value": 155.32648363699596, "running_time": 1659.7788333892822, "n_selected_site": 7, "local_count": 16, "common_count": 64}, "Ours": {"max_delay": 0.12767305491595116, "cost": 93.6, "target_value": 151.07305491595116, "running_time": 17716.599225997925, "local_count": 43, "common_count": 37}}, "sim1": {"simulation_id": 1, "user_seed": 48661077, "Nearest": {"max_delay": 0.1462700229444966, "cost": 131.8, "target_value": 179.22002294449658, "running_time": 0.9999275207519531, "local_count": 80, "common_count": 0}, "M-Greedy": {"max_delay": 0.13727002294449658, "cost": 112.3, "target_value": 165.34502294449658, "running_time": 1532.869577407837, "n_selected_site": 13, "local_count": 56, "common_count": 24}, "M-Greedy-V2(Tx+Tp+Tq)": {"max_delay": 0.13648905654281046, "cost": 107.0, "target_value": 163.23905654281046, "running_time": 1433.9327812194824, "n_selected_site": 6, "local_count": 18, "common_count": 62}, "Ours": {"max_delay": 0.1305402270943098, "cost": 98.4, "target_value": 155.14022709430978, "running_time": 18037.31060028076, "local_count": 36, "common_count": 44}}, "sim2": {"simulation_id": 2, "user_seed": 68129149, "Nearest": {"max_delay": 0.151865551174776, "cost": 112.325, "target_value": 179.946801174776, "running_time": 1.0006427764892578, "local_count": 80, "common_count": 0}, "M-Greedy": {"max_delay": 0.1359563638173351, "cost": 96.325, "target_value": 160.0376138173351, "running_time": 1247.204303741455, "n_selected_site": 10, "local_count": 24, "common_count": 56}, "M-Greedy-V2(Tx+Tp+Tq)": {"max_delay": 0.1359563638173351, "cost": 97.675, "target_value": 160.3751138173351, "running_time": 1817.671537399292, "n_selected_site": 8, "local_count": 10, "common_count": 70}, "Ours": {"max_delay": 0.13255612939909886, "cost": 91.25, "target_value": 155.36862939909886, "running_time": 17891.807556152344, "local_count": 54, "common_count": 26}}}, "50": {"sim0": {"simulation_id": 0, "user_seed": 86298070, "Nearest": {"max_delay": 0.14945190745625692, "cost": 132.22, "target_value": 182.50690745625693, "running_time": 2.006053924560547, "local_count": 100, "common_count": 0}, "M-Greedy": {"max_delay": 0.13378584392119494, "cost": 112.36, "target_value": 161.87584392119496, "running_time": 2209.282875061035, "n_selected_site": 12, "local_count": 44, "common_count": 56}, "M-Greedy-V2(Tx+Tp+Tq)": {"max_delay": 0.13378584392119494, "cost": 115.3, "target_value": 162.61084392119494, "running_time": 3122.7569580078125, "n_selected_site": 9, "local_count": 20, "common_count": 80}, "Ours": {"max_delay": 0.1327153381995264, "cost": 104.8, "target_value": 158.9153381995264, "running_time": 26039.125442504883, "local_count": 54, "common_count": 46}}, "sim1": {"simulation_id": 1, "user_seed": 50680162, "Nearest": {"max_delay": 0.14845190745625692, "cost": 128.64, "target_value": 180.61190745625692, "running_time": 2.001523971557617, "local_count": 100, "common_count": 0}, "M-Greedy": {"max_delay": 0.13717656810884077, "cost": 115.4, "target_value": 166.02656810884076, "running_time": 1933.2516193389893, "n_selected_site": 10, "local_count": 28, "common_count": 72}, "M-Greedy-V2(Tx+Tp+Tq)": {"max_delay": 0.13717656810884077, "cost": 115.18, "target_value": 165.97156810884076, "running_time": 3053.696632385254, "n_selected_site": 9, "local_count": 16, "common_count": 84}, "Ours": {"max_delay": 0.1347153381995264, "cost": 103.92, "target_value": 160.6953381995264, "running_time": 26404.233694076538, "local_count": 58, "common_count": 42}}, "sim2": {"simulation_id": 2, "user_seed": 9618076, "Nearest": {"max_delay": 0.14754769239155446, "cost": 137.96, "target_value": 182.0376923915545, "running_time": 0.9999275207519531, "local_count": 100, "common_count": 0}, "M-Greedy": {"max_delay": 0.13854769239155446, "cost": 122.88, "target_value": 169.26769239155445, "running_time": 2321.904182434082, "n_selected_site": 13, "local_count": 56, "common_count": 44}, "M-Greedy-V2(Tx+Tp+Tq)": {"max_delay": 0.13440379051320206, "cost": 113.82, "target_value": 162.85879051320205, "running_time": 2803.9591312408447, "n_selected_site": 8, "local_count": 12, "common_count": 88}, "Ours": {"max_delay": 0.13075078716869878, "cost": 108.96, "target_value": 157.9907871686988, "running_time": 26488.56520652771, "local_count": 43, "common_count": 57}}}, "60": {"sim0": {"simulation_id": 0, "user_seed": 49749522, "Nearest": {"max_delay": 0.14737682124541313, "cost": 154.85, "target_value": 186.08932124541312, "running_time": 2.0012855529785156, "local_count": 120, "common_count": 0}, "M-Greedy": {"max_delay": 0.23290247762320404, "cost": 135.83333333333334, "target_value": 266.86081095653736, "running_time": 567.4686431884766, "n_selected_site": 1, "local_count": 120, "common_count": 0}, "M-Greedy-V2(Tx+Tp+Tq)": {"max_delay": 0.1372614519821784, "cost": 137.73333333333332, "target_value": 171.69478531551175, "running_time": 4093.150854110718, "n_selected_site": 8, "local_count": 42, "common_count": 78}, "Ours": {"max_delay": 0.13397234031976873, "cost": 127.23333333333333, "target_value": 165.78067365310207, "running_time": 35759.03105735779, "local_count": 73, "common_count": 47}}, "sim1": {"simulation_id": 1, "user_seed": 64257253, "Nearest": {"max_delay": 0.14848743077267504, "cost": 155.56666666666666, "target_value": 187.3790974393417, "running_time": 2.0008087158203125, "local_count": 120, "common_count": 0}, "M-Greedy": {"max_delay": 0.13791379375504872, "cost": 131.18333333333334, "target_value": 170.70962708838204, "running_time": 2789.888620376587, "n_selected_site": 10, "local_count": 40, "common_count": 80}, "M-Greedy-V2(Tx+Tp+Tq)": {"max_delay": 0.13791379375504872, "cost": 131.8, "target_value": 170.86379375504873, "running_time": 3252.5599002838135, "n_selected_site": 6, "local_count": 26, "common_count": 94}, "Ours": {"max_delay": 0.13646878703756335, "cost": 124.4, "target_value": 167.56878703756334, "running_time": 35759.06300544739, "local_count": 66, "common_count": 54}}, "sim2": {"simulation_id": 2, "user_seed": 14441009, "Nearest": {"max_delay": 0.1488816503514625, "cost": 154.98333333333332, "target_value": 187.62748368479583, "running_time": 3.0024051666259766, "local_count": 120, "common_count": 0}, "M-Greedy": {"max_delay": 0.13988165035146252, "cost": 138.78333333333333, "target_value": 174.57748368479585, "running_time": 3374.521017074585, "n_selected_site": 13, "local_count": 64, "common_count": 56}, "M-Greedy-V2(Tx+Tp+Tq)": {"max_delay": 0.13685271201664684, "cost": 130.85, "target_value": 169.56521201664685, "running_time": 5248.226642608643, "n_selected_site": 11, "local_count": 28, "common_count": 92}, "Ours": {"max_delay": 0.13253253332885337, "cost": 121.78333333333333, "target_value": 162.9783666621867, "running_time": 28910.420179367065, "local_count": 66, "common_count": 54}}}, "70": {"sim0": {"simulation_id": 0, "user_seed": 86185253, "Nearest": {"max_delay": 0.15101655338260883, "cost": 181.02857142857144, "target_value": 196.2736962397517, "running_time": 3.0024051666259766, "local_count": 140, "common_count": 0}, "M-Greedy": {"max_delay": 0.13878387619754845, "cost": 147.84285714285716, "target_value": 175.74459048326273, "running_time": 4480.122089385986, "n_selected_site": 13, "local_count": 92, "common_count": 48}, "M-Greedy-V2(Tx+Tp+Tq)": {"max_delay": 0.1352988348131014, "cost": 143.0857142857143, "target_value": 171.07026338452997, "running_time": 4941.228866577148, "n_selected_site": 7, "local_count": 32, "common_count": 108},