{"40": {"sim0": {"simulation_id": 0, "user_seed": 90497363, "Nearest": {"max_delay": 0.14821278648039077, "cost": 114.775, "target_value": 176.90653648039077, "running_time": 1.0008811950683594, "local_count": 80, "common_count": 0}, "M-Greedy": {"max_delay": 0.23342913671780496, "cost": 90.0, "target_value": 255.92913671780497, "running_time": 238.12389373779297, "n_selected_site": 1, "local_count": 80, "common_count": 0}, "M-Greedy-V2(Tx+Tp+Tq)": {"max_delay": 0.13951861055268452, "cost": 97.9, "target_value": 163.99361055268452, "running_time": 1214.5652770996094, "n_selected_site": 5, "local_count": 0, "common_count": 80}, "Ours": {"max_delay": 0.13244819062552987, "cost": 91.625, "target_value": 155.35444062552986, "running_time": 16146.091222763062, "local_count": 35, "common_count": 45}}, "sim1": {"simulation_id": 1, "user_seed": 84316374, "Nearest": {"max_delay": 0.14451166795553297, "cost": 115.825, "target_value": 173.46791795553298, "running_time": 1.0004043579101562, "local_count": 80, "common_count": 0}, "M-Greedy": {"max_delay": 0.23407971507033498, "cost": 91.0, "target_value": 256.82971507033494, "running_time": 244.20928955078125, "n_selected_site": 1, "local_count": 80, "common_count": 0}, "M-Greedy-V2(Tx+Tp+Tq)": {"max_delay": 0.13630193729255724, "cost": 96.0, "target_value": 160.30193729255723, "running_time": 1790.1291847229004, "n_selected_site": 8, "local_count": 22, "common_count": 58}, "Ours": {"max_delay": 0.13294155730983268, "cost": 91.225, "target_value": 155.7478073098327, "running_time": 16977.302312850952, "local_count": 44, "common_count": 36}}, "sim2": {"simulation_id": 2, "user_seed": 53022400, "Nearest": {"max_delay": 0.14952323817517746, "cost": 117.4, "target_value": 178.87323817517745, "running_time": 2.0017623901367188, "local_count": 80, "common_count": 0}, "M-Greedy": {"max_delay": 0.134050049957125, "cost": 93.05, "target_value": 157.312549957125, "running_time": 1228.2028198242188, "n_selected_site": 10, "local_count": 40, "common_count": 40}, "M-Greedy-V2(Tx+Tp+Tq)": {"max_delay": 0.134050049957125, "cost": 95.9, "target_value": 158.025049957125, "running_time": 2019.982099533081, "n_selected_site": 9, "local_count": 18, "common_count": 62}, "Ours": {"max_delay": 0.13058254233410826, "cost": 92.65, "target_value": 153.74504233410826, "running_time": 17168.503284454346, "local_count": 46, "common_count": 34}}}, "50": {"sim0": {"simulation_id": 0, "user_seed": 79720983, "Nearest": {"max_delay": 0.13590064253078532, "cost": 130.46, "target_value": 168.51564253078533, "running_time": 2.0020008087158203, "local_count": 100, "common_count": 0}, "M-Greedy": {"max_delay": 0.23285859514460372, "cost": 112.8, "target_value": 261.0585951446037, "running_time": 389.32204246520996, "n_selected_site": 1, "local_count": 100, "common_count": 0}, "M-Greedy-V2(Tx+Tp+Tq)": {"max_delay": 0.13181084590047093, "cost": 119.74, "target_value": 161.74584590047093, "running_time": 2605.175256729126, "n_selected_site": 7, "local_count": 28, "common_count": 72}, "Ours": {"max_delay": 0.12905098932713804, "cost": 113.32, "target_value": 157.38098932713802, "running_time": 25223.3407497406, "local_count": 58, "common_count": 42}}, "sim1": {"simulation_id": 1, "user_seed": 13970469, "Nearest": {"max_delay": 0.14803007215391073, "cost": 142.72, "target_value": 183.71007215391074, "running_time": 1.001119613647461, "local_count": 100, "common_count": 0}, "M-Greedy": {"max_delay": 0.135670590961632, "cost": 113.58, "target_value": 164.065590961632, "running_time": 1905.8868885040283, "n_selected_site": 10, "local_count": 36, "common_count": 64}, "M-Greedy-V2(Tx+Tp+Tq)": {"max_delay": 0.135670590961632, "cost": 114.04, "target_value": 164.180590961632, "running_time": 2813.737630844116, "n_selected_site": 8, "local_count": 30, "common_count": 70}, "Ours": {"max_delay": 0.13201658880783163, "cost": 109.9, "target_value": 159.49158880783162, "running_time": 9748.220443725586, "local_count": 57, "common_count": 43}}, "sim2": {"simulation_id": 2, "user_seed": 55538844, "Nearest": {"max_delay": 0.14950214298099868, "cost": 151.04, "target_value": 187.26214298099868, "running_time": 2.001523971557617, "local_count": 100, "common_count": 0}, "M-Greedy": {"max_delay": 0.1370265965869433, "cost": 112.46, "target_value": 165.1415965869433, "running_time": 1906.7730903625488, "n_selected_site": 10, "local_count": 48, "common_count": 52}, "M-Greedy-V2(Tx+Tp+Tq)": {"max_delay": 0.1370265965869433, "cost": 113.36, "target_value": 165.3665965869433, "running_time": 2818.8095092773438, "n_selected_site": 8, "local_count": 32, "common_count": 68}, "Ours": {"max_delay": 0.1350414523014662, "cost": 113.68, "target_value": 163.46145230146618, "running_time": 8721.251726150513, "local_count": 49, "common_count": 51}}}, "60": {"sim0": {"simulation_id": 0, "user_seed": 29952282, "Nearest": {"max_delay": 0.14927368580292572, "cost": 159.25, "target_value": 189.0861858029257, "running_time": 2.0017623901367188, "local_count": 120, "common_count": 0}, "M-Greedy": {"max_delay": 0.13545014799631055, "cost": 130.81666666666666, "target_value": 168.15431466297724, "running_time": 2715.453863143921, "n_selected_site": 10, "local_count": 48, "common_count": 72}, "M-Greedy-V2(Tx+Tp+Tq)": {"max_delay": 0.13545014799631055, "cost": 132.6, "target_value": 168.60014799631057, "running_time": 3276.2277126312256, "n_selected_site": 6, "local_count": 26, "common_count": 94}, "Ours": {"max_delay": 0.13266926943745655, "cost": 122.66666666666667, "target_value": 163.33593610412322, "running_time": 34253.24726104736, "local_count": 74, "common_count": 46}}, "sim1": {"simulation_id": 1, "user_seed": 54734774, "Nearest": {"max_delay": 0.152176431145487, "cost": 162.16666666666666, "target_value": 192.71809781215367, "running_time": 2.001047134399414, "local_count": 120, "common_count": 0}, "M-Greedy": {"max_delay": 0.1394498046367676, "cost": 133.5, "target_value": 172.8248046367676, "running_time": 2653.3052921295166, "n_selected_site": 10, "local_count": 36, "common_count": 84}, "M-Greedy-V2(Tx+Tp+Tq)": {"max_delay": 0.1389810258665517, "cost": 136.25, "target_value": 173.0435258665517, "running_time": 3222.487688064575, "n_selected_site": 6, "local_count": 28, "common_count": 92}, "Ours": {"max_delay": 0.13393390410850245, "cost": 130.03333333333333, "target_value": 166.44223744183577, "running_time": 11092.158555984497, "local_count": 61, "common_count": 59}}, "sim2": {"simulation_id": 2, "user_seed": 89358876, "Nearest": {"max_delay": 0.1486227212894516, "cost": 168.71666666666667, "target_value": 190.80188795611826, "running_time": 2.001047134399414, "local_count": 120, "common_count": 0}, "M-Greedy": {"max_delay": 0.2332112933858917, "cost": 136.0, "target_value": 267.21129338589174, "running_time": 565.4668807983398, "n_selected_site": 1, "local_count": 120, "common_count": 0}, "M-Greedy-V2(Tx+Tp+Tq)": {"max_delay": 0.1394498046367676, "cost": 135.5, "target_value": 173.3248046367676, "running_time": 3615.992307662964, "n_selected_site": 7, "local_count": 30, "common_count": 90}, "Ours": {"max_delay": 0.13258825161388704, "cost": 125.96666666666667, "target_value": 164.07991828055373, "running_time": 34466.22896194458, "local_count": 72, "common_count": 48}}}, "70": {"sim0": {"simulation_id": 0, "user_seed": 71421842, "Nearest": {"max_delay": 0.14807975593415224, "cost": 174.21428571428572, "target_value": 191.63332736272366, "running_time": 3.002643585205078, "local_count": 140, "common_count": 0}, "M-Greedy": {"max_delay": 0.13821107639428792, "cost": 134.75714285714287, "target_value": 171.90036210857363, "running_time": 3651.38840675354, "n_selected_site": 10, "local_count": 44, "common_count": 96}, "M-Greedy-V2(Tx+Tp+Tq)": {"max_delay": 0.1441872617382996, "cost": 139.47142857142856, "target_value": 179.05511888115674, "running_time": 4960.318565368652, "n_selected_site": 7, "local_count": 12, "common_count": 128}, "Ours": {"max_delay": 0.13314047362131748,