{"40": {"sim0": {"simulation_id": 0, "user_seed": 5520802, "Nearest": {"max_delay": 0.1441113237800059, "cost": 113.475, "target_value": 172.4800737800059, "running_time": 1.0013580322265625, "local_count": 80, "common_count": 0}, "M-Greedy": {"max_delay": 0.13697689383105527, "cost": 99.725, "target_value": 161.90814383105527, "running_time": 1287.843942642212, "n_selected_site": 12, "local_count": 32, "common_count": 48}, "M-Greedy-V2(Tx+Tp+Tq)": {"max_delay": 0.13217669434342688, "cost": 96.075, "target_value": 156.19544434342689, "running_time": 1702.1028995513916, "n_selected_site": 8, "local_count": 12, "common_count": 68}, "Ours": {"max_delay": 0.1283405035688959, "cost": 92.025, "target_value": 151.34675356889588, "running_time": 16425.639867782593, "local_count": 35, "common_count": 45}}, "sim1": {"simulation_id": 1, "user_seed": 23806807, "Nearest": {"max_delay": 0.14829567808392483, "cost": 123.875, "target_value": 179.26442808392483, "running_time": 1.0006427764892578, "local_count": 80, "common_count": 0}, "M-Greedy": {"max_delay": 0.13821342700167374, "cost": 104.55, "target_value": 164.35092700167374, "running_time": 1356.8756580352783, "n_selected_site": 12, "local_count": 42, "common_count": 38}, "M-Greedy-V2(Tx+Tp+Tq)": {"max_delay": 0.13421980308980647, "cost": 95.9, "target_value": 158.19480308980647, "running_time": 1924.7889518737793, "n_selected_site": 9, "local_count": 18, "common_count": 62}, "Ours": {"max_delay": 0.13135389768044534, "cost": 95.55, "target_value": 155.24139768044532, "running_time": 17460.14642715454, "local_count": 38, "common_count": 42}}, "sim2": {"simulation_id": 2, "user_seed": 83515277, "Nearest": {"max_delay": 0.14674391631041567, "cost": 119.15, "target_value": 176.53141631041566, "running_time": 1.0004043579101562, "local_count": 80, "common_count": 0}, "M-Greedy": {"max_delay": 0.14674391631041567, "cost": 106.525, "target_value": 173.37516631041566, "running_time": 1203.2959461212158, "n_selected_site": 10, "local_count": 58, "common_count": 22}, "M-Greedy-V2(Tx+Tp+Tq)": {"max_delay": 0.13548531508702236, "cost": 96.275, "target_value": 159.55406508702234, "running_time": 1597.6696014404297, "n_selected_site": 7, "local_count": 18, "common_count": 62}, "Ours": {"max_delay": 0.132297108028312, "cost": 93.425, "target_value": 155.65335802831197, "running_time": 17459.182024002075, "local_count": 45, "common_count": 35}}}, "50": {"sim0": {"simulation_id": 0, "user_seed": 12031809, "Nearest": {"max_delay": 0.14817319768772724, "cost": 131.92, "target_value": 181.15319768772724, "running_time": 2.001523971557617, "local_count": 100, "common_count": 0}, "M-Greedy": {"max_delay": 0.13674329127575918, "cost": 114.18, "target_value": 165.2882912757592, "running_time": 1916.0230159759521, "n_selected_site": 10, "local_count": 32, "common_count": 68}, "M-Greedy-V2(Tx+Tp+Tq)": {"max_delay": 0.13674329127575918, "cost": 116.4, "target_value": 165.84329127575919, "running_time": 2723.468065261841, "n_selected_site": 8, "local_count": 20, "common_count": 80}, "Ours": {"max_delay": 0.13240741396542788, "cost": 107.74, "target_value": 159.34241396542788, "running_time": 25927.724599838257, "local_count": 57, "common_count": 43}}, "sim1": {"simulation_id": 1, "user_seed": 32871839, "Nearest": {"max_delay": 0.14618402566996705, "cost": 141.32, "target_value": 181.51402566996705, "running_time": 1.0008811950683594, "local_count": 100, "common_count": 0}, "M-Greedy": {"max_delay": 0.14618402566996705, "cost": 123.82, "target_value": 177.13902566996705, "running_time": 2519.9198722839355, "n_selected_site": 15, "local_count": 66, "common_count": 34}, "M-Greedy-V2(Tx+Tp+Tq)": {"max_delay": 0.1358818730286487, "cost": 115.46, "target_value": 164.7468730286487, "running_time": 3068.8843727111816, "n_selected_site": 9, "local_count": 22, "common_count": 78}, "Ours": {"max_delay": 0.1320843064351222, "cost": 111.44, "target_value": 159.9443064351222, "running_time": 26027.12631225586, "local_count": 56, "common_count": 44}}, "sim2": {"simulation_id": 2, "user_seed": 27098007, "Nearest": {"max_delay": 0.14698272149725103, "cost": 134.7, "target_value": 180.65772149725103, "running_time": 1.001119613647461, "local_count": 100, "common_count": 0}, "M-Greedy": {"max_delay": 0.13768891775330055, "cost": 115.58, "target_value": 166.58391775330057, "running_time": 1921.116590499878, "n_selected_site": 10, "local_count": 34, "common_count": 66}, "M-Greedy-V2(Tx+Tp+Tq)": {"max_delay": 0.13768891775330055, "cost": 115.7, "target_value": 166.61391775330057, "running_time": 2787.4763011932373, "n_selected_site": 8, "local_count": 16, "common_count": 84}, "Ours": {"max_delay": 0.13243408517187438, "cost": 107.8, "target_value": 159.38408517187437, "running_time": 25797.343492507935, "local_count": 48, "common_count": 52}}}, "60": {"sim0": {"simulation_id": 0, "user_seed": 77570451, "Nearest": {"max_delay": 0.14727797560251416, "cost": 156.38333333333333, "target_value": 186.37380893584748, "running_time": 2.0020008087158203, "local_count": 120, "common_count": 0}, "M-Greedy": {"max_delay": 0.2311716268123874, "cost": 123.66666666666667, "target_value": 262.0882934790541, "running_time": 570.0592994689941, "n_selected_site": 1, "local_count": 120, "common_count": 0}, "M-Greedy-V2(Tx+Tp+Tq)": {"max_delay": 0.2311716268123874, "cost": 123.66666666666667, "target_value": 262.0882934790541, "running_time": 1019.5682048797607, "n_selected_site": 1, "local_count": 120, "common_count": 0}, "Ours": {"max_delay": 0.12967992145391996, "cost": 116.83333333333333, "target_value": 158.88825478725332, "running_time": 34727.452754974365, "local_count": 56, "common_count": 64}}, "sim1": {"simulation_id": 1, "user_seed": 7915170, "Nearest": {"max_delay": 0.1494770946593868, "cost": 157.11666666666667, "target_value": 188.75626132605348, "running_time": 2.0017623901367188, "local_count": 120, "common_count": 0}, "M-Greedy": {"max_delay": 0.1477329086128752, "cost": 141.46666666666667, "target_value": 183.09957527954185, "running_time": 3086.7409706115723, "n_selected_site": 12, "local_count": 48, "common_count": 72}, "M-Greedy-V2(Tx+Tp+Tq)": {"max_delay": 0.13782722649199056, "cost": 131.46666666666667, "target_value": 170.69389315865723, "running_time": 3199.3842124938965, "n_selected_site": 6, "local_count": 26, "common_count": 94}, "Ours": {"max_delay": 0.13270659266036644, "cost": 118.91666666666667, "target_value": 162.4357593270331, "running_time": 20861.348390579224, "local_count": 66, "common_count": 54}}, "sim2": {"simulation_id": 2, "user_seed": 3396114, "Nearest": {"max_delay": 0.14968064634608927, "cost": 147.5, "target_value": 186.55564634608928, "running_time": 2.002239227294922, "local_count": 120, "common_count": 0}, "M-Greedy": {"max_delay": 0.13815185910348196, "cost": 127.4, "target_value": 170.00185910348196, "running_time": 2678.1270503997803, "n_selected_site": 10, "local_count": 54, "common_count": 66}, "M-Greedy-V2(Tx+Tp+Tq)": {"max_delay": 0.13815185910348196, "cost": 130.71666666666667, "target_value": 170.83102577014864, "running_time": 3166.5124893188477, "n_selected_site": 6, "local_count": 26, "common_count": 94}, "Ours": {"max_delay": 0.13259729812442764, "cost": 119.75, "target_value": 162.53479812442762, "running_time": 34889.52970504761, "local_count": 71, "common_count": 49}}}, "70": {"sim0": {"simulation_id": 0, "user_seed": 44499561, "Nearest": {"max_delay": 0.1436860099208856, "cost": 166.87142857142857, "target_value": 185.40386706374272, "running_time": 2.0017623901367188, "local_count": 140, "common_count": 0}, "M-Greedy": {"max_delay": 0.13373974483694162, "cost": 134.04285714285714, "target_value": 167.2504591226559, "running_time": 4069.5996284484863, "n_selected_site": 11, "local_count": 44, "common_count": 96}, "M-Greedy-V2(Tx+Tp+Tq)": {"max_delay": 0.13331725742916467, "cost": 135.22857142857143, "target_value": 167.12440028630752, "running_time": 4423.969268798828, "n_selected_site": 6, "local_count": 14,