{"40": {"sim0": {"simulation_id": 0, "user_seed": 56045824, "Nearest": {"max_delay": 0.14436153318105466, "cost": 123.425, "target_value": 175.21778318105464, "running_time": 1.0008811950683594, "local_count": 80, "common_count": 0}, "M-Greedy": {"max_delay": 0.23437451022078148, "cost": 91.0, "target_value": 257.1245102207815, "running_time": 229.69770431518555, "n_selected_site": 1, "local_count": 80, "common_count": 0}, "M-Greedy-V2(Tx+Tp+Tq)": {"max_delay": 0.13351607161531331, "cost": 97.75, "target_value": 157.9535716153133, "running_time": 1795.1595783233643, "n_selected_site": 9, "local_count": 24, "common_count": 56}, "Ours": {"max_delay": 0.13244556589364478, "cost": 95.525, "target_value": 156.32681589364478, "running_time": 15606.706142425537, "local_count": 40, "common_count": 40}}, "sim1": {"simulation_id": 1, "user_seed": 81179149, "Nearest": {"max_delay": 0.14821813636403905, "cost": 127.125, "target_value": 179.99938636403905, "running_time": 1.001119613647461, "local_count": 80, "common_count": 0}, "M-Greedy": {"max_delay": 0.13648750832107281, "cost": 100.7, "target_value": 161.66250832107283, "running_time": 1163.9904975891113, "n_selected_site": 10, "local_count": 18, "common_count": 62}, "M-Greedy-V2(Tx+Tp+Tq)": {"max_delay": 0.13648750832107281, "cost": 100.25, "target_value": 161.55000832107282, "running_time": 1530.2116870880127, "n_selected_site": 7, "local_count": 16, "common_count": 64}, "Ours": {"max_delay": 0.13355160259930915, "cost": 94.4, "target_value": 157.15160259930914, "running_time": 15886.130332946777, "local_count": 34, "common_count": 46}}, "sim2": {"simulation_id": 2, "user_seed": 44701130, "Nearest": {"max_delay": 0.14867091341427305, "cost": 117.575, "target_value": 178.06466341427307, "running_time": 1.0013580322265625, "local_count": 80, "common_count": 0}, "M-Greedy": {"max_delay": 0.13734047059749505, "cost": 96.65, "target_value": 161.50297059749505, "running_time": 1176.1572360992432, "n_selected_site": 10, "local_count": 30, "common_count": 50}, "M-Greedy-V2(Tx+Tp+Tq)": {"max_delay": 0.13734047059749505, "cost": 96.575, "target_value": 161.48422059749507, "running_time": 1702.7223110198975, "n_selected_site": 8, "local_count": 26, "common_count": 54}, "Ours": {"max_delay": 0.13500834686496876, "cost": 96.775, "target_value": 159.20209686496875, "running_time": 8375.738859176636, "local_count": 42, "common_count": 38}}}, "50": {"sim0": {"simulation_id": 0, "user_seed": 52220109, "Nearest": {"max_delay": 0.14955318266601564, "cost": 129.22, "target_value": 181.85818266601564, "running_time": 2.0017623901367188, "local_count": 100, "common_count": 0}, "M-Greedy": {"max_delay": 0.1368118758851038, "cost": 108.6, "target_value": 163.9618758851038, "running_time": 1823.474645614624, "n_selected_site": 10, "local_count": 34, "common_count": 66}, "M-Greedy-V2(Tx+Tp+Tq)": {"max_delay": 0.1368118758851038, "cost": 110.44, "target_value": 164.42187588510382, "running_time": 2189.060688018799, "n_selected_site": 6, "local_count": 14, "common_count": 86}, "Ours": {"max_delay": 0.13281031208989488, "cost": 102.7, "target_value": 158.4853120898949, "running_time": 24357.736587524414, "local_count": 52, "common_count": 48}}, "sim1": {"simulation_id": 1, "user_seed": 9317354, "Nearest": {"max_delay": 0.14032307140607775, "cost": 139.84, "target_value": 175.28307140607777, "running_time": 2.001523971557617, "local_count": 100, "common_count": 0}, "M-Greedy": {"max_delay": 0.23369737690163433, "cost": 113.2, "target_value": 261.9973769016343, "running_time": 385.8377933502197, "n_selected_site": 1, "local_count": 100, "common_count": 0}, "M-Greedy-V2(Tx+Tp+Tq)": {"max_delay": 0.12988977108416866, "cost": 116.2, "target_value": 158.93977108416868, "running_time": 2808.2797527313232, "n_selected_site": 8, "local_count": 22, "common_count": 78}, "Ours": {"max_delay": 0.12841998762424509, "cost": 110.28, "target_value": 155.9899876242451, "running_time": 25280.786514282227, "local_count": 46, "common_count": 54}}, "sim2": {"simulation_id": 2, "user_seed": 63504581, "Nearest": {"max_delay": 0.15309198038644273, "cost": 139.88, "target_value": 188.0619803864427, "running_time": 2.0017623901367188, "local_count": 100, "common_count": 0}, "M-Greedy": {"max_delay": 0.14649025578241653, "cost": 114.42, "target_value": 175.09525578241653, "running_time": 1435.1856708526611, "n_selected_site": 7, "local_count": 30, "common_count": 70}, "M-Greedy-V2(Tx+Tp+Tq)": {"max_delay": 0.13840492215532746, "cost": 113.52, "target_value": 166.78492215532745, "running_time": 2844.3706035614014, "n_selected_site": 8, "local_count": 26, "common_count": 74}, "Ours": {"max_delay": 0.13340845240268034, "cost": 107.9, "target_value": 160.38345240268035, "running_time": 25122.27463722229, "local_count": 51, "common_count": 49}}}, "60": {"sim0": {"simulation_id": 0, "user_seed": 62849504, "Nearest": {"max_delay": 0.14899455755367935, "cost": 151.76666666666668, "target_value": 186.93622422034602, "running_time": 2.0012855529785156, "local_count": 120, "common_count": 0}, "M-Greedy": {"max_delay": 0.13928139618427893, "cost": 126.55, "target_value": 170.9188961842789, "running_time": 2737.4355792999268, "n_selected_site": 10, "local_count": 40, "common_count": 80}, "M-Greedy-V2(Tx+Tp+Tq)": {"max_delay": 0.139195887580791, "cost": 131.4, "target_value": 172.04588758079097, "running_time": 3220.087766647339, "n_selected_site": 6, "local_count": 30, "common_count": 90}, "Ours": {"max_delay": 0.13382897143843997, "cost": 114.71666666666667, "target_value": 162.50813810510664, "running_time": 15903.175830841064, "local_count": 66, "common_count": 54}}, "sim1": {"simulation_id": 1, "user_seed": 72355827, "Nearest": {"max_delay": 0.15182041966428172, "cost": 145.66666666666666, "target_value": 188.2370863309484, "running_time": 2.001523971557617, "local_count": 120, "common_count": 0}, "M-Greedy": {"max_delay": 0.13740379051320206, "cost": 114.6, "target_value": 166.05379051320207, "running_time": 2745.7895278930664, "n_selected_site": 10, "local_count": 48, "common_count": 72}, "M-Greedy-V2(Tx+Tp+Tq)": {"max_delay": 0.13740379051320206, "cost": 115.61666666666666, "target_value": 166.30795717986874, "running_time": 4036.7095470428467, "n_selected_site": 8, "local_count": 30, "common_count": 90}, "Ours": {"max_delay": 0.1335123529960699, "cost": 111.2, "target_value": 161.3123529960699, "running_time": 11823.111772537231, "local_count": 67, "common_count": 53}}, "sim2": {"simulation_id": 2, "user_seed": 75882866, "Nearest": {"max_delay": 0.14696713879022277, "cost": 156.63333333333333, "target_value": 186.1254721235561, "running_time": 2.00653076171875, "local_count": 120, "common_count": 0}, "M-Greedy": {"max_delay": 0.23521079395537925, "cost": 124.16666666666667, "target_value": 266.25246062204593, "running_time": 561.09619140625, "n_selected_site": 1, "local_count": 120, "common_count": 0}, "M-Greedy-V2(Tx+Tp+Tq)": {"max_delay": 0.13849461168394522, "cost": 134.56666666666666, "target_value": 172.13627835061192, "running_time": 3597.9888439178467, "n_selected_site": 7, "local_count": 20, "common_count": 100}, "Ours": {"max_delay": 0.132407323243806, "cost": 127.88333333333334, "target_value": 164.37815657713932, "running_time": 33208.43553543091, "local_count": 60, "common_count": 60}}}, "70": {"sim0": {"simulation_id": 0, "user_seed": 49926475, "Nearest": {"max_delay": 0.15166047602706745, "cost": 173.78571428571428, "target_value": 195.10690459849604, "running_time": 2.002239227294922, "local_count": 140, "common_count": 0}, "M-Greedy": {"max_delay": 0.1505260460781168, "cost": 145.55714285714285, "target_value": 186.9153317924025, "running_time": 3396.8191146850586, "n_selected_site": 9, "local_count": 46, "common_count": 94}, "M-Greedy-V2(Tx+Tp+Tq)": {"max_delay": 0.13821107639428792, "cost": 136.9, "target_value": 172.4360763942879, "running_time": 5428.828239440918, "n_selected_site": 8, "local_count": 30, "common_count": 110},