{"40": {"sim0": {"simulation_id": 0, "user_seed": 55066702, "Nearest": {"max_delay": 0.1491469262593405, "cost": 123.8, "target_value": 180.0969262593405, "running_time": 1.001119613647461, "local_count": 80, "common_count": 0}, "M-Greedy": {"max_delay": 0.14598174227570768, "cost": 99.025, "target_value": 170.73799227570768, "running_time": 863.2540702819824, "n_selected_site": 7, "local_count": 10, "common_count": 70}, "M-Greedy-V2(Tx+Tp+Tq)": {"max_delay": 0.13511264552869642, "cost": 98.675, "target_value": 159.7813955286964, "running_time": 1829.7879695892334, "n_selected_site": 9, "local_count": 22, "common_count": 58}, "Ours": {"max_delay": 0.13335622734001773, "cost": 94.7, "target_value": 157.03122734001775, "running_time": 16220.051288604736, "local_count": 45, "common_count": 35}}, "sim1": {"simulation_id": 1, "user_seed": 73449800, "Nearest": {"max_delay": 0.14993439250089186, "cost": 122.8, "target_value": 180.63439250089183, "running_time": 1.0023117065429688, "local_count": 80, "common_count": 0}, "M-Greedy": {"max_delay": 0.1391902064543802, "cost": 101.9, "target_value": 164.6652064543802, "running_time": 1238.0692958831787, "n_selected_site": 11, "local_count": 58, "common_count": 22}, "M-Greedy-V2(Tx+Tp+Tq)": {"max_delay": 0.13731244305737822, "cost": 95.525, "target_value": 161.19369305737823, "running_time": 1655.6077003479004, "n_selected_site": 8, "local_count": 22, "common_count": 58}, "Ours": {"max_delay": 0.13277888094851623, "cost": 91.675, "target_value": 155.6976309485162, "running_time": 12917.219400405884, "local_count": 46, "common_count": 34}}, "sim2": {"simulation_id": 2, "user_seed": 29470674, "Nearest": {"max_delay": 0.14828944573331077, "cost": 121.1, "target_value": 178.56444573331078, "running_time": 1.0008811950683594, "local_count": 80, "common_count": 0}, "M-Greedy": {"max_delay": 0.14654525968679913, "cost": 101.55, "target_value": 171.93275968679913, "running_time": 1069.5669651031494, "n_selected_site": 9, "local_count": 14, "common_count": 66}, "M-Greedy-V2(Tx+Tp+Tq)": {"max_delay": 0.1353355290238234, "cost": 96.775, "target_value": 159.5292790238234, "running_time": 1840.2090072631836, "n_selected_site": 9, "local_count": 8, "common_count": 72}, "Ours": {"max_delay": 0.132378919274796, "cost": 92.025, "target_value": 155.385169274796, "running_time": 16889.55020904541, "local_count": 42, "common_count": 38}}}, "50": {"sim0": {"simulation_id": 0, "user_seed": 88380141, "Nearest": {"max_delay": 0.14168369625443006, "cost": 133.16, "target_value": 174.97369625443005, "running_time": 2.0017623901367188, "local_count": 100, "common_count": 0}, "M-Greedy": {"max_delay": 0.14168369625443006, "cost": 131.5, "target_value": 174.55869625443006, "running_time": 2558.051586151123, "n_selected_site": 15, "local_count": 68, "common_count": 32}, "M-Greedy-V2(Tx+Tp+Tq)": {"max_delay": 0.1323286278051934, "cost": 111.58, "target_value": 160.2236278051934, "running_time": 2743.490219116211, "n_selected_site": 8, "local_count": 20, "common_count": 80}, "Ours": {"max_delay": 0.12959623926385788, "cost": 103.18, "target_value": 155.39123926385787, "running_time": 25540.415048599243, "local_count": 47, "common_count": 53}}, "sim1": {"simulation_id": 1, "user_seed": 26800408, "Nearest": {"max_delay": 0.13723835678925916, "cost": 143.94, "target_value": 173.22335678925919, "running_time": 1.001119613647461, "local_count": 100, "common_count": 0}, "M-Greedy": {"max_delay": 0.14323835678925917, "cost": 137.06, "target_value": 177.50335678925916, "running_time": 1705.4190635681152, "n_selected_site": 9, "local_count": 56, "common_count": 44}, "M-Greedy-V2(Tx+Tp+Tq)": {"max_delay": 0.13346301585066567, "cost": 111.74, "target_value": 161.39801585066567, "running_time": 2201.838254928589, "n_selected_site": 6, "local_count": 20, "common_count": 80}, "Ours": {"max_delay": 0.128581681457752, "cost": 107.48, "target_value": 155.45168145775202, "running_time": 25591.349124908447, "local_count": 52, "common_count": 48}}, "sim2": {"simulation_id": 2, "user_seed": 17540063, "Nearest": {"max_delay": 0.15145190745625692, "cost": 135.76, "target_value": 185.39190745625692, "running_time": 2.001523971557617, "local_count": 100, "common_count": 0}, "M-Greedy": {"max_delay": 0.14086460586895533, "cost": 115.16, "target_value": 169.65460586895531, "running_time": 2027.4958610534668, "n_selected_site": 11, "local_count": 54, "common_count": 46}, "M-Greedy-V2(Tx+Tp+Tq)": {"max_delay": 0.13768161861389128, "cost": 114.44, "target_value": 166.29161861389127, "running_time": 2723.703145980835, "n_selected_site": 8, "local_count": 26, "common_count": 74}, "Ours": {"max_delay": 0.13477720105479848, "cost": 107.9, "target_value": 161.7522010547985, "running_time": 25685.304641723633, "local_count": 56, "common_count": 44}}}, "60": {"sim0": {"simulation_id": 0, "user_seed": 67017613, "Nearest": {"max_delay": 0.1490028591638375, "cost": 153.91666666666666, "target_value": 187.48202583050414, "running_time": 2.0024776458740234, "local_count": 120, "common_count": 0}, "M-Greedy": {"max_delay": 0.14000285916383748, "cost": 138.15, "target_value": 174.54035916383748, "running_time": 3272.223949432373, "n_selected_site": 13, "local_count": 66, "common_count": 54}, "M-Greedy-V2(Tx+Tp+Tq)": {"max_delay": 0.1351270487264558, "cost": 127.55, "target_value": 167.0145487264558, "running_time": 3613.5334968566895, "n_selected_site": 7, "local_count": 24, "common_count": 96}, "Ours": {"max_delay": 0.1324902576092438, "cost": 117.56666666666666, "target_value": 161.88192427591048, "running_time": 28935.508728027344, "local_count": 64, "common_count": 56}}, "sim1": {"simulation_id": 1, "user_seed": 58142927, "Nearest": {"max_delay": 0.151328586112784, "cost": 150.33333333333334, "target_value": 188.91191944611734, "running_time": 2.0017623901367188, "local_count": 120, "common_count": 0}, "M-Greedy": {"max_delay": 0.1496656149376177, "cost": 145.51666666666668, "target_value": 186.04478160428437, "running_time": 2894.5560455322266, "n_selected_site": 11, "local_count": 64, "common_count": 56}, "M-Greedy-V2(Tx+Tp+Tq)": {"max_delay": 0.13700332537231422, "cost": 131.63333333333333, "target_value": 169.91165870564754, "running_time": 3543.105363845825, "n_selected_site": 7, "local_count": 24, "common_count": 96}, "Ours": {"max_delay": 0.13254815805994657, "cost": 116.86666666666666, "target_value": 161.76482472661326, "running_time": 34390.78688621521, "local_count": 75, "common_count": 45}}, "sim2": {"simulation_id": 2, "user_seed": 29713130, "Nearest": {"max_delay": 0.14641349620452582, "cost": 153.65, "target_value": 184.8259962045258, "running_time": 2.0017623901367188, "local_count": 120, "common_count": 0}, "M-Greedy": {"max_delay": 0.23311545087710522, "cost": 123.5, "target_value": 263.9904508771052, "running_time": 556.9589138031006, "n_selected_site": 1, "local_count": 120, "common_count": 0}, "M-Greedy-V2(Tx+Tp+Tq)": {"max_delay": 0.1352753061792069, "cost": 128.06666666666666, "target_value": 167.2919728458736, "running_time": 3563.6391639709473, "n_selected_site": 7, "local_count": 28, "common_count": 92}, "Ours": {"max_delay": 0.13252893342690722, "cost": 114.75, "target_value": 161.21643342690723, "running_time": 33970.80707550049, "local_count": 64, "common_count": 56}}}, "70": {"sim0": {"simulation_id": 0, "user_seed": 94756525, "Nearest": {"max_delay": 0.15178996649898935, "cost": 168.37142857142857, "target_value": 193.88282364184647, "running_time": 3.002643585205078, "local_count": 140, "common_count": 0}, "M-Greedy": {"max_delay": 0.13686624590874225, "cost": 137.05714285714285, "target_value": 171.13053162302796, "running_time": 3714.099168777466, "n_selected_site": 10, "local_count": 48, "common_count": 92}, "M-Greedy-V2(Tx+Tp+Tq)": {"max_delay": 0.13686624590874225, "cost": 136.12857142857143, "target_value": 170.8983887658851, "running_time": 4340.751647949219, "n_selected_site": 6, "local_count": 24, "common_count": 116},