{"40": {"sim0": {"simulation_id": 0, "user_seed": 66000133, "Nearest": {"max_delay": 0.14708961868474763, "cost": 123.925, "target_value": 178.0708686847476, "running_time": 2.001523971557617, "local_count": 80, "common_count": 0}, "M-Greedy": {"max_delay": 0.1469834715884604, "cost": 107.075, "target_value": 173.7522215884604, "running_time": 1308.729648590088, "n_selected_site": 12, "local_count": 36, "common_count": 44}, "M-Greedy-V2(Tx+Tp+Tq)": {"max_delay": 0.13643448967662497, "cost": 102.025, "target_value": 161.94073967662496, "running_time": 1352.9956340789795, "n_selected_site": 6, "local_count": 22, "common_count": 58}, "Ours": {"max_delay": 0.13369286369574102, "cost": 99.55, "target_value": 158.580363695741, "running_time": 16339.784145355225, "local_count": 48, "common_count": 32}}, "sim1": {"simulation_id": 1, "user_seed": 37926, "Nearest": {"max_delay": 0.14441150126061186, "cost": 123.1, "target_value": 175.18650126061186, "running_time": 1.0004043579101562, "local_count": 80, "common_count": 0}, "M-Greedy": {"max_delay": 0.1333503377033485, "cost": 93.575, "target_value": 156.74408770334853, "running_time": 1260.0972652435303, "n_selected_site": 11, "local_count": 40, "common_count": 40}, "M-Greedy-V2(Tx+Tp+Tq)": {"max_delay": 0.1333503377033485, "cost": 95.775, "target_value": 157.2940877033485, "running_time": 1706.143856048584, "n_selected_site": 8, "local_count": 20, "common_count": 60}, "Ours": {"max_delay": 0.1316737480421235, "cost": 92.925, "target_value": 154.9049980421235, "running_time": 16560.26005744934, "local_count": 35, "common_count": 45}}, "sim2": {"simulation_id": 2, "user_seed": 63933473, "Nearest": {"max_delay": 0.14585738870649934, "cost": 120.25, "target_value": 175.91988870649934, "running_time": 1.0006427764892578, "local_count": 80, "common_count": 0}, "M-Greedy": {"max_delay": 0.23380560409108297, "cost": 91.25, "target_value": 256.61810409108296, "running_time": 242.59209632873535, "n_selected_site": 1, "local_count": 80, "common_count": 0}, "M-Greedy-V2(Tx+Tp+Tq)": {"max_delay": 0.13738392943461464, "cost": 92.675, "target_value": 160.55267943461462, "running_time": 1917.8788661956787, "n_selected_site": 9, "local_count": 38, "common_count": 42}, "Ours": {"max_delay": 0.1342481352957728, "cost": 95.675, "target_value": 158.1668852957728, "running_time": 16900.516033172607, "local_count": 40, "common_count": 40}}}, "50": {"sim0": {"simulation_id": 0, "user_seed": 81420968, "Nearest": {"max_delay": 0.1497878571342648, "cost": 138.78, "target_value": 184.48285713426478, "running_time": 1.0006427764892578, "local_count": 100, "common_count": 0}, "M-Greedy": {"max_delay": 0.13842419364371245, "cost": 114.88, "target_value": 167.14419364371244, "running_time": 1867.2690391540527, "n_selected_site": 10, "local_count": 36, "common_count": 64}, "M-Greedy-V2(Tx+Tp+Tq)": {"max_delay": 0.13842419364371245, "cost": 115.22, "target_value": 167.22919364371245, "running_time": 2995.110273361206, "n_selected_site": 9, "local_count": 22, "common_count": 78}, "Ours": {"max_delay": 0.13395106943262075, "cost": 109.32, "target_value": 161.28106943262077, "running_time": 25132.61318206787, "local_count": 54, "common_count": 46}}, "sim1": {"simulation_id": 1, "user_seed": 75342515, "Nearest": {"max_delay": 0.14928418969345325, "cost": 123.2, "target_value": 180.08418969345325, "running_time": 2.03704833984375, "local_count": 100, "common_count": 0}, "M-Greedy": {"max_delay": 0.1368816396781622, "cost": 111.4, "target_value": 164.7316396781622, "running_time": 1959.5751762390137, "n_selected_site": 10, "local_count": 36, "common_count": 64}, "M-Greedy-V2(Tx+Tp+Tq)": {"max_delay": 0.1368816396781622, "cost": 112.88, "target_value": 165.1016396781622, "running_time": 3021.68345451355, "n_selected_site": 9, "local_count": 20, "common_count": 80}, "Ours": {"max_delay": 0.13323893169550186, "cost": 100.9, "target_value": 158.46393169550186, "running_time": 24987.268447875977, "local_count": 60, "common_count": 40}}, "sim2": {"simulation_id": 2, "user_seed": 92787054, "Nearest": {"max_delay": 0.15225258010234471, "cost": 128.6, "target_value": 184.40258010234473, "running_time": 1.0006427764892578, "local_count": 100, "common_count": 0}, "M-Greedy": {"max_delay": 0.13678924301438503, "cost": 115.48, "target_value": 165.65924301438503, "running_time": 1939.7876262664795, "n_selected_site": 10, "local_count": 32, "common_count": 68}, "M-Greedy-V2(Tx+Tp+Tq)": {"max_delay": 0.1364241408353262, "cost": 117.26, "target_value": 165.7391408353262, "running_time": 3065.3762817382812, "n_selected_site": 9, "local_count": 18, "common_count": 82}, "Ours": {"max_delay": 0.13226867008804172, "cost": 107.98, "target_value": 159.26367008804172, "running_time": 25159.322023391724, "local_count": 53, "common_count": 47}}}, "60": {"sim0": {"simulation_id": 0, "user_seed": 10844394, "Nearest": {"max_delay": 0.14910710562648566, "cost": 163.75, "target_value": 190.04460562648566, "running_time": 2.001523971557617, "local_count": 120, "common_count": 0}, "M-Greedy": {"max_delay": 0.13823064185791312, "cost": 130.51666666666668, "target_value": 170.8598085245798, "running_time": 2839.1332626342773, "n_selected_site": 10, "local_count": 44, "common_count": 76}, "M-Greedy-V2(Tx+Tp+Tq)": {"max_delay": 0.13823064185791312, "cost": 132.15, "target_value": 171.26814185791312, "running_time": 3211.5514278411865, "n_selected_site": 6, "local_count": 26, "common_count": 94}, "Ours": {"max_delay": 0.1332585786789397, "cost": 123.63333333333334, "target_value": 164.16691201227303, "running_time": 15627.176523208618, "local_count": 67, "common_count": 53}}, "sim1": {"simulation_id": 1, "user_seed": 22451100, "Nearest": {"max_delay": 0.15084100554147212, "cost": 160.58333333333334, "target_value": 190.98683887480547, "running_time": 2.0020008087158203, "local_count": 120, "common_count": 0}, "M-Greedy": {"max_delay": 0.13868446716029173, "cost": 132.08333333333334, "target_value": 171.70530049362506, "running_time": 2740.5965328216553, "n_selected_site": 10, "local_count": 28, "common_count": 92}, "M-Greedy-V2(Tx+Tp+Tq)": {"max_delay": 0.13653967030016412, "cost": 133.26666666666668, "target_value": 169.85633696683078, "running_time": 3228.208541870117, "n_selected_site": 6, "local_count": 26, "common_count": 94}, "Ours": {"max_delay": 0.13495030734085245, "cost": 124.25, "target_value": 166.01280734085245, "running_time": 33897.268772125244, "local_count": 55, "common_count": 65}}, "sim2": {"simulation_id": 2, "user_seed": 46120409, "Nearest": {"max_delay": 0.14602589114035144, "cost": 157.23333333333332, "target_value": 185.33422447368477, "running_time": 2.001523971557617, "local_count": 120, "common_count": 0}, "M-Greedy": {"max_delay": 0.15202589114035145, "cost": 140.45, "target_value": 187.13839114035147, "running_time": 3001.5437602996826, "n_selected_site": 11, "local_count": 64, "common_count": 56}, "M-Greedy-V2(Tx+Tp+Tq)": {"max_delay": 0.13763251696611847, "cost": 132.11666666666667, "target_value": 170.66168363278516, "running_time": 3252.457857131958, "n_selected_site": 6, "local_count": 30, "common_count": 90}, "Ours": {"max_delay": 0.13291751312175362, "cost": 122.01666666666667, "target_value": 163.42167978842028, "running_time": 19993.308782577515, "local_count": 63, "common_count": 57}}}, "70": {"sim0": {"simulation_id": 0, "user_seed": 30198566, "Nearest": {"max_delay": 0.14651371455696965, "cost": 181.82857142857142, "target_value": 191.97085741411252, "running_time": 3.002166748046875, "local_count": 140, "common_count": 0}, "M-Greedy": {"max_delay": 0.13809967317968197, "cost": 145.3, "target_value": 174.42467317968197, "running_time": 3709.028959274292, "n_selected_site": 10, "local_count": 38, "common_count": 102}, "M-Greedy-V2(Tx+Tp+Tq)": {"max_delay": 0.13809967317968197, "cost": 144.5857142857143, "target_value": 174.24610175111053, "running_time": 4874.756336212158, "n_selected_site": 7, "local_count": 38, "common_count": 102},