{"40": {"sim0": {"simulation_id": 0, "user_seed": 61390110, "Nearest": {"max_delay": 0.14366636061651736, "cost": 124.45, "target_value": 174.77886061651736, "running_time": 1.0006427764892578, "local_count": 80, "common_count": 0}, "M-Greedy": {"max_delay": 0.23276173615433632, "cost": 102.75, "target_value": 258.4492361543363, "running_time": 250.20647048950195, "n_selected_site": 1, "local_count": 80, "common_count": 0}, "M-Greedy-V2(Tx+Tp+Tq)": {"max_delay": 0.13512071051331065, "cost": 97.95, "target_value": 159.60821051331067, "running_time": 2107.6972484588623, "n_selected_site": 10, "local_count": 18, "common_count": 62}, "Ours": {"max_delay": 0.13173616714818792, "cost": 96.8, "target_value": 155.9361671481879, "running_time": 17467.710256576538, "local_count": 36, "common_count": 44}}, "sim1": {"simulation_id": 1, "user_seed": 77255685, "Nearest": {"max_delay": 0.14952323817517746, "cost": 116.575, "target_value": 178.66698817517747, "running_time": 1.0004043579101562, "local_count": 80, "common_count": 0}, "M-Greedy": {"max_delay": 0.13501008302446352, "cost": 93.8, "target_value": 158.4600830244635, "running_time": 1414.9250984191895, "n_selected_site": 12, "local_count": 24, "common_count": 56}, "M-Greedy-V2(Tx+Tp+Tq)": {"max_delay": 0.13501008302446352, "cost": 95.65, "target_value": 158.9225830244635, "running_time": 1965.893030166626, "n_selected_site": 9, "local_count": 14, "common_count": 66}, "Ours": {"max_delay": 0.1320353285379056, "cost": 91.3, "target_value": 154.8603285379056, "running_time": 17354.782104492188, "local_count": 36, "common_count": 44}}, "sim2": {"simulation_id": 2, "user_seed": 8608942, "Nearest": {"max_delay": 0.14605660451895638, "cost": 121.675, "target_value": 176.47535451895638, "running_time": 1.0004043579101562, "local_count": 80, "common_count": 0}, "M-Greedy": {"max_delay": 0.23212071051331062, "cost": 102.0, "target_value": 257.62071051331066, "running_time": 249.94206428527832, "n_selected_site": 1, "local_count": 80, "common_count": 0}, "M-Greedy-V2(Tx+Tp+Tq)": {"max_delay": 0.1365105542228467, "cost": 98.65, "target_value": 161.17305422284667, "running_time": 1615.9131526947021, "n_selected_site": 7, "local_count": 16, "common_count": 64}, "Ours": {"max_delay": 0.13345767567050054, "cost": 94.925, "target_value": 157.18892567050054, "running_time": 17509.742975234985, "local_count": 35, "common_count": 45}}}, "50": {"sim0": {"simulation_id": 0, "user_seed": 62409569, "Nearest": {"max_delay": 0.15089819760022147, "cost": 127.56, "target_value": 182.78819760022145, "running_time": 1.0008811950683594, "local_count": 100, "common_count": 0}, "M-Greedy": {"max_delay": 0.1362309416312994, "cost": 112.44, "target_value": 164.34094163129942, "running_time": 1901.9274711608887, "n_selected_site": 10, "local_count": 36, "common_count": 64}, "M-Greedy-V2(Tx+Tp+Tq)": {"max_delay": 0.1362309416312994, "cost": 114.52, "target_value": 164.8609416312994, "running_time": 2790.6546592712402, "n_selected_site": 8, "local_count": 20, "common_count": 80}, "Ours": {"max_delay": 0.1333399564753075, "cost": 106.18, "target_value": 159.8849564753075, "running_time": 25780.30276298523, "local_count": 52, "common_count": 48}}, "sim1": {"simulation_id": 1, "user_seed": 16589647, "Nearest": {"max_delay": 0.15015891236076984, "cost": 139.3, "target_value": 184.98391236076986, "running_time": 2.0017623901367188, "local_count": 100, "common_count": 0}, "M-Greedy": {"max_delay": 0.15015891236076984, "cost": 121.0, "target_value": 180.40891236076985, "running_time": 1738.4448051452637, "n_selected_site": 9, "local_count": 34, "common_count": 66}, "M-Greedy-V2(Tx+Tp+Tq)": {"max_delay": 0.13708391594828456, "cost": 112.94, "target_value": 165.31891594828454, "running_time": 2212.8348350524902, "n_selected_site": 6, "local_count": 14, "common_count": 86}, "Ours": {"max_delay": 0.13321876446750924, "cost": 103.34, "target_value": 159.05376446750924, "running_time": 25306.78629875183, "local_count": 37, "common_count": 63}}, "sim2": {"simulation_id": 2, "user_seed": 99167879, "Nearest": {"max_delay": 0.14462130060740908, "cost": 136.68, "target_value": 178.79130060740908, "running_time": 1.0013580322265625, "local_count": 100, "common_count": 0}, "M-Greedy": {"max_delay": 0.14762130060740908, "cost": 134.56, "target_value": 181.26130060740905, "running_time": 2120.840311050415, "n_selected_site": 12, "local_count": 48, "common_count": 52}, "M-Greedy-V2(Tx+Tp+Tq)": {"max_delay": 0.13404298022901648, "cost": 115.58, "target_value": 162.9379802290165, "running_time": 3014.498233795166, "n_selected_site": 9, "local_count": 24, "common_count": 76}, "Ours": {"max_delay": 0.13225337877229967, "cost": 109.46, "target_value": 159.61837877229968, "running_time": 25767.669439315796, "local_count": 67, "common_count": 33}}}, "60": {"sim0": {"simulation_id": 0, "user_seed": 72545217, "Nearest": {"max_delay": 0.14836530374954282, "cost": 150.05, "target_value": 185.8778037495428, "running_time": 2.0017623901367188, "local_count": 120, "common_count": 0}, "M-Greedy": {"max_delay": 0.233898236873332, "cost": 124.0, "target_value": 264.898236873332, "running_time": 579.4787406921387, "n_selected_site": 1, "local_count": 120, "common_count": 0}, "M-Greedy-V2(Tx+Tp+Tq)": {"max_delay": 0.13556724117895758, "cost": 133.13333333333333, "target_value": 168.8505745122909, "running_time": 3187.163829803467, "n_selected_site": 6, "local_count": 32, "common_count": 88}, "Ours": {"max_delay": 0.13052708356492232, "cost": 119.98333333333333, "target_value": 160.52291689825566, "running_time": 4892.125129699707, "local_count": 79, "common_count": 41}}, "sim1": {"simulation_id": 1, "user_seed": 29678862, "Nearest": {"max_delay": 0.14539862704574097, "cost": 153.13333333333333, "target_value": 183.6819603790743, "running_time": 2.002239227294922, "local_count": 120, "common_count": 0}, "M-Greedy": {"max_delay": 0.14539862704574097, "cost": 140.46666666666667, "target_value": 180.51529371240764, "running_time": 3329.0843963623047, "n_selected_site": 13, "local_count": 84, "common_count": 36}, "M-Greedy-V2(Tx+Tp+Tq)": {"max_delay": 0.13642053475003466, "cost": 131.16666666666666, "target_value": 169.2122014167013, "running_time": 3249.6769428253174, "n_selected_site": 6, "local_count": 28, "common_count": 92}, "Ours": {"max_delay": 0.1307127029679983, "cost": 118.41666666666667, "target_value": 160.31686963466495, "running_time": 9544.597148895264, "local_count": 67, "common_count": 53}}, "sim2": {"simulation_id": 2, "user_seed": 86551927, "Nearest": {"max_delay": 0.14601597199889066, "cost": 152.06666666666666, "target_value": 184.03263866555733, "running_time": 2.001047134399414, "local_count": 120, "common_count": 0}, "M-Greedy": {"max_delay": 0.2343867513612905, "cost": 124.66666666666667, "target_value": 265.55341802795715, "running_time": 580.4803371429443, "n_selected_site": 1, "local_count": 120, "common_count": 0}, "M-Greedy-V2(Tx+Tp+Tq)": {"max_delay": 0.13791379375504872, "cost": 133.05, "target_value": 171.17629375504873, "running_time": 3611.6862297058105, "n_selected_site": 7, "local_count": 24, "common_count": 96}, "Ours": {"max_delay": 0.1330302629099636, "cost": 126.73333333333333, "target_value": 164.71359624329693, "running_time": 34611.94443702698, "local_count": 69, "common_count": 51}}}, "70": {"sim0": {"simulation_id": 0, "user_seed": 82618122, "Nearest": {"max_delay": 0.14901040690820155, "cost": 179.9, "target_value": 193.98540690820155, "running_time": 2.0017623901367188, "local_count": 140, "common_count": 0}, "M-Greedy": {"max_delay": 0.14742310532089997, "cost": 146.9, "target_value": 184.14810532089996, "running_time": 4206.269264221191, "n_selected_site": 12, "local_count": 68, "common_count": 72}, "M-Greedy-V2(Tx+Tp+Tq)": {"max_delay": 0.1381096196225872, "cost": 136.38571428571427, "target_value": 172.20604819401575, "running_time": 5299.421548843384, "n_selected_site": 8, "local_count": 42, "common_count": 98},