{"40": {"sim0": {"simulation_id": 0, "user_seed": 72305627, "Nearest": {"max_delay": 0.14305660451895638, "cost": 123.975, "target_value": 174.0503545189564, "running_time": 1.0013580322265625, "local_count": 80, "common_count": 0}, "M-Greedy": {"max_delay": 0.1383936333437901, "cost": 116.45, "target_value": 167.5061333437901, "running_time": 1246.9305992126465, "n_selected_site": 11, "local_count": 66, "common_count": 14}, "M-Greedy-V2(Tx+Tp+Tq)": {"max_delay": 0.13032459557288673, "cost": 94.4, "target_value": 153.92459557288672, "running_time": 1370.8124160766602, "n_selected_site": 6, "local_count": 14, "common_count": 66}, "Ours": {"max_delay": 0.12674701893055845, "cost": 93.975, "target_value": 150.24076893055846, "running_time": 8606.802463531494, "local_count": 35, "common_count": 45}}, "sim1": {"simulation_id": 1, "user_seed": 24275406, "Nearest": {"max_delay": 0.14048503004607946, "cost": 121.5, "target_value": 170.86003004607946, "running_time": 1.0001659393310547, "local_count": 80, "common_count": 0}, "M-Greedy": {"max_delay": 0.14348503004607946, "cost": 106.625, "target_value": 170.14128004607946, "running_time": 1006.7183971405029, "n_selected_site": 8, "local_count": 32, "common_count": 48}, "M-Greedy-V2(Tx+Tp+Tq)": {"max_delay": 0.13152596031465774, "cost": 96.0, "target_value": 155.52596031465774, "running_time": 1381.798505783081, "n_selected_site": 6, "local_count": 16, "common_count": 64}, "Ours": {"max_delay": 0.12926855747239924, "cost": 92.225, "target_value": 152.32480747239924, "running_time": 17421.31495475769, "local_count": 37, "common_count": 43}}, "sim2": {"simulation_id": 2, "user_seed": 16941265, "Nearest": {"max_delay": 0.14930045592248803, "cost": 110.55, "target_value": 176.93795592248802, "running_time": 2.001523971557617, "local_count": 80, "common_count": 0}, "M-Greedy": {"max_delay": 0.1365837308891601, "cost": 97.275, "target_value": 160.90248088916007, "running_time": 1307.0003986358643, "n_selected_site": 11, "local_count": 50, "common_count": 30}, "M-Greedy-V2(Tx+Tp+Tq)": {"max_delay": 0.1365837308891601, "cost": 101.2, "target_value": 161.8837308891601, "running_time": 1802.2739887237549, "n_selected_site": 8, "local_count": 10, "common_count": 70}, "Ours": {"max_delay": 0.13267305491595116, "cost": 89.9, "target_value": 155.14805491595115, "running_time": 17756.404638290405, "local_count": 47, "common_count": 33}}}, "50": {"sim0": {"simulation_id": 0, "user_seed": 90850663, "Nearest": {"max_delay": 0.1488408406765807, "cost": 138.54, "target_value": 183.4758406765807, "running_time": 1.0006427764892578, "local_count": 100, "common_count": 0}, "M-Greedy": {"max_delay": 0.13907342289756316, "cost": 111.68, "target_value": 166.99342289756316, "running_time": 1927.297830581665, "n_selected_site": 10, "local_count": 40, "common_count": 60}, "M-Greedy-V2(Tx+Tp+Tq)": {"max_delay": 0.13657030981172769, "cost": 115.44, "target_value": 165.43030981172768, "running_time": 3088.1214141845703, "n_selected_site": 9, "local_count": 20, "common_count": 80}, "Ours": {"max_delay": 0.13261383579247002, "cost": 106.22, "target_value": 159.16883579247002, "running_time": 26870.59450149536, "local_count": 54, "common_count": 46}}, "sim1": {"simulation_id": 1, "user_seed": 6465390, "Nearest": {"max_delay": 0.14551640279519185, "cost": 136.74, "target_value": 179.70140279519185, "running_time": 2.0017623901367188, "local_count": 100, "common_count": 0}, "M-Greedy": {"max_delay": 0.14377221674868024, "cost": 123.14, "target_value": 174.55721674868025, "running_time": 2439.9938583374023, "n_selected_site": 14, "local_count": 70, "common_count": 30}, "M-Greedy-V2(Tx+Tp+Tq)": {"max_delay": 0.13455714948270386, "cost": 113.52, "target_value": 162.93714948270386, "running_time": 2860.107183456421, "n_selected_site": 8, "local_count": 22, "common_count": 78}, "Ours": {"max_delay": 0.13051736339042921, "cost": 108.86, "target_value": 157.7323633904292, "running_time": 26744.74263191223, "local_count": 48, "common_count": 52}}, "sim2": {"simulation_id": 2, "user_seed": 30283181, "Nearest": {"max_delay": 0.14786810365035274, "cost": 139.38, "target_value": 182.71310365035274, "running_time": 2.0012855529785156, "local_count": 100, "common_count": 0}, "M-Greedy": {"max_delay": 0.13757949334526237, "cost": 119.5, "target_value": 167.45449334526236, "running_time": 2051.0692596435547, "n_selected_site": 11, "local_count": 52, "common_count": 48}, "M-Greedy-V2(Tx+Tp+Tq)": {"max_delay": 0.13757949334526237, "cost": 114.6, "target_value": 166.22949334526237, "running_time": 2784.400701522827, "n_selected_site": 8, "local_count": 24, "common_count": 76}, "Ours": {"max_delay": 0.13358120586721448, "cost": 106.36, "target_value": 160.17120586721447, "running_time": 26823.909044265747, "local_count": 49, "common_count": 51}}}, "60": {"sim0": {"simulation_id": 0, "user_seed": 81684697, "Nearest": {"max_delay": 0.15161261526139846, "cost": 149.76666666666668, "target_value": 189.05428192806514, "running_time": 2.0020008087158203, "local_count": 120, "common_count": 0}, "M-Greedy": {"max_delay": 0.1376439569390162, "cost": 125.23333333333333, "target_value": 168.95229027234956, "running_time": 2746.9406127929688, "n_selected_site": 10, "local_count": 58, "common_count": 62}, "M-Greedy-V2(Tx+Tp+Tq)": {"max_delay": 0.1376439569390162, "cost": 128.53333333333333, "target_value": 169.77729027234955, "running_time": 3302.2871017456055, "n_selected_site": 6, "local_count": 22, "common_count": 98}, "Ours": {"max_delay": 0.13399284921284468, "cost": 118.11666666666666, "target_value": 163.52201587951134, "running_time": 35973.59776496887, "local_count": 68, "common_count": 52}}, "sim1": {"simulation_id": 1, "user_seed": 82005945, "Nearest": {"max_delay": 0.1524770946593868, "cost": 150.85, "target_value": 190.1895946593868, "running_time": 2.0020008087158203, "local_count": 120, "common_count": 0}, "M-Greedy": {"max_delay": 0.13927790347458244, "cost": 130.41666666666666, "target_value": 171.8820701412491, "running_time": 2755.0177574157715, "n_selected_site": 10, "local_count": 50, "common_count": 70}, "M-Greedy-V2(Tx+Tp+Tq)": {"max_delay": 0.13783693681103076, "cost": 134.03333333333333, "target_value": 171.3452701443641, "running_time": 3650.5675315856934, "n_selected_site": 7, "local_count": 22, "common_count": 98}, "Ours": {"max_delay": 0.13265814904049428, "cost": 117.75, "target_value": 162.09564904049427, "running_time": 35532.196044921875, "local_count": 75, "common_count": 45}}, "sim2": {"simulation_id": 2, "user_seed": 15876104, "Nearest": {"max_delay": 0.14343859756400712, "cost": 150.06666666666666, "target_value": 180.95526423067378, "running_time": 2.001523971557617, "local_count": 120, "common_count": 0}, "M-Greedy": {"max_delay": 0.14943859756400713, "cost": 135.81666666666666, "target_value": 183.39276423067378, "running_time": 2683.800458908081, "n_selected_site": 10, "local_count": 54, "common_count": 66}, "M-Greedy-V2(Tx+Tp+Tq)": {"max_delay": 0.13697792816523946, "cost": 132.58333333333334, "target_value": 170.1237614985728, "running_time": 3270.4756259918213, "n_selected_site": 6, "local_count": 24, "common_count": 96}, "Ours": {"max_delay": 0.13234197621969612, "cost": 123.91666666666667, "target_value": 163.3211428863628, "running_time": 29396.469593048096, "local_count": 72, "common_count": 48}}}, "70": {"sim0": {"simulation_id": 0, "user_seed": 10097987, "Nearest": {"max_delay": 0.14609610650358548, "cost": 181.95714285714286, "target_value": 191.58539221787117, "running_time": 3.0031204223632812, "local_count": 140, "common_count": 0}, "M-Greedy": {"max_delay": 0.14609610650358548, "cost": 162.27142857142857, "target_value": 186.66396364644262, "running_time": 5018.747806549072, "n_selected_site": 15, "local_count": 96, "common_count": 44}, "M-Greedy-V2(Tx+Tp+Tq)": {"max_delay": 0.13710068795641567, "cost": 150.38571428571427, "target_value": 174.69711652784423, "running_time": 4844.513893127441, "n_selected_site": 7,