{"40": {"sim0": {"simulation_id": 0, "user_seed": 13693461, "Nearest": {"max_delay": 0.14063837453384045, "cost": 119.3, "target_value": 170.46337453384044, "running_time": 2.0024776458740234, "local_count": 80, "common_count": 0}, "M-Greedy": {"max_delay": 0.2301500890959755, "cost": 102.5, "target_value": 255.77508909597552, "running_time": 243.93773078918457, "n_selected_site": 1, "local_count": 80, "common_count": 0}, "M-Greedy-V2(Tx+Tp+Tq)": {"max_delay": 0.2301500890959755, "cost": 102.5, "target_value": 255.77508909597552, "running_time": 436.8720054626465, "n_selected_site": 1, "local_count": 80, "common_count": 0}, "Ours": {"max_delay": 0.12961628003774622, "cost": 94.925, "target_value": 153.34753003774622, "running_time": 16863.10124397278, "local_count": 37, "common_count": 43}}, "sim1": {"simulation_id": 1, "user_seed": 28179748, "Nearest": {"max_delay": 0.1450813416298128, "cost": 121.15, "target_value": 175.36884162981278, "running_time": 1.0006427764892578, "local_count": 80, "common_count": 0}, "M-Greedy": {"max_delay": 0.23419157950083525, "cost": 90.25, "target_value": 256.75407950083525, "running_time": 254.99486923217773, "n_selected_site": 1, "local_count": 80, "common_count": 0}, "M-Greedy-V2(Tx+Tp+Tq)": {"max_delay": 0.23419157950083525, "cost": 90.25, "target_value": 256.75407950083525, "running_time": 455.37686347961426, "n_selected_site": 1, "local_count": 80, "common_count": 0}, "Ours": {"max_delay": 0.13278337292187609, "cost": 94.225, "target_value": 156.3396229218761, "running_time": 5888.536214828491, "local_count": 48, "common_count": 32}}, "sim2": {"simulation_id": 2, "user_seed": 25222222, "Nearest": {"max_delay": 0.14669416333358276, "cost": 130.4, "target_value": 179.29416333358276, "running_time": 1.0001659393310547, "local_count": 80, "common_count": 0}, "M-Greedy": {"max_delay": 0.13769416333358278, "cost": 114.95, "target_value": 166.4316633335828, "running_time": 1293.8313484191895, "n_selected_site": 11, "local_count": 30, "common_count": 50}, "M-Greedy-V2(Tx+Tp+Tq)": {"max_delay": 0.13563586308839934, "cost": 110.1, "target_value": 163.16086308839934, "running_time": 1615.544080734253, "n_selected_site": 7, "local_count": 10, "common_count": 70}, "Ours": {"max_delay": 0.1326676626256838, "cost": 99.5, "target_value": 157.5426626256838, "running_time": 17514.3883228302, "local_count": 27, "common_count": 53}}}, "50": {"sim0": {"simulation_id": 0, "user_seed": 62585225, "Nearest": {"max_delay": 0.13977221674868023, "cost": 139.42, "target_value": 174.6272167486802, "running_time": 2.001523971557617, "local_count": 100, "common_count": 0}, "M-Greedy": {"max_delay": 0.2331312666825613, "cost": 113.0, "target_value": 261.3812666825613, "running_time": 389.32180404663086, "n_selected_site": 1, "local_count": 100, "common_count": 0}, "M-Greedy-V2(Tx+Tp+Tq)": {"max_delay": 0.13454529177519398, "cost": 113.86, "target_value": 163.010291775194, "running_time": 2469.0630435943604, "n_selected_site": 7, "local_count": 22, "common_count": 78}, "Ours": {"max_delay": 0.13055671064476382, "cost": 104.98, "target_value": 156.80171064476383, "running_time": 25659.401178359985, "local_count": 52, "common_count": 48}}, "sim1": {"simulation_id": 1, "user_seed": 80421142, "Nearest": {"max_delay": 0.1437569830088587, "cost": 135.26, "target_value": 177.5719830088587, "running_time": 2.0012855529785156, "local_count": 100, "common_count": 0}, "M-Greedy": {"max_delay": 0.1497569830088587, "cost": 119.88, "target_value": 179.7269830088587, "running_time": 2032.0119857788086, "n_selected_site": 11, "local_count": 42, "common_count": 58}, "M-Greedy-V2(Tx+Tp+Tq)": {"max_delay": 0.13724732638048448, "cost": 114.08, "target_value": 165.7673263804845, "running_time": 2762.4270915985107, "n_selected_site": 8, "local_count": 22, "common_count": 78}, "Ours": {"max_delay": 0.13298066062464675, "cost": 103.98, "target_value": 158.97566062464676, "running_time": 25127.469062805176, "local_count": 50, "common_count": 50}}, "sim2": {"simulation_id": 2, "user_seed": 69143770, "Nearest": {"max_delay": 0.14917052029030223, "cost": 133.02, "target_value": 182.42552029030222, "running_time": 2.0017623901367188, "local_count": 100, "common_count": 0}, "M-Greedy": {"max_delay": 0.13709265888529149, "cost": 111.14, "target_value": 164.87765888529148, "running_time": 2059.702157974243, "n_selected_site": 11, "local_count": 32, "common_count": 68}, "M-Greedy-V2(Tx+Tp+Tq)": {"max_delay": 0.1366988726387895, "cost": 116.36, "target_value": 165.78887263878948, "running_time": 3038.0303859710693, "n_selected_site": 9, "local_count": 16, "common_count": 84}, "Ours": {"max_delay": 0.1344524021543718, "cost": 103.56, "target_value": 160.34240215437177, "running_time": 25316.624402999878, "local_count": 53, "common_count": 47}}}, "60": {"sim0": {"simulation_id": 0, "user_seed": 98917522, "Nearest": {"max_delay": 0.14928661846891061, "cost": 162.78333333333333, "target_value": 189.98245180224393, "running_time": 2.002239227294922, "local_count": 120, "common_count": 0}, "M-Greedy": {"max_delay": 0.13869931688160902, "cost": 134.21666666666667, "target_value": 172.2534835482757, "running_time": 3132.9469680786133, "n_selected_site": 12, "local_count": 60, "common_count": 60}, "M-Greedy-V2(Tx+Tp+Tq)": {"max_delay": 0.13464646062055458, "cost": 130.98333333333332, "target_value": 167.3922939538879, "running_time": 4307.1489334106445, "n_selected_site": 9, "local_count": 30, "common_count": 90}, "Ours": {"max_delay": 0.13208197438458538, "cost": 116.8, "target_value": 161.28197438458537, "running_time": 34186.37204170227, "local_count": 64, "common_count": 56}}, "sim1": {"simulation_id": 1, "user_seed": 24337364, "Nearest": {"max_delay": 0.15308408842428672, "cost": 161.0, "target_value": 193.33408842428673, "running_time": 2.0017623901367188, "local_count": 120, "common_count": 0}, "M-Greedy": {"max_delay": 0.1374423115685806, "cost": 128.38333333333333, "target_value": 169.53814490191394, "running_time": 2785.740375518799, "n_selected_site": 10, "local_count": 62, "common_count": 58}, "M-Greedy-V2(Tx+Tp+Tq)": {"max_delay": 0.1374423115685806, "cost": 132.18333333333334, "target_value": 170.48814490191393, "running_time": 3571.47479057312, "n_selected_site": 7, "local_count": 34, "common_count": 86}, "Ours": {"max_delay": 0.1347782726439992, "cost": 120.53333333333333, "target_value": 164.91160597733253, "running_time": 8160.324573516846, "local_count": 65, "common_count": 55}}, "sim2": {"simulation_id": 2, "user_seed": 74206398, "Nearest": {"max_delay": 0.15168064634608927, "cost": 151.5, "target_value": 189.55564634608928, "running_time": 2.002239227294922, "local_count": 120, "common_count": 0}, "M-Greedy": {"max_delay": 0.13815185910348196, "cost": 131.63333333333333, "target_value": 171.0601924368153, "running_time": 2732.4838638305664, "n_selected_site": 10, "local_count": 38, "common_count": 82}, "M-Greedy-V2(Tx+Tp+Tq)": {"max_delay": 0.13715035489475907, "cost": 135.2, "target_value": 170.95035489475907, "running_time": 3579.6523094177246, "n_selected_site": 7, "local_count": 26, "common_count": 94}, "Ours": {"max_delay": 0.13260935557989612, "cost": 117.4, "target_value": 161.9593555798961, "running_time": 32336.59315109253, "local_count": 73, "common_count": 47}}}, "70": {"sim0": {"simulation_id": 0, "user_seed": 70825814, "Nearest": {"max_delay": 0.14857005220867214, "cost": 176.54285714285714, "target_value": 192.7057664943864, "running_time": 2.0020008087158203, "local_count": 140, "common_count": 0}, "M-Greedy": {"max_delay": 0.14011077054248025, "cost": 132.27142857142857, "target_value": 173.1786276853374, "running_time": 3615.4303550720215, "n_selected_site": 10, "local_count": 58, "common_count": 82}, "M-Greedy-V2(Tx+Tp+Tq)": {"max_delay": 0.13668007868369747, "cost": 134.55714285714285, "target_value": 170.31936439798318, "running_time": 4788.657426834106, "n_selected_site": 7, "local_count": 32, "common_count": 108},