{"40": {"sim0": {"simulation_id": 0, "user_seed": 88552287, "Nearest": {"max_delay": 0.14398148471244954, "cost": 125.075, "target_value": 175.25023471244955, "running_time": 2.002239227294922, "local_count": 80, "common_count": 0}, "M-Greedy": {"max_delay": 0.23257261795623502, "cost": 101.75, "target_value": 258.01011795623504, "running_time": 234.1940402984619, "n_selected_site": 1, "local_count": 80, "common_count": 0}, "M-Greedy-V2(Tx+Tp+Tq)": {"max_delay": 0.13276501213876932, "cost": 97.575, "target_value": 157.15876213876933, "running_time": 1831.6473960876465, "n_selected_site": 9, "local_count": 30, "common_count": 50}, "Ours": {"max_delay": 0.13276501213876932, "cost": 94.9, "target_value": 156.49001213876932, "running_time": 16513.978719711304, "local_count": 42, "common_count": 38}}, "sim1": {"simulation_id": 1, "user_seed": 28265653, "Nearest": {"max_delay": 0.14254525968679913, "cost": 115.225, "target_value": 171.35150968679912, "running_time": 1.0006427764892578, "local_count": 80, "common_count": 0}, "M-Greedy": {"max_delay": 0.23472074071136062, "cost": 91.25, "target_value": 257.53324071136063, "running_time": 240.19861221313477, "n_selected_site": 1, "local_count": 80, "common_count": 0}, "M-Greedy-V2(Tx+Tp+Tq)": {"max_delay": 0.13753455140140342, "cost": 96.2, "target_value": 161.58455140140342, "running_time": 2048.004150390625, "n_selected_site": 10, "local_count": 30, "common_count": 50}, "Ours": {"max_delay": 0.13296822851627915, "cost": 95.4, "target_value": 156.81822851627913, "running_time": 17380.468130111694, "local_count": 45, "common_count": 35}}, "sim2": {"simulation_id": 2, "user_seed": 9337871, "Nearest": {"max_delay": 0.14755200937153085, "cost": 117.325, "target_value": 176.88325937153087, "running_time": 2.0012855529785156, "local_count": 80, "common_count": 0}, "M-Greedy": {"max_delay": 0.14755200937153085, "cost": 105.8, "target_value": 174.00200937153085, "running_time": 1566.685438156128, "n_selected_site": 14, "local_count": 52, "common_count": 28}, "M-Greedy-V2(Tx+Tp+Tq)": {"max_delay": 0.13617929888582198, "cost": 97.85, "target_value": 160.64179888582197, "running_time": 1800.5468845367432, "n_selected_site": 8, "local_count": 18, "common_count": 62}, "Ours": {"max_delay": 0.13302174054955368, "cost": 94.7, "target_value": 156.69674054955368, "running_time": 17237.3468875885, "local_count": 47, "common_count": 33}}}, "50": {"sim0": {"simulation_id": 0, "user_seed": 21149227, "Nearest": {"max_delay": 0.14555405510007097, "cost": 134.84, "target_value": 179.26405510007098, "running_time": 2.0012855529785156, "local_count": 100, "common_count": 0}, "M-Greedy": {"max_delay": 0.14555405510007097, "cost": 124.12, "target_value": 176.58405510007097, "running_time": 1763.0510330200195, "n_selected_site": 9, "local_count": 32, "common_count": 68}, "M-Greedy-V2(Tx+Tp+Tq)": {"max_delay": 0.13399058297931726, "cost": 114.46, "target_value": 162.60558297931726, "running_time": 2234.990119934082, "n_selected_site": 6, "local_count": 12, "common_count": 88}, "Ours": {"max_delay": 0.13035588198910886, "cost": 105.98, "target_value": 156.85088198910887, "running_time": 24880.11074066162, "local_count": 40, "common_count": 60}}, "sim1": {"simulation_id": 1, "user_seed": 85231647, "Nearest": {"max_delay": 0.13964435758569782, "cost": 152.8, "target_value": 177.84435758569782, "running_time": 2.001523971557617, "local_count": 100, "common_count": 0}, "M-Greedy": {"max_delay": 0.13964435758569782, "cost": 128.58, "target_value": 171.78935758569784, "running_time": 1565.8652782440186, "n_selected_site": 8, "local_count": 34, "common_count": 66}, "M-Greedy-V2(Tx+Tp+Tq)": {"max_delay": 0.13214512160987185, "cost": 113.8, "target_value": 160.59512160987185, "running_time": 2202.883005142212, "n_selected_site": 6, "local_count": 10, "common_count": 90}, "Ours": {"max_delay": 0.12922710385783848, "cost": 112.08, "target_value": 157.24710385783848, "running_time": 25441.078186035156, "local_count": 34, "common_count": 66}}, "sim2": {"simulation_id": 2, "user_seed": 10819313, "Nearest": {"max_delay": 0.14525178925632964, "cost": 144.26, "target_value": 181.31678925632963, "running_time": 2.001523971557617, "local_count": 100, "common_count": 0}, "M-Greedy": {"max_delay": 0.23198047661031296, "cost": 113.8, "target_value": 260.43047661031295, "running_time": 391.3233280181885, "n_selected_site": 1, "local_count": 100, "common_count": 0}, "M-Greedy-V2(Tx+Tp+Tq)": {"max_delay": 0.23198047661031296, "cost": 113.8, "target_value": 260.43047661031295, "running_time": 700.5794048309326, "n_selected_site": 1, "local_count": 100, "common_count": 0}, "Ours": {"max_delay": 0.13229167196959704, "cost": 110.68, "target_value": 159.96167196959703, "running_time": 25607.86485671997, "local_count": 49, "common_count": 51}}}, "60": {"sim0": {"simulation_id": 0, "user_seed": 43814494, "Nearest": {"max_delay": 0.1424438354862939, "cost": 149.85, "target_value": 179.90633548629393, "running_time": 3.002643585205078, "local_count": 120, "common_count": 0}, "M-Greedy": {"max_delay": 0.1348067264709202, "cost": 130.66666666666666, "target_value": 167.47339313758687, "running_time": 2680.000066757202, "n_selected_site": 10, "local_count": 48, "common_count": 72}, "M-Greedy-V2(Tx+Tp+Tq)": {"max_delay": 0.13344286119764567, "cost": 133.91666666666666, "target_value": 166.92202786431233, "running_time": 3612.8134727478027, "n_selected_site": 7, "local_count": 22, "common_count": 98}, "Ours": {"max_delay": 0.13001006539342908, "cost": 125.96666666666667, "target_value": 161.50173206009575, "running_time": 30449.666023254395, "local_count": 67, "common_count": 53}}, "sim1": {"simulation_id": 1, "user_seed": 17177214, "Nearest": {"max_delay": 0.15002341301239977, "cost": 144.51666666666668, "target_value": 186.15257967906643, "running_time": 2.0017623901367188, "local_count": 120, "common_count": 0}, "M-Greedy": {"max_delay": 0.13672838274085675, "cost": 121.95, "target_value": 167.21588274085676, "running_time": 3169.123411178589, "n_selected_site": 12, "local_count": 60, "common_count": 60}, "M-Greedy-V2(Tx+Tp+Tq)": {"max_delay": 0.1347207142175565, "cost": 116.05, "target_value": 163.73321421755648, "running_time": 4297.89662361145, "n_selected_site": 9, "local_count": 12, "common_count": 108}, "Ours": {"max_delay": 0.13018356475282788, "cost": 112.08333333333333, "target_value": 158.20439808616123, "running_time": 33694.88286972046, "local_count": 68, "common_count": 52}}, "sim2": {"simulation_id": 2, "user_seed": 91710530, "Nearest": {"max_delay": 0.14710710562648566, "cost": 165.75, "target_value": 188.54460562648566, "running_time": 2.0017623901367188, "local_count": 120, "common_count": 0}, "M-Greedy": {"max_delay": 0.13663732216656208, "cost": 143.51666666666668, "target_value": 172.51648883322875, "running_time": 2874.1390705108643, "n_selected_site": 11, "local_count": 78, "common_count": 42}, "M-Greedy-V2(Tx+Tp+Tq)": {"max_delay": 0.13419705012664696, "cost": 130.63333333333333, "target_value": 166.8553834599803, "running_time": 3178.6253452301025, "n_selected_site": 6, "local_count": 20, "common_count": 100}, "Ours": {"max_delay": 0.13272836213886327, "cost": 120.66666666666667, "target_value": 162.89502880552993, "running_time": 34451.25126838684, "local_count": 55, "common_count": 65}}}, "70": {"sim0": {"simulation_id": 0, "user_seed": 9190741, "Nearest": {"max_delay": 0.15098640222066495, "cost": 168.6, "target_value": 193.13640222066496, "running_time": 3.0024051666259766, "local_count": 140, "common_count": 0}, "M-Greedy": {"max_delay": 0.13829630813958754, "cost": 132.47142857142856, "target_value": 171.41416528244469, "running_time": 3876.234531402588, "n_selected_site": 11, "local_count": 62, "common_count": 78}, "M-Greedy-V2(Tx+Tp+Tq)": {"max_delay": 0.13533843838573337, "cost": 137.24285714285713, "target_value": 169.64915267144764, "running_time": 4843.029022216797, "n_selected_site": 7, "local_count": 24, "common_count": 116},