{"40": {"sim0": {"simulation_id": 0, "user_seed": 27253618, "Nearest": {"max_delay": 0.14496349076529813, "cost": 113.475, "target_value": 173.33224076529814, "running_time": 1.0006427764892578, "local_count": 80, "common_count": 0}, "M-Greedy": {"max_delay": 0.1383481407287661, "cost": 100.95, "target_value": 163.58564072876612, "running_time": 1405.9646129608154, "n_selected_site": 12, "local_count": 32, "common_count": 48}, "M-Greedy-V2(Tx+Tp+Tq)": {"max_delay": 0.1333131026938686, "cost": 98.725, "target_value": 157.9943526938686, "running_time": 2000.4141330718994, "n_selected_site": 9, "local_count": 12, "common_count": 68}, "Ours": {"max_delay": 0.12957011860955048, "cost": 94.55, "target_value": 153.20761860955048, "running_time": 17466.708183288574, "local_count": 41, "common_count": 39}}, "sim1": {"simulation_id": 1, "user_seed": 66806068, "Nearest": {"max_delay": 0.14484874584010288, "cost": 116.45, "target_value": 173.9612458401029, "running_time": 2.001523971557617, "local_count": 80, "common_count": 0}, "M-Greedy": {"max_delay": 0.23380560409108297, "cost": 91.25, "target_value": 256.61810409108296, "running_time": 256.2119960784912, "n_selected_site": 1, "local_count": 80, "common_count": 0}, "M-Greedy-V2(Tx+Tp+Tq)": {"max_delay": 0.13360648503421033, "cost": 95.475, "target_value": 157.47523503421033, "running_time": 2142.0578956604004, "n_selected_site": 10, "local_count": 24, "common_count": 56}, "Ours": {"max_delay": 0.1298460823651074, "cost": 93.775, "target_value": 153.28983236510737, "running_time": 17711.103200912476, "local_count": 30, "common_count": 50}}, "sim2": {"simulation_id": 2, "user_seed": 23733181, "Nearest": {"max_delay": 0.13746724155964474, "cost": 122.275, "target_value": 168.03599155964474, "running_time": 1.0004043579101562, "local_count": 80, "common_count": 0}, "M-Greedy": {"max_delay": 0.13600332577370725, "cost": 103.1, "target_value": 161.77832577370725, "running_time": 1418.9534187316895, "n_selected_site": 12, "local_count": 34, "common_count": 46}, "M-Greedy-V2(Tx+Tp+Tq)": {"max_delay": 0.13341284302787607, "cost": 97.8, "target_value": 157.86284302787607, "running_time": 2108.173131942749, "n_selected_site": 10, "local_count": 18, "common_count": 62}, "Ours": {"max_delay": 0.13045767567050054, "cost": 94.9, "target_value": 154.18267567050054, "running_time": 18024.662017822266, "local_count": 34, "common_count": 46}}}, "50": {"sim0": {"simulation_id": 0, "user_seed": 24202491, "Nearest": {"max_delay": 0.1496423836467331, "cost": 136.9, "target_value": 183.8673836467331, "running_time": 2.0020008087158203, "local_count": 100, "common_count": 0}, "M-Greedy": {"max_delay": 0.23261734575269677, "cost": 112.6, "target_value": 260.76734575269677, "running_time": 406.3405990600586, "n_selected_site": 1, "local_count": 100, "common_count": 0}, "M-Greedy-V2(Tx+Tp+Tq)": {"max_delay": 0.23261734575269677, "cost": 112.6, "target_value": 260.76734575269677, "running_time": 723.1817245483398, "n_selected_site": 1, "local_count": 100, "common_count": 0}, "Ours": {"max_delay": 0.13029151285543528, "cost": 109.04, "target_value": 157.55151285543528, "running_time": 3097.559928894043, "local_count": 49, "common_count": 51}}, "sim1": {"simulation_id": 1, "user_seed": 32045868, "Nearest": {"max_delay": 0.14691129839723976, "cost": 142.8, "target_value": 182.61129839723975, "running_time": 1.0006427764892578, "local_count": 100, "common_count": 0}, "M-Greedy": {"max_delay": 0.13674584229348308, "cost": 114.2, "target_value": 165.29584229348308, "running_time": 2251.619815826416, "n_selected_site": 12, "local_count": 42, "common_count": 58}, "M-Greedy-V2(Tx+Tp+Tq)": {"max_delay": 0.13674584229348308, "cost": 114.48, "target_value": 165.36584229348307, "running_time": 2784.377098083496, "n_selected_site": 8, "local_count": 18, "common_count": 82}, "Ours": {"max_delay": 0.13064694447015884, "cost": 109.04, "target_value": 157.90694447015883, "running_time": 26051.39207839966, "local_count": 50, "common_count": 50}}, "sim2": {"simulation_id": 2, "user_seed": 38981289, "Nearest": {"max_delay": 0.14861989583686114, "cost": 132.4, "target_value": 181.71989583686113, "running_time": 2.001523971557617, "local_count": 100, "common_count": 0}, "M-Greedy": {"max_delay": 0.23518245215223155, "cost": 101.0, "target_value": 260.4324521522316, "running_time": 400.91848373413086, "n_selected_site": 1, "local_count": 100, "common_count": 0}, "M-Greedy-V2(Tx+Tp+Tq)": {"max_delay": 0.13699426901046727, "cost": 113.2, "target_value": 165.29426901046727, "running_time": 2835.756540298462, "n_selected_site": 8, "local_count": 30, "common_count": 70}, "Ours": {"max_delay": 0.13318150262210782, "cost": 105.06, "target_value": 159.4465026221078, "running_time": 13227.821111679077, "local_count": 52, "common_count": 48}}}, "60": {"sim0": {"simulation_id": 0, "user_seed": 10157138, "Nearest": {"max_delay": 0.14525863896837304, "cost": 166.51666666666668, "target_value": 186.8878056350397, "running_time": 3.002643585205078, "local_count": 120, "common_count": 0}, "M-Greedy": {"max_delay": 0.15012420901942236, "cost": 139.08333333333334, "target_value": 184.8950423527557, "running_time": 2710.1807594299316, "n_selected_site": 10, "local_count": 60, "common_count": 60}, "M-Greedy-V2(Tx+Tp+Tq)": {"max_delay": 0.13648593427454223, "cost": 135.51666666666668, "target_value": 170.36510094120888, "running_time": 5569.284915924072, "n_selected_site": 12, "local_count": 22, "common_count": 98}, "Ours": {"max_delay": 0.13339397971162967, "cost": 125.41666666666667, "target_value": 164.74814637829633, "running_time": 35048.52509498596, "local_count": 66, "common_count": 54}}, "sim1": {"simulation_id": 1, "user_seed": 36830447, "Nearest": {"max_delay": 0.1483765374134226, "cost": 145.2, "target_value": 184.67653741342258, "running_time": 2.0017623901367188, "local_count": 120, "common_count": 0}, "M-Greedy": {"max_delay": 0.13738296286182822, "cost": 116.16666666666667, "target_value": 166.42462952849488, "running_time": 2854.85577583313, "n_selected_site": 11, "local_count": 56, "common_count": 64}, "M-Greedy-V2(Tx+Tp+Tq)": {"max_delay": 0.13738296286182822, "cost": 116.58333333333333, "target_value": 166.52879619516156, "running_time": 4370.805501937866, "n_selected_site": 9, "local_count": 16, "common_count": 104}, "Ours": {"max_delay": 0.1323765883978912, "cost": 111.86666666666666, "target_value": 160.34325506455787, "running_time": 34613.1911277771, "local_count": 60, "common_count": 60}}, "sim2": {"simulation_id": 2, "user_seed": 6810102, "Nearest": {"max_delay": 0.1406106509601156, "cost": 161.86666666666667, "target_value": 181.07731762678227, "running_time": 2.001523971557617, "local_count": 120, "common_count": 0}, "M-Greedy": {"max_delay": 0.1436106509601156, "cost": 148.23333333333332, "target_value": 180.66898429344894, "running_time": 2497.3695278167725, "n_selected_site": 9, "local_count": 62, "common_count": 58}, "M-Greedy-V2(Tx+Tp+Tq)": {"max_delay": 0.1322306418579131, "cost": 134.11666666666667, "target_value": 165.75980852457977, "running_time": 3221.1735248565674, "n_selected_site": 6, "local_count": 10, "common_count": 110}, "Ours": {"max_delay": 0.12831560572432815, "cost": 121.2, "target_value": 158.61560572432816, "running_time": 35033.05506706238, "local_count": 68, "common_count": 52}}}, "70": {"sim0": {"simulation_id": 0, "user_seed": 26680263, "Nearest": {"max_delay": 0.1499067113588362, "cost": 158.17142857142858, "target_value": 189.44956850169336, "running_time": 3.002166748046875, "local_count": 140, "common_count": 0}, "M-Greedy": {"max_delay": 0.13983344961329833, "cost": 134.2, "target_value": 173.3834496132983, "running_time": 3731.48775100708, "n_selected_site": 10, "local_count": 34, "common_count": 106}, "M-Greedy-V2(Tx+Tp+Tq)": {"max_delay": 0.13938696369376344, "cost": 137.9857142857143, "target_value": 173.88339226519201, "running_time": 4410.810232162476, "n_selected_site": 6, "local_count": 28,