{"40": {"sim0": {"simulation_id": 0, "user_seed": 89701004, "Nearest": {"max_delay": 0.13407835653144012, "cost": 108.75, "target_value": 161.26585653144014, "running_time": 1.001596450805664, "local_count": 80, "common_count": 0}, "M-Greedy": {"max_delay": 0.13707835653144013, "cost": 98.05, "target_value": 161.59085653144012, "running_time": 1094.1307544708252, "n_selected_site": 9, "local_count": 26, "common_count": 54}, "M-Greedy-V2(Tx+Tp+Tq)": {"max_delay": 0.12979441371843065, "cost": 96.5, "target_value": 153.91941371843063, "running_time": 1759.4308853149414, "n_selected_site": 8, "local_count": 8, "common_count": 72}, "Ours": {"max_delay": 0.12546509402976758, "cost": 92.925, "target_value": 148.69634402976757, "running_time": 17276.057958602905, "local_count": 34, "common_count": 46}}, "sim1": {"simulation_id": 1, "user_seed": 17113577, "Nearest": {"max_delay": 0.1378934182267564, "cost": 113.65, "target_value": 166.3059182267564, "running_time": 2.001523971557617, "local_count": 80, "common_count": 0}, "M-Greedy": {"max_delay": 0.14089341822675638, "cost": 103.925, "target_value": 166.87466822675637, "running_time": 1141.181230545044, "n_selected_site": 9, "local_count": 34, "common_count": 46}, "M-Greedy-V2(Tx+Tp+Tq)": {"max_delay": 0.13266745229850901, "cost": 95.775, "target_value": 156.611202298509, "running_time": 1465.785026550293, "n_selected_site": 6, "local_count": 8, "common_count": 72}, "Ours": {"max_delay": 0.12885435871914233, "cost": 91.975, "target_value": 151.84810871914235, "running_time": 17770.790338516235, "local_count": 40, "common_count": 40}}, "sim2": {"simulation_id": 2, "user_seed": 88593297, "Nearest": {"max_delay": 0.14425248099810062, "cost": 112.775, "target_value": 172.44623099810062, "running_time": 1.0006427764892578, "local_count": 80, "common_count": 0}, "M-Greedy": {"max_delay": 0.14425248099810062, "cost": 96.625, "target_value": 168.40873099810062, "running_time": 1214.087724685669, "n_selected_site": 10, "local_count": 26, "common_count": 54}, "M-Greedy-V2(Tx+Tp+Tq)": {"max_delay": 0.13646647102984338, "cost": 93.5, "target_value": 159.84147102984338, "running_time": 1948.2018947601318, "n_selected_site": 9, "local_count": 12, "common_count": 68}, "Ours": {"max_delay": 0.13047090425536462, "cost": 90.6, "target_value": 153.12090425536462, "running_time": 18079.70428466797, "local_count": 43, "common_count": 37}}}, "50": {"sim0": {"simulation_id": 0, "user_seed": 95813023, "Nearest": {"max_delay": 0.14876808809588282, "cost": 143.4, "target_value": 184.61808809588283, "running_time": 1.001596450805664, "local_count": 100, "common_count": 0}, "M-Greedy": {"max_delay": 0.1352952090157681, "cost": 114.0, "target_value": 163.7952090157681, "running_time": 1846.8332290649414, "n_selected_site": 10, "local_count": 36, "common_count": 64}, "M-Greedy-V2(Tx+Tp+Tq)": {"max_delay": 0.1352952090157681, "cost": 114.52, "target_value": 163.9252090157681, "running_time": 2723.7086296081543, "n_selected_site": 8, "local_count": 22, "common_count": 78}, "Ours": {"max_delay": 0.13052868344454854, "cost": 109.84, "target_value": 157.98868344454854, "running_time": 26219.85149383545, "local_count": 52, "common_count": 48}}, "sim1": {"simulation_id": 1, "user_seed": 8699386, "Nearest": {"max_delay": 0.14844070919459904, "cost": 135.34, "target_value": 182.27570919459905, "running_time": 1.0004043579101562, "local_count": 100, "common_count": 0}, "M-Greedy": {"max_delay": 0.1381655404565815, "cost": 112.36, "target_value": 166.2555404565815, "running_time": 2014.1384601593018, "n_selected_site": 11, "local_count": 56, "common_count": 44}, "M-Greedy-V2(Tx+Tp+Tq)": {"max_delay": 0.1381655404565815, "cost": 115.2, "target_value": 166.96554045658152, "running_time": 2787.4066829681396, "n_selected_site": 8, "local_count": 24, "common_count": 76}, "Ours": {"max_delay": 0.13328036709114932, "cost": 108.58, "target_value": 160.42536709114933, "running_time": 26181.108951568604, "local_count": 57, "common_count": 43}}, "sim2": {"simulation_id": 2, "user_seed": 15829014, "Nearest": {"max_delay": 0.15148965158251781, "cost": 144.84, "target_value": 187.69965158251782, "running_time": 2.0012855529785156, "local_count": 100, "common_count": 0}, "M-Greedy": {"max_delay": 0.13631216521409711, "cost": 114.86, "target_value": 165.02716521409712, "running_time": 1957.3099613189697, "n_selected_site": 10, "local_count": 28, "common_count": 72}, "M-Greedy-V2(Tx+Tp+Tq)": {"max_delay": 0.13631216521409711, "cost": 115.16, "target_value": 165.1021652140971, "running_time": 2823.3354091644287, "n_selected_site": 8, "local_count": 18, "common_count": 82}, "Ours": {"max_delay": 0.13353920694206128, "cost": 112.28, "target_value": 161.60920694206126, "running_time": 26257.823705673218, "local_count": 48, "common_count": 52}}}, "60": {"sim0": {"simulation_id": 0, "user_seed": 48296539, "Nearest": {"max_delay": 0.1508118142925765, "cost": 160.76666666666668, "target_value": 191.00348095924318, "running_time": 2.001523971557617, "local_count": 120, "common_count": 0}, "M-Greedy": {"max_delay": 0.1508118142925765, "cost": 143.05, "target_value": 186.5743142925765, "running_time": 2875.1628398895264, "n_selected_site": 11, "local_count": 60, "common_count": 60}, "M-Greedy-V2(Tx+Tp+Tq)": {"max_delay": 0.13957359556319415, "cost": 132.98333333333332, "target_value": 172.81942889652748, "running_time": 3150.263547897339, "n_selected_site": 6, "local_count": 40, "common_count": 80}, "Ours": {"max_delay": 0.1339235996217339, "cost": 129.45, "target_value": 166.2860996217339, "running_time": 4341.698169708252, "local_count": 64, "common_count": 56}}, "sim1": {"simulation_id": 1, "user_seed": 2762302, "Nearest": {"max_delay": 0.1500615982209073, "cost": 155.05, "target_value": 188.82409822090733, "running_time": 3.002643585205078, "local_count": 120, "common_count": 0}, "M-Greedy": {"max_delay": 0.13694907597625028, "cost": 130.23333333333332, "target_value": 169.5074093095836, "running_time": 2912.0357036590576, "n_selected_site": 11, "local_count": 34, "common_count": 86}, "M-Greedy-V2(Tx+Tp+Tq)": {"max_delay": 0.13694907597625028, "cost": 131.11666666666667, "target_value": 169.72824264291694, "running_time": 3603.062629699707, "n_selected_site": 7, "local_count": 22, "common_count": 98}, "Ours": {"max_delay": 0.13212945468217238, "cost": 117.7, "target_value": 161.5544546821724, "running_time": 35244.68898773193, "local_count": 55, "common_count": 65}}, "sim2": {"simulation_id": 2, "user_seed": 85182246, "Nearest": {"max_delay": 0.14764295454316656, "cost": 160.73333333333332, "target_value": 187.8262878764999, "running_time": 2.001523971557617, "local_count": 120, "common_count": 0}, "M-Greedy": {"max_delay": 0.14589876849665495, "cost": 142.31666666666666, "target_value": 181.4779351633216, "running_time": 3345.2131748199463, "n_selected_site": 13, "local_count": 62, "common_count": 58}, "M-Greedy-V2(Tx+Tp+Tq)": {"max_delay": 0.1373117769759707, "cost": 134.01666666666668, "target_value": 170.81594364263736, "running_time": 3980.940341949463, "n_selected_site": 8, "local_count": 32, "common_count": 88}, "Ours": {"max_delay": 0.13371438177452888, "cost": 122.71666666666667, "target_value": 164.39354844119555, "running_time": 14904.298782348633, "local_count": 65, "common_count": 55}}}, "70": {"sim0": {"simulation_id": 0, "user_seed": 33010002, "Nearest": {"max_delay": 0.14992023015925765, "cost": 174.47142857142856, "target_value": 193.53808730211477, "running_time": 2.001523971557617, "local_count": 140, "common_count": 0}, "M-Greedy": {"max_delay": 0.13602822024285, "cost": 138.94285714285715, "target_value": 170.76393452856428, "running_time": 3908.048629760742, "n_selected_site": 11, "local_count": 64, "common_count": 76}, "M-Greedy-V2(Tx+Tp+Tq)": {"max_delay": 0.13667450911267914, "cost": 142.24285714285713, "target_value": 172.23522339839343, "running_time": 4861.491680145264, "n_selected_site": 7, "local_count": 24, "common_count": 116},