{"40": {"sim0": {"simulation_id": 0, "user_seed": 3152574, "Nearest": {"max_delay": 0.14404476480017395, "cost": 103.625, "target_value": 169.95101480017394, "running_time": 1.0008811950683594, "local_count": 80, "common_count": 0}, "M-Greedy": {"max_delay": 0.14404476480017395, "cost": 95.85, "target_value": 168.00726480017394, "running_time": 1412.4517440795898, "n_selected_site": 13, "local_count": 44, "common_count": 36}, "M-Greedy-V2(Tx+Tp+Tq)": {"max_delay": 0.13527750550587025, "cost": 95.225, "target_value": 159.08375550587027, "running_time": 1729.2072772979736, "n_selected_site": 8, "local_count": 14, "common_count": 66}, "Ours": {"max_delay": 0.13043613317006136, "cost": 89.75, "target_value": 152.87363317006137, "running_time": 16379.372835159302, "local_count": 48, "common_count": 32}}, "sim1": {"simulation_id": 1, "user_seed": 59802246, "Nearest": {"max_delay": 0.14122751238313902, "cost": 117.875, "target_value": 170.69626238313901, "running_time": 1.0008811950683594, "local_count": 80, "common_count": 0}, "M-Greedy": {"max_delay": 0.2342244187254528, "cost": 90.5, "target_value": 256.8494187254528, "running_time": 244.89760398864746, "n_selected_site": 1, "local_count": 80, "common_count": 0}, "M-Greedy-V2(Tx+Tp+Tq)": {"max_delay": 0.13533088344725885, "cost": 98.525, "target_value": 159.96213344725885, "running_time": 1421.0355281829834, "n_selected_site": 6, "local_count": 12, "common_count": 68}, "Ours": {"max_delay": 0.13239375274570364, "cost": 94.025, "target_value": 155.90000274570363, "running_time": 17892.167329788208, "local_count": 39, "common_count": 41}}, "sim2": {"simulation_id": 2, "user_seed": 8492718, "Nearest": {"max_delay": 0.14417445874790297, "cost": 110.075, "target_value": 171.693208747903, "running_time": 2.002716064453125, "local_count": 80, "common_count": 0}, "M-Greedy": {"max_delay": 0.13586901182371067, "cost": 96.025, "target_value": 159.87526182371067, "running_time": 1210.6945514678955, "n_selected_site": 10, "local_count": 28, "common_count": 52}, "M-Greedy-V2(Tx+Tp+Tq)": {"max_delay": 0.13586901182371067, "cost": 97.925, "target_value": 160.35026182371067, "running_time": 1964.3378257751465, "n_selected_site": 9, "local_count": 20, "common_count": 60}, "Ours": {"max_delay": 0.13112384196718427, "cost": 95.3, "target_value": 154.94884196718425, "running_time": 18518.224477767944, "local_count": 39, "common_count": 41}}}, "50": {"sim0": {"simulation_id": 0, "user_seed": 86114784, "Nearest": {"max_delay": 0.1459013916320693, "cost": 140.08, "target_value": 180.92139163206932, "running_time": 1.9707679748535156, "local_count": 100, "common_count": 0}, "M-Greedy": {"max_delay": 0.13946301585066567, "cost": 114.24, "target_value": 168.02301585066567, "running_time": 1876.4276504516602, "n_selected_site": 10, "local_count": 28, "common_count": 72}, "M-Greedy-V2(Tx+Tp+Tq)": {"max_delay": 0.13943592186374854, "cost": 121.14, "target_value": 169.72092186374854, "running_time": 2257.410764694214, "n_selected_site": 6, "local_count": 4, "common_count": 96}, "Ours": {"max_delay": 0.1326203614678531, "cost": 110.02, "target_value": 160.1253614678531, "running_time": 27192.696571350098, "local_count": 52, "common_count": 48}}, "sim1": {"simulation_id": 1, "user_seed": 40274420, "Nearest": {"max_delay": 0.1482832711726693, "cost": 138.2, "target_value": 182.8332711726693, "running_time": 2.0017623901367188, "local_count": 100, "common_count": 0}, "M-Greedy": {"max_delay": 0.1392832711726693, "cost": 118.82, "target_value": 168.98827117266933, "running_time": 2325.4895210266113, "n_selected_site": 13, "local_count": 54, "common_count": 46}, "M-Greedy-V2(Tx+Tp+Tq)": {"max_delay": 0.13534972530968142, "cost": 114.96, "target_value": 164.08972530968143, "running_time": 3107.8431606292725, "n_selected_site": 9, "local_count": 16, "common_count": 84}, "Ours": {"max_delay": 0.13187171648735502, "cost": 109.12, "target_value": 159.15171648735503, "running_time": 27207.059860229492, "local_count": 52, "common_count": 48}}, "sim2": {"simulation_id": 2, "user_seed": 73432355, "Nearest": {"max_delay": 0.14190047041499992, "cost": 129.92, "target_value": 174.3804704149999, "running_time": 2.002239227294922, "local_count": 100, "common_count": 0}, "M-Greedy": {"max_delay": 0.14190047041499992, "cost": 126.32, "target_value": 173.4804704149999, "running_time": 1785.7065200805664, "n_selected_site": 9, "local_count": 56, "common_count": 44}, "M-Greedy-V2(Tx+Tp+Tq)": {"max_delay": 0.13368891775330055, "cost": 113.48, "target_value": 162.05891775330056, "running_time": 2878.411054611206, "n_selected_site": 8, "local_count": 38, "common_count": 62}, "Ours": {"max_delay": 0.1290266602109094, "cost": 109.42, "target_value": 156.3816602109094, "running_time": 12957.499980926514, "local_count": 38, "common_count": 62}}}, "60": {"sim0": {"simulation_id": 0, "user_seed": 67062466, "Nearest": {"max_delay": 0.14923027044579595, "cost": 159.91666666666666, "target_value": 189.2094371124626, "running_time": 2.001523971557617, "local_count": 120, "common_count": 0}, "M-Greedy": {"max_delay": 0.13666615451717518, "cost": 127.73333333333333, "target_value": 168.59948785050852, "running_time": 2804.3434619903564, "n_selected_site": 10, "local_count": 56, "common_count": 64}, "M-Greedy-V2(Tx+Tp+Tq)": {"max_delay": 0.13666615451717518, "cost": 131.83333333333334, "target_value": 169.62448785050853, "running_time": 3235.9585762023926, "n_selected_site": 6, "local_count": 24, "common_count": 96}, "Ours": {"max_delay": 0.1328787654632428, "cost": 119.28333333333333, "target_value": 162.6995987965761, "running_time": 34653.942584991455, "local_count": 69, "common_count": 51}}, "sim1": {"simulation_id": 1, "user_seed": 73341908, "Nearest": {"max_delay": 0.14853188392598288, "cost": 151.65, "target_value": 186.44438392598286, "running_time": 2.001047134399414, "local_count": 120, "common_count": 0}, "M-Greedy": {"max_delay": 0.13451302518579475, "cost": 130.03333333333333, "target_value": 167.02135851912809, "running_time": 2747.3440170288086, "n_selected_site": 10, "local_count": 42, "common_count": 78}, "M-Greedy-V2(Tx+Tp+Tq)": {"max_delay": 0.13451302518579475, "cost": 132.38333333333333, "target_value": 167.6088585191281, "running_time": 3265.7675743103027, "n_selected_site": 6, "local_count": 22, "common_count": 98}, "Ours": {"max_delay": 0.1323496856032009, "cost": 119.98333333333333, "target_value": 162.34551893653423, "running_time": 34735.482692718506, "local_count": 64, "common_count": 56}}, "sim2": {"simulation_id": 2, "user_seed": 27239631, "Nearest": {"max_delay": 0.14264295454316656, "cost": 148.15, "target_value": 179.68045454316655, "running_time": 3.0012130737304688, "local_count": 120, "common_count": 0}, "M-Greedy": {"max_delay": 0.23428300589554396, "cost": 123.66666666666667, "target_value": 265.19967256221065, "running_time": 554.4581413269043, "n_selected_site": 1, "local_count": 120, "common_count": 0}, "M-Greedy-V2(Tx+Tp+Tq)": {"max_delay": 0.13064198025451831, "cost": 136.53333333333333, "target_value": 164.77531358785163, "running_time": 3561.3739490509033, "n_selected_site": 7, "local_count": 16, "common_count": 104}, "Ours": {"max_delay": 0.12671438177452887, "cost": 124.51666666666667, "target_value": 157.84354844119554, "running_time": 23418.90048980713, "local_count": 70, "common_count": 50}}}, "70": {"sim0": {"simulation_id": 0, "user_seed": 73969145, "Nearest": {"max_delay": 0.1522189501907126, "cost": 172.4, "target_value": 195.3189501907126, "running_time": 2.0020008087158203, "local_count": 140, "common_count": 0}, "M-Greedy": {"max_delay": 0.1387313648286429, "cost": 137.02857142857144, "target_value": 172.98850768578578, "running_time": 3619.2283630371094, "n_selected_site": 10, "local_count": 46, "common_count": 94}, "M-Greedy-V2(Tx+Tp+Tq)": {"max_delay": 0.1387313648286429, "cost": 137.4, "target_value": 173.0813648286429, "running_time": 5410.78519821167, "n_selected_site": 8, "local_count": 36,