{"40": {"sim0": {"simulation_id": 0, "user_seed": 93426134, "Nearest": {"max_delay": 0.1446796896357498, "cost": 111.2, "target_value": 172.4796896357498, "running_time": 1.0004043579101562, "local_count": 80, "common_count": 0}, "M-Greedy": {"max_delay": 0.23407971507033498, "cost": 91.75, "target_value": 257.01721507033494, "running_time": 238.76595497131348, "n_selected_site": 1, "local_count": 80, "common_count": 0}, "M-Greedy-V2(Tx+Tp+Tq)": {"max_delay": 0.13630193729255724, "cost": 97.25, "target_value": 160.61443729255723, "running_time": 1852.0605564117432, "n_selected_site": 9, "local_count": 18, "common_count": 62}, "Ours": {"max_delay": 0.13289082403670077, "cost": 96.525, "target_value": 157.02207403670076, "running_time": 17287.82033920288, "local_count": 34, "common_count": 46}}, "sim1": {"simulation_id": 1, "user_seed": 64717797, "Nearest": {"max_delay": 0.14194225327396987, "cost": 117.25, "target_value": 171.25475327396987, "running_time": 2.001523971557617, "local_count": 80, "common_count": 0}, "M-Greedy": {"max_delay": 0.22937451022078148, "cost": 91.75, "target_value": 252.31201022078147, "running_time": 253.21674346923828, "n_selected_site": 1, "local_count": 80, "common_count": 0}, "M-Greedy-V2(Tx+Tp+Tq)": {"max_delay": 0.22937451022078148, "cost": 91.75, "target_value": 252.31201022078147, "running_time": 451.66492462158203, "n_selected_site": 1, "local_count": 80, "common_count": 0}, "Ours": {"max_delay": 0.13246026467715344, "cost": 91.425, "target_value": 155.31651467715344, "running_time": 17613.455295562744, "local_count": 40, "common_count": 40}}, "sim2": {"simulation_id": 2, "user_seed": 97892755, "Nearest": {"max_delay": 0.1469575886984134, "cost": 119.075, "target_value": 176.72633869841343, "running_time": 2.0020008087158203, "local_count": 80, "common_count": 0}, "M-Greedy": {"max_delay": 0.23257261795623502, "cost": 102.75, "target_value": 258.26011795623504, "running_time": 252.94160842895508, "n_selected_site": 1, "local_count": 80, "common_count": 0}, "M-Greedy-V2(Tx+Tp+Tq)": {"max_delay": 0.1357411161247332, "cost": 100.95, "target_value": 160.9786161247332, "running_time": 2106.4882278442383, "n_selected_site": 10, "local_count": 42, "common_count": 38}, "Ours": {"max_delay": 0.1322048766109903, "cost": 96.975, "target_value": 156.44862661099032, "running_time": 17525.712966918945, "local_count": 53, "common_count": 27}}}, "50": {"sim0": {"simulation_id": 0, "user_seed": 48981756, "Nearest": {"max_delay": 0.1494191814670519, "cost": 133.52, "target_value": 182.7991814670519, "running_time": 2.002239227294922, "local_count": 100, "common_count": 0}, "M-Greedy": {"max_delay": 0.13727574700452716, "cost": 107.36, "target_value": 164.11574700452715, "running_time": 1869.5454597473145, "n_selected_site": 10, "local_count": 36, "common_count": 64}, "M-Greedy-V2(Tx+Tp+Tq)": {"max_delay": 0.13710485342743078, "cost": 110.14, "target_value": 164.63985342743078, "running_time": 2829.875707626343, "n_selected_site": 8, "local_count": 12, "common_count": 88}, "Ours": {"max_delay": 0.13269304645027502, "cost": 99.74, "target_value": 157.62804645027504, "running_time": 25538.41257095337, "local_count": 45, "common_count": 55}}, "sim1": {"simulation_id": 1, "user_seed": 75053978, "Nearest": {"max_delay": 0.14289564220496004, "cost": 136.86, "target_value": 177.11064220496004, "running_time": 2.0020008087158203, "local_count": 100, "common_count": 0}, "M-Greedy": {"max_delay": 0.14289564220496004, "cost": 124.78, "target_value": 174.09064220496003, "running_time": 1894.5093154907227, "n_selected_site": 10, "local_count": 44, "common_count": 56}, "M-Greedy-V2(Tx+Tp+Tq)": {"max_delay": 0.138670590961632, "cost": 114.04, "target_value": 167.180590961632, "running_time": 2240.1716709136963, "n_selected_site": 6, "local_count": 24, "common_count": 76}, "Ours": {"max_delay": 0.13252013414146155, "cost": 107.62, "target_value": 159.42513414146154, "running_time": 25399.940729141235, "local_count": 52, "common_count": 48}}, "sim2": {"simulation_id": 2, "user_seed": 70050052, "Nearest": {"max_delay": 0.14925821896143132, "cost": 128.96, "target_value": 181.49821896143132, "running_time": 2.001523971557617, "local_count": 100, "common_count": 0}, "M-Greedy": {"max_delay": 0.1379411145176076, "cost": 110.32, "target_value": 165.5211145176076, "running_time": 1874.169111251831, "n_selected_site": 10, "local_count": 40, "common_count": 60}, "M-Greedy-V2(Tx+Tp+Tq)": {"max_delay": 0.1379411145176076, "cost": 113.0, "target_value": 166.1911145176076, "running_time": 2776.073932647705, "n_selected_site": 8, "local_count": 28, "common_count": 72}, "Ours": {"max_delay": 0.13310000601527816, "cost": 105.8, "target_value": 159.55000601527814, "running_time": 18269.36674118042, "local_count": 54, "common_count": 46}}}, "60": {"sim0": {"simulation_id": 0, "user_seed": 21611704, "Nearest": {"max_delay": 0.14134060781791247, "cost": 149.85, "target_value": 178.80310781791246, "running_time": 2.001047134399414, "local_count": 120, "common_count": 0}, "M-Greedy": {"max_delay": 0.2296448099802617, "cost": 112.33333333333333, "target_value": 257.728143313595, "running_time": 561.6304874420166, "n_selected_site": 1, "local_count": 120, "common_count": 0}, "M-Greedy-V2(Tx+Tp+Tq)": {"max_delay": 0.13384632892093212, "cost": 116.73333333333333, "target_value": 163.02966225426545, "running_time": 3621.039867401123, "n_selected_site": 7, "local_count": 18, "common_count": 102}, "Ours": {"max_delay": 0.13172915055641685, "cost": 113.7, "target_value": 160.15415055641685, "running_time": 34416.70632362366, "local_count": 58, "common_count": 62}}, "sim1": {"simulation_id": 1, "user_seed": 82025266, "Nearest": {"max_delay": 0.14969117416098632, "cost": 161.03333333333333, "target_value": 189.94950749431965, "running_time": 2.0017623901367188, "local_count": 120, "common_count": 0}, "M-Greedy": {"max_delay": 0.1374609476106025, "cost": 130.73333333333332, "target_value": 170.14428094393585, "running_time": 2715.303659439087, "n_selected_site": 10, "local_count": 50, "common_count": 70}, "M-Greedy-V2(Tx+Tp+Tq)": {"max_delay": 0.1374609476106025, "cost": 132.61666666666667, "target_value": 170.61511427726919, "running_time": 3201.1842727661133, "n_selected_site": 6, "local_count": 26, "common_count": 94}, "Ours": {"max_delay": 0.13305666061045376, "cost": 124.06666666666666, "target_value": 164.07332727712043, "running_time": 15912.520170211792, "local_count": 70, "common_count": 50}}, "sim2": {"simulation_id": 2, "user_seed": 33769927, "Nearest": {"max_delay": 0.1461605644325672, "cost": 156.18333333333334, "target_value": 185.20639776590053, "running_time": 1.0004043579101562, "local_count": 120, "common_count": 0}, "M-Greedy": {"max_delay": 0.1461605644325672, "cost": 137.4, "target_value": 180.51056443256718, "running_time": 3300.8692264556885, "n_selected_site": 13, "local_count": 68, "common_count": 52}, "M-Greedy-V2(Tx+Tp+Tq)": {"max_delay": 0.13940619068188503, "cost": 132.25, "target_value": 172.46869068188502, "running_time": 3219.210624694824, "n_selected_site": 6, "local_count": 20, "common_count": 100}, "Ours": {"max_delay": 0.13253610060447807, "cost": 116.51666666666667, "target_value": 161.66526727114473, "running_time": 34321.12431526184, "local_count": 64, "common_count": 56}}}, "70": {"sim0": {"simulation_id": 0, "user_seed": 99092914, "Nearest": {"max_delay": 0.14840942638118879, "cost": 175.17142857142858, "target_value": 192.20228352404592, "running_time": 2.001047134399414, "local_count": 140, "common_count": 0}, "M-Greedy": {"max_delay": 0.13785679675796333, "cost": 135.28571428571428, "target_value": 171.67822532939192, "running_time": 3750.9021759033203, "n_selected_site": 10, "local_count": 62, "common_count": 78}, "M-Greedy-V2(Tx+Tp+Tq)": {"max_delay": 0.13769777309737674, "cost": 137.34285714285716, "target_value": 172.03348738309103, "running_time": 5991.370916366577, "n_selected_site": 9, "local_count": 30, "common_count": 110},