{"40": {"sim0": {"simulation_id": 0, "user_seed": 63148008, "Nearest": {"max_delay": 0.13521931770370524, "cost": 124.675, "target_value": 166.38806770370522, "running_time": 1.001596450805664, "local_count": 80, "common_count": 0}, "M-Greedy": {"max_delay": 0.23320018268345816, "cost": 103.5, "target_value": 259.07518268345814, "running_time": 244.2023754119873, "n_selected_site": 1, "local_count": 80, "common_count": 0}, "M-Greedy-V2(Tx+Tp+Tq)": {"max_delay": 0.13245675746384206, "cost": 110.775, "target_value": 160.15050746384205, "running_time": 1765.4354572296143, "n_selected_site": 8, "local_count": 8, "common_count": 72}, "Ours": {"max_delay": 0.1270332225201437, "cost": 100.7, "target_value": 152.20822252014372, "running_time": 17770.649671554565, "local_count": 36, "common_count": 44}}, "sim1": {"simulation_id": 1, "user_seed": 76603341, "Nearest": {"max_delay": 0.14228944573331076, "cost": 115.55, "target_value": 171.17694573331076, "running_time": 1.0013580322265625, "local_count": 80, "common_count": 0}, "M-Greedy": {"max_delay": 0.13754525968679915, "cost": 100.2, "target_value": 162.59525968679915, "running_time": 1402.7657508850098, "n_selected_site": 12, "local_count": 40, "common_count": 40}, "M-Greedy-V2(Tx+Tp+Tq)": {"max_delay": 0.1323355290238234, "cost": 95.775, "target_value": 156.2792790238234, "running_time": 1780.2057266235352, "n_selected_site": 8, "local_count": 18, "common_count": 62}, "Ours": {"max_delay": 0.12973120574987135, "cost": 94.2, "target_value": 153.28120574987136, "running_time": 18031.423330307007, "local_count": 42, "common_count": 38}}, "sim2": {"simulation_id": 2, "user_seed": 84786376, "Nearest": {"max_delay": 0.14672107987756688, "cost": 118.725, "target_value": 176.4023298775669, "running_time": 1.001119613647461, "local_count": 80, "common_count": 0}, "M-Greedy": {"max_delay": 0.2340707396411752, "cost": 90.5, "target_value": 256.69573964117524, "running_time": 261.2159252166748, "n_selected_site": 1, "local_count": 80, "common_count": 0}, "M-Greedy-V2(Tx+Tp+Tq)": {"max_delay": 0.13668552795363792, "cost": 94.5, "target_value": 160.31052795363792, "running_time": 1854.2990684509277, "n_selected_site": 8, "local_count": 20, "common_count": 60}, "Ours": {"max_delay": 0.13269241074827384, "cost": 93.05, "target_value": 155.95491074827382, "running_time": 17992.0494556427, "local_count": 42, "common_count": 38}}}, "50": {"sim0": {"simulation_id": 0, "user_seed": 75213795, "Nearest": {"max_delay": 0.15133183287784874, "cost": 129.02, "target_value": 183.58683287784874, "running_time": 0.9622573852539062, "local_count": 100, "common_count": 0}, "M-Greedy": {"max_delay": 0.13747367476675687, "cost": 111.78, "target_value": 165.41867476675685, "running_time": 1973.189115524292, "n_selected_site": 10, "local_count": 48, "common_count": 52}, "M-Greedy-V2(Tx+Tp+Tq)": {"max_delay": 0.13747367476675687, "cost": 114.7, "target_value": 166.14867476675687, "running_time": 2862.4391555786133, "n_selected_site": 8, "local_count": 24, "common_count": 76}, "Ours": {"max_delay": 0.13345275375772922, "cost": 105.06, "target_value": 159.7177537577292, "running_time": 26807.332038879395, "local_count": 62, "common_count": 38}}, "sim1": {"simulation_id": 1, "user_seed": 25009297, "Nearest": {"max_delay": 0.1496954692414851, "cost": 136.42, "target_value": 183.8004692414851, "running_time": 1.0006427764892578, "local_count": 100, "common_count": 0}, "M-Greedy": {"max_delay": 0.13850726649802303, "cost": 112.52, "target_value": 166.63726649802302, "running_time": 1915.0395393371582, "n_selected_site": 10, "local_count": 36, "common_count": 64}, "M-Greedy-V2(Tx+Tp+Tq)": {"max_delay": 0.13850726649802303, "cost": 113.2, "target_value": 166.80726649802304, "running_time": 2849.8454093933105, "n_selected_site": 8, "local_count": 26, "common_count": 74}, "Ours": {"max_delay": 0.13351810078183912, "cost": 104.32, "target_value": 159.5981007818391, "running_time": 26573.562622070312, "local_count": 45, "common_count": 55}}, "sim2": {"simulation_id": 2, "user_seed": 87714765, "Nearest": {"max_delay": 0.14457761190540663, "cost": 136.38, "target_value": 178.67261190540663, "running_time": 2.0024776458740234, "local_count": 100, "common_count": 0}, "M-Greedy": {"max_delay": 0.13632880074703424, "cost": 113.84, "target_value": 164.78880074703426, "running_time": 1942.2602653503418, "n_selected_site": 10, "local_count": 30, "common_count": 70}, "M-Greedy-V2(Tx+Tp+Tq)": {"max_delay": 0.13632880074703424, "cost": 114.06, "target_value": 164.84380074703427, "running_time": 2844.7721004486084, "n_selected_site": 8, "local_count": 24, "common_count": 76}, "Ours": {"max_delay": 0.1305771270644207, "cost": 109.72, "target_value": 158.0071270644207, "running_time": 14525.249242782593, "local_count": 50, "common_count": 50}}}, "60": {"sim0": {"simulation_id": 0, "user_seed": 72112101, "Nearest": {"max_delay": 0.14956001130398566, "cost": 159.83333333333334, "target_value": 189.51834463731902, "running_time": 2.0020008087158203, "local_count": 120, "common_count": 0}, "M-Greedy": {"max_delay": 0.1374406262151329, "cost": 132.81666666666666, "target_value": 170.64479288179956, "running_time": 3005.359411239624, "n_selected_site": 11, "local_count": 40, "common_count": 80}, "M-Greedy-V2(Tx+Tp+Tq)": {"max_delay": 0.1374406262151329, "cost": 134.0, "target_value": 170.94062621513288, "running_time": 3618.330955505371, "n_selected_site": 7, "local_count": 22, "common_count": 98}, "Ours": {"max_delay": 0.13276688480751328, "cost": 123.8, "target_value": 163.71688480751328, "running_time": 36100.868463516235, "local_count": 65, "common_count": 55}}, "sim1": {"simulation_id": 1, "user_seed": 41170903, "Nearest": {"max_delay": 0.1439067113588362, "cost": 168.86666666666667, "target_value": 186.12337802550286, "running_time": 2.0020008087158203, "local_count": 120, "common_count": 0}, "M-Greedy": {"max_delay": 0.14277228140988552, "cost": 153.93333333333334, "target_value": 181.25561474321887, "running_time": 2378.5650730133057, "n_selected_site": 8, "local_count": 50, "common_count": 70}, "M-Greedy-V2(Tx+Tp+Tq)": {"max_delay": 0.13738696369376344, "cost": 137.71666666666667, "target_value": 171.81613036043012, "running_time": 3608.940362930298, "n_selected_site": 7, "local_count": 40, "common_count": 80}, "Ours": {"max_delay": 0.13111615364800236, "cost": 133.58333333333334, "target_value": 164.5119869813357, "running_time": 35644.06633377075, "local_count": 54, "common_count": 66}}, "sim2": {"simulation_id": 2, "user_seed": 92804647, "Nearest": {"max_delay": 0.15178769787947125, "cost": 158.83333333333334, "target_value": 191.49603121280458, "running_time": 2.0012855529785156, "local_count": 120, "common_count": 0}, "M-Greedy": {"max_delay": 0.13703869995274193, "cost": 128.36666666666667, "target_value": 169.1303666194086, "running_time": 2821.3391304016113, "n_selected_site": 10, "local_count": 56, "common_count": 64}, "M-Greedy-V2(Tx+Tp+Tq)": {"max_delay": 0.13703869995274193, "cost": 130.35, "target_value": 169.62619995274193, "running_time": 3314.8136138916016, "n_selected_site": 6, "local_count": 32, "common_count": 88}, "Ours": {"max_delay": 0.13357640854403022, "cost": 119.66666666666667, "target_value": 163.49307521069687, "running_time": 25492.496252059937, "local_count": 67, "common_count": 53}}}, "70": {"sim0": {"simulation_id": 0, "user_seed": 44391359, "Nearest": {"max_delay": 0.1476214566109585, "cost": 171.0, "target_value": 190.3714566109585, "running_time": 2.0017623901367188, "local_count": 140, "common_count": 0}, "M-Greedy": {"max_delay": 0.23476848713937282, "cost": 135.14285714285714, "target_value": 268.5542014250871, "running_time": 765.7997608184814, "n_selected_site": 1, "local_count": 140, "common_count": 0}, "M-Greedy-V2(Tx+Tp+Tq)": {"max_delay": 0.13637446647465679, "cost": 137.62857142857143, "target_value": 170.78160933179964, "running_time": 4930.328369140625, "n_selected_site": 7, "local_count": 32, "common_count": 108},