{"40": {"sim0": {"simulation_id": 0, "user_seed": 26549766, "Nearest": {"max_delay": 0.14567091341427305, "cost": 121.0, "target_value": 175.92091341427306, "running_time": 2.0017623901367188, "local_count": 80, "common_count": 0}, "M-Greedy": {"max_delay": 0.13734047059749505, "cost": 98.375, "target_value": 161.93422059749506, "running_time": 1163.0465984344482, "n_selected_site": 10, "local_count": 26, "common_count": 54}, "M-Greedy-V2(Tx+Tp+Tq)": {"max_delay": 0.13470063754847067, "cost": 98.45, "target_value": 159.31313754847068, "running_time": 1910.3693962097168, "n_selected_site": 9, "local_count": 18, "common_count": 62}, "Ours": {"max_delay": 0.13317903545825524, "cost": 93.925, "target_value": 156.66028545825523, "running_time": 17129.494667053223, "local_count": 40, "common_count": 40}}, "sim1": {"simulation_id": 1, "user_seed": 57569670, "Nearest": {"max_delay": 0.15100764051609733, "cost": 126.625, "target_value": 182.66389051609733, "running_time": 1.0008811950683594, "local_count": 80, "common_count": 0}, "M-Greedy": {"max_delay": 0.13867679473639086, "cost": 107.35, "target_value": 165.51429473639087, "running_time": 1325.453519821167, "n_selected_site": 11, "local_count": 40, "common_count": 40}, "M-Greedy-V2(Tx+Tp+Tq)": {"max_delay": 0.13867679473639086, "cost": 109.5, "target_value": 166.05179473639086, "running_time": 1434.6487522125244, "n_selected_site": 6, "local_count": 16, "common_count": 64}, "Ours": {"max_delay": 0.13336076482502887, "cost": 99.275, "target_value": 158.17951482502886, "running_time": 17568.483591079712, "local_count": 36, "common_count": 44}}, "sim2": {"simulation_id": 2, "user_seed": 42241497, "Nearest": {"max_delay": 0.14942050267831744, "cost": 110.075, "target_value": 176.93925267831744, "running_time": 2.0017623901367188, "local_count": 80, "common_count": 0}, "M-Greedy": {"max_delay": 0.13843287929857723, "cost": 92.525, "target_value": 161.56412929857723, "running_time": 1211.1172676086426, "n_selected_site": 10, "local_count": 34, "common_count": 46}, "M-Greedy-V2(Tx+Tp+Tq)": {"max_delay": 0.13843287929857723, "cost": 95.85, "target_value": 162.39537929857724, "running_time": 2002.9683113098145, "n_selected_site": 9, "local_count": 12, "common_count": 68}, "Ours": {"max_delay": 0.13247090425536462, "cost": 90.575, "target_value": 155.11465425536463, "running_time": 17446.93946838379, "local_count": 42, "common_count": 38}}}, "50": {"sim0": {"simulation_id": 0, "user_seed": 38123578, "Nearest": {"max_delay": 0.1467569830088587, "cost": 135.34, "target_value": 180.5919830088587, "running_time": 2.0020008087158203, "local_count": 100, "common_count": 0}, "M-Greedy": {"max_delay": 0.2346325380680217, "cost": 101.2, "target_value": 259.9325380680217, "running_time": 393.91374588012695, "n_selected_site": 1, "local_count": 100, "common_count": 0}, "M-Greedy-V2(Tx+Tp+Tq)": {"max_delay": 0.13724732638048448, "cost": 111.34, "target_value": 165.0823263804845, "running_time": 2523.793935775757, "n_selected_site": 7, "local_count": 20, "common_count": 80}, "Ours": {"max_delay": 0.13298066062464675, "cost": 101.72, "target_value": 158.41066062464677, "running_time": 25578.80401611328, "local_count": 45, "common_count": 55}}, "sim1": {"simulation_id": 1, "user_seed": 76867789, "Nearest": {"max_delay": 0.1497878571342648, "cost": 136.3, "target_value": 183.8628571342648, "running_time": 2.0017623901367188, "local_count": 100, "common_count": 0}, "M-Greedy": {"max_delay": 0.1389527348699281, "cost": 114.74, "target_value": 167.6377348699281, "running_time": 1844.8395729064941, "n_selected_site": 10, "local_count": 30, "common_count": 70}, "M-Greedy-V2(Tx+Tp+Tq)": {"max_delay": 0.1389527348699281, "cost": 115.4, "target_value": 167.8027348699281, "running_time": 2775.4828929901123, "n_selected_site": 8, "local_count": 26, "common_count": 74}, "Ours": {"max_delay": 0.13349226523057905, "cost": 107.78, "target_value": 160.43726523057904, "running_time": 16151.604175567627, "local_count": 54, "common_count": 46}}, "sim2": {"simulation_id": 2, "user_seed": 33476030, "Nearest": {"max_delay": 0.1460239020493712, "cost": 138.22, "target_value": 180.5789020493712, "running_time": 2.0029544830322266, "local_count": 100, "common_count": 0}, "M-Greedy": {"max_delay": 0.13732880074703424, "cost": 114.68, "target_value": 165.99880074703424, "running_time": 2214.6623134613037, "n_selected_site": 12, "local_count": 48, "common_count": 52}, "M-Greedy-V2(Tx+Tp+Tq)": {"max_delay": 0.13732880074703424, "cost": 115.98, "target_value": 166.32380074703426, "running_time": 3070.284605026245, "n_selected_site": 9, "local_count": 20, "common_count": 80}, "Ours": {"max_delay": 0.1314085621638822, "cost": 111.84, "target_value": 159.3685621638822, "running_time": 26071.197032928467, "local_count": 48, "common_count": 52}}}, "60": {"sim0": {"simulation_id": 0, "user_seed": 77255695, "Nearest": {"max_delay": 0.14715040194784135, "cost": 155.4, "target_value": 186.00040194784134, "running_time": 2.0017623901367188, "local_count": 120, "common_count": 0}, "M-Greedy": {"max_delay": 0.14548743077267504, "cost": 141.9, "target_value": 180.96243077267502, "running_time": 3157.4788093566895, "n_selected_site": 12, "local_count": 58, "common_count": 62}, "M-Greedy-V2(Tx+Tp+Tq)": {"max_delay": 0.13791379375504872, "cost": 132.38333333333333, "target_value": 171.00962708838205, "running_time": 3234.9894046783447, "n_selected_site": 6, "local_count": 24, "common_count": 96}, "Ours": {"max_delay": 0.13301335950572588, "cost": 123.93333333333334, "target_value": 163.99669283905922, "running_time": 35086.09580993652, "local_count": 65, "common_count": 55}}, "sim1": {"simulation_id": 1, "user_seed": 9543550, "Nearest": {"max_delay": 0.14556896903901018, "cost": 134.93333333333334, "target_value": 179.3023023723435, "running_time": 2.001523971557617, "local_count": 120, "common_count": 0}, "M-Greedy": {"max_delay": 0.14710505325307272, "cost": 122.25, "target_value": 177.66755325307273, "running_time": 2901.9808769226074, "n_selected_site": 11, "local_count": 46, "common_count": 74}, "M-Greedy-V2(Tx+Tp+Tq)": {"max_delay": 0.1354405539907734, "cost": 114.73333333333333, "target_value": 164.12388732410673, "running_time": 4343.775510787964, "n_selected_site": 9, "local_count": 22, "common_count": 98}, "Ours": {"max_delay": 0.1340143716439117, "cost": 107.55, "target_value": 160.90187164391168, "running_time": 34627.17580795288, "local_count": 65, "common_count": 55}}, "sim2": {"simulation_id": 2, "user_seed": 25065903, "Nearest": {"max_delay": 0.1490267941638955, "cost": 174.5, "target_value": 192.6517941638955, "running_time": 2.001523971557617, "local_count": 120, "common_count": 0}, "M-Greedy": {"max_delay": 0.13717937161306604, "cost": 135.41666666666666, "target_value": 171.03353827973268, "running_time": 2685.800075531006, "n_selected_site": 10, "local_count": 36, "common_count": 84}, "M-Greedy-V2(Tx+Tp+Tq)": {"max_delay": 0.13717937161306604, "cost": 134.53333333333333, "target_value": 170.81270494639935, "running_time": 3170.802593231201, "n_selected_site": 6, "local_count": 28, "common_count": 92}, "Ours": {"max_delay": 0.1343646028283205, "cost": 131.11666666666667, "target_value": 167.14376949498717, "running_time": 32540.63606262207, "local_count": 66, "common_count": 54}}}, "70": {"sim0": {"simulation_id": 0, "user_seed": 1975091, "Nearest": {"max_delay": 0.14491373286912612, "cost": 172.21428571428572, "target_value": 187.96730429769758, "running_time": 3.0024051666259766, "local_count": 140, "common_count": 0}, "M-Greedy": {"max_delay": 0.14932643128182455, "cost": 144.6, "target_value": 185.47643128182455, "running_time": 3688.359260559082, "n_selected_site": 10, "local_count": 36, "common_count": 104}, "M-Greedy-V2(Tx+Tp+Tq)": {"max_delay": 0.1370992724533176, "cost": 134.94285714285715, "target_value": 170.8349867390319, "running_time": 4352.827072143555, "n_selected_site": 6, "local_count": 26, "common_count": 114},