{"40": {"sim0": {"simulation_id": 0, "user_seed": 77920536, "Nearest": {"max_delay": 0.14027928209880355, "cost": 115.375, "target_value": 169.12303209880355, "running_time": 1.0008811950683594, "local_count": 80, "common_count": 0}, "M-Greedy": {"max_delay": 0.13727928209880358, "cost": 108.1, "target_value": 164.30428209880358, "running_time": 1239.4821643829346, "n_selected_site": 11, "local_count": 60, "common_count": 20}, "M-Greedy-V2(Tx+Tp+Tq)": {"max_delay": 0.13069598240452773, "cost": 95.375, "target_value": 154.53973240452774, "running_time": 1356.0640811920166, "n_selected_site": 6, "local_count": 10, "common_count": 70}, "Ours": {"max_delay": 0.12653855496555716, "cost": 95.55, "target_value": 150.42605496555714, "running_time": 16698.18115234375, "local_count": 36, "common_count": 44}}, "sim1": {"simulation_id": 1, "user_seed": 96455882, "Nearest": {"max_delay": 0.14769175675193935, "cost": 115.0, "target_value": 176.44175675193935, "running_time": 2.001523971557617, "local_count": 80, "common_count": 0}, "M-Greedy": {"max_delay": 0.23240111001422747, "cost": 102.5, "target_value": 258.02611001422747, "running_time": 254.2102336883545, "n_selected_site": 1, "local_count": 80, "common_count": 0}, "M-Greedy-V2(Tx+Tp+Tq)": {"max_delay": 0.13626431172312828, "cost": 97.8, "target_value": 160.71431172312828, "running_time": 1764.3179893493652, "n_selected_site": 8, "local_count": 20, "common_count": 60}, "Ours": {"max_delay": 0.13307527711696598, "cost": 94.425, "target_value": 156.68152711696598, "running_time": 17543.581008911133, "local_count": 38, "common_count": 42}}, "sim2": {"simulation_id": 2, "user_seed": 54248870, "Nearest": {"max_delay": 0.14583749359071313, "cost": 127.525, "target_value": 177.71874359071313, "running_time": 1.0008811950683594, "local_count": 80, "common_count": 0}, "M-Greedy": {"max_delay": 0.23245642473564448, "cost": 102.25, "target_value": 258.0189247356445, "running_time": 251.94025039672852, "n_selected_site": 1, "local_count": 80, "common_count": 0}, "M-Greedy-V2(Tx+Tp+Tq)": {"max_delay": 0.23245642473564448, "cost": 102.25, "target_value": 258.0189247356445, "running_time": 461.93575859069824, "n_selected_site": 1, "local_count": 80, "common_count": 0}, "Ours": {"max_delay": 0.1295897262167721, "cost": 92.95, "target_value": 152.8272262167721, "running_time": 17444.6702003479, "local_count": 45, "common_count": 35}}}, "50": {"sim0": {"simulation_id": 0, "user_seed": 89498179, "Nearest": {"max_delay": 0.15062994347380554, "cost": 135.76, "target_value": 184.56994347380552, "running_time": 2.0017623901367188, "local_count": 100, "common_count": 0}, "M-Greedy": {"max_delay": 0.13596937201316187, "cost": 116.22, "target_value": 165.02437201316187, "running_time": 1865.476131439209, "n_selected_site": 10, "local_count": 42, "common_count": 58}, "M-Greedy-V2(Tx+Tp+Tq)": {"max_delay": 0.13596937201316187, "cost": 118.3, "target_value": 165.54437201316185, "running_time": 2745.7783222198486, "n_selected_site": 8, "local_count": 18, "common_count": 82}, "Ours": {"max_delay": 0.1327507871686988, "cost": 113.54, "target_value": 161.13578716869878, "running_time": 25659.125089645386, "local_count": 49, "common_count": 51}}, "sim1": {"simulation_id": 1, "user_seed": 16805381, "Nearest": {"max_delay": 0.14999597530284126, "cost": 137.08, "target_value": 184.26597530284127, "running_time": 2.0017623901367188, "local_count": 100, "common_count": 0}, "M-Greedy": {"max_delay": 0.14099597530284128, "cost": 119.56, "target_value": 170.8859753028413, "running_time": 2272.3307609558105, "n_selected_site": 13, "local_count": 54, "common_count": 46}, "M-Greedy-V2(Tx+Tp+Tq)": {"max_delay": 0.13633945096928732, "cost": 115.6, "target_value": 165.23945096928733, "running_time": 3032.742500305176, "n_selected_site": 9, "local_count": 16, "common_count": 84}, "Ours": {"max_delay": 0.1322651181486229, "cost": 110.28, "target_value": 159.8351181486229, "running_time": 25463.992595672607, "local_count": 58, "common_count": 42}}, "sim2": {"simulation_id": 2, "user_seed": 72728677, "Nearest": {"max_delay": 0.14898048147434736, "cost": 123.52, "target_value": 179.86048147434735, "running_time": 1.0013580322265625, "local_count": 100, "common_count": 0}, "M-Greedy": {"max_delay": 0.13701899885394753, "cost": 111.04, "target_value": 164.7789988539475, "running_time": 1878.9024353027344, "n_selected_site": 10, "local_count": 38, "common_count": 62}, "M-Greedy-V2(Tx+Tp+Tq)": {"max_delay": 0.13701899885394753, "cost": 112.52, "target_value": 165.14899885394752, "running_time": 2751.0385513305664, "n_selected_site": 8, "local_count": 26, "common_count": 74}, "Ours": {"max_delay": 0.13291086548853712, "cost": 103.72, "target_value": 158.84086548853713, "running_time": 22396.191358566284, "local_count": 61, "common_count": 39}}}, "60": {"sim0": {"simulation_id": 0, "user_seed": 28119133, "Nearest": {"max_delay": 0.14525416645983208, "cost": 150.4, "target_value": 182.85416645983207, "running_time": 2.332448959350586, "local_count": 120, "common_count": 0}, "M-Greedy": {"max_delay": 0.1437843829999085, "cost": 130.31666666666666, "target_value": 176.36354966657518, "running_time": 3098.992347717285, "n_selected_site": 12, "local_count": 66, "common_count": 54}, "M-Greedy-V2(Tx+Tp+Tq)": {"max_delay": 0.13618306272973557, "cost": 133.61666666666667, "target_value": 169.58722939640225, "running_time": 3121.403217315674, "n_selected_site": 6, "local_count": 22, "common_count": 98}, "Ours": {"max_delay": 0.13295616994282117, "cost": 124.45, "target_value": 164.06866994282117, "running_time": 34414.13450241089, "local_count": 60, "common_count": 60}}, "sim1": {"simulation_id": 1, "user_seed": 50498610, "Nearest": {"max_delay": 0.14359357786896226, "cost": 158.23333333333332, "target_value": 183.1519112022956, "running_time": 2.0012855529785156, "local_count": 120, "common_count": 0}, "M-Greedy": {"max_delay": 0.14359357786896226, "cost": 138.9, "target_value": 178.31857786896225, "running_time": 3476.5262603759766, "n_selected_site": 14, "local_count": 70, "common_count": 50}, "M-Greedy-V2(Tx+Tp+Tq)": {"max_delay": 0.1345791455438248, "cost": 134.21666666666667, "target_value": 168.13331221049148, "running_time": 3171.335458755493, "n_selected_site": 6, "local_count": 20, "common_count": 100}, "Ours": {"max_delay": 0.13173310536503313, "cost": 122.4, "target_value": 162.33310536503313, "running_time": 34532.20868110657, "local_count": 70, "common_count": 50}}, "sim2": {"simulation_id": 2, "user_seed": 55687814, "Nearest": {"max_delay": 0.14871507017502245, "cost": 158.78333333333333, "target_value": 188.41090350835577, "running_time": 2.0017623901367188, "local_count": 120, "common_count": 0}, "M-Greedy": {"max_delay": 0.13798948883681816, "cost": 132.85, "target_value": 171.20198883681817, "running_time": 2660.586357116699, "n_selected_site": 10, "local_count": 30, "common_count": 90}, "M-Greedy-V2(Tx+Tp+Tq)": {"max_delay": 0.13668613184020675, "cost": 133.86666666666667, "target_value": 170.1527985068734, "running_time": 4318.176507949829, "n_selected_site": 9, "local_count": 26, "common_count": 94}, "Ours": {"max_delay": 0.13312184257033652, "cost": 120.93333333333334, "target_value": 163.35517590366987, "running_time": 34483.39033126831, "local_count": 72, "common_count": 48}}}, "70": {"sim0": {"simulation_id": 0, "user_seed": 84406317, "Nearest": {"max_delay": 0.14678219945850315, "cost": 171.88571428571427, "target_value": 189.75362802993172, "running_time": 2.0017623901367188, "local_count": 140, "common_count": 0}, "M-Greedy": {"max_delay": 0.23247246989408749, "cost": 134.71428571428572, "target_value": 266.1510413226589, "running_time": 751.8486976623535, "n_selected_site": 1, "local_count": 140, "common_count": 0}, "M-Greedy-V2(Tx+Tp+Tq)": {"max_delay": 0.23247246989408749, "cost": 134.71428571428572, "target_value": 266.1510413226589, "running_time": 1343.080997467041, "n_selected_site": 1, "local_count": 140, "common_count": 0},