{"40": {"sim0": {"simulation_id": 0, "user_seed": 19698229, "Nearest": {"max_delay": 0.1480657226707115, "cost": 122.225, "target_value": 178.6219726707115, "running_time": 1.001119613647461, "local_count": 80, "common_count": 0}, "M-Greedy": {"max_delay": 0.2323292273321046, "cost": 102.5, "target_value": 257.95422733210455, "running_time": 236.19532585144043, "n_selected_site": 1, "local_count": 80, "common_count": 0}, "M-Greedy-V2(Tx+Tp+Tq)": {"max_delay": 0.13749862347770908, "cost": 104.475, "target_value": 163.6173734777091, "running_time": 1372.6437091827393, "n_selected_site": 6, "local_count": 4, "common_count": 76}, "Ours": {"max_delay": 0.1337803616804393, "cost": 97.575, "target_value": 158.17411168043932, "running_time": 17326.991081237793, "local_count": 46, "common_count": 34}}, "sim1": {"simulation_id": 1, "user_seed": 55030839, "Nearest": {"max_delay": 0.14432463640333087, "cost": 116.425, "target_value": 173.43088640333087, "running_time": 1.0004043579101562, "local_count": 80, "common_count": 0}, "M-Greedy": {"max_delay": 0.14266166522816456, "cost": 102.35, "target_value": 168.24916522816457, "running_time": 1118.6587810516357, "n_selected_site": 9, "local_count": 48, "common_count": 32}, "M-Greedy-V2(Tx+Tp+Tq)": {"max_delay": 0.13440306400477126, "cost": 95.6, "target_value": 158.30306400477127, "running_time": 1418.008804321289, "n_selected_site": 6, "local_count": 20, "common_count": 60}, "Ours": {"max_delay": 0.13168591042697425, "cost": 93.85, "target_value": 155.14841042697427, "running_time": 17764.17326927185, "local_count": 43, "common_count": 37}}, "sim2": {"simulation_id": 2, "user_seed": 56394148, "Nearest": {"max_delay": 0.14263837453384046, "cost": 119.175, "target_value": 172.43212453384044, "running_time": 1.0006427764892578, "local_count": 80, "common_count": 0}, "M-Greedy": {"max_delay": 0.14117445874790296, "cost": 99.6, "target_value": 166.07445874790298, "running_time": 1292.1414375305176, "n_selected_site": 11, "local_count": 22, "common_count": 58}, "M-Greedy-V2(Tx+Tp+Tq)": {"max_delay": 0.13461628003774623, "cost": 96.7, "target_value": 158.79128003774625, "running_time": 1935.8010292053223, "n_selected_site": 9, "local_count": 12, "common_count": 68}, "Ours": {"max_delay": 0.13315236425180876, "cost": 95.225, "target_value": 156.95861425180877, "running_time": 17826.871633529663, "local_count": 36, "common_count": 44}}}, "50": {"sim0": {"simulation_id": 0, "user_seed": 88700724, "Nearest": {"max_delay": 0.14717319768772724, "cost": 137.68, "target_value": 181.59319768772724, "running_time": 2.001523971557617, "local_count": 100, "common_count": 0}, "M-Greedy": {"max_delay": 0.14242901164121557, "cost": 123.6, "target_value": 173.32901164121557, "running_time": 2271.411180496216, "n_selected_site": 13, "local_count": 58, "common_count": 42}, "M-Greedy-V2(Tx+Tp+Tq)": {"max_delay": 0.13819396825835106, "cost": 113.28, "target_value": 166.51396825835104, "running_time": 2753.8375854492188, "n_selected_site": 8, "local_count": 24, "common_count": 76}, "Ours": {"max_delay": 0.1350569626039284, "cost": 108.48, "target_value": 162.17696260392842, "running_time": 26040.520191192627, "local_count": 50, "common_count": 50}}, "sim1": {"simulation_id": 1, "user_seed": 30949762, "Nearest": {"max_delay": 0.1513477943399311, "cost": 137.1, "target_value": 185.6227943399311, "running_time": 2.001523971557617, "local_count": 100, "common_count": 0}, "M-Greedy": {"max_delay": 0.13912274295525912, "cost": 117.9, "target_value": 168.59774295525912, "running_time": 1967.9474830627441, "n_selected_site": 11, "local_count": 42, "common_count": 58}, "M-Greedy-V2(Tx+Tp+Tq)": {"max_delay": 0.1373713304240613, "cost": 113.3, "target_value": 165.6963304240613, "running_time": 2708.3001136779785, "n_selected_site": 8, "local_count": 24, "common_count": 76}, "Ours": {"max_delay": 0.13340845240268034, "cost": 106.58, "target_value": 160.05345240268036, "running_time": 25720.160484313965, "local_count": 42, "common_count": 58}}, "sim2": {"simulation_id": 2, "user_seed": 21782465, "Nearest": {"max_delay": 0.1464556167500791, "cost": 133.56, "target_value": 179.8456167500791, "running_time": 2.0017623901367188, "local_count": 100, "common_count": 0}, "M-Greedy": {"max_delay": 0.1464556167500791, "cost": 123.0, "target_value": 177.2056167500791, "running_time": 2237.424612045288, "n_selected_site": 13, "local_count": 60, "common_count": 40}, "M-Greedy-V2(Tx+Tp+Tq)": {"max_delay": 0.1378763809291118, "cost": 112.82, "target_value": 166.0813809291118, "running_time": 2740.5600547790527, "n_selected_site": 8, "local_count": 24, "common_count": 76}, "Ours": {"max_delay": 0.1334568960225525, "cost": 105.84, "target_value": 159.91689602255252, "running_time": 25695.053577423096, "local_count": 45, "common_count": 55}}}, "60": {"sim0": {"simulation_id": 0, "user_seed": 20118035, "Nearest": {"max_delay": 0.1506246423063477, "cost": 175.21666666666667, "target_value": 194.42880897301438, "running_time": 2.0012855529785156, "local_count": 120, "common_count": 0}, "M-Greedy": {"max_delay": 0.14888045625983606, "cost": 145.75, "target_value": 185.31795625983605, "running_time": 2458.1027030944824, "n_selected_site": 9, "local_count": 32, "common_count": 88}, "M-Greedy-V2(Tx+Tp+Tq)": {"max_delay": 0.1378503599798799, "cost": 133.55, "target_value": 171.2378599798799, "running_time": 3211.789608001709, "n_selected_site": 6, "local_count": 24, "common_count": 96}, "Ours": {"max_delay": 0.1341947082553265, "cost": 127.86666666666666, "target_value": 166.16137492199317, "running_time": 34436.514377593994, "local_count": 48, "common_count": 72}}, "sim1": {"simulation_id": 1, "user_seed": 26217104, "Nearest": {"max_delay": 0.14981713304422767, "cost": 161.9, "target_value": 190.29213304422765, "running_time": 2.0020008087158203, "local_count": 120, "common_count": 0}, "M-Greedy": {"max_delay": 0.13922983145692608, "cost": 138.41666666666666, "target_value": 173.83399812359275, "running_time": 2906.416416168213, "n_selected_site": 11, "local_count": 72, "common_count": 48}, "M-Greedy-V2(Tx+Tp+Tq)": {"max_delay": 0.13753893571624337, "cost": 132.36666666666667, "target_value": 170.63060238291004, "running_time": 3189.9921894073486, "n_selected_site": 6, "local_count": 20, "common_count": 100}, "Ours": {"max_delay": 0.1330887728228411, "cost": 121.56666666666666, "target_value": 163.48043948950777, "running_time": 35014.570474624634, "local_count": 60, "common_count": 60}}, "sim2": {"simulation_id": 2, "user_seed": 96688416, "Nearest": {"max_delay": 0.1466656149376177, "cost": 153.2, "target_value": 184.96561493761772, "running_time": 2.001523971557617, "local_count": 120, "common_count": 0}, "M-Greedy": {"max_delay": 0.2326130814698752, "cost": 123.0, "target_value": 263.36308146987517, "running_time": 565.0539398193359, "n_selected_site": 1, "local_count": 120, "common_count": 0}, "M-Greedy-V2(Tx+Tp+Tq)": {"max_delay": 0.13887764945566938, "cost": 131.86666666666667, "target_value": 171.84431612233604, "running_time": 3176.630973815918, "n_selected_site": 6, "local_count": 22, "common_count": 98}, "Ours": {"max_delay": 0.13254815805994657, "cost": 118.53333333333333, "target_value": 162.1814913932799, "running_time": 34559.36694145203, "local_count": 64, "common_count": 56}}}, "70": {"sim0": {"simulation_id": 0, "user_seed": 66150656, "Nearest": {"max_delay": 0.15015599065899685, "cost": 177.12857142857143, "target_value": 194.43813351613971, "running_time": 3.0031204223632812, "local_count": 140, "common_count": 0}, "M-Greedy": {"max_delay": 0.13776503469419, "cost": 148.34285714285716, "target_value": 174.85074897990427, "running_time": 3671.9675064086914, "n_selected_site": 10, "local_count": 74, "common_count": 66}, "M-Greedy-V2(Tx+Tp+Tq)": {"max_delay": 0.13776503469419, "cost": 150.92857142857142, "target_value": 175.49717755133284, "running_time": 4267.294645309448, "n_selected_site": 6, "local_count": 38, "common_count": 102},