{"40": {"sim0": {"simulation_id": 0, "user_seed": 7840896, "Nearest": {"max_delay": 0.1446796896357498, "cost": 110.35, "target_value": 172.2671896357498, "running_time": 1.0013580322265625, "local_count": 80, "common_count": 0}, "M-Greedy": {"max_delay": 0.1476796896357498, "cost": 106.175, "target_value": 174.22343963574977, "running_time": 1312.3583793640137, "n_selected_site": 12, "local_count": 52, "common_count": 28}, "M-Greedy-V2(Tx+Tp+Tq)": {"max_delay": 0.13646995897277403, "cost": 96.15, "target_value": 160.50745897277403, "running_time": 1850.785255432129, "n_selected_site": 9, "local_count": 14, "common_count": 66}, "Ours": {"max_delay": 0.13235830902400672, "cost": 93.425, "target_value": 155.71455902400672, "running_time": 15844.422101974487, "local_count": 42, "common_count": 38}}, "sim1": {"simulation_id": 1, "user_seed": 56494719, "Nearest": {"max_delay": 0.149486154274401, "cost": 119.875, "target_value": 179.454904274401, "running_time": 2.001523971557617, "local_count": 80, "common_count": 0}, "M-Greedy": {"max_delay": 0.14974196822788938, "cost": 111.925, "target_value": 177.72321822788936, "running_time": 1066.5664672851562, "n_selected_site": 9, "local_count": 40, "common_count": 40}, "M-Greedy-V2(Tx+Tp+Tq)": {"max_delay": 0.13825339482107263, "cost": 96.125, "target_value": 162.28464482107262, "running_time": 1690.1755332946777, "n_selected_site": 8, "local_count": 34, "common_count": 46}, "Ours": {"max_delay": 0.13500434897810154, "cost": 97.075, "target_value": 159.27309897810156, "running_time": 5392.93098449707, "local_count": 51, "common_count": 29}}, "sim2": {"simulation_id": 2, "user_seed": 36579022, "Nearest": {"max_delay": 0.1471615682936957, "cost": 114.875, "target_value": 175.8803182936957, "running_time": 1.0008811950683594, "local_count": 80, "common_count": 0}, "M-Greedy": {"max_delay": 0.13816156829369572, "cost": 97.425, "target_value": 162.5178182936957, "running_time": 1328.838586807251, "n_selected_site": 12, "local_count": 40, "common_count": 40}, "M-Greedy-V2(Tx+Tp+Tq)": {"max_delay": 0.1340384621701789, "cost": 93.525, "target_value": 157.41971217017888, "running_time": 1701.5221118927002, "n_selected_site": 8, "local_count": 18, "common_count": 62}, "Ours": {"max_delay": 0.1303820981026948, "cost": 87.675, "target_value": 152.3008481026948, "running_time": 16570.05214691162, "local_count": 46, "common_count": 34}}}, "50": {"sim0": {"simulation_id": 0, "user_seed": 41389273, "Nearest": {"max_delay": 0.1498623361999057, "cost": 127.02, "target_value": 181.61733619990568, "running_time": 1.0013580322265625, "local_count": 100, "common_count": 0}, "M-Greedy": {"max_delay": 0.2326749225739128, "cost": 113.0, "target_value": 260.9249225739128, "running_time": 377.95543670654297, "n_selected_site": 1, "local_count": 100, "common_count": 0}, "M-Greedy-V2(Tx+Tp+Tq)": {"max_delay": 0.2326749225739128, "cost": 113.0, "target_value": 260.9249225739128, "running_time": 697.6206302642822, "n_selected_site": 1, "local_count": 100, "common_count": 0}, "Ours": {"max_delay": 0.13334908967665135, "cost": 102.84, "target_value": 159.05908967665135, "running_time": 25243.52240562439, "local_count": 65, "common_count": 35}}, "sim1": {"simulation_id": 1, "user_seed": 38421326, "Nearest": {"max_delay": 0.1486398282514717, "cost": 141.1, "target_value": 183.9148282514717, "running_time": 1.0008811950683594, "local_count": 100, "common_count": 0}, "M-Greedy": {"max_delay": 0.135670590961632, "cost": 111.8, "target_value": 163.620590961632, "running_time": 2222.688913345337, "n_selected_site": 12, "local_count": 44, "common_count": 56}, "M-Greedy-V2(Tx+Tp+Tq)": {"max_delay": 0.135670590961632, "cost": 115.92, "target_value": 164.650590961632, "running_time": 3013.360023498535, "n_selected_site": 9, "local_count": 16, "common_count": 84}, "Ours": {"max_delay": 0.13195749610642488, "cost": 111.42, "target_value": 159.81249610642487, "running_time": 25292.415380477905, "local_count": 50, "common_count": 50}}, "sim2": {"simulation_id": 2, "user_seed": 33713892, "Nearest": {"max_delay": 0.1448620504736939, "cost": 145.86, "target_value": 181.3270504736939, "running_time": 1.0004043579101562, "local_count": 100, "common_count": 0}, "M-Greedy": {"max_delay": 0.2319540498630454, "cost": 113.6, "target_value": 260.3540498630454, "running_time": 390.33031463623047, "n_selected_site": 1, "local_count": 100, "common_count": 0}, "M-Greedy-V2(Tx+Tp+Tq)": {"max_delay": 0.1371644713814351, "cost": 116.06, "target_value": 166.17947138143506, "running_time": 2508.0270767211914, "n_selected_site": 7, "local_count": 22, "common_count": 78}, "Ours": {"max_delay": 0.12999691344082576, "cost": 109.16, "target_value": 157.28691344082574, "running_time": 24958.66084098816, "local_count": 47, "common_count": 53}}}, "60": {"sim0": {"simulation_id": 0, "user_seed": 51185570, "Nearest": {"max_delay": 0.15015040194784135, "cost": 157.58333333333334, "target_value": 189.5462352811747, "running_time": 2.0012855529785156, "local_count": 120, "common_count": 0}, "M-Greedy": {"max_delay": 0.1364729984475376, "cost": 130.85, "target_value": 169.1854984475376, "running_time": 2673.0377674102783, "n_selected_site": 10, "local_count": 58, "common_count": 62}, "M-Greedy-V2(Tx+Tp+Tq)": {"max_delay": 0.1364729984475376, "cost": 132.98333333333332, "target_value": 169.71883178087094, "running_time": 3221.11439704895, "n_selected_site": 6, "local_count": 28, "common_count": 92}, "Ours": {"max_delay": 0.13301335950572588, "cost": 123.65, "target_value": 163.92585950572587, "running_time": 32413.469791412354, "local_count": 74, "common_count": 46}}, "sim1": {"simulation_id": 1, "user_seed": 28556263, "Nearest": {"max_delay": 0.15308408842428672, "cost": 152.63333333333333, "target_value": 191.24242175762006, "running_time": 2.0020008087158203, "local_count": 120, "common_count": 0}, "M-Greedy": {"max_delay": 0.1392767077853192, "cost": 137.15, "target_value": 173.56420778531918, "running_time": 2957.3607444763184, "n_selected_site": 11, "local_count": 56, "common_count": 64}, "M-Greedy-V2(Tx+Tp+Tq)": {"max_delay": 0.13691377034236496, "cost": 133.91666666666666, "target_value": 170.3929370090316, "running_time": 3585.3168964385986, "n_selected_site": 7, "local_count": 20, "common_count": 100}, "Ours": {"max_delay": 0.1328077075535777, "cost": 119.18333333333334, "target_value": 162.60354088691105, "running_time": 33483.651638031006, "local_count": 69, "common_count": 51}}, "sim2": {"simulation_id": 2, "user_seed": 22757180, "Nearest": {"max_delay": 0.14752987093810538, "cost": 154.68333333333334, "target_value": 186.20070427143872, "running_time": 2.001523971557617, "local_count": 120, "common_count": 0}, "M-Greedy": {"max_delay": 0.23418238775035927, "cost": 124.33333333333333, "target_value": 265.2657210836926, "running_time": 561.0761642456055, "n_selected_site": 1, "local_count": 120, "common_count": 0}, "M-Greedy-V2(Tx+Tp+Tq)": {"max_delay": 0.13756451238333475, "cost": 137.98333333333332, "target_value": 172.06034571666808, "running_time": 2783.6015224456787, "n_selected_site": 5, "local_count": 0, "common_count": 120}, "Ours": {"max_delay": 0.1313712829713446, "cost": 121.53333333333333, "target_value": 161.7546163046779, "running_time": 16360.28265953064, "local_count": 72, "common_count": 48}}}, "70": {"sim0": {"simulation_id": 0, "user_seed": 12306852, "Nearest": {"max_delay": 0.14925207470455598, "cost": 173.6, "target_value": 192.652074704556, "running_time": 3.002166748046875, "local_count": 140, "common_count": 0}, "M-Greedy": {"max_delay": 0.13977951605222205, "cost": 145.32857142857142, "target_value": 176.1116589093649, "running_time": 3938.7447834014893, "n_selected_site": 11, "local_count": 72, "common_count": 68}, "M-Greedy-V2(Tx+Tp+Tq)": {"max_delay": 0.138291585046484, "cost": 133.6, "target_value": 171.69158504648402, "running_time": 5346.591472625732, "n_selected_site": 8, "local_count": 36, "common_count": 104},