{"40": {"sim0": {"simulation_id": 0, "user_seed": 32682637, "Nearest": {"max_delay": 0.14393439250089185, "cost": 115.4, "target_value": 172.78439250089184, "running_time": 1.0018348693847656, "local_count": 80, "common_count": 0}, "M-Greedy": {"max_delay": 0.23431681691852418, "cost": 90.25, "target_value": 256.8793169185242, "running_time": 238.2376194000244, "n_selected_site": 1, "local_count": 80, "common_count": 0}, "M-Greedy-V2(Tx+Tp+Tq)": {"max_delay": 0.13227885132611206, "cost": 97.3, "target_value": 156.60385132611205, "running_time": 1407.700538635254, "n_selected_site": 6, "local_count": 10, "common_count": 70}, "Ours": {"max_delay": 0.12823801532690526, "cost": 94.95, "target_value": 151.97551532690528, "running_time": 16894.81258392334, "local_count": 41, "common_count": 39}}, "sim1": {"simulation_id": 1, "user_seed": 23522610, "Nearest": {"max_delay": 0.15144121502637095, "cost": 129.225, "target_value": 183.74746502637095, "running_time": 1.0013580322265625, "local_count": 80, "common_count": 0}, "M-Greedy": {"max_delay": 0.14077824385120466, "cost": 98.575, "target_value": 165.42199385120466, "running_time": 1294.3060398101807, "n_selected_site": 11, "local_count": 50, "common_count": 30}, "M-Greedy-V2(Tx+Tp+Tq)": {"max_delay": 0.13664769092956255, "cost": 97.95, "target_value": 161.13519092956255, "running_time": 1649.2292881011963, "n_selected_site": 7, "local_count": 30, "common_count": 50}, "Ours": {"max_delay": 0.13359441218431342, "cost": 97.125, "target_value": 157.87566218431343, "running_time": 10858.63971710205, "local_count": 39, "common_count": 41}}, "sim2": {"simulation_id": 2, "user_seed": 62363456, "Nearest": {"max_delay": 0.14456476631798582, "cost": 111.925, "target_value": 172.54601631798582, "running_time": 2.0017623901367188, "local_count": 80, "common_count": 0}, "M-Greedy": {"max_delay": 0.14456476631798582, "cost": 105.8, "target_value": 171.01476631798582, "running_time": 1099.048137664795, "n_selected_site": 9, "local_count": 32, "common_count": 48}, "M-Greedy-V2(Tx+Tp+Tq)": {"max_delay": 0.1305426718218916, "cost": 95.375, "target_value": 154.38642182189162, "running_time": 1990.4520511627197, "n_selected_site": 9, "local_count": 6, "common_count": 74}, "Ours": {"max_delay": 0.12911368843414534, "cost": 93.25, "target_value": 152.42618843414533, "running_time": 17452.272176742554, "local_count": 34, "common_count": 46}}}, "50": {"sim0": {"simulation_id": 0, "user_seed": 8679855, "Nearest": {"max_delay": 0.14490047041499993, "cost": 134.6, "target_value": 178.55047041499992, "running_time": 1.0004043579101562, "local_count": 100, "common_count": 0}, "M-Greedy": {"max_delay": 0.14490047041499993, "cost": 120.28, "target_value": 174.9704704149999, "running_time": 2328.7193775177, "n_selected_site": 13, "local_count": 60, "common_count": 40}, "M-Greedy-V2(Tx+Tp+Tq)": {"max_delay": 0.13720582596586095, "cost": 114.38, "target_value": 165.80082596586095, "running_time": 2855.8053970336914, "n_selected_site": 8, "local_count": 22, "common_count": 78}, "Ours": {"max_delay": 0.13298179239298857, "cost": 107.14, "target_value": 159.76679239298858, "running_time": 25940.948247909546, "local_count": 59, "common_count": 41}}, "sim1": {"simulation_id": 1, "user_seed": 98471741, "Nearest": {"max_delay": 0.15023252057662448, "cost": 133.24, "target_value": 183.54252057662447, "running_time": 2.001523971557617, "local_count": 100, "common_count": 0}, "M-Greedy": {"max_delay": 0.13758896645333507, "cost": 113.78, "target_value": 166.03396645333507, "running_time": 2063.2736682891846, "n_selected_site": 11, "local_count": 54, "common_count": 46}, "M-Greedy-V2(Tx+Tp+Tq)": {"max_delay": 0.1347213560711101, "cost": 116.54, "target_value": 163.8563560711101, "running_time": 3116.4355278015137, "n_selected_site": 9, "local_count": 22, "common_count": 78}, "Ours": {"max_delay": 0.13325744028517267, "cost": 104.74, "target_value": 159.44244028517267, "running_time": 26039.403915405273, "local_count": 58, "common_count": 42}}, "sim2": {"simulation_id": 2, "user_seed": 71374528, "Nearest": {"max_delay": 0.14779449543449813, "cost": 130.92, "target_value": 180.5244954344981, "running_time": 2.0017623901367188, "local_count": 100, "common_count": 0}, "M-Greedy": {"max_delay": 0.13757949334526237, "cost": 113.24, "target_value": 165.88949334526237, "running_time": 1919.9202060699463, "n_selected_site": 10, "local_count": 44, "common_count": 56}, "M-Greedy-V2(Tx+Tp+Tq)": {"max_delay": 0.13757949334526237, "cost": 117.06, "target_value": 166.84449334526238, "running_time": 3056.213855743408, "n_selected_site": 9, "local_count": 18, "common_count": 82}, "Ours": {"max_delay": 0.1323425875951915, "cost": 105.64, "target_value": 158.7525875951915, "running_time": 26178.433895111084, "local_count": 59, "common_count": 41}}}, "60": {"sim0": {"simulation_id": 0, "user_seed": 73000368, "Nearest": {"max_delay": 0.149328586112784, "cost": 157.53333333333333, "target_value": 188.71191944611732, "running_time": 2.001523971557617, "local_count": 120, "common_count": 0}, "M-Greedy": {"max_delay": 0.1383725989506189, "cost": 127.2, "target_value": 170.17259895061892, "running_time": 2744.1132068634033, "n_selected_site": 10, "local_count": 50, "common_count": 70}, "M-Greedy-V2(Tx+Tp+Tq)": {"max_delay": 0.1383725989506189, "cost": 131.08333333333334, "target_value": 171.14343228395225, "running_time": 3706.563949584961, "n_selected_site": 7, "local_count": 24, "common_count": 96}, "Ours": {"max_delay": 0.13254815805994657, "cost": 117.75, "target_value": 161.9856580599466, "running_time": 33435.77599525452, "local_count": 66, "common_count": 54}}, "sim1": {"simulation_id": 1, "user_seed": 41371546, "Nearest": {"max_delay": 0.14633315018783719, "cost": 151.15, "target_value": 184.12065018783719, "running_time": 2.000570297241211, "local_count": 120, "common_count": 0}, "M-Greedy": {"max_delay": 0.13900664230576554, "cost": 130.01666666666668, "target_value": 171.5108089724322, "running_time": 2741.603374481201, "n_selected_site": 10, "local_count": 40, "common_count": 80}, "M-Greedy-V2(Tx+Tp+Tq)": {"max_delay": 0.13900664230576554, "cost": 131.23333333333332, "target_value": 171.81497563909886, "running_time": 4048.9096641540527, "n_selected_site": 8, "local_count": 28, "common_count": 92}, "Ours": {"max_delay": 0.13256627641245156, "cost": 116.18333333333334, "target_value": 161.6121097457849, "running_time": 34820.58238983154, "local_count": 62, "common_count": 58}}, "sim2": {"simulation_id": 2, "user_seed": 2256976, "Nearest": {"max_delay": 0.14833075188123274, "cost": 161.21666666666667, "target_value": 188.63491854789942, "running_time": 2.051115036010742, "local_count": 120, "common_count": 0}, "M-Greedy": {"max_delay": 0.13776899162199377, "cost": 130.18333333333334, "target_value": 170.31482495532708, "running_time": 2665.3425693511963, "n_selected_site": 10, "local_count": 44, "common_count": 76}, "M-Greedy-V2(Tx+Tp+Tq)": {"max_delay": 0.13776899162199377, "cost": 131.46666666666667, "target_value": 170.63565828866044, "running_time": 4763.645172119141, "n_selected_site": 10, "local_count": 32, "common_count": 88}, "Ours": {"max_delay": 0.1334442229755064, "cost": 122.13333333333334, "target_value": 163.97755630883972, "running_time": 13927.678346633911, "local_count": 52, "common_count": 68}}}, "70": {"sim0": {"simulation_id": 0, "user_seed": 70434743, "Nearest": {"max_delay": 0.14980725829876765, "cost": 168.11428571428573, "target_value": 191.83582972733907, "running_time": 3.0024051666259766, "local_count": 140, "common_count": 0}, "M-Greedy": {"max_delay": 0.13793125905334927, "cost": 136.18571428571428, "target_value": 171.97768762477784, "running_time": 3717.751979827881, "n_selected_site": 10, "local_count": 56, "common_count": 84}, "M-Greedy-V2(Tx+Tp+Tq)": {"max_delay": 0.1452039544588259, "cost": 140.18571428571428, "target_value": 180.25038303025445, "running_time": 5029.617786407471, "n_selected_site": 7, "local_count": 24,