{"40": {"sim0": {"simulation_id": 0, "user_seed": 32666629, "Nearest": {"max_delay": 0.1464926376950667, "cost": 113.775, "target_value": 174.9363876950667, "running_time": 2.0051002502441406, "local_count": 80, "common_count": 0}, "M-Greedy": {"max_delay": 0.13969175675193937, "cost": 106.175, "target_value": 166.23550675193937, "running_time": 1292.8810119628906, "n_selected_site": 12, "local_count": 54, "common_count": 26}, "M-Greedy-V2(Tx+Tp+Tq)": {"max_delay": 0.13476008437320183, "cost": 100.625, "target_value": 159.91633437320183, "running_time": 1819.0805912017822, "n_selected_site": 9, "local_count": 16, "common_count": 64}, "Ours": {"max_delay": 0.13256096531632916, "cost": 94.3, "target_value": 156.13596531632916, "running_time": 16105.478048324585, "local_count": 53, "common_count": 27}}, "sim1": {"simulation_id": 1, "user_seed": 54611168, "Nearest": {"max_delay": 0.1454179885736152, "cost": 117.2, "target_value": 174.71798857361523, "running_time": 2.0012855529785156, "local_count": 80, "common_count": 0}, "M-Greedy": {"max_delay": 0.1436738025271036, "cost": 102.3, "target_value": 169.24880252710358, "running_time": 1163.4459495544434, "n_selected_site": 10, "local_count": 28, "common_count": 52}, "M-Greedy-V2(Tx+Tp+Tq)": {"max_delay": 0.13261386804060143, "cost": 97.45, "target_value": 156.97636804060144, "running_time": 1688.04931640625, "n_selected_site": 8, "local_count": 16, "common_count": 64}, "Ours": {"max_delay": 0.12942906178000155, "cost": 94.125, "target_value": 152.96031178000155, "running_time": 15887.491464614868, "local_count": 46, "common_count": 34}}, "sim2": {"simulation_id": 2, "user_seed": 41127863, "Nearest": {"max_delay": 0.14711438737890792, "cost": 127.9, "target_value": 179.0893873789079, "running_time": 2.0012855529785156, "local_count": 80, "common_count": 0}, "M-Greedy": {"max_delay": 0.13667714279941695, "cost": 103.775, "target_value": 162.62089279941694, "running_time": 1287.7342700958252, "n_selected_site": 11, "local_count": 26, "common_count": 54}, "M-Greedy-V2(Tx+Tp+Tq)": {"max_delay": 0.13515221033324182, "cost": 96.975, "target_value": 159.39596033324182, "running_time": 1716.7465686798096, "n_selected_site": 8, "local_count": 10, "common_count": 70}, "Ours": {"max_delay": 0.13135622734001773, "cost": 95.175, "target_value": 155.14997734001773, "running_time": 17141.30210876465, "local_count": 31, "common_count": 49}}}, "50": {"sim0": {"simulation_id": 0, "user_seed": 93349682, "Nearest": {"max_delay": 0.14632303666071375, "cost": 139.4, "target_value": 181.17303666071373, "running_time": 2.0020008087158203, "local_count": 100, "common_count": 0}, "M-Greedy": {"max_delay": 0.13409640155782274, "cost": 112.86, "target_value": 162.31140155782273, "running_time": 1883.124589920044, "n_selected_site": 10, "local_count": 16, "common_count": 84}, "M-Greedy-V2(Tx+Tp+Tq)": {"max_delay": 0.13409640155782274, "cost": 112.9, "target_value": 162.32140155782272, "running_time": 2748.6696243286133, "n_selected_site": 8, "local_count": 14, "common_count": 86}, "Ours": {"max_delay": 0.13035949099942923, "cost": 105.62, "target_value": 156.76449099942923, "running_time": 25038.566827774048, "local_count": 47, "common_count": 53}}, "sim1": {"simulation_id": 1, "user_seed": 73260665, "Nearest": {"max_delay": 0.14656898900764703, "cost": 144.88, "target_value": 182.78898900764702, "running_time": 1.0013580322265625, "local_count": 100, "common_count": 0}, "M-Greedy": {"max_delay": 0.23408095683111957, "cost": 114.2, "target_value": 262.6309568311196, "running_time": 380.3236484527588, "n_selected_site": 1, "local_count": 100, "common_count": 0}, "M-Greedy-V2(Tx+Tp+Tq)": {"max_delay": 0.1365006918436022, "cost": 115.06, "target_value": 165.2656918436022, "running_time": 2778.3145904541016, "n_selected_site": 8, "local_count": 32, "common_count": 68}, "Ours": {"max_delay": 0.13289384627283257, "cost": 114.42, "target_value": 161.49884627283257, "running_time": 25413.196802139282, "local_count": 63, "common_count": 37}}, "sim2": {"simulation_id": 2, "user_seed": 96072272, "Nearest": {"max_delay": 0.1472383079654071, "cost": 128.62, "target_value": 179.3933079654071, "running_time": 2.0008087158203125, "local_count": 100, "common_count": 0}, "M-Greedy": {"max_delay": 0.13779424992467, "cost": 110.86, "target_value": 165.50924992467, "running_time": 2176.6817569732666, "n_selected_site": 12, "local_count": 42, "common_count": 58}, "M-Greedy-V2(Tx+Tp+Tq)": {"max_delay": 0.13699628626232227, "cost": 112.24, "target_value": 165.05628626232226, "running_time": 2228.7962436676025, "n_selected_site": 6, "local_count": 20, "common_count": 80}, "Ours": {"max_delay": 0.1313049008778106, "cost": 99.9, "target_value": 156.2799008778106, "running_time": 25164.785146713257, "local_count": 60, "common_count": 40}}}, "60": {"sim0": {"simulation_id": 0, "user_seed": 25341634, "Nearest": {"max_delay": 0.14957321627458448, "cost": 152.36666666666667, "target_value": 187.66488294125114, "running_time": 2.0012855529785156, "local_count": 120, "common_count": 0}, "M-Greedy": {"max_delay": 0.1373021779754714, "cost": 127.75, "target_value": 169.2396779754714, "running_time": 2714.243173599243, "n_selected_site": 10, "local_count": 46, "common_count": 74}, "M-Greedy-V2(Tx+Tp+Tq)": {"max_delay": 0.13534362049750934, "cost": 131.73333333333332, "target_value": 168.27695383084267, "running_time": 3578.993797302246, "n_selected_site": 7, "local_count": 34, "common_count": 86}, "Ours": {"max_delay": 0.13255748218101787, "cost": 119.0, "target_value": 162.30748218101786, "running_time": 11666.435241699219, "local_count": 69, "common_count": 51}}, "sim1": {"simulation_id": 1, "user_seed": 48735011, "Nearest": {"max_delay": 0.1413934311275456, "cost": 156.26666666666668, "target_value": 180.46009779421226, "running_time": 2.0020008087158203, "local_count": 120, "common_count": 0}, "M-Greedy": {"max_delay": 0.1473934311275456, "cost": 136.56666666666666, "target_value": 181.53509779421228, "running_time": 2917.4537658691406, "n_selected_site": 11, "local_count": 56, "common_count": 64}, "M-Greedy-V2(Tx+Tp+Tq)": {"max_delay": 0.13527404603869284, "cost": 134.5, "target_value": 168.89904603869283, "running_time": 3964.4103050231934, "n_selected_site": 8, "local_count": 22, "common_count": 98}, "Ours": {"max_delay": 0.13185484177942908, "cost": 124.65, "target_value": 163.01734177942907, "running_time": 34081.324338912964, "local_count": 62, "common_count": 58}}, "sim2": {"simulation_id": 2, "user_seed": 21833752, "Nearest": {"max_delay": 0.14359566779320673, "cost": 153.25, "target_value": 181.90816779320673, "running_time": 3.0024051666259766, "local_count": 120, "common_count": 0}, "M-Greedy": {"max_delay": 0.23534414306049817, "cost": 124.66666666666667, "target_value": 266.5108097271648, "running_time": 552.4604320526123, "n_selected_site": 1, "local_count": 120, "common_count": 0}, "M-Greedy-V2(Tx+Tp+Tq)": {"max_delay": 0.13458808719040619, "cost": 132.85, "target_value": 167.8005871904062, "running_time": 3566.50710105896, "n_selected_site": 7, "local_count": 24, "common_count": 96}, "Ours": {"max_delay": 0.13022330805109872, "cost": 124.6, "target_value": 161.37330805109872, "running_time": 14980.681419372559, "local_count": 63, "common_count": 57}}}, "70": {"sim0": {"simulation_id": 0, "user_seed": 37402416, "Nearest": {"max_delay": 0.1485050716905732, "cost": 183.74285714285713, "target_value": 194.4407859762875, "running_time": 2.0012855529785156, "local_count": 140, "common_count": 0}, "M-Greedy": {"max_delay": 0.13860472368473248, "cost": 144.4857142857143, "target_value": 174.72615225616104, "running_time": 3677.696943283081, "n_selected_site": 10, "local_count": 48, "common_count": 92}, "M-Greedy-V2(Tx+Tp+Tq)": {"max_delay": 0.13514107405912715, "cost": 144.0142857142857, "target_value": 171.14464548769857, "running_time": 4916.0120487213135, "n_selected_site": 7, "local_count": 38, "common_count": 102},