{"40": {"sim0": {"simulation_id": 0, "user_seed": 68456799, "Nearest": {"max_delay": 0.1466796896357498, "cost": 118.9, "target_value": 176.40468963574978, "running_time": 2.0012855529785156, "local_count": 80, "common_count": 0}, "M-Greedy": {"max_delay": 0.14501671846058348, "cost": 97.675, "target_value": 169.43546846058348, "running_time": 1308.0885410308838, "n_selected_site": 12, "local_count": 32, "common_count": 48}, "M-Greedy-V2(Tx+Tp+Tq)": {"max_delay": 0.13753455140140342, "cost": 92.95, "target_value": 160.77205140140342, "running_time": 1682.3961734771729, "n_selected_site": 8, "local_count": 20, "common_count": 60}, "Ours": {"max_delay": 0.13290288149216928, "cost": 93.225, "target_value": 156.2091314921693, "running_time": 16490.90623855591, "local_count": 35, "common_count": 45}}, "sim1": {"simulation_id": 1, "user_seed": 42358243, "Nearest": {"max_delay": 0.14704786489697552, "cost": 117.875, "target_value": 176.5166148969755, "running_time": 1.0008811950683594, "local_count": 80, "common_count": 0}, "M-Greedy": {"max_delay": 0.2344466297321086, "cost": 90.75, "target_value": 257.1341297321086, "running_time": 236.19461059570312, "n_selected_site": 1, "local_count": 80, "common_count": 0}, "M-Greedy-V2(Tx+Tp+Tq)": {"max_delay": 0.13738392943461464, "cost": 96.25, "target_value": 161.44642943461463, "running_time": 1677.4640083312988, "n_selected_site": 8, "local_count": 12, "common_count": 68}, "Ours": {"max_delay": 0.1328243099516817, "cost": 92.75, "target_value": 156.0118099516817, "running_time": 16876.739740371704, "local_count": 45, "common_count": 35}}, "sim2": {"simulation_id": 2, "user_seed": 66469317, "Nearest": {"max_delay": 0.1432447439028417, "cost": 119.725, "target_value": 173.1759939028417, "running_time": 1.0008811950683594, "local_count": 80, "common_count": 0}, "M-Greedy": {"max_delay": 0.23218796623567278, "cost": 103.0, "target_value": 257.9379662356728, "running_time": 242.19989776611328, "n_selected_site": 1, "local_count": 80, "common_count": 0}, "M-Greedy-V2(Tx+Tp+Tq)": {"max_delay": 0.1290997996453839, "cost": 99.825, "target_value": 154.05604964538392, "running_time": 1725.935459136963, "n_selected_site": 8, "local_count": 20, "common_count": 60}, "Ours": {"max_delay": 0.1269416831070367, "cost": 96.925, "target_value": 151.1729331070367, "running_time": 17409.059762954712, "local_count": 48, "common_count": 32}}}, "50": {"sim0": {"simulation_id": 0, "user_seed": 92183150, "Nearest": {"max_delay": 0.14302837573996485, "cost": 126.5, "target_value": 174.65337573996484, "running_time": 2.0024776458740234, "local_count": 100, "common_count": 0}, "M-Greedy": {"max_delay": 0.13836534089715474, "cost": 121.12, "target_value": 168.64534089715474, "running_time": 2176.790237426758, "n_selected_site": 12, "local_count": 50, "common_count": 50}, "M-Greedy-V2(Tx+Tp+Tq)": {"max_delay": 0.13395955719556374, "cost": 111.8, "target_value": 161.90955719556374, "running_time": 2734.109401702881, "n_selected_site": 8, "local_count": 20, "common_count": 80}, "Ours": {"max_delay": 0.13278745107481194, "cost": 104.7, "target_value": 158.96245107481195, "running_time": 25633.3429813385, "local_count": 56, "common_count": 44}}, "sim1": {"simulation_id": 1, "user_seed": 10379316, "Nearest": {"max_delay": 0.1508231647022721, "cost": 137.12, "target_value": 185.10316470227212, "running_time": 2.0017623901367188, "local_count": 100, "common_count": 0}, "M-Greedy": {"max_delay": 0.13690655203473456, "cost": 116.3, "target_value": 165.98155203473456, "running_time": 1863.3339405059814, "n_selected_site": 10, "local_count": 34, "common_count": 66}, "M-Greedy-V2(Tx+Tp+Tq)": {"max_delay": 0.13690655203473456, "cost": 116.34, "target_value": 165.99155203473458, "running_time": 3007.4191093444824, "n_selected_site": 9, "local_count": 16, "common_count": 84}, "Ours": {"max_delay": 0.13292774589662237, "cost": 113.24, "target_value": 161.23774589662239, "running_time": 25788.4521484375, "local_count": 61, "common_count": 39}}, "sim2": {"simulation_id": 2, "user_seed": 8724493, "Nearest": {"max_delay": 0.15190150419596654, "cost": 131.8, "target_value": 184.85150419596653, "running_time": 2.001523971557617, "local_count": 100, "common_count": 0}, "M-Greedy": {"max_delay": 0.1378763809291118, "cost": 114.06, "target_value": 166.3913809291118, "running_time": 1881.4384937286377, "n_selected_site": 10, "local_count": 40, "common_count": 60}, "M-Greedy-V2(Tx+Tp+Tq)": {"max_delay": 0.13590278346843995, "cost": 114.76, "target_value": 164.59278346843996, "running_time": 3059.7071647644043, "n_selected_site": 9, "local_count": 22, "common_count": 78}, "Ours": {"max_delay": 0.13337949154297413, "cost": 103.38, "target_value": 159.22449154297414, "running_time": 25572.701454162598, "local_count": 62, "common_count": 38}}}, "60": {"sim0": {"simulation_id": 0, "user_seed": 20687138, "Nearest": {"max_delay": 0.1462506028816198, "cost": 143.48333333333332, "target_value": 182.12143621495315, "running_time": 2.0008087158203125, "local_count": 120, "common_count": 0}, "M-Greedy": {"max_delay": 0.13419917118297325, "cost": 113.9, "target_value": 162.67417118297325, "running_time": 2665.95196723938, "n_selected_site": 10, "local_count": 44, "common_count": 76}, "M-Greedy-V2(Tx+Tp+Tq)": {"max_delay": 0.13419917118297325, "cost": 115.03333333333333, "target_value": 162.95750451630659, "running_time": 4303.95245552063, "n_selected_site": 9, "local_count": 20, "common_count": 100}, "Ours": {"max_delay": 0.13130489387446648, "cost": 111.95, "target_value": 159.29239387446648, "running_time": 34193.793058395386, "local_count": 67, "common_count": 53}}, "sim1": {"simulation_id": 1, "user_seed": 30730691, "Nearest": {"max_delay": 0.14410710562648565, "cost": 162.06666666666666, "target_value": 184.62377229315234, "running_time": 2.0017623901367188, "local_count": 120, "common_count": 0}, "M-Greedy": {"max_delay": 0.14410710562648565, "cost": 148.33333333333334, "target_value": 181.190438959819, "running_time": 3592.416524887085, "n_selected_site": 15, "local_count": 84, "common_count": 36}, "M-Greedy-V2(Tx+Tp+Tq)": {"max_delay": 0.1350277538663821, "cost": 133.43333333333334, "target_value": 168.38608719971546, "running_time": 3672.6160049438477, "n_selected_site": 7, "local_count": 14, "common_count": 106}, "Ours": {"max_delay": 0.13272836213886327, "cost": 121.83333333333333, "target_value": 163.18669547219662, "running_time": 34534.64722633362, "local_count": 56, "common_count": 64}}, "sim2": {"simulation_id": 2, "user_seed": 4585976, "Nearest": {"max_delay": 0.1455018582978156, "cost": 162.63333333333333, "target_value": 186.16019163114893, "running_time": 2.0020008087158203, "local_count": 120, "common_count": 0}, "M-Greedy": {"max_delay": 0.13461929343756923, "cost": 131.83333333333334, "target_value": 167.57762677090258, "running_time": 2662.1060371398926, "n_selected_site": 10, "local_count": 36, "common_count": 84}, "M-Greedy-V2(Tx+Tp+Tq)": {"max_delay": 0.13461929343756923, "cost": 133.2, "target_value": 167.91929343756925, "running_time": 3224.635362625122, "n_selected_site": 6, "local_count": 16, "common_count": 104}, "Ours": {"max_delay": 0.13032173235756866, "cost": 122.25, "target_value": 160.88423235756866, "running_time": 35025.535106658936, "local_count": 63, "common_count": 57}}}, "70": {"sim0": {"simulation_id": 0, "user_seed": 30446889, "Nearest": {"max_delay": 0.1508148841039684, "cost": 159.64285714285714, "target_value": 190.7255983896827, "running_time": 2.0017623901367188, "local_count": 140, "common_count": 0}, "M-Greedy": {"max_delay": 0.13871299948840282, "cost": 148.0142857142857, "target_value": 175.71657091697426, "running_time": 3737.0975017547607, "n_selected_site": 10, "local_count": 60, "common_count": 80}, "M-Greedy-V2(Tx+Tp+Tq)": {"max_delay": 0.13739762853697993, "cost": 151.68571428571428, "target_value": 175.31905710840851, "running_time": 4888.9594078063965, "n_selected_site": 7, "local_count": 38, "common_count": 102},