{"40": {"sim0": {"simulation_id": 0, "user_seed": 57640478, "Nearest": {"max_delay": 0.14488858283873957, "cost": 117.95, "target_value": 174.37608283873956, "running_time": 1.0004043579101562, "local_count": 80, "common_count": 0}, "M-Greedy": {"max_delay": 0.14488858283873957, "cost": 114.4, "target_value": 173.48858283873955, "running_time": 1077.18825340271, "n_selected_site": 9, "local_count": 42, "common_count": 38}, "M-Greedy-V2(Tx+Tp+Tq)": {"max_delay": 0.13182964607793723, "cost": 96.825, "target_value": 156.03589607793725, "running_time": 1409.247636795044, "n_selected_site": 6, "local_count": 16, "common_count": 64}, "Ours": {"max_delay": 0.12940694239736864, "cost": 94.0, "target_value": 152.90694239736862, "running_time": 17531.795978546143, "local_count": 49, "common_count": 31}}, "sim1": {"simulation_id": 1, "user_seed": 30491663, "Nearest": {"max_delay": 0.1484190294792121, "cost": 120.125, "target_value": 178.4502794792121, "running_time": 1.0013580322265625, "local_count": 80, "common_count": 0}, "M-Greedy": {"max_delay": 0.1372524540156184, "cost": 95.775, "target_value": 161.19620401561838, "running_time": 1323.2884407043457, "n_selected_site": 11, "local_count": 32, "common_count": 48}, "M-Greedy-V2(Tx+Tp+Tq)": {"max_delay": 0.1372524540156184, "cost": 96.475, "target_value": 161.3712040156184, "running_time": 1936.0220432281494, "n_selected_site": 9, "local_count": 8, "common_count": 72}, "Ours": {"max_delay": 0.13305837371272827, "cost": 93.15, "target_value": 156.34587371272826, "running_time": 17653.117895126343, "local_count": 29, "common_count": 51}}, "sim2": {"simulation_id": 2, "user_seed": 68367707, "Nearest": {"max_delay": 0.1376240397683174, "cost": 110.475, "target_value": 165.2427897683174, "running_time": 2.0012855529785156, "local_count": 80, "common_count": 0}, "M-Greedy": {"max_delay": 0.2333347773126681, "cost": 90.5, "target_value": 255.9597773126681, "running_time": 257.21192359924316, "n_selected_site": 1, "local_count": 80, "common_count": 0}, "M-Greedy-V2(Tx+Tp+Tq)": {"max_delay": 0.1296937516716425, "cost": 97.125, "target_value": 153.97500167164247, "running_time": 1815.042495727539, "n_selected_site": 8, "local_count": 12, "common_count": 68}, "Ours": {"max_delay": 0.12952717149520243, "cost": 93.9, "target_value": 153.00217149520242, "running_time": 17406.890153884888, "local_count": 34, "common_count": 46}}}, "50": {"sim0": {"simulation_id": 0, "user_seed": 60704674, "Nearest": {"max_delay": 0.14378081942169624, "cost": 145.76, "target_value": 180.22081942169623, "running_time": 2.001047134399414, "local_count": 100, "common_count": 0}, "M-Greedy": {"max_delay": 0.13770422168802376, "cost": 115.76, "target_value": 166.64422168802378, "running_time": 1893.2156562805176, "n_selected_site": 10, "local_count": 34, "common_count": 66}, "M-Greedy-V2(Tx+Tp+Tq)": {"max_delay": 0.13770422168802376, "cost": 115.92, "target_value": 166.68422168802377, "running_time": 3073.796510696411, "n_selected_site": 9, "local_count": 18, "common_count": 82}, "Ours": {"max_delay": 0.13330489387446648, "cost": 111.64, "target_value": 161.21489387446647, "running_time": 25519.0212726593, "local_count": 49, "common_count": 51}}, "sim1": {"simulation_id": 1, "user_seed": 36015124, "Nearest": {"max_delay": 0.14865342718531413, "cost": 141.16, "target_value": 183.94342718531414, "running_time": 2.001047134399414, "local_count": 100, "common_count": 0}, "M-Greedy": {"max_delay": 0.1389527348699281, "cost": 112.4, "target_value": 167.0527348699281, "running_time": 1985.8250617980957, "n_selected_site": 11, "local_count": 40, "common_count": 60}, "M-Greedy-V2(Tx+Tp+Tq)": {"max_delay": 0.1389527348699281, "cost": 114.66, "target_value": 167.61773486992809, "running_time": 2761.784315109253, "n_selected_site": 8, "local_count": 26, "common_count": 74}, "Ours": {"max_delay": 0.13373409720157695, "cost": 106.92, "target_value": 160.46409720157695, "running_time": 25855.647325515747, "local_count": 51, "common_count": 49}}, "sim2": {"simulation_id": 2, "user_seed": 54960204, "Nearest": {"max_delay": 0.14816525270140868, "cost": 131.86, "target_value": 181.1302527014087, "running_time": 2.001523971557617, "local_count": 100, "common_count": 0}, "M-Greedy": {"max_delay": 0.2327954900592284, "cost": 112.6, "target_value": 260.9454900592284, "running_time": 384.8838806152344, "n_selected_site": 1, "local_count": 100, "common_count": 0}, "M-Greedy-V2(Tx+Tp+Tq)": {"max_delay": 0.1356734760163535, "cost": 113.44, "target_value": 164.03347601635346, "running_time": 2759.1514587402344, "n_selected_site": 8, "local_count": 32, "common_count": 68}, "Ours": {"max_delay": 0.13351810078183912, "cost": 104.6, "target_value": 159.66810078183912, "running_time": 25555.804014205933, "local_count": 49, "common_count": 51}}}, "60": {"sim0": {"simulation_id": 0, "user_seed": 92977159, "Nearest": {"max_delay": 0.14986839506593402, "cost": 164.76666666666668, "target_value": 191.06006173260067, "running_time": 2.0012855529785156, "local_count": 120, "common_count": 0}, "M-Greedy": {"max_delay": 0.17878835894216916, "cost": 146.81666666666666, "target_value": 215.49252560883582, "running_time": 1577.7835845947266, "n_selected_site": 5, "local_count": 22, "common_count": 98}, "M-Greedy-V2(Tx+Tp+Tq)": {"max_delay": 0.1355880871904062, "cost": 133.8, "target_value": 169.0380871904062, "running_time": 3185.546875, "n_selected_site": 6, "local_count": 26, "common_count": 94}, "Ours": {"max_delay": 0.1314108831158674, "cost": 124.06666666666666, "target_value": 162.42754978253407, "running_time": 26662.928819656372, "local_count": 75, "common_count": 45}}, "sim1": {"simulation_id": 1, "user_seed": 27125984, "Nearest": {"max_delay": 0.1516227212894516, "cost": 165.75, "target_value": 193.0602212894516, "running_time": 2.0020008087158203, "local_count": 120, "common_count": 0}, "M-Greedy": {"max_delay": 0.1394498046367676, "cost": 131.11666666666667, "target_value": 172.22897130343426, "running_time": 2722.6133346557617, "n_selected_site": 10, "local_count": 58, "common_count": 62}, "M-Greedy-V2(Tx+Tp+Tq)": {"max_delay": 0.1394498046367676, "cost": 133.05, "target_value": 172.7123046367676, "running_time": 3178.9777278900146, "n_selected_site": 6, "local_count": 30, "common_count": 90}, "Ours": {"max_delay": 0.13388546048863026, "cost": 130.56666666666666, "target_value": 166.5271271552969, "running_time": 13162.537813186646, "local_count": 60, "common_count": 60}}, "sim2": {"simulation_id": 2, "user_seed": 33451949, "Nearest": {"max_delay": 0.14609705756047403, "cost": 165.7, "target_value": 187.52205756047402, "running_time": 2.0017623901367188, "local_count": 120, "common_count": 0}, "M-Greedy": {"max_delay": 0.133164030380038, "cost": 134.46666666666667, "target_value": 166.78069704670466, "running_time": 2690.0439262390137, "n_selected_site": 10, "local_count": 38, "common_count": 82}, "M-Greedy-V2(Tx+Tp+Tq)": {"max_delay": 0.133164030380038, "cost": 134.35, "target_value": 166.751530380038, "running_time": 3164.3002033233643, "n_selected_site": 6, "local_count": 16, "common_count": 104}, "Ours": {"max_delay": 0.1293613619829255, "cost": 130.56666666666666, "target_value": 162.00302864959218, "running_time": 34730.30209541321, "local_count": 61, "common_count": 59}}}, "70": {"sim0": {"simulation_id": 0, "user_seed": 98272496, "Nearest": {"max_delay": 0.15092815582595048, "cost": 175.87142857142857, "target_value": 194.8960129688076, "running_time": 2.0012855529785156, "local_count": 140, "common_count": 0}, "M-Greedy": {"max_delay": 0.13760456911753668, "cost": 137.22857142857143, "target_value": 171.91171197467955, "running_time": 3653.1593799591064, "n_selected_site": 10, "local_count": 34, "common_count": 106}, "M-Greedy-V2(Tx+Tp+Tq)": {"max_delay": 0.13760456911753668, "cost": 137.0857142857143, "target_value": 171.87599768896527, "running_time": 5375.610113143921, "n_selected_site": 8, "local_count": 24, "common_count": 116},