{"40": {"sim0": {"simulation_id": 0, "user_seed": 22854992, "Nearest": {"max_delay": 0.14194757070542774, "cost": 116.625, "target_value": 171.10382070542775, "running_time": 1.0013580322265625, "local_count": 80, "common_count": 0}, "M-Greedy": {"max_delay": 0.14194757070542774, "cost": 112.6, "target_value": 170.09757070542776, "running_time": 1086.0161781311035, "n_selected_site": 9, "local_count": 40, "common_count": 40}, "M-Greedy-V2(Tx+Tp+Tq)": {"max_delay": 0.13178099524183404, "cost": 97.0, "target_value": 156.03099524183403, "running_time": 1408.590316772461, "n_selected_site": 6, "local_count": 16, "common_count": 64}, "Ours": {"max_delay": 0.1290970495303917, "cost": 93.425, "target_value": 152.4532995303917, "running_time": 17266.85667037964, "local_count": 45, "common_count": 35}}, "sim1": {"simulation_id": 1, "user_seed": 43545744, "Nearest": {"max_delay": 0.14172107987756688, "cost": 120.875, "target_value": 171.9398298775669, "running_time": 2.001523971557617, "local_count": 80, "common_count": 0}, "M-Greedy": {"max_delay": 0.14797689383105525, "cost": 103.45, "target_value": 173.83939383105528, "running_time": 1303.8878440856934, "n_selected_site": 11, "local_count": 44, "common_count": 36}, "M-Greedy-V2(Tx+Tp+Tq)": {"max_delay": 0.13642971400014955, "cost": 96.825, "target_value": 160.63596400014956, "running_time": 1921.5185642242432, "n_selected_site": 9, "local_count": 16, "common_count": 64}, "Ours": {"max_delay": 0.13215154512666286, "cost": 91.9, "target_value": 155.12654512666285, "running_time": 17132.95578956604, "local_count": 41, "common_count": 39}}, "sim2": {"simulation_id": 2, "user_seed": 80112948, "Nearest": {"max_delay": 0.14869175675193935, "cost": 123.3, "target_value": 179.51675675193934, "running_time": 1.0008811950683594, "local_count": 80, "common_count": 0}, "M-Greedy": {"max_delay": 0.1342524540156184, "cost": 96.4, "target_value": 158.35245401561838, "running_time": 1313.089370727539, "n_selected_site": 11, "local_count": 48, "common_count": 32}, "M-Greedy-V2(Tx+Tp+Tq)": {"max_delay": 0.1342524540156184, "cost": 98.175, "target_value": 158.79620401561837, "running_time": 1780.4713249206543, "n_selected_site": 8, "local_count": 16, "common_count": 64}, "Ours": {"max_delay": 0.13107527711696598, "cost": 93.7, "target_value": 154.500277116966, "running_time": 17320.01042366028, "local_count": 45, "common_count": 35}}}, "50": {"sim0": {"simulation_id": 0, "user_seed": 59891060, "Nearest": {"max_delay": 0.1458767465167492, "cost": 135.5, "target_value": 179.7517465167492, "running_time": 2.0020008087158203, "local_count": 100, "common_count": 0}, "M-Greedy": {"max_delay": 0.23221756950357808, "cost": 113.4, "target_value": 260.5675695035781, "running_time": 377.31170654296875, "n_selected_site": 1, "local_count": 100, "common_count": 0}, "M-Greedy-V2(Tx+Tp+Tq)": {"max_delay": 0.13757949334526237, "cost": 113.9, "target_value": 166.05449334526236, "running_time": 2468.5609340667725, "n_selected_site": 7, "local_count": 42, "common_count": 58}, "Ours": {"max_delay": 0.1324079346193014, "cost": 105.48, "target_value": 158.7779346193014, "running_time": 25111.372709274292, "local_count": 52, "common_count": 48}}, "sim1": {"simulation_id": 1, "user_seed": 95998870, "Nearest": {"max_delay": 0.1464851683985682, "cost": 144.36, "target_value": 182.5751683985682, "running_time": 2.0017623901367188, "local_count": 100, "common_count": 0}, "M-Greedy": {"max_delay": 0.23378879301216587, "cost": 113.2, "target_value": 262.08879301216587, "running_time": 394.10972595214844, "n_selected_site": 1, "local_count": 100, "common_count": 0}, "M-Greedy-V2(Tx+Tp+Tq)": {"max_delay": 0.1359811871947002, "cost": 118.08, "target_value": 165.5011871947002, "running_time": 3011.489152908325, "n_selected_site": 9, "local_count": 36, "common_count": 64}, "Ours": {"max_delay": 0.13277893584115147, "cost": 111.34, "target_value": 160.6139358411515, "running_time": 20490.922689437866, "local_count": 61, "common_count": 39}}, "sim2": {"simulation_id": 2, "user_seed": 48188237, "Nearest": {"max_delay": 0.14538621920528028, "cost": 140.1, "target_value": 180.41121920528028, "running_time": 2.0017623901367188, "local_count": 100, "common_count": 0}, "M-Greedy": {"max_delay": 0.140723248030114, "cost": 121.64, "target_value": 171.13324803011398, "running_time": 2134.037494659424, "n_selected_site": 12, "local_count": 38, "common_count": 62}, "M-Greedy-V2(Tx+Tp+Tq)": {"max_delay": 0.13546803187148476, "cost": 116.2, "target_value": 164.51803187148477, "running_time": 2792.3402786254883, "n_selected_site": 8, "local_count": 16, "common_count": 84}, "Ours": {"max_delay": 0.13083541231155404, "cost": 115.12, "target_value": 159.61541231155405, "running_time": 25196.60496711731, "local_count": 45, "common_count": 55}}}, "60": {"sim0": {"simulation_id": 0, "user_seed": 58183987, "Nearest": {"max_delay": 0.14885259009732565, "cost": 171.15, "target_value": 191.64009009732564, "running_time": 2.001047134399414, "local_count": 120, "common_count": 0}, "M-Greedy": {"max_delay": 0.1402564283556474, "cost": 133.26666666666668, "target_value": 173.57309502231405, "running_time": 2714.111328125, "n_selected_site": 10, "local_count": 48, "common_count": 72}, "M-Greedy-V2(Tx+Tp+Tq)": {"max_delay": 0.1402564283556474, "cost": 133.96666666666667, "target_value": 173.74809502231406, "running_time": 3932.253837585449, "n_selected_site": 8, "local_count": 32, "common_count": 88}, "Ours": {"max_delay": 0.13303637374617477, "cost": 132.46666666666667, "target_value": 166.15304041284145, "running_time": 6158.428192138672, "local_count": 62, "common_count": 58}}, "sim1": {"simulation_id": 1, "user_seed": 38715217, "Nearest": {"max_delay": 0.14520320917351653, "cost": 161.35, "target_value": 185.54070917351655, "running_time": 2.0017623901367188, "local_count": 120, "common_count": 0}, "M-Greedy": {"max_delay": 0.14520320917351653, "cost": 147.95, "target_value": 182.19070917351655, "running_time": 2489.443302154541, "n_selected_site": 9, "local_count": 52, "common_count": 68}, "M-Greedy-V2(Tx+Tp+Tq)": {"max_delay": 0.1365421579266931, "cost": 136.1, "target_value": 170.5671579266931, "running_time": 3580.848455429077, "n_selected_site": 7, "local_count": 26, "common_count": 94}, "Ours": {"max_delay": 0.13258090831374972, "cost": 128.6, "target_value": 164.73090831374972, "running_time": 33486.8950843811, "local_count": 55, "common_count": 65}}, "sim2": {"simulation_id": 2, "user_seed": 47566533, "Nearest": {"max_delay": 0.14931094865596356, "cost": 153.03333333333333, "target_value": 187.56928198929688, "running_time": 2.0020008087158203, "local_count": 120, "common_count": 0}, "M-Greedy": {"max_delay": 0.13540210425385135, "cost": 120.5, "target_value": 165.52710425385135, "running_time": 2948.868751525879, "n_selected_site": 11, "local_count": 30, "common_count": 90}, "M-Greedy-V2(Tx+Tp+Tq)": {"max_delay": 0.13540210425385135, "cost": 119.21666666666667, "target_value": 165.20627092051802, "running_time": 3606.5897941589355, "n_selected_site": 7, "local_count": 20, "common_count": 100}, "Ours": {"max_delay": 0.13197061771886184, "cost": 116.28333333333333, "target_value": 161.04145105219516, "running_time": 33183.86745452881, "local_count": 57, "common_count": 63}}}, "70": {"sim0": {"simulation_id": 0, "user_seed": 96019517, "Nearest": {"max_delay": 0.146063072252256, "cost": 172.04285714285714, "target_value": 189.0737865379703, "running_time": 2.0012855529785156, "local_count": 140, "common_count": 0}, "M-Greedy": {"max_delay": 0.23488151055937712, "cost": 135.14285714285714, "target_value": 268.6672248450914, "running_time": 771.3806629180908, "n_selected_site": 1, "local_count": 140, "common_count": 0}, "M-Greedy-V2(Tx+Tp+Tq)": {"max_delay": 0.13549629887183984, "cost": 138.45714285714286, "target_value": 170.11058458612553, "running_time": 5370.444297790527, "n_selected_site": 8, "local_count": 30, "common_count": 110}, "Ours": {"max_delay": 0.13277895110573618,