{"40": {"sim0": {"simulation_id": 0, "user_seed": 58176293, "Nearest": {"max_delay": 0.14165538094353003, "cost": 121.875, "target_value": 172.12413094353002, "running_time": 1.0004043579101562, "local_count": 80, "common_count": 0}, "M-Greedy": {"max_delay": 0.13865538094353003, "cost": 108.375, "target_value": 165.74913094353002, "running_time": 1187.1891021728516, "n_selected_site": 10, "local_count": 34, "common_count": 46}, "M-Greedy-V2(Tx+Tp+Tq)": {"max_delay": 0.1290997996453839, "cost": 100.8, "target_value": 154.2997996453839, "running_time": 1775.8071422576904, "n_selected_site": 8, "local_count": 16, "common_count": 64}, "Ours": {"max_delay": 0.12552493139286264, "cost": 96.9, "target_value": 149.74993139286263, "running_time": 17554.21733856201, "local_count": 42, "common_count": 38}}, "sim1": {"simulation_id": 1, "user_seed": 95985405, "Nearest": {"max_delay": 0.1501513336594117, "cost": 120.95, "target_value": 180.3888336594117, "running_time": 2.002239227294922, "local_count": 80, "common_count": 0}, "M-Greedy": {"max_delay": 0.1390709856687382, "cost": 107.275, "target_value": 165.8897356687382, "running_time": 1224.050521850586, "n_selected_site": 10, "local_count": 20, "common_count": 60}, "M-Greedy-V2(Tx+Tp+Tq)": {"max_delay": 0.1390709856687382, "cost": 107.025, "target_value": 165.8272356687382, "running_time": 1433.502197265625, "n_selected_site": 6, "local_count": 14, "common_count": 66}, "Ours": {"max_delay": 0.13346068537291192, "cost": 97.45, "target_value": 157.82318537291192, "running_time": 17584.16175842285, "local_count": 47, "common_count": 33}}, "sim2": {"simulation_id": 2, "user_seed": 7174390, "Nearest": {"max_delay": 0.14555200937153084, "cost": 115.225, "target_value": 174.35825937153086, "running_time": 1.0380744934082031, "local_count": 80, "common_count": 0}, "M-Greedy": {"max_delay": 0.13627928209880358, "cost": 99.825, "target_value": 161.2355320988036, "running_time": 1405.6203365325928, "n_selected_site": 12, "local_count": 44, "common_count": 36}, "M-Greedy-V2(Tx+Tp+Tq)": {"max_delay": 0.1351674411783121, "cost": 98.475, "target_value": 159.7861911783121, "running_time": 1794.5168018341064, "n_selected_site": 8, "local_count": 20, "common_count": 60}, "Ours": {"max_delay": 0.13229023372228715, "cost": 97.45, "target_value": 156.65273372228717, "running_time": 17389.760732650757, "local_count": 49, "common_count": 31}}}, "50": {"sim0": {"simulation_id": 0, "user_seed": 6968403, "Nearest": {"max_delay": 0.14616525270140868, "cost": 132.98, "target_value": 179.4102527014087, "running_time": 1.0001659393310547, "local_count": 100, "common_count": 0}, "M-Greedy": {"max_delay": 0.2327954900592284, "cost": 113.2, "target_value": 261.0954900592284, "running_time": 388.319730758667, "n_selected_site": 1, "local_count": 100, "common_count": 0}, "M-Greedy-V2(Tx+Tp+Tq)": {"max_delay": 0.1329878842417627, "cost": 114.86, "target_value": 161.7028842417627, "running_time": 2544.5992946624756, "n_selected_site": 7, "local_count": 24, "common_count": 76}, "Ours": {"max_delay": 0.13185233665547894, "cost": 105.9, "target_value": 158.32733665547892, "running_time": 25512.226819992065, "local_count": 45, "common_count": 55}}, "sim1": {"simulation_id": 1, "user_seed": 77274557, "Nearest": {"max_delay": 0.14465386185571935, "cost": 130.68, "target_value": 177.32386185571937, "running_time": 2.0012855529785156, "local_count": 100, "common_count": 0}, "M-Greedy": {"max_delay": 0.14465386185571935, "cost": 122.28, "target_value": 175.22386185571935, "running_time": 1597.3517894744873, "n_selected_site": 8, "local_count": 42, "common_count": 58}, "M-Greedy-V2(Tx+Tp+Tq)": {"max_delay": 0.13360082416084496, "cost": 116.24, "target_value": 162.66082416084495, "running_time": 2223.6688137054443, "n_selected_site": 6, "local_count": 20, "common_count": 80}, "Ours": {"max_delay": 0.13026164994580258, "cost": 103.56, "target_value": 156.1516499458026, "running_time": 25906.073331832886, "local_count": 66, "common_count": 34}}, "sim2": {"simulation_id": 2, "user_seed": 81845101, "Nearest": {"max_delay": 0.14190664669763087, "cost": 140.14, "target_value": 176.94164669763086, "running_time": 2.002239227294922, "local_count": 100, "common_count": 0}, "M-Greedy": {"max_delay": 0.13707383300140963, "cost": 113.94, "target_value": 165.55883300140965, "running_time": 1919.0385341644287, "n_selected_site": 10, "local_count": 26, "common_count": 74}, "M-Greedy-V2(Tx+Tp+Tq)": {"max_delay": 0.13707383300140963, "cost": 114.38, "target_value": 165.66883300140964, "running_time": 2748.4326362609863, "n_selected_site": 8, "local_count": 18, "common_count": 82}, "Ours": {"max_delay": 0.13082720619872554, "cost": 109.82, "target_value": 158.28220619872553, "running_time": 25777.881622314453, "local_count": 53, "common_count": 47}}}, "60": {"sim0": {"simulation_id": 0, "user_seed": 65414964, "Nearest": {"max_delay": 0.14333075188123273, "cost": 163.56666666666666, "target_value": 184.2224185478994, "running_time": 2.0017623901367188, "local_count": 120, "common_count": 0}, "M-Greedy": {"max_delay": 0.14333075188123273, "cost": 143.33333333333334, "target_value": 179.1640852145661, "running_time": 3431.9071769714355, "n_selected_site": 14, "local_count": 76, "common_count": 44}, "M-Greedy-V2(Tx+Tp+Tq)": {"max_delay": 0.13434224305246098, "cost": 133.4, "target_value": 167.69224305246098, "running_time": 4994.0736293792725, "n_selected_site": 11, "local_count": 26, "common_count": 94}, "Ours": {"max_delay": 0.13243314582661664, "cost": 122.35, "target_value": 163.02064582661666, "running_time": 35011.27362251282, "local_count": 76, "common_count": 44}}, "sim1": {"simulation_id": 1, "user_seed": 96553584, "Nearest": {"max_delay": 0.1520314817319483, "cost": 158.16666666666666, "target_value": 191.57314839861496, "running_time": 2.001523971557617, "local_count": 120, "common_count": 0}, "M-Greedy": {"max_delay": 0.13716778364158597, "cost": 130.88333333333333, "target_value": 169.8886169749193, "running_time": 2696.32887840271, "n_selected_site": 10, "local_count": 48, "common_count": 72}, "M-Greedy-V2(Tx+Tp+Tq)": {"max_delay": 0.13716778364158597, "cost": 133.9, "target_value": 170.64278364158596, "running_time": 3173.473119735718, "n_selected_site": 6, "local_count": 20, "common_count": 100}, "Ours": {"max_delay": 0.1334157490159711, "cost": 126.2, "target_value": 164.9657490159711, "running_time": 34992.13433265686, "local_count": 64, "common_count": 56}}, "sim2": {"simulation_id": 2, "user_seed": 35743815, "Nearest": {"max_delay": 0.14852987093810538, "cost": 167.56666666666666, "target_value": 190.42153760477203, "running_time": 2.0017623901367188, "local_count": 120, "common_count": 0}, "M-Greedy": {"max_delay": 0.13978568489159376, "cost": 134.7, "target_value": 173.46068489159376, "running_time": 2894.170045852661, "n_selected_site": 11, "local_count": 46, "common_count": 74}, "M-Greedy-V2(Tx+Tp+Tq)": {"max_delay": 0.13776899162199377, "cost": 132.25, "target_value": 170.83149162199376, "running_time": 4745.297431945801, "n_selected_site": 10, "local_count": 30, "common_count": 90}, "Ours": {"max_delay": 0.13449859649796503, "cost": 122.95, "target_value": 165.23609649796504, "running_time": 19261.185884475708, "local_count": 62, "common_count": 58}}}, "70": {"sim0": {"simulation_id": 0, "user_seed": 45185119, "Nearest": {"max_delay": 0.15244255089503217, "cost": 175.88571428571427, "target_value": 196.41397946646072, "running_time": 3.0024051666259766, "local_count": 140, "common_count": 0}, "M-Greedy": {"max_delay": 0.138291585046484, "cost": 134.52857142857144, "target_value": 171.92372790362688, "running_time": 3719.7020053863525, "n_selected_site": 10, "local_count": 74, "common_count": 66}, "M-Greedy-V2(Tx+Tp+Tq)": {"max_delay": 0.14487349861268156, "cost": 141.45714285714286, "target_value": 180.2377843269673, "running_time": 5349.3971824646, "n_selected_site": 8, "local_count": 22, "common_count": 118},