{"40": {"sim0": {"simulation_id": 0, "user_seed": 15591740, "Nearest": {"max_delay": 0.14572645043782675, "cost": 128.725, "target_value": 177.90770043782675, "running_time": 1.0006427764892578, "local_count": 80, "common_count": 0}, "M-Greedy": {"max_delay": 0.13278272594719553, "cost": 99.575, "target_value": 157.67647594719554, "running_time": 915.7676696777344, "n_selected_site": 7, "local_count": 20, "common_count": 60}, "M-Greedy-V2(Tx+Tp+Tq)": {"max_delay": 0.13278272594719553, "cost": 99.175, "target_value": 157.57647594719552, "running_time": 1435.5437755584717, "n_selected_site": 6, "local_count": 16, "common_count": 64}, "Ours": {"max_delay": 0.12871857742208392, "cost": 95.2, "target_value": 152.51857742208392, "running_time": 17354.195594787598, "local_count": 40, "common_count": 40}}, "sim1": {"simulation_id": 1, "user_seed": 52418993, "Nearest": {"max_delay": 0.14429567808392482, "cost": 126.425, "target_value": 175.90192808392482, "running_time": 2.0012855529785156, "local_count": 80, "common_count": 0}, "M-Greedy": {"max_delay": 0.14429567808392482, "cost": 114.275, "target_value": 172.86442808392482, "running_time": 1269.425630569458, "n_selected_site": 10, "local_count": 40, "common_count": 40}, "M-Greedy-V2(Tx+Tp+Tq)": {"max_delay": 0.13432015826031, "cost": 98.5, "target_value": 158.94515826031, "running_time": 1768.8117027282715, "n_selected_site": 8, "local_count": 12, "common_count": 68}, "Ours": {"max_delay": 0.13339257349810876, "cost": 97.675, "target_value": 157.81132349810875, "running_time": 17822.66592979431, "local_count": 39, "common_count": 41}}, "sim2": {"simulation_id": 2, "user_seed": 49810809, "Nearest": {"max_delay": 0.14876253126074943, "cost": 127.55, "target_value": 180.65003126074942, "running_time": 1.0001659393310547, "local_count": 80, "common_count": 0}, "M-Greedy": {"max_delay": 0.1365429829819018, "cost": 115.375, "target_value": 165.3867329819018, "running_time": 1327.9004096984863, "n_selected_site": 11, "local_count": 30, "common_count": 50}, "M-Greedy-V2(Tx+Tp+Tq)": {"max_delay": 0.13345675746384206, "cost": 110.425, "target_value": 161.06300746384204, "running_time": 1450.2787590026855, "n_selected_site": 6, "local_count": 8, "common_count": 72}, "Ours": {"max_delay": 0.1319622599530688, "cost": 97.675, "target_value": 156.38100995306877, "running_time": 17775.638580322266, "local_count": 29, "common_count": 51}}}, "50": {"sim0": {"simulation_id": 0, "user_seed": 9424724, "Nearest": {"max_delay": 0.1470239020493712, "cost": 134.76, "target_value": 180.7139020493712, "running_time": 1.0008811950683594, "local_count": 100, "common_count": 0}, "M-Greedy": {"max_delay": 0.1380239020493712, "cost": 119.6, "target_value": 167.9239020493712, "running_time": 2224.1926193237305, "n_selected_site": 12, "local_count": 72, "common_count": 28}, "M-Greedy-V2(Tx+Tp+Tq)": {"max_delay": 0.1358002595208186, "cost": 114.06, "target_value": 164.31525952081859, "running_time": 2861.8416786193848, "n_selected_site": 8, "local_count": 28, "common_count": 72}, "Ours": {"max_delay": 0.13113595445526982, "cost": 107.24, "target_value": 157.94595445526983, "running_time": 6287.02187538147, "local_count": 65, "common_count": 35}}, "sim1": {"simulation_id": 1, "user_seed": 98004362, "Nearest": {"max_delay": 0.14076860479068698, "cost": 136.08, "target_value": 174.788604790687, "running_time": 2.001523971557617, "local_count": 100, "common_count": 0}, "M-Greedy": {"max_delay": 0.2252900403453741, "cost": 112.8, "target_value": 253.49004034537407, "running_time": 400.94900131225586, "n_selected_site": 1, "local_count": 100, "common_count": 0}, "M-Greedy-V2(Tx+Tp+Tq)": {"max_delay": 0.13436146610403088, "cost": 115.58, "target_value": 163.2564661040309, "running_time": 2602.882146835327, "n_selected_site": 7, "local_count": 20, "common_count": 80}, "Ours": {"max_delay": 0.13125744028517267, "cost": 101.38, "target_value": 156.60244028517266, "running_time": 25935.05072593689, "local_count": 47, "common_count": 53}}, "sim2": {"simulation_id": 2, "user_seed": 77207503, "Nearest": {"max_delay": 0.14665342718531413, "cost": 131.32, "target_value": 179.4834271853141, "running_time": 2.0017623901367188, "local_count": 100, "common_count": 0}, "M-Greedy": {"max_delay": 0.13765342718531415, "cost": 118.44, "target_value": 167.26342718531413, "running_time": 2261.394739151001, "n_selected_site": 12, "local_count": 62, "common_count": 38}, "M-Greedy-V2(Tx+Tp+Tq)": {"max_delay": 0.13397351666112056, "cost": 114.24, "target_value": 162.53351666112056, "running_time": 2883.552074432373, "n_selected_site": 8, "local_count": 26, "common_count": 74}, "Ours": {"max_delay": 0.13048877776764417, "cost": 107.52, "target_value": 157.36877776764416, "running_time": 15515.11836051941, "local_count": 59, "common_count": 41}}}, "60": {"sim0": {"simulation_id": 0, "user_seed": 79219250, "Nearest": {"max_delay": 0.14737682124541313, "cost": 156.6, "target_value": 186.52682124541312, "running_time": 2.001047134399414, "local_count": 120, "common_count": 0}, "M-Greedy": {"max_delay": 0.23290247762320404, "cost": 135.66666666666666, "target_value": 266.81914428987074, "running_time": 561.3088607788086, "n_selected_site": 1, "local_count": 120, "common_count": 0}, "M-Greedy-V2(Tx+Tp+Tq)": {"max_delay": 0.1353578187734087, "cost": 136.5, "target_value": 169.4828187734087, "running_time": 4040.8785343170166, "n_selected_site": 8, "local_count": 44, "common_count": 76}, "Ours": {"max_delay": 0.13245411323997297, "cost": 127.45, "target_value": 164.31661323997298, "running_time": 12696.620464324951, "local_count": 83, "common_count": 37}}, "sim1": {"simulation_id": 1, "user_seed": 61899036, "Nearest": {"max_delay": 0.15247433232672575, "cost": 163.46666666666667, "target_value": 193.34099899339242, "running_time": 2.001523971557617, "local_count": 120, "common_count": 0}, "M-Greedy": {"max_delay": 0.13874816655910355, "cost": 135.0, "target_value": 172.49816655910354, "running_time": 2925.753355026245, "n_selected_site": 11, "local_count": 64, "common_count": 56}, "M-Greedy-V2(Tx+Tp+Tq)": {"max_delay": 0.1374423115685806, "cost": 131.66666666666666, "target_value": 170.35897823524726, "running_time": 3680.4754734039307, "n_selected_site": 7, "local_count": 28, "common_count": 92}, "Ours": {"max_delay": 0.1327423605294678, "cost": 120.5, "target_value": 162.86736052946782, "running_time": 7738.882541656494, "local_count": 56, "common_count": 64}}, "sim2": {"simulation_id": 2, "user_seed": 40698853, "Nearest": {"max_delay": 0.14694774574370306, "cost": 150.7, "target_value": 184.62274574370304, "running_time": 3.002643585205078, "local_count": 120, "common_count": 0}, "M-Greedy": {"max_delay": 0.14694774574370306, "cost": 141.61666666666667, "target_value": 182.35191241036972, "running_time": 3548.733711242676, "n_selected_site": 14, "local_count": 70, "common_count": 50}, "M-Greedy-V2(Tx+Tp+Tq)": {"max_delay": 0.13788641229720444, "cost": 132.9, "target_value": 171.11141229720442, "running_time": 3662.2512340545654, "n_selected_site": 7, "local_count": 22, "common_count": 98}, "Ours": {"max_delay": 0.13313433992067242, "cost": 122.35, "target_value": 163.72183992067244, "running_time": 35173.76112937927, "local_count": 57, "common_count": 63}}}, "70": {"sim0": {"simulation_id": 0, "user_seed": 5483464, "Nearest": {"max_delay": 0.1494817271742565, "cost": 173.05714285714285, "target_value": 192.74601288854223, "running_time": 3.002643585205078, "local_count": 140, "common_count": 0}, "M-Greedy": {"max_delay": 0.1377079128392817, "cost": 133.45714285714286, "target_value": 171.07219855356738, "running_time": 3928.225040435791, "n_selected_site": 11, "local_count": 82, "common_count": 58}, "M-Greedy-V2(Tx+Tp+Tq)": {"max_delay": 0.1377079128392817, "cost": 133.55714285714285, "target_value": 171.09719855356738, "running_time": 4419.635534286499, "n_selected_site": 6, "local_count": 30, "common_count": 110}, "Ours": {"max_delay": 0.13287891462895732,