{"40": {"sim0": {"simulation_id": 0, "user_seed": 67409817, "Nearest": {"max_delay": 0.14544835260483963, "cost": 119.35, "target_value": 175.28585260483962, "running_time": 1.001119613647461, "local_count": 80, "common_count": 0}, "M-Greedy": {"max_delay": 0.1341569867274223, "cost": 95.25, "target_value": 157.9694867274223, "running_time": 1130.9545040130615, "n_selected_site": 10, "local_count": 18, "common_count": 62}, "M-Greedy-V2(Tx+Tp+Tq)": {"max_delay": 0.1341569867274223, "cost": 95.75, "target_value": 158.0944867274223, "running_time": 1701.6587257385254, "n_selected_site": 8, "local_count": 12, "common_count": 68}, "Ours": {"max_delay": 0.1306755073440361, "cost": 89.575, "target_value": 153.06925734403612, "running_time": 16919.731616973877, "local_count": 42, "common_count": 38}}, "sim1": {"simulation_id": 1, "user_seed": 7607670, "Nearest": {"max_delay": 0.14650128056146317, "cost": 114.05, "target_value": 175.01378056146316, "running_time": 1.001119613647461, "local_count": 80, "common_count": 0}, "M-Greedy": {"max_delay": 0.14650128056146317, "cost": 104.25, "target_value": 172.56378056146318, "running_time": 1461.6405963897705, "n_selected_site": 13, "local_count": 54, "common_count": 26}, "M-Greedy-V2(Tx+Tp+Tq)": {"max_delay": 0.13676008437320183, "cost": 100.05, "target_value": 161.77258437320182, "running_time": 1901.9114971160889, "n_selected_site": 9, "local_count": 32, "common_count": 48}, "Ours": {"max_delay": 0.13449910246105712, "cost": 97.3, "target_value": 158.8241024610571, "running_time": 17494.6608543396, "local_count": 59, "common_count": 21}}, "sim2": {"simulation_id": 2, "user_seed": 18507023, "Nearest": {"max_delay": 0.13316596903983033, "cost": 124.675, "target_value": 164.3347190398303, "running_time": 1.0013580322265625, "local_count": 80, "common_count": 0}, "M-Greedy": {"max_delay": 0.13297689383105527, "cost": 104.725, "target_value": 159.15814383105527, "running_time": 905.2820205688477, "n_selected_site": 7, "local_count": 24, "common_count": 56}, "M-Greedy-V2(Tx+Tp+Tq)": {"max_delay": 0.12231432301288934, "cost": 97.8, "target_value": 146.76432301288935, "running_time": 1251.1045932769775, "n_selected_site": 5, "local_count": 10, "common_count": 70}, "Ours": {"max_delay": 0.12231432301288934, "cost": 93.9, "target_value": 145.78932301288935, "running_time": 2383.178472518921, "local_count": 41, "common_count": 39}}}, "50": {"sim0": {"simulation_id": 0, "user_seed": 94236226, "Nearest": {"max_delay": 0.147178745105208, "cost": 148.84, "target_value": 184.38874510520802, "running_time": 2.0012855529785156, "local_count": 100, "common_count": 0}, "M-Greedy": {"max_delay": 0.13401760005616256, "cost": 117.78, "target_value": 163.46260005616256, "running_time": 1860.5506420135498, "n_selected_site": 10, "local_count": 36, "common_count": 64}, "M-Greedy-V2(Tx+Tp+Tq)": {"max_delay": 0.13343993119009392, "cost": 118.42, "target_value": 163.0449311900939, "running_time": 2495.6045150756836, "n_selected_site": 7, "local_count": 24, "common_count": 76}, "Ours": {"max_delay": 0.12989384627283257, "cost": 113.4, "target_value": 158.24384627283257, "running_time": 25559.96036529541, "local_count": 60, "common_count": 40}}, "sim1": {"simulation_id": 1, "user_seed": 120257, "Nearest": {"max_delay": 0.1451050532530727, "cost": 142.58, "target_value": 180.75005325307274, "running_time": 2.001047134399414, "local_count": 100, "common_count": 0}, "M-Greedy": {"max_delay": 0.13640632012687923, "cost": 123.02, "target_value": 167.16132012687922, "running_time": 2177.14786529541, "n_selected_site": 12, "local_count": 50, "common_count": 50}, "M-Greedy-V2(Tx+Tp+Tq)": {"max_delay": 0.1358002595208186, "cost": 113.52, "target_value": 164.1802595208186, "running_time": 2728.7538051605225, "n_selected_site": 8, "local_count": 14, "common_count": 86}, "Ours": {"max_delay": 0.13055045585797423, "cost": 105.82, "target_value": 157.00545585797425, "running_time": 25435.436248779297, "local_count": 40, "common_count": 60}}, "sim2": {"simulation_id": 2, "user_seed": 51352212, "Nearest": {"max_delay": 0.14917860317942067, "cost": 146.54, "target_value": 185.81360317942065, "running_time": 2.001523971557617, "local_count": 100, "common_count": 0}, "M-Greedy": {"max_delay": 0.14873271573353322, "cost": 124.54, "target_value": 179.8677157335332, "running_time": 1724.431037902832, "n_selected_site": 9, "local_count": 36, "common_count": 64}, "M-Greedy-V2(Tx+Tp+Tq)": {"max_delay": 0.13760261111350203, "cost": 115.2, "target_value": 166.40261111350205, "running_time": 2706.2625885009766, "n_selected_site": 8, "local_count": 24, "common_count": 76}, "Ours": {"max_delay": 0.13293442268472383, "cost": 113.18, "target_value": 161.22942268472383, "running_time": 25819.629192352295, "local_count": 52, "common_count": 48}}}, "60": {"sim0": {"simulation_id": 0, "user_seed": 35449492, "Nearest": {"max_delay": 0.14129232626447508, "cost": 146.58333333333334, "target_value": 177.9381595978084, "running_time": 2.001523971557617, "local_count": 120, "common_count": 0}, "M-Greedy": {"max_delay": 0.13818617916818787, "cost": 131.76666666666668, "target_value": 171.12784583485453, "running_time": 3084.577798843384, "n_selected_site": 12, "local_count": 82, "common_count": 38}, "M-Greedy-V2(Tx+Tp+Tq)": {"max_delay": 0.13206455350474403, "cost": 118.43333333333334, "target_value": 161.67288683807737, "running_time": 3182.3203563690186, "n_selected_site": 6, "local_count": 10, "common_count": 110}, "Ours": {"max_delay": 0.12914582250279655, "cost": 115.3, "target_value": 157.97082250279652, "running_time": 34321.78258895874, "local_count": 67, "common_count": 53}}, "sim1": {"simulation_id": 1, "user_seed": 22921807, "Nearest": {"max_delay": 0.14730631064650895, "cost": 154.38333333333333, "target_value": 185.9021439798423, "running_time": 2.002239227294922, "local_count": 120, "common_count": 0}, "M-Greedy": {"max_delay": 0.15030631064650896, "cost": 137.5, "target_value": 184.68131064650896, "running_time": 2670.9647178649902, "n_selected_site": 10, "local_count": 52, "common_count": 68}, "M-Greedy-V2(Tx+Tp+Tq)": {"max_delay": 0.13691377034236496, "cost": 132.86666666666667, "target_value": 170.13043700903162, "running_time": 3161.5166664123535, "n_selected_site": 6, "local_count": 28, "common_count": 92}, "Ours": {"max_delay": 0.1340753865039811, "cost": 122.58333333333333, "target_value": 164.72121983731444, "running_time": 34303.892374038696, "local_count": 62, "common_count": 58}}, "sim2": {"simulation_id": 2, "user_seed": 18992114, "Nearest": {"max_delay": 0.15069362550473542, "cost": 160.68333333333334, "target_value": 190.86445883806874, "running_time": 2.0017623901367188, "local_count": 120, "common_count": 0}, "M-Greedy": {"max_delay": 0.13833786001244514, "cost": 141.46666666666667, "target_value": 173.7045266791118, "running_time": 2872.5790977478027, "n_selected_site": 11, "local_count": 52, "common_count": 68}, "M-Greedy-V2(Tx+Tp+Tq)": {"max_delay": 0.13647026695543413, "cost": 133.03333333333333, "target_value": 169.72860028876747, "running_time": 3899.231433868408, "n_selected_site": 8, "local_count": 28, "common_count": 92}, "Ours": {"max_delay": 0.13354874971662598, "cost": 123.1, "target_value": 164.32374971662597, "running_time": 30927.249670028687, "local_count": 59, "common_count": 61}}}, "70": {"sim0": {"simulation_id": 0, "user_seed": 52963081, "Nearest": {"max_delay": 0.15300028416098593, "cost": 171.68571428571428, "target_value": 195.9217127324145, "running_time": 3.002166748046875, "local_count": 140, "common_count": 0}, "M-Greedy": {"max_delay": 0.13854766950887792, "cost": 134.25714285714287, "target_value": 172.11195522316365, "running_time": 3621.4938163757324, "n_selected_site": 10, "local_count": 72, "common_count": 68}, "M-Greedy-V2(Tx+Tp+Tq)": {"max_delay": 0.13854766950887792, "cost": 137.97142857142856, "target_value": 173.04052665173506, "running_time": 5333.946466445923, "n_selected_site": 8, "local_count": 30,