{"40": {"sim0": {"simulation_id": 0, "user_seed": 746014, "Nearest": {"max_delay": 0.14753830879132862, "cost": 115.8, "target_value": 176.48830879132862, "running_time": 1.972198486328125, "local_count": 80, "common_count": 0}, "M-Greedy": {"max_delay": 0.13552596031465775, "cost": 96.0, "target_value": 159.52596031465774, "running_time": 1161.8976593017578, "n_selected_site": 10, "local_count": 24, "common_count": 56}, "M-Greedy-V2(Tx+Tp+Tq)": {"max_delay": 0.1333218362176484, "cost": 97.975, "target_value": 157.81558621764842, "running_time": 1903.7389755249023, "n_selected_site": 9, "local_count": 12, "common_count": 68}, "Ours": {"max_delay": 0.1302298816547358, "cost": 93.575, "target_value": 153.62363165473582, "running_time": 16903.68628501892, "local_count": 38, "common_count": 42}}, "sim1": {"simulation_id": 1, "user_seed": 21878727, "Nearest": {"max_delay": 0.1383036788504639, "cost": 117.675, "target_value": 167.7224288504639, "running_time": 1.001119613647461, "local_count": 80, "common_count": 0}, "M-Greedy": {"max_delay": 0.1383036788504639, "cost": 108.325, "target_value": 165.38492885046392, "running_time": 1228.9831638336182, "n_selected_site": 10, "local_count": 40, "common_count": 40}, "M-Greedy-V2(Tx+Tp+Tq)": {"max_delay": 0.13306141804457136, "cost": 94.625, "target_value": 156.71766804457135, "running_time": 1451.4942169189453, "n_selected_site": 6, "local_count": 16, "common_count": 64}, "Ours": {"max_delay": 0.1288243099516817, "cost": 90.575, "target_value": 151.4680599516817, "running_time": 17545.284509658813, "local_count": 40, "common_count": 40}}, "sim2": {"simulation_id": 2, "user_seed": 17525374, "Nearest": {"max_delay": 0.14508200065437837, "cost": 122.35, "target_value": 175.66950065437837, "running_time": 2.0017623901367188, "local_count": 80, "common_count": 0}, "M-Greedy": {"max_delay": 0.23176008437320184, "cost": 101.75, "target_value": 257.19758437320183, "running_time": 259.213924407959, "n_selected_site": 1, "local_count": 80, "common_count": 0}, "M-Greedy-V2(Tx+Tp+Tq)": {"max_delay": 0.13115032827564085, "cost": 99.6, "target_value": 156.05032827564085, "running_time": 1978.5354137420654, "n_selected_site": 9, "local_count": 20, "common_count": 60}, "Ours": {"max_delay": 0.12951380124456574, "cost": 93.975, "target_value": 153.00755124456575, "running_time": 17631.212949752808, "local_count": 44, "common_count": 36}}}, "50": {"sim0": {"simulation_id": 0, "user_seed": 61124190, "Nearest": {"max_delay": 0.1456718600094295, "cost": 133.82, "target_value": 179.1268600094295, "running_time": 1.0001659393310547, "local_count": 100, "common_count": 0}, "M-Greedy": {"max_delay": 0.2326749225739128, "cost": 112.8, "target_value": 260.87492257391284, "running_time": 407.848596572876, "n_selected_site": 1, "local_count": 100, "common_count": 0}, "M-Greedy-V2(Tx+Tp+Tq)": {"max_delay": 0.13577738530687516, "cost": 114.02, "target_value": 164.28238530687517, "running_time": 2266.9613361358643, "n_selected_site": 6, "local_count": 14, "common_count": 86}, "Ours": {"max_delay": 0.13177291502074248, "cost": 105.26, "target_value": 158.08791502074249, "running_time": 25879.87184524536, "local_count": 45, "common_count": 55}}, "sim1": {"simulation_id": 1, "user_seed": 67797374, "Nearest": {"max_delay": 0.1472991753920416, "cost": 142.18, "target_value": 182.84417539204162, "running_time": 2.0017623901367188, "local_count": 100, "common_count": 0}, "M-Greedy": {"max_delay": 0.13728108933152738, "cost": 116.58, "target_value": 166.4260893315274, "running_time": 1924.66402053833, "n_selected_site": 10, "local_count": 38, "common_count": 62}, "M-Greedy-V2(Tx+Tp+Tq)": {"max_delay": 0.13686587507013254, "cost": 118.96, "target_value": 166.60587507013256, "running_time": 3056.6725730895996, "n_selected_site": 9, "local_count": 22, "common_count": 78}, "Ours": {"max_delay": 0.1327161312519532, "cost": 111.94, "target_value": 160.7011312519532, "running_time": 26025.39300918579, "local_count": 58, "common_count": 42}}, "sim2": {"simulation_id": 2, "user_seed": 19899503, "Nearest": {"max_delay": 0.15051640279519185, "cost": 136.18, "target_value": 184.56140279519184, "running_time": 1.0006427764892578, "local_count": 100, "common_count": 0}, "M-Greedy": {"max_delay": 0.14877221674868024, "cost": 116.28, "target_value": 177.84221674868024, "running_time": 1765.8107280731201, "n_selected_site": 9, "local_count": 24, "common_count": 76}, "M-Greedy-V2(Tx+Tp+Tq)": {"max_delay": 0.1370946147926021, "cost": 113.38, "target_value": 165.4396147926021, "running_time": 3103.2323837280273, "n_selected_site": 9, "local_count": 18, "common_count": 82}, "Ours": {"max_delay": 0.1339546079699202, "cost": 110.36, "target_value": 161.5446079699202, "running_time": 25799.49450492859, "local_count": 54, "common_count": 46}}}, "60": {"sim0": {"simulation_id": 0, "user_seed": 58369662, "Nearest": {"max_delay": 0.1457520931603276, "cost": 162.28333333333333, "target_value": 186.32292649366093, "running_time": 2.0017623901367188, "local_count": 120, "common_count": 0}, "M-Greedy": {"max_delay": 0.1367520931603276, "cost": 139.98333333333332, "target_value": 171.74792649366094, "running_time": 3213.472366333008, "n_selected_site": 12, "local_count": 58, "common_count": 62}, "M-Greedy-V2(Tx+Tp+Tq)": {"max_delay": 0.13476899162199377, "cost": 132.35, "target_value": 167.85649162199377, "running_time": 3246.3862895965576, "n_selected_site": 6, "local_count": 16, "common_count": 104}, "Ours": {"max_delay": 0.13095051367747976, "cost": 119.53333333333333, "target_value": 160.8338470108131, "running_time": 34260.62488555908, "local_count": 57, "common_count": 63}}, "sim1": {"simulation_id": 1, "user_seed": 42516358, "Nearest": {"max_delay": 0.14575361728393782, "cost": 174.63333333333333, "target_value": 189.41195061727115, "running_time": 2.0020008087158203, "local_count": 120, "common_count": 0}, "M-Greedy": {"max_delay": 0.14575361728393782, "cost": 157.43333333333334, "target_value": 185.11195061727113, "running_time": 2504.603385925293, "n_selected_site": 9, "local_count": 70, "common_count": 50}, "M-Greedy-V2(Tx+Tp+Tq)": {"max_delay": 0.13267987353396904, "cost": 133.93333333333334, "target_value": 166.1632068673024, "running_time": 3198.9526748657227, "n_selected_site": 6, "local_count": 20, "common_count": 100}, "Ours": {"max_delay": 0.12900178668859824, "cost": 129.23333333333332, "target_value": 161.31012002193157, "running_time": 34927.07872390747, "local_count": 59, "common_count": 61}}, "sim2": {"simulation_id": 2, "user_seed": 39195128, "Nearest": {"max_delay": 0.14614801936354488, "cost": 161.96666666666667, "target_value": 186.63968603021155, "running_time": 2.002716064453125, "local_count": 120, "common_count": 0}, "M-Greedy": {"max_delay": 0.13714801936354487, "cost": 140.43333333333334, "target_value": 172.2563526968782, "running_time": 3109.764575958252, "n_selected_site": 12, "local_count": 66, "common_count": 54}, "M-Greedy-V2(Tx+Tp+Tq)": {"max_delay": 0.13417120502222568, "cost": 128.6, "target_value": 166.32120502222568, "running_time": 3309.8151683807373, "n_selected_site": 6, "local_count": 28, "common_count": 92}, "Ours": {"max_delay": 0.13117377038344763, "cost": 117.41666666666667, "target_value": 160.52793705011428, "running_time": 34718.34850311279, "local_count": 58, "common_count": 62}}}, "70": {"sim0": {"simulation_id": 0, "user_seed": 14974163, "Nearest": {"max_delay": 0.15068768744768374, "cost": 180.22857142857143, "target_value": 195.7448303048266, "running_time": 2.0017623901367188, "local_count": 140, "common_count": 0}, "M-Greedy": {"max_delay": 0.13970941849292706, "cost": 149.6, "target_value": 177.10941849292706, "running_time": 3678.2782077789307, "n_selected_site": 10, "local_count": 42, "common_count": 98}, "M-Greedy-V2(Tx+Tp+Tq)": {"max_delay": 0.13964335363225153, "cost": 153.67142857142858, "target_value": 178.06121077510866, "running_time": 4398.736000061035, "n_selected_site": 6, "local_count": 36,