{"40": {"sim0": {"simulation_id": 0, "user_seed": 23252433, "Nearest": {"max_delay": 0.14828483108186077, "cost": 115.35, "target_value": 177.12233108186078, "running_time": 1.0008811950683594, "local_count": 80, "common_count": 0}, "M-Greedy": {"max_delay": 0.23248217450491376, "cost": 90.5, "target_value": 255.10717450491376, "running_time": 246.34361267089844, "n_selected_site": 1, "local_count": 80, "common_count": 0}, "M-Greedy-V2(Tx+Tp+Tq)": {"max_delay": 0.23248217450491376, "cost": 90.5, "target_value": 255.10717450491376, "running_time": 450.37221908569336, "n_selected_site": 1, "local_count": 80, "common_count": 0}, "Ours": {"max_delay": 0.13048006228179462, "cost": 94.375, "target_value": 154.07381228179463, "running_time": 17188.430786132812, "local_count": 55, "common_count": 25}}, "sim1": {"simulation_id": 1, "user_seed": 35212094, "Nearest": {"max_delay": 0.14500764051609732, "cost": 123.325, "target_value": 175.83889051609734, "running_time": 1.001119613647461, "local_count": 80, "common_count": 0}, "M-Greedy": {"max_delay": 0.13864055655289617, "cost": 111.975, "target_value": 166.63430655289616, "running_time": 1402.7698040008545, "n_selected_site": 12, "local_count": 42, "common_count": 38}, "M-Greedy-V2(Tx+Tp+Tq)": {"max_delay": 0.13518312756673628, "cost": 109.75, "target_value": 162.6206275667363, "running_time": 1428.572177886963, "n_selected_site": 6, "local_count": 16, "common_count": 64}, "Ours": {"max_delay": 0.13247436392674988, "cost": 98.975, "target_value": 157.21811392674988, "running_time": 17718.1875705719, "local_count": 36, "common_count": 44}}, "sim2": {"simulation_id": 2, "user_seed": 54843148, "Nearest": {"max_delay": 0.1453528903146582, "cost": 121.025, "target_value": 175.6091403146582, "running_time": 2.0012855529785156, "local_count": 80, "common_count": 0}, "M-Greedy": {"max_delay": 0.1438889745287207, "cost": 107.275, "target_value": 170.7077245287207, "running_time": 1378.657579421997, "n_selected_site": 12, "local_count": 34, "common_count": 46}, "M-Greedy-V2(Tx+Tp+Tq)": {"max_delay": 0.13666239067326158, "cost": 94.625, "target_value": 160.31864067326157, "running_time": 1778.3372402191162, "n_selected_site": 8, "local_count": 16, "common_count": 64}, "Ours": {"max_delay": 0.1334958245737491, "cost": 94.55, "target_value": 157.13332457374906, "running_time": 17426.460027694702, "local_count": 27, "common_count": 53}}}, "50": {"sim0": {"simulation_id": 0, "user_seed": 58475269, "Nearest": {"max_delay": 0.14485328794615415, "cost": 141.44, "target_value": 180.21328794615414, "running_time": 1.0006427764892578, "local_count": 100, "common_count": 0}, "M-Greedy": {"max_delay": 0.13528108933152738, "cost": 116.2, "target_value": 164.33108933152738, "running_time": 1900.8731842041016, "n_selected_site": 10, "local_count": 34, "common_count": 66}, "M-Greedy-V2(Tx+Tp+Tq)": {"max_delay": 0.13528108933152738, "cost": 117.5, "target_value": 164.65608933152737, "running_time": 2745.938301086426, "n_selected_site": 8, "local_count": 14, "common_count": 86}, "Ours": {"max_delay": 0.13153920694206128, "cost": 112.34, "target_value": 159.62420694206128, "running_time": 25321.50673866272, "local_count": 55, "common_count": 45}}, "sim1": {"simulation_id": 1, "user_seed": 81937223, "Nearest": {"max_delay": 0.14957761190540664, "cost": 147.28, "target_value": 186.39761190540662, "running_time": 1.0004043579101562, "local_count": 100, "common_count": 0}, "M-Greedy": {"max_delay": 0.1388002595208186, "cost": 114.44, "target_value": 167.4102595208186, "running_time": 2016.8836116790771, "n_selected_site": 11, "local_count": 38, "common_count": 62}, "M-Greedy-V2(Tx+Tp+Tq)": {"max_delay": 0.13644919685716986, "cost": 116.68, "target_value": 165.61919685716987, "running_time": 3015.7148838043213, "n_selected_site": 9, "local_count": 16, "common_count": 84}, "Ours": {"max_delay": 0.1340143716439117, "cost": 109.12, "target_value": 161.2943716439117, "running_time": 25276.1652469635, "local_count": 51, "common_count": 49}}, "sim2": {"simulation_id": 2, "user_seed": 24508652, "Nearest": {"max_delay": 0.14647324807503162, "cost": 143.14, "target_value": 182.25824807503162, "running_time": 1.0018348693847656, "local_count": 100, "common_count": 0}, "M-Greedy": {"max_delay": 0.135670590961632, "cost": 115.04, "target_value": 164.430590961632, "running_time": 1868.9031600952148, "n_selected_site": 10, "local_count": 22, "common_count": 78}, "M-Greedy-V2(Tx+Tp+Tq)": {"max_delay": 0.135670590961632, "cost": 115.14, "target_value": 164.455590961632, "running_time": 2772.2504138946533, "n_selected_site": 8, "local_count": 18, "common_count": 82}, "Ours": {"max_delay": 0.13054680534790802, "cost": 108.24, "target_value": 157.60680534790802, "running_time": 25785.32123565674, "local_count": 53, "common_count": 47}}}, "60": {"sim0": {"simulation_id": 0, "user_seed": 49857009, "Nearest": {"max_delay": 0.14889361223381054, "cost": 151.91666666666666, "target_value": 186.8727789004772, "running_time": 2.001523971557617, "local_count": 120, "common_count": 0}, "M-Greedy": {"max_delay": 0.1354423115685806, "cost": 130.15, "target_value": 167.9798115685806, "running_time": 2724.2517471313477, "n_selected_site": 10, "local_count": 50, "common_count": 70}, "M-Greedy-V2(Tx+Tp+Tq)": {"max_delay": 0.13532856533814674, "cost": 133.53333333333333, "target_value": 168.71189867148007, "running_time": 3548.940896987915, "n_selected_site": 7, "local_count": 24, "common_count": 96}, "Ours": {"max_delay": 0.12977827264399922, "cost": 121.8, "target_value": 160.2282726439992, "running_time": 16950.71768760681, "local_count": 70, "common_count": 50}}, "sim1": {"simulation_id": 1, "user_seed": 60835759, "Nearest": {"max_delay": 0.1501603210893021, "cost": 155.61666666666667, "target_value": 189.06448775596877, "running_time": 2.001523971557617, "local_count": 120, "common_count": 0}, "M-Greedy": {"max_delay": 0.1484973499141358, "cost": 136.06666666666666, "target_value": 182.51401658080243, "running_time": 3282.371759414673, "n_selected_site": 13, "local_count": 78, "common_count": 42}, "M-Greedy-V2(Tx+Tp+Tq)": {"max_delay": 0.1361158334474127, "cost": 133.88333333333333, "target_value": 169.58666678074604, "running_time": 3142.8492069244385, "n_selected_site": 6, "local_count": 22, "common_count": 98}, "Ours": {"max_delay": 0.13285216609764372, "cost": 119.65, "target_value": 162.76466609764373, "running_time": 34557.08289146423, "local_count": 69, "common_count": 51}}, "sim2": {"simulation_id": 2, "user_seed": 26782414, "Nearest": {"max_delay": 0.1499221278284219, "cost": 153.15, "target_value": 188.2096278284219, "running_time": 2.001047134399414, "local_count": 120, "common_count": 0}, "M-Greedy": {"max_delay": 0.233898236873332, "cost": 124.16666666666667, "target_value": 264.9399035399987, "running_time": 555.0251007080078, "n_selected_site": 1, "local_count": 120, "common_count": 0}, "M-Greedy-V2(Tx+Tp+Tq)": {"max_delay": 0.13605055766025181, "cost": 135.91666666666666, "target_value": 170.02972432691848, "running_time": 3113.9791011810303, "n_selected_site": 6, "local_count": 12, "common_count": 108}, "Ours": {"max_delay": 0.13211061632795082, "cost": 120.68333333333334, "target_value": 162.28144966128417, "running_time": 34166.49007797241, "local_count": 72, "common_count": 48}}}, "70": {"sim0": {"simulation_id": 0, "user_seed": 13581820, "Nearest": {"max_delay": 0.14604789056832482, "cost": 178.17142857142858, "target_value": 190.59074771118196, "running_time": 3.0028820037841797, "local_count": 140, "common_count": 0}, "M-Greedy": {"max_delay": 0.13843467473489413, "cost": 149.82857142857142, "target_value": 175.89181759203697, "running_time": 3630.086660385132, "n_selected_site": 10, "local_count": 36, "common_count": 104}, "M-Greedy-V2(Tx+Tp+Tq)": {"max_delay": 0.13762313376422247, "cost": 152.52857142857144, "target_value": 175.75527662136534, "running_time": 4342.160940170288, "n_selected_site": 6, "local_count": 24, "common_count": 116},