{"40": {"sim0": {"simulation_id": 0, "user_seed": 69000771, "Nearest": {"max_delay": 0.13874205093913228, "cost": 120.8, "target_value": 168.94205093913226, "running_time": 1.0004043579101562, "local_count": 80, "common_count": 0}, "M-Greedy": {"max_delay": 0.13761590318610112, "cost": 119.7, "target_value": 167.54090318610113, "running_time": 985.92209815979, "n_selected_site": 8, "local_count": 42, "common_count": 38}, "M-Greedy-V2(Tx+Tp+Tq)": {"max_delay": 0.1232282267041224, "cost": 113.975, "target_value": 151.7219767041224, "running_time": 1585.0458145141602, "n_selected_site": 7, "local_count": 12, "common_count": 68}, "Ours": {"max_delay": 0.12303464605680747, "cost": 100.625, "target_value": 148.19089605680747, "running_time": 3076.1022567749023, "local_count": 33, "common_count": 47}}, "sim1": {"simulation_id": 1, "user_seed": 47918302, "Nearest": {"max_delay": 0.14371815492509615, "cost": 133.2, "target_value": 177.01815492509616, "running_time": 1.001119613647461, "local_count": 80, "common_count": 0}, "M-Greedy": {"max_delay": 0.14213085333779454, "cost": 123.05, "target_value": 172.89335333779454, "running_time": 1200.2668380737305, "n_selected_site": 10, "local_count": 44, "common_count": 36}, "M-Greedy-V2(Tx+Tp+Tq)": {"max_delay": 0.1348279400248246, "cost": 109.3, "target_value": 162.15294002482457, "running_time": 1405.9929847717285, "n_selected_site": 6, "local_count": 10, "common_count": 70}, "Ours": {"max_delay": 0.13193097513939245, "cost": 98.925, "target_value": 156.66222513939243, "running_time": 17682.112216949463, "local_count": 33, "common_count": 47}}, "sim2": {"simulation_id": 2, "user_seed": 15146880, "Nearest": {"max_delay": 0.14077423159375307, "cost": 118.0, "target_value": 170.2742315937531, "running_time": 2.0012855529785156, "local_count": 80, "common_count": 0}, "M-Greedy": {"max_delay": 0.14077423159375307, "cost": 101.425, "target_value": 166.13048159375307, "running_time": 909.3935489654541, "n_selected_site": 7, "local_count": 20, "common_count": 60}, "M-Greedy-V2(Tx+Tp+Tq)": {"max_delay": 0.1277167641957202, "cost": 95.95, "target_value": 151.7042641957202, "running_time": 1434.760570526123, "n_selected_site": 6, "local_count": 12, "common_count": 68}, "Ours": {"max_delay": 0.1260435129629794, "cost": 92.85, "target_value": 149.25601296297938, "running_time": 17842.13137626648, "local_count": 37, "common_count": 43}}}, "50": {"sim0": {"simulation_id": 0, "user_seed": 77110172, "Nearest": {"max_delay": 0.15051640279519185, "cost": 135.04, "target_value": 184.27640279519184, "running_time": 2.0017623901367188, "local_count": 100, "common_count": 0}, "M-Greedy": {"max_delay": 0.13854529177519398, "cost": 114.3, "target_value": 167.12029177519398, "running_time": 1859.4481945037842, "n_selected_site": 10, "local_count": 28, "common_count": 72}, "M-Greedy-V2(Tx+Tp+Tq)": {"max_delay": 0.13749024104153568, "cost": 116.06, "target_value": 166.50524104153567, "running_time": 3098.162889480591, "n_selected_site": 9, "local_count": 24, "common_count": 76}, "Ours": {"max_delay": 0.13249069218398274, "cost": 110.82, "target_value": 160.19569218398271, "running_time": 26447.786808013916, "local_count": 58, "common_count": 42}}, "sim1": {"simulation_id": 1, "user_seed": 24188614, "Nearest": {"max_delay": 0.147017445493527, "cost": 143.08, "target_value": 182.787445493527, "running_time": 1.001119613647461, "local_count": 100, "common_count": 0}, "M-Greedy": {"max_delay": 0.13621730106726745, "cost": 112.54, "target_value": 164.35230106726743, "running_time": 1935.410737991333, "n_selected_site": 10, "local_count": 40, "common_count": 60}, "M-Greedy-V2(Tx+Tp+Tq)": {"max_delay": 0.13375853422865136, "cost": 115.34, "target_value": 162.59353422865138, "running_time": 3319.127082824707, "n_selected_site": 10, "local_count": 18, "common_count": 82}, "Ours": {"max_delay": 0.13067361567660535, "cost": 109.18, "target_value": 157.96861567660534, "running_time": 26317.210912704468, "local_count": 50, "common_count": 50}}, "sim2": {"simulation_id": 2, "user_seed": 18782592, "Nearest": {"max_delay": 0.1444345590586964, "cost": 141.72, "target_value": 179.86455905869641, "running_time": 1.0008811950683594, "local_count": 100, "common_count": 0}, "M-Greedy": {"max_delay": 0.23408095683111957, "cost": 113.6, "target_value": 262.48095683111956, "running_time": 403.3341407775879, "n_selected_site": 1, "local_count": 100, "common_count": 0}, "M-Greedy-V2(Tx+Tp+Tq)": {"max_delay": 0.1345006918436022, "cost": 115.84, "target_value": 163.4606918436022, "running_time": 3102.1246910095215, "n_selected_site": 9, "local_count": 32, "common_count": 68}, "Ours": {"max_delay": 0.13082143195113766, "cost": 109.14, "target_value": 158.10643195113767, "running_time": 26247.117042541504, "local_count": 55, "common_count": 45}}}, "60": {"sim0": {"simulation_id": 0, "user_seed": 30959259, "Nearest": {"max_delay": 0.15100760923470385, "cost": 155.0, "target_value": 189.75760923470386, "running_time": 2.0017623901367188, "local_count": 120, "common_count": 0}, "M-Greedy": {"max_delay": 0.13806747694245902, "cost": 131.06666666666666, "target_value": 170.8341436091257, "running_time": 2805.6888580322266, "n_selected_site": 10, "local_count": 52, "common_count": 68}, "M-Greedy-V2(Tx+Tp+Tq)": {"max_delay": 0.13806747694245902, "cost": 135.05, "target_value": 171.82997694245904, "running_time": 3304.818868637085, "n_selected_site": 6, "local_count": 18, "common_count": 102}, "Ours": {"max_delay": 0.13371242448224524, "cost": 124.41666666666667, "target_value": 164.8165911489119, "running_time": 35254.3408870697, "local_count": 67, "common_count": 53}}, "sim1": {"simulation_id": 1, "user_seed": 72553755, "Nearest": {"max_delay": 0.1481603210893021, "cost": 155.91666666666666, "target_value": 187.13948775596876, "running_time": 2.0012855529785156, "local_count": 120, "common_count": 0}, "M-Greedy": {"max_delay": 0.13563251696611847, "cost": 127.71666666666667, "target_value": 167.56168363278513, "running_time": 2807.661294937134, "n_selected_site": 10, "local_count": 56, "common_count": 64}, "M-Greedy-V2(Tx+Tp+Tq)": {"max_delay": 0.13563251696611847, "cost": 129.78333333333333, "target_value": 168.07835029945178, "running_time": 3260.0464820861816, "n_selected_site": 6, "local_count": 36, "common_count": 84}, "Ours": {"max_delay": 0.13243923531171498, "cost": 121.7, "target_value": 162.864235311715, "running_time": 4943.716049194336, "local_count": 55, "common_count": 65}}, "sim2": {"simulation_id": 2, "user_seed": 83589833, "Nearest": {"max_delay": 0.15092045177513877, "cost": 161.15, "target_value": 191.20795177513875, "running_time": 3.002643585205078, "local_count": 120, "common_count": 0}, "M-Greedy": {"max_delay": 0.14033315018783718, "cost": 137.21666666666667, "target_value": 174.63731685450387, "running_time": 2999.4750022888184, "n_selected_site": 11, "local_count": 52, "common_count": 68}, "M-Greedy-V2(Tx+Tp+Tq)": {"max_delay": 0.13649503985483596, "cost": 132.56666666666666, "target_value": 169.63670652150262, "running_time": 3295.8462238311768, "n_selected_site": 6, "local_count": 24, "common_count": 96}, "Ours": {"max_delay": 0.13401906261624888, "cost": 116.05, "target_value": 163.03156261624886, "running_time": 34920.36747932434, "local_count": 60, "common_count": 60}}}, "70": {"sim0": {"simulation_id": 0, "user_seed": 84461584, "Nearest": {"max_delay": 0.147562878377958, "cost": 169.45714285714286, "target_value": 189.92716409224374, "running_time": 3.002643585205078, "local_count": 140, "common_count": 0}, "M-Greedy": {"max_delay": 0.13717937161306604, "cost": 134.4857142857143, "target_value": 170.8008001844946, "running_time": 3675.8995056152344, "n_selected_site": 10, "local_count": 38, "common_count": 102}, "M-Greedy-V2(Tx+Tp+Tq)": {"max_delay": 0.13717937161306604, "cost": 133.85714285714286, "target_value": 170.64365732735175, "running_time": 4440.14048576355, "n_selected_site": 6, "local_count": 24, "common_count": 116},