{"40": {"sim0": {"simulation_id": 0, "user_seed": 75109605, "Nearest": {"max_delay": 0.1487037503382196, "cost": 121.45, "target_value": 179.0662503382196, "running_time": 1.0006427764892578, "local_count": 80, "common_count": 0}, "M-Greedy": {"max_delay": 0.13867714279941695, "cost": 103.2, "target_value": 164.47714279941695, "running_time": 1276.503324508667, "n_selected_site": 11, "local_count": 32, "common_count": 48}, "M-Greedy-V2(Tx+Tp+Tq)": {"max_delay": 0.13815221033324182, "cost": 98.0, "target_value": 162.6522103332418, "running_time": 1758.3742141723633, "n_selected_site": 8, "local_count": 12, "common_count": 68}, "Ours": {"max_delay": 0.13335622734001773, "cost": 96.025, "target_value": 157.36247734001773, "running_time": 17384.443521499634, "local_count": 38, "common_count": 42}}, "sim1": {"simulation_id": 1, "user_seed": 3196036, "Nearest": {"max_delay": 0.14304476480017395, "cost": 110.425, "target_value": 170.65101480017393, "running_time": 2.0017623901367188, "local_count": 80, "common_count": 0}, "M-Greedy": {"max_delay": 0.14304476480017395, "cost": 96.7, "target_value": 167.21976480017395, "running_time": 1402.869462966919, "n_selected_site": 12, "local_count": 32, "common_count": 48}, "M-Greedy-V2(Tx+Tp+Tq)": {"max_delay": 0.13878255601092077, "cost": 94.825, "target_value": 162.48880601092077, "running_time": 1764.6753787994385, "n_selected_site": 8, "local_count": 14, "common_count": 66}, "Ours": {"max_delay": 0.13243613317006137, "cost": 91.525, "target_value": 155.31738317006136, "running_time": 17375.152111053467, "local_count": 40, "common_count": 40}}, "sim2": {"simulation_id": 2, "user_seed": 24672281, "Nearest": {"max_delay": 0.14628703521752837, "cost": 124.85, "target_value": 177.49953521752838, "running_time": 1.9762516021728516, "local_count": 80, "common_count": 0}, "M-Greedy": {"max_delay": 0.23042517355831016, "cost": 102.25, "target_value": 255.98767355831015, "running_time": 257.2321891784668, "n_selected_site": 1, "local_count": 80, "common_count": 0}, "M-Greedy-V2(Tx+Tp+Tq)": {"max_delay": 0.13643490119527762, "cost": 98.05, "target_value": 160.94740119527762, "running_time": 1663.1066799163818, "n_selected_site": 7, "local_count": 20, "common_count": 60}, "Ours": {"max_delay": 0.13339257349810876, "cost": 94.225, "target_value": 156.94882349810877, "running_time": 17747.417211532593, "local_count": 40, "common_count": 40}}}, "50": {"sim0": {"simulation_id": 0, "user_seed": 90590267, "Nearest": {"max_delay": 0.1488455205487329, "cost": 137.88, "target_value": 183.3155205487329, "running_time": 1.0008811950683594, "local_count": 100, "common_count": 0}, "M-Greedy": {"max_delay": 0.1349411145176076, "cost": 109.2, "target_value": 162.2411145176076, "running_time": 1908.4420204162598, "n_selected_site": 10, "local_count": 44, "common_count": 56}, "M-Greedy-V2(Tx+Tp+Tq)": {"max_delay": 0.1349411145176076, "cost": 111.2, "target_value": 162.7411145176076, "running_time": 2781.890869140625, "n_selected_site": 8, "local_count": 30, "common_count": 70}, "Ours": {"max_delay": 0.13255279221907548, "cost": 105.78, "target_value": 158.99779221907548, "running_time": 7148.288726806641, "local_count": 53, "common_count": 47}}, "sim1": {"simulation_id": 1, "user_seed": 57853118, "Nearest": {"max_delay": 0.14664690753630566, "cost": 138.74, "target_value": 181.33190753630566, "running_time": 2.0017623901367188, "local_count": 100, "common_count": 0}, "M-Greedy": {"max_delay": 0.1388356777750621, "cost": 111.12, "target_value": 166.6156777750621, "running_time": 1915.7812595367432, "n_selected_site": 10, "local_count": 40, "common_count": 60}, "M-Greedy-V2(Tx+Tp+Tq)": {"max_delay": 0.1388356777750621, "cost": 113.78, "target_value": 167.2806777750621, "running_time": 2849.170446395874, "n_selected_site": 8, "local_count": 24, "common_count": 76}, "Ours": {"max_delay": 0.13371336167331782, "cost": 105.24, "target_value": 160.02336167331782, "running_time": 25493.94965171814, "local_count": 52, "common_count": 48}}, "sim2": {"simulation_id": 2, "user_seed": 35310665, "Nearest": {"max_delay": 0.14539761323182576, "cost": 130.96, "target_value": 178.13761323182578, "running_time": 2.0017623901367188, "local_count": 100, "common_count": 0}, "M-Greedy": {"max_delay": 0.2330599300988384, "cost": 112.8, "target_value": 261.2599300988384, "running_time": 381.314754486084, "n_selected_site": 1, "local_count": 100, "common_count": 0}, "M-Greedy-V2(Tx+Tp+Tq)": {"max_delay": 0.13615591310904596, "cost": 115.92, "target_value": 165.13591310904596, "running_time": 2500.612258911133, "n_selected_site": 7, "local_count": 16, "common_count": 84}, "Ours": {"max_delay": 0.13075586961500263, "cost": 108.98, "target_value": 158.00086961500264, "running_time": 25917.046546936035, "local_count": 41, "common_count": 59}}}, "60": {"sim0": {"simulation_id": 0, "user_seed": 53554828, "Nearest": {"max_delay": 0.14464926468614986, "cost": 145.65, "target_value": 181.06176468614984, "running_time": 2.0020008087158203, "local_count": 120, "common_count": 0}, "M-Greedy": {"max_delay": 0.23542961697132375, "cost": 112.16666666666667, "target_value": 263.47128363799044, "running_time": 561.6981983184814, "n_selected_site": 1, "local_count": 120, "common_count": 0}, "M-Greedy-V2(Tx+Tp+Tq)": {"max_delay": 0.13738296286182822, "cost": 116.11666666666666, "target_value": 166.4121295284949, "running_time": 4394.684076309204, "n_selected_site": 9, "local_count": 42, "common_count": 78}, "Ours": {"max_delay": 0.13488145128629944, "cost": 116.28333333333333, "target_value": 163.95228461963276, "running_time": 34251.015186309814, "local_count": 66, "common_count": 54}}, "sim1": {"simulation_id": 1, "user_seed": 82896932, "Nearest": {"max_delay": 0.1437723353314571, "cost": 149.65, "target_value": 181.1848353314571, "running_time": 2.0017623901367188, "local_count": 120, "common_count": 0}, "M-Greedy": {"max_delay": 0.1353021779754714, "cost": 130.2, "target_value": 167.85217797547136, "running_time": 2709.5069885253906, "n_selected_site": 10, "local_count": 32, "common_count": 88}, "M-Greedy-V2(Tx+Tp+Tq)": {"max_delay": 0.1353021779754714, "cost": 131.78333333333333, "target_value": 168.2480113088047, "running_time": 3250.2951622009277, "n_selected_site": 6, "local_count": 22, "common_count": 98}, "Ours": {"max_delay": 0.13140495558710064, "cost": 118.26666666666667, "target_value": 160.9716222537673, "running_time": 34654.65593338013, "local_count": 59, "common_count": 61}}, "sim2": {"simulation_id": 2, "user_seed": 11785672, "Nearest": {"max_delay": 0.15076015804540233, "cost": 157.65, "target_value": 190.17265804540233, "running_time": 2.0017623901367188, "local_count": 120, "common_count": 0}, "M-Greedy": {"max_delay": 0.13738525252883307, "cost": 130.98333333333332, "target_value": 170.1310858621664, "running_time": 2913.0353927612305, "n_selected_site": 11, "local_count": 52, "common_count": 68}, "M-Greedy-V2(Tx+Tp+Tq)": {"max_delay": 0.13738525252883307, "cost": 132.58333333333334, "target_value": 170.5310858621664, "running_time": 3208.1050872802734, "n_selected_site": 6, "local_count": 22, "common_count": 98}, "Ours": {"max_delay": 0.13367014322044998, "cost": 123.88333333333334, "target_value": 164.6409765537833, "running_time": 34634.74106788635, "local_count": 66, "common_count": 54}}}, "70": {"sim0": {"simulation_id": 0, "user_seed": 26492604, "Nearest": {"max_delay": 0.1444340227176639, "cost": 167.94285714285715, "target_value": 186.4197370033782, "running_time": 2.0012855529785156, "local_count": 140, "common_count": 0}, "M-Greedy": {"max_delay": 0.13661028817830717, "cost": 134.31428571428572, "target_value": 170.1888596068786, "running_time": 3727.693557739258, "n_selected_site": 10, "local_count": 62, "common_count": 78}, "M-Greedy-V2(Tx+Tp+Tq)": {"max_delay": 0.13661028817830717, "cost": 135.42857142857142, "target_value": 170.46743103545003, "running_time": 4421.827793121338, "n_selected_site": 6, "local_count": 26, "common_count": 114},