{"40": {"sim0": {"simulation_id": 0, "user_seed": 28829527, "Nearest": {"max_delay": 0.14442195945297204, "cost": 123.95, "target_value": 175.40945945297204, "running_time": 1.0008811950683594, "local_count": 80, "common_count": 0}, "M-Greedy": {"max_delay": 0.13542195945297206, "cost": 101.925, "target_value": 160.90320945297205, "running_time": 1282.1664810180664, "n_selected_site": 11, "local_count": 30, "common_count": 50}, "M-Greedy-V2(Tx+Tp+Tq)": {"max_delay": 0.13319599352472467, "cost": 94.425, "target_value": 156.80224352472464, "running_time": 1736.3274097442627, "n_selected_site": 8, "local_count": 12, "common_count": 68}, "Ours": {"max_delay": 0.12889303453680576, "cost": 92.75, "target_value": 152.08053453680574, "running_time": 17031.91614151001, "local_count": 24, "common_count": 56}}, "sim1": {"simulation_id": 1, "user_seed": 91827120, "Nearest": {"max_delay": 0.14493439250089185, "cost": 119.4, "target_value": 174.78439250089184, "running_time": 1.0013580322265625, "local_count": 80, "common_count": 0}, "M-Greedy": {"max_delay": 0.14166166522816456, "cost": 99.1, "target_value": 166.43666522816457, "running_time": 1319.8552131652832, "n_selected_site": 11, "local_count": 28, "common_count": 52}, "M-Greedy-V2(Tx+Tp+Tq)": {"max_delay": 0.13678390183116257, "cost": 94.725, "target_value": 160.4651518311626, "running_time": 1771.5590000152588, "n_selected_site": 8, "local_count": 20, "common_count": 60}, "Ours": {"max_delay": 0.1327619775442785, "cost": 92.775, "target_value": 155.9557275442785, "running_time": 17394.102811813354, "local_count": 39, "common_count": 41}}, "sim2": {"simulation_id": 2, "user_seed": 48815076, "Nearest": {"max_delay": 0.14718492539067785, "cost": 121.875, "target_value": 177.65367539067785, "running_time": 0.9999275207519531, "local_count": 80, "common_count": 0}, "M-Greedy": {"max_delay": 0.1330709856687382, "cost": 109.675, "target_value": 160.4897356687382, "running_time": 1318.6299800872803, "n_selected_site": 11, "local_count": 38, "common_count": 42}, "M-Greedy-V2(Tx+Tp+Tq)": {"max_delay": 0.1330709856687382, "cost": 109.6, "target_value": 160.47098566873822, "running_time": 1766.681432723999, "n_selected_site": 8, "local_count": 14, "common_count": 66}, "Ours": {"max_delay": 0.12844403287327305, "cost": 97.0, "target_value": 152.69403287327304, "running_time": 17313.85636329651, "local_count": 45, "common_count": 35}}}, "50": {"sim0": {"simulation_id": 0, "user_seed": 17474013, "Nearest": {"max_delay": 0.14704264188650396, "cost": 146.38, "target_value": 183.63764188650396, "running_time": 1.0006427764892578, "local_count": 100, "common_count": 0}, "M-Greedy": {"max_delay": 0.13804264188650395, "cost": 126.74, "target_value": 169.72764188650396, "running_time": 2213.860273361206, "n_selected_site": 12, "local_count": 62, "common_count": 38}, "M-Greedy-V2(Tx+Tp+Tq)": {"max_delay": 0.13346432150811138, "cost": 112.26, "target_value": 161.5293215081114, "running_time": 2766.840934753418, "n_selected_site": 8, "local_count": 18, "common_count": 82}, "Ours": {"max_delay": 0.13084819375554016, "cost": 107.94, "target_value": 157.83319375554015, "running_time": 25306.113481521606, "local_count": 45, "common_count": 55}}, "sim1": {"simulation_id": 1, "user_seed": 82916633, "Nearest": {"max_delay": 0.14800908272599644, "cost": 128.1, "target_value": 180.03408272599646, "running_time": 2.0012855529785156, "local_count": 100, "common_count": 0}, "M-Greedy": {"max_delay": 0.1372473873647499, "cost": 109.46, "target_value": 164.6123873647499, "running_time": 1989.8419380187988, "n_selected_site": 11, "local_count": 60, "common_count": 40}, "M-Greedy-V2(Tx+Tp+Tq)": {"max_delay": 0.1372473873647499, "cost": 113.32, "target_value": 165.57738736474988, "running_time": 2773.3211517333984, "n_selected_site": 8, "local_count": 28, "common_count": 72}, "Ours": {"max_delay": 0.13441368685327573, "cost": 102.42, "target_value": 160.0186868532757, "running_time": 25396.992444992065, "local_count": 64, "common_count": 36}}, "sim2": {"simulation_id": 2, "user_seed": 32997839, "Nearest": {"max_delay": 0.1494493520609955, "cost": 143.14, "target_value": 185.2343520609955, "running_time": 1.0008811950683594, "local_count": 100, "common_count": 0}, "M-Greedy": {"max_delay": 0.1381655404565815, "cost": 116.24, "target_value": 167.2255404565815, "running_time": 1884.8638534545898, "n_selected_site": 10, "local_count": 22, "common_count": 78}, "M-Greedy-V2(Tx+Tp+Tq)": {"max_delay": 0.1381655404565815, "cost": 116.48, "target_value": 167.28554045658151, "running_time": 2740.1716709136963, "n_selected_site": 8, "local_count": 16, "common_count": 84}, "Ours": {"max_delay": 0.13252013414146155, "cost": 110.66, "target_value": 160.18513414146153, "running_time": 25408.64586830139, "local_count": 52, "common_count": 48}}}, "60": {"sim0": {"simulation_id": 0, "user_seed": 27628901, "Nearest": {"max_delay": 0.14600760923470385, "cost": 160.5, "target_value": 186.13260923470386, "running_time": 2.0008087158203125, "local_count": 120, "common_count": 0}, "M-Greedy": {"max_delay": 0.2346040836979893, "cost": 124.33333333333333, "target_value": 265.68741703132264, "running_time": 553.4577369689941, "n_selected_site": 1, "local_count": 120, "common_count": 0}, "M-Greedy-V2(Tx+Tp+Tq)": {"max_delay": 0.1358230171047402, "cost": 139.46666666666667, "target_value": 170.6896837714069, "running_time": 2733.262300491333, "n_selected_site": 5, "local_count": 0, "common_count": 120}, "Ours": {"max_delay": 0.13171242448224524, "cost": 122.8, "target_value": 162.41242448224523, "running_time": 34065.30690193176, "local_count": 67, "common_count": 53}}, "sim1": {"simulation_id": 1, "user_seed": 89729513, "Nearest": {"max_delay": 0.14756676260945195, "cost": 153.43333333333334, "target_value": 185.92509594278528, "running_time": 2.001523971557617, "local_count": 120, "common_count": 0}, "M-Greedy": {"max_delay": 0.13540210425385135, "cost": 117.95, "target_value": 164.88960425385136, "running_time": 2694.2765712738037, "n_selected_site": 10, "local_count": 44, "common_count": 76}, "M-Greedy-V2(Tx+Tp+Tq)": {"max_delay": 0.13540210425385135, "cost": 118.33333333333333, "target_value": 164.9854375871847, "running_time": 3175.2872467041016, "n_selected_site": 6, "local_count": 20, "common_count": 100}, "Ours": {"max_delay": 0.13047416305249177, "cost": 114.71666666666667, "target_value": 159.15332971915845, "running_time": 33978.100299835205, "local_count": 62, "common_count": 58}}, "sim2": {"simulation_id": 2, "user_seed": 27816850, "Nearest": {"max_delay": 0.14396713879022277, "cost": 155.81666666666666, "target_value": 182.92130545688946, "running_time": 2.0017623901367188, "local_count": 120, "common_count": 0}, "M-Greedy": {"max_delay": 0.13649461168394522, "cost": 131.26666666666668, "target_value": 169.31127835061187, "running_time": 2644.1948413848877, "n_selected_site": 10, "local_count": 50, "common_count": 70}, "M-Greedy-V2(Tx+Tp+Tq)": {"max_delay": 0.1360434145787623, "cost": 137.31666666666666, "target_value": 170.37258124542893, "running_time": 3156.7931175231934, "n_selected_site": 6, "local_count": 20, "common_count": 100}, "Ours": {"max_delay": 0.13130093826204894, "cost": 121.88333333333334, "target_value": 161.77177159538226, "running_time": 34072.68953323364, "local_count": 66, "common_count": 54}}}, "70": {"sim0": {"simulation_id": 0, "user_seed": 88171678, "Nearest": {"max_delay": 0.14751371455696966, "cost": 181.71428571428572, "target_value": 192.9422859855411, "running_time": 3.002643585205078, "local_count": 140, "common_count": 0}, "M-Greedy": {"max_delay": 0.13913326491094813, "cost": 141.7, "target_value": 174.55826491094814, "running_time": 3652.170181274414, "n_selected_site": 10, "local_count": 70, "common_count": 70}, "M-Greedy-V2(Tx+Tp+Tq)": {"max_delay": 0.13913326491094813, "cost": 144.38571428571427, "target_value": 175.2296934823767, "running_time": 5353.303670883179, "n_selected_site": 8, "local_count": 50,