{"40": {"sim0": {"simulation_id": 0, "user_seed": 11099669, "Nearest": {"max_delay": 0.1431469262593405, "cost": 115.675, "target_value": 172.06567625934048, "running_time": 1.0004043579101562, "local_count": 80, "common_count": 0}, "M-Greedy": {"max_delay": 0.1490407791630533, "cost": 102.725, "target_value": 174.72202916305332, "running_time": 1202.808141708374, "n_selected_site": 10, "local_count": 28, "common_count": 52}, "M-Greedy-V2(Tx+Tp+Tq)": {"max_delay": 0.13482601079994133, "cost": 99.175, "target_value": 159.61976079994133, "running_time": 2253.76033782959, "n_selected_site": 11, "local_count": 28, "common_count": 52}, "Ours": {"max_delay": 0.13421481319860362, "cost": 100.875, "target_value": 159.43356319860362, "running_time": 17655.482530593872, "local_count": 40, "common_count": 40}}, "sim1": {"simulation_id": 1, "user_seed": 35999665, "Nearest": {"max_delay": 0.14409896954283458, "cost": 114.675, "target_value": 172.76771954283456, "running_time": 1.0006427764892578, "local_count": 80, "common_count": 0}, "M-Greedy": {"max_delay": 0.233469958972774, "cost": 91.0, "target_value": 256.219958972774, "running_time": 257.21263885498047, "n_selected_site": 1, "local_count": 80, "common_count": 0}, "M-Greedy-V2(Tx+Tp+Tq)": {"max_delay": 0.13588923887985882, "cost": 97.325, "target_value": 160.22048887985883, "running_time": 2457.2887420654297, "n_selected_site": 12, "local_count": 24, "common_count": 56}, "Ours": {"max_delay": 0.13240547309577014, "cost": 94.375, "target_value": 155.99922309577013, "running_time": 17885.721921920776, "local_count": 40, "common_count": 40}}, "sim2": {"simulation_id": 2, "user_seed": 32312640, "Nearest": {"max_delay": 0.14093356514054575, "cost": 132.25, "target_value": 173.99606514054574, "running_time": 2.0017623901367188, "local_count": 80, "common_count": 0}, "M-Greedy": {"max_delay": 0.14093356514054575, "cost": 122.025, "target_value": 171.43981514054573, "running_time": 1255.3730010986328, "n_selected_site": 10, "local_count": 28, "common_count": 52}, "M-Greedy-V2(Tx+Tp+Tq)": {"max_delay": 0.13377041831111883, "cost": 111.975, "target_value": 161.76416831111882, "running_time": 1261.1289024353027, "n_selected_site": 5, "local_count": 0, "common_count": 80}, "Ours": {"max_delay": 0.12899818122102377, "cost": 100.075, "target_value": 154.01693122102378, "running_time": 17962.501764297485, "local_count": 37, "common_count": 43}}}, "50": {"sim0": {"simulation_id": 0, "user_seed": 59142710, "Nearest": {"max_delay": 0.15283839471350702, "cost": 147.68, "target_value": 189.75839471350702, "running_time": 2.001523971557617, "local_count": 100, "common_count": 0}, "M-Greedy": {"max_delay": 0.13882677827108209, "cost": 118.4, "target_value": 168.42677827108207, "running_time": 2088.1834030151367, "n_selected_site": 11, "local_count": 62, "common_count": 38}, "M-Greedy-V2(Tx+Tp+Tq)": {"max_delay": 0.13797787190960953, "cost": 116.18, "target_value": 167.02287190960953, "running_time": 3089.5581245422363, "n_selected_site": 9, "local_count": 26, "common_count": 74}, "Ours": {"max_delay": 0.13312918690005343, "cost": 115.0, "target_value": 161.87918690005344, "running_time": 26488.110780715942, "local_count": 57, "common_count": 43}}, "sim1": {"simulation_id": 1, "user_seed": 21440948, "Nearest": {"max_delay": 0.14751640279519185, "cost": 137.28, "target_value": 181.83640279519184, "running_time": 1.0013580322265625, "local_count": 100, "common_count": 0}, "M-Greedy": {"max_delay": 0.2331312666825613, "cost": 113.8, "target_value": 261.5812666825613, "running_time": 403.3379554748535, "n_selected_site": 1, "local_count": 100, "common_count": 0}, "M-Greedy-V2(Tx+Tp+Tq)": {"max_delay": 0.1370946147926021, "cost": 113.76, "target_value": 165.5346147926021, "running_time": 3363.6183738708496, "n_selected_site": 10, "local_count": 34, "common_count": 66}, "Ours": {"max_delay": 0.13392805414894607, "cost": 109.26, "target_value": 161.24305414894607, "running_time": 26013.574361801147, "local_count": 49, "common_count": 51}}, "sim2": {"simulation_id": 2, "user_seed": 36432356, "Nearest": {"max_delay": 0.15043163963349715, "cost": 136.2, "target_value": 184.48163963349714, "running_time": 0.9796619415283203, "local_count": 100, "common_count": 0}, "M-Greedy": {"max_delay": 0.13492047512798278, "cost": 116.74, "target_value": 164.10547512798277, "running_time": 1886.6767883300781, "n_selected_site": 10, "local_count": 22, "common_count": 78}, "M-Greedy-V2(Tx+Tp+Tq)": {"max_delay": 0.13492047512798278, "cost": 116.8, "target_value": 164.12047512798276, "running_time": 3108.9391708374023, "n_selected_site": 9, "local_count": 14, "common_count": 86}, "Ours": {"max_delay": 0.1327213560711101, "cost": 105.44, "target_value": 159.08135607111012, "running_time": 26331.91156387329, "local_count": 49, "common_count": 51}}}, "60": {"sim0": {"simulation_id": 0, "user_seed": 91212374, "Nearest": {"max_delay": 0.1501603210893021, "cost": 154.18333333333334, "target_value": 188.70615442263545, "running_time": 2.001523971557617, "local_count": 120, "common_count": 0}, "M-Greedy": {"max_delay": 0.13563251696611847, "cost": 132.41666666666666, "target_value": 168.73668363278512, "running_time": 2761.9242668151855, "n_selected_site": 10, "local_count": 46, "common_count": 74}, "M-Greedy-V2(Tx+Tp+Tq)": {"max_delay": 0.13563251696611847, "cost": 133.25, "target_value": 168.94501696611846, "running_time": 3989.3815517425537, "n_selected_site": 8, "local_count": 38, "common_count": 82}, "Ours": {"max_delay": 0.13338486178925635, "cost": 121.56666666666666, "target_value": 163.77652845592303, "running_time": 4875.156402587891, "local_count": 72, "common_count": 48}}, "sim1": {"simulation_id": 1, "user_seed": 45891743, "Nearest": {"max_delay": 0.14766392970536474, "cost": 159.55, "target_value": 187.55142970536474, "running_time": 2.0017623901367188, "local_count": 120, "common_count": 0}, "M-Greedy": {"max_delay": 0.13770210063169747, "cost": 130.65, "target_value": 170.36460063169747, "running_time": 2745.6114292144775, "n_selected_site": 10, "local_count": 38, "common_count": 82}, "M-Greedy-V2(Tx+Tp+Tq)": {"max_delay": 0.13770210063169747, "cost": 131.53333333333333, "target_value": 170.5854339650308, "running_time": 4430.43851852417, "n_selected_site": 9, "local_count": 22, "common_count": 98}, "Ours": {"max_delay": 0.13469582325843069, "cost": 124.31666666666666, "target_value": 165.77498992509737, "running_time": 35412.200689315796, "local_count": 59, "common_count": 61}}, "sim2": {"simulation_id": 2, "user_seed": 63701614, "Nearest": {"max_delay": 0.1517113248367344, "cost": 165.06666666666666, "target_value": 192.97799150340109, "running_time": 3.0028820037841797, "local_count": 120, "common_count": 0}, "M-Greedy": {"max_delay": 0.13849461168394522, "cost": 134.15, "target_value": 172.03211168394523, "running_time": 2886.965274810791, "n_selected_site": 11, "local_count": 50, "common_count": 70}, "M-Greedy-V2(Tx+Tp+Tq)": {"max_delay": 0.1370434145787623, "cost": 133.71666666666667, "target_value": 170.47258124542896, "running_time": 3599.1692543029785, "n_selected_site": 7, "local_count": 24, "common_count": 96}, "Ours": {"max_delay": 0.13335860732252647, "cost": 123.91666666666667, "target_value": 164.33777398919312, "running_time": 35558.46977233887, "local_count": 64, "common_count": 56}}}, "70": {"sim0": {"simulation_id": 0, "user_seed": 21649425, "Nearest": {"max_delay": 0.1447996702836278, "cost": 172.3, "target_value": 187.87467028362784, "running_time": 3.002166748046875, "local_count": 140, "common_count": 0}, "M-Greedy": {"max_delay": 0.23460098280447494, "cost": 135.14285714285714, "target_value": 268.3866970901892, "running_time": 780.6546688079834, "n_selected_site": 1, "local_count": 140, "common_count": 0}, "M-Greedy-V2(Tx+Tp+Tq)": {"max_delay": 0.23460098280447494, "cost": 135.14285714285714, "target_value": 268.3866970901892, "running_time": 1370.4137802124023, "n_selected_site": 1, "local_count": 140,