{"40": {"sim0": {"simulation_id": 0, "user_seed": 85598381, "Nearest": {"max_delay": 0.14736153318105466, "cost": 117.425, "target_value": 176.71778318105464, "running_time": 2.0415782928466797, "local_count": 80, "common_count": 0}, "M-Greedy": {"max_delay": 0.1371674411783121, "cost": 94.7, "target_value": 160.8424411783121, "running_time": 1195.0058937072754, "n_selected_site": 10, "local_count": 34, "common_count": 46}, "M-Greedy-V2(Tx+Tp+Tq)": {"max_delay": 0.1371674411783121, "cost": 97.95, "target_value": 161.6549411783121, "running_time": 1776.9582271575928, "n_selected_site": 8, "local_count": 16, "common_count": 64}, "Ours": {"max_delay": 0.1330435129629794, "cost": 94.35, "target_value": 156.6310129629794, "running_time": 17600.179433822632, "local_count": 40, "common_count": 40}}, "sim1": {"simulation_id": 1, "user_seed": 23082180, "Nearest": {"max_delay": 0.14688439094749187, "cost": 125.525, "target_value": 178.26564094749187, "running_time": 1.0013580322265625, "local_count": 80, "common_count": 0}, "M-Greedy": {"max_delay": 0.23289847266814917, "cost": 102.75, "target_value": 258.58597266814917, "running_time": 258.2111358642578, "n_selected_site": 1, "local_count": 80, "common_count": 0}, "M-Greedy-V2(Tx+Tp+Tq)": {"max_delay": 0.13554556637168957, "cost": 99.15, "target_value": 160.33306637168957, "running_time": 1772.8626728057861, "n_selected_site": 8, "local_count": 26, "common_count": 54}, "Ours": {"max_delay": 0.13090151857469137, "cost": 98.025, "target_value": 155.40776857469137, "running_time": 17766.031980514526, "local_count": 39, "common_count": 41}}, "sim2": {"simulation_id": 2, "user_seed": 99728536, "Nearest": {"max_delay": 0.14688439094749187, "cost": 122.575, "target_value": 177.5281409474919, "running_time": 2.0017623901367188, "local_count": 80, "common_count": 0}, "M-Greedy": {"max_delay": 0.14789545680107788, "cost": 100.4, "target_value": 172.99545680107786, "running_time": 923.7933158874512, "n_selected_site": 7, "local_count": 12, "common_count": 68}, "M-Greedy-V2(Tx+Tp+Tq)": {"max_delay": 0.13509086685068347, "cost": 99.775, "target_value": 160.03461685068348, "running_time": 1965.4309749603271, "n_selected_site": 9, "local_count": 14, "common_count": 66}, "Ours": {"max_delay": 0.13237762369140577, "cost": 96.225, "target_value": 156.43387369140578, "running_time": 17886.120796203613, "local_count": 42, "common_count": 38}}}, "50": {"sim0": {"simulation_id": 0, "user_seed": 76840739, "Nearest": {"max_delay": 0.14436534089715475, "cost": 129.54, "target_value": 176.75034089715473, "running_time": 1.0013580322265625, "local_count": 100, "common_count": 0}, "M-Greedy": {"max_delay": 0.13836534089715474, "cost": 116.92, "target_value": 167.59534089715473, "running_time": 2011.4712715148926, "n_selected_site": 11, "local_count": 42, "common_count": 58}, "M-Greedy-V2(Tx+Tp+Tq)": {"max_delay": 0.1354762407142695, "cost": 113.14, "target_value": 163.7612407142695, "running_time": 2842.477321624756, "n_selected_site": 8, "local_count": 20, "common_count": 80}, "Ours": {"max_delay": 0.13275583990806222, "cost": 99.94, "target_value": 157.74083990806224, "running_time": 26126.534461975098, "local_count": 57, "common_count": 43}}, "sim1": {"simulation_id": 1, "user_seed": 59320253, "Nearest": {"max_delay": 0.14392793152229494, "cost": 130.0, "target_value": 176.42793152229493, "running_time": 1.0254383087158203, "local_count": 100, "common_count": 0}, "M-Greedy": {"max_delay": 0.2347629833274369, "cost": 101.2, "target_value": 260.0629833274369, "running_time": 400.3932476043701, "n_selected_site": 1, "local_count": 100, "common_count": 0}, "M-Greedy-V2(Tx+Tp+Tq)": {"max_delay": 0.13377592859096551, "cost": 113.0, "target_value": 162.02592859096552, "running_time": 2295.5567836761475, "n_selected_site": 6, "local_count": 14, "common_count": 86}, "Ours": {"max_delay": 0.1296220409413708, "cost": 107.54, "target_value": 156.5070409413708, "running_time": 26097.59259223938, "local_count": 50, "common_count": 50}}, "sim2": {"simulation_id": 2, "user_seed": 90686037, "Nearest": {"max_delay": 0.15081925311371547, "cost": 136.74, "target_value": 185.00425311371546, "running_time": 2.0017623901367188, "local_count": 100, "common_count": 0}, "M-Greedy": {"max_delay": 0.14601703273014097, "cost": 116.64, "target_value": 175.17703273014095, "running_time": 1404.7496318817139, "n_selected_site": 7, "local_count": 16, "common_count": 84}, "M-Greedy-V2(Tx+Tp+Tq)": {"max_delay": 0.1378763809291118, "cost": 113.04, "target_value": 166.1363809291118, "running_time": 2780.656576156616, "n_selected_site": 8, "local_count": 30, "common_count": 70}, "Ours": {"max_delay": 0.1333915489984426, "cost": 106.1, "target_value": 159.9165489984426, "running_time": 26090.512990951538, "local_count": 54, "common_count": 46}}}, "60": {"sim0": {"simulation_id": 0, "user_seed": 82543814, "Nearest": {"max_delay": 0.1505587398740597, "cost": 148.91666666666666, "target_value": 187.78790654072637, "running_time": 2.0024776458740234, "local_count": 120, "common_count": 0}, "M-Greedy": {"max_delay": 0.13882112416112943, "cost": 119.46666666666667, "target_value": 168.6877908277961, "running_time": 2728.31130027771, "n_selected_site": 10, "local_count": 40, "common_count": 80}, "M-Greedy-V2(Tx+Tp+Tq)": {"max_delay": 0.13667127816833138, "cost": 120.26666666666667, "target_value": 166.73794483499805, "running_time": 3692.7428245544434, "n_selected_site": 7, "local_count": 28, "common_count": 92}, "Ours": {"max_delay": 0.13361799942308222, "cost": 117.26666666666667, "target_value": 162.93466608974887, "running_time": 15870.224237442017, "local_count": 52, "common_count": 68}}, "sim1": {"simulation_id": 1, "user_seed": 45732900, "Nearest": {"max_delay": 0.14803319844560558, "cost": 157.33333333333334, "target_value": 187.36653177893893, "running_time": 2.0017623901367188, "local_count": 120, "common_count": 0}, "M-Greedy": {"max_delay": 0.13586109999337884, "cost": 128.5, "target_value": 167.98609999337884, "running_time": 2766.2413120269775, "n_selected_site": 10, "local_count": 48, "common_count": 72}, "M-Greedy-V2(Tx+Tp+Tq)": {"max_delay": 0.13586109999337884, "cost": 131.81666666666666, "target_value": 168.8152666600455, "running_time": 3314.4474029541016, "n_selected_site": 6, "local_count": 22, "common_count": 98}, "Ours": {"max_delay": 0.13301006539342908, "cost": 120.43333333333334, "target_value": 163.1183987267624, "running_time": 34871.78134918213, "local_count": 65, "common_count": 55}}, "sim2": {"simulation_id": 2, "user_seed": 9175490, "Nearest": {"max_delay": 0.1491129054118202, "cost": 157.43333333333334, "target_value": 188.47123874515353, "running_time": 1.9690990447998047, "local_count": 120, "common_count": 0}, "M-Greedy": {"max_delay": 0.2331680649974266, "cost": 123.83333333333333, "target_value": 264.1263983307599, "running_time": 560.6729984283447, "n_selected_site": 1, "local_count": 120, "common_count": 0}, "M-Greedy-V2(Tx+Tp+Tq)": {"max_delay": 0.1375038586867003, "cost": 132.51666666666668, "target_value": 170.63302535336695, "running_time": 4096.784591674805, "n_selected_site": 8, "local_count": 30, "common_count": 90}, "Ours": {"max_delay": 0.13628055383370913, "cost": 118.83333333333333, "target_value": 165.98888716704246, "running_time": 35025.62093734741, "local_count": 72, "common_count": 48}}}, "70": {"sim0": {"simulation_id": 0, "user_seed": 52762262, "Nearest": {"max_delay": 0.14415612399446964, "cost": 186.5857142857143, "target_value": 190.80255256589822, "running_time": 2.038717269897461, "local_count": 140, "common_count": 0}, "M-Greedy": {"max_delay": 0.14415612399446964, "cost": 170.54285714285714, "target_value": 186.79183828018392, "running_time": 4743.020296096802, "n_selected_site": 14, "local_count": 92, "common_count": 48}, "M-Greedy-V2(Tx+Tp+Tq)": {"max_delay": 0.13683575144003407, "cost": 149.95714285714286, "target_value": 174.32503715431977, "running_time": 4365.776777267456, "n_selected_site": 6,