{"40": {"sim0": {"simulation_id": 0, "user_seed": 15654816, "Nearest": {"max_delay": 0.14517422069253738, "cost": 131.9, "target_value": 178.14922069253737, "running_time": 2.002239227294922, "local_count": 80, "common_count": 0}, "M-Greedy": {"max_delay": 0.2282819697442156, "cost": 103.5, "target_value": 254.15696974421562, "running_time": 245.29576301574707, "n_selected_site": 1, "local_count": 80, "common_count": 0}, "M-Greedy-V2(Tx+Tp+Tq)": {"max_delay": 0.13369467743051028, "cost": 110.875, "target_value": 161.41342743051027, "running_time": 1232.9304218292236, "n_selected_site": 5, "local_count": 0, "common_count": 80}, "Ours": {"max_delay": 0.13047436392674988, "cost": 98.725, "target_value": 155.15561392674988, "running_time": 17453.585386276245, "local_count": 37, "common_count": 43}}, "sim1": {"simulation_id": 1, "user_seed": 95249808, "Nearest": {"max_delay": 0.14766166522816457, "cost": 114.55, "target_value": 176.29916522816455, "running_time": 1.0004043579101562, "local_count": 80, "common_count": 0}, "M-Greedy": {"max_delay": 0.13731244305737822, "cost": 93.075, "target_value": 160.58119305737824, "running_time": 1206.6032886505127, "n_selected_site": 10, "local_count": 42, "common_count": 38}, "M-Greedy-V2(Tx+Tp+Tq)": {"max_delay": 0.13731244305737822, "cost": 94.825, "target_value": 161.01869305737824, "running_time": 1779.7114849090576, "n_selected_site": 8, "local_count": 28, "common_count": 52}, "Ours": {"max_delay": 0.13339229131972155, "cost": 90.875, "target_value": 156.11104131972155, "running_time": 17109.08341407776, "local_count": 52, "common_count": 28}}, "sim2": {"simulation_id": 2, "user_seed": 8570774, "Nearest": {"max_delay": 0.1481480648888896, "cost": 119.4, "target_value": 177.9980648888896, "running_time": 2.001523971557617, "local_count": 80, "common_count": 0}, "M-Greedy": {"max_delay": 0.1481480648888896, "cost": 100.05, "target_value": 173.16056488888958, "running_time": 1498.2547760009766, "n_selected_site": 13, "local_count": 46, "common_count": 34}, "M-Greedy-V2(Tx+Tp+Tq)": {"max_delay": 0.13653781802216763, "cost": 97.325, "target_value": 160.86906802216765, "running_time": 1822.310209274292, "n_selected_site": 8, "local_count": 18, "common_count": 62}, "Ours": {"max_delay": 0.13324678505897353, "cost": 93.925, "target_value": 156.72803505897352, "running_time": 17527.27437019348, "local_count": 54, "common_count": 26}}}, "50": {"sim0": {"simulation_id": 0, "user_seed": 25344617, "Nearest": {"max_delay": 0.14842901164121558, "cost": 134.78, "target_value": 182.12401164121556, "running_time": 2.001523971557617, "local_count": 100, "common_count": 0}, "M-Greedy": {"max_delay": 0.14842901164121558, "cost": 127.36, "target_value": 180.26901164121557, "running_time": 1812.4980926513672, "n_selected_site": 9, "local_count": 44, "common_count": 56}, "M-Greedy-V2(Tx+Tp+Tq)": {"max_delay": 0.13872250948456671, "cost": 113.74, "target_value": 167.1575094845667, "running_time": 2841.421365737915, "n_selected_site": 8, "local_count": 28, "common_count": 72}, "Ours": {"max_delay": 0.1340361659154472, "cost": 105.6, "target_value": 160.43616591544722, "running_time": 17075.398921966553, "local_count": 60, "common_count": 40}}, "sim1": {"simulation_id": 1, "user_seed": 90283011, "Nearest": {"max_delay": 0.14889819760022147, "cost": 132.16, "target_value": 181.93819760022146, "running_time": 2.0017623901367188, "local_count": 100, "common_count": 0}, "M-Greedy": {"max_delay": 0.13417656810884077, "cost": 115.7, "target_value": 163.10156810884078, "running_time": 1774.6193408966064, "n_selected_site": 9, "local_count": 20, "common_count": 80}, "M-Greedy-V2(Tx+Tp+Tq)": {"max_delay": 0.13417656810884077, "cost": 115.74, "target_value": 163.11156810884077, "running_time": 2827.1121978759766, "n_selected_site": 8, "local_count": 16, "common_count": 84}, "Ours": {"max_delay": 0.13129151285543528, "cost": 102.48, "target_value": 156.9115128554353, "running_time": 25900.540113449097, "local_count": 50, "common_count": 50}}, "sim2": {"simulation_id": 2, "user_seed": 65540484, "Nearest": {"max_delay": 0.14824052033330914, "cost": 127.22, "target_value": 180.04552033330916, "running_time": 1.001119613647461, "local_count": 100, "common_count": 0}, "M-Greedy": {"max_delay": 0.23489799136089973, "cost": 101.0, "target_value": 260.1479913608997, "running_time": 401.8733501434326, "n_selected_site": 1, "local_count": 100, "common_count": 0}, "M-Greedy-V2(Tx+Tp+Tq)": {"max_delay": 0.1375127796733625, "cost": 112.3, "target_value": 165.5877796733625, "running_time": 2224.8685359954834, "n_selected_site": 6, "local_count": 26, "common_count": 74}, "Ours": {"max_delay": 0.1331264558039343, "cost": 103.46, "target_value": 158.99145580393431, "running_time": 25324.089527130127, "local_count": 56, "common_count": 44}}}, "60": {"sim0": {"simulation_id": 0, "user_seed": 50147688, "Nearest": {"max_delay": 0.152263797389221, "cost": 160.1, "target_value": 192.288797389221, "running_time": 3.0024051666259766, "local_count": 120, "common_count": 0}, "M-Greedy": {"max_delay": 0.1416008262140547, "cost": 133.55, "target_value": 174.98832621405472, "running_time": 2924.260377883911, "n_selected_site": 11, "local_count": 60, "common_count": 60}, "M-Greedy-V2(Tx+Tp+Tq)": {"max_delay": 0.13738782181002263, "cost": 131.85, "target_value": 170.35032181002262, "running_time": 3578.3183574676514, "n_selected_site": 7, "local_count": 26, "common_count": 94}, "Ours": {"max_delay": 0.1327077239348241, "cost": 117.75, "target_value": 162.14522393482412, "running_time": 23463.329076766968, "local_count": 64, "common_count": 56}}, "sim1": {"simulation_id": 1, "user_seed": 41875516, "Nearest": {"max_delay": 0.14742213907092228, "cost": 152.18333333333334, "target_value": 185.4679724042556, "running_time": 2.0058155059814453, "local_count": 120, "common_count": 0}, "M-Greedy": {"max_delay": 0.13718142224891444, "cost": 129.01666666666668, "target_value": 169.4355889155811, "running_time": 2760.923385620117, "n_selected_site": 10, "local_count": 28, "common_count": 92}, "M-Greedy-V2(Tx+Tp+Tq)": {"max_delay": 0.13718142224891444, "cost": 128.65, "target_value": 169.34392224891442, "running_time": 3202.9905319213867, "n_selected_site": 6, "local_count": 22, "common_count": 98}, "Ours": {"max_delay": 0.1325556046333537, "cost": 115.61666666666666, "target_value": 161.45977130002038, "running_time": 34251.389265060425, "local_count": 59, "common_count": 61}}, "sim2": {"simulation_id": 2, "user_seed": 10012681, "Nearest": {"max_delay": 0.15133276486911024, "cost": 165.13333333333333, "target_value": 192.61609820244357, "running_time": 2.0012855529785156, "local_count": 120, "common_count": 0}, "M-Greedy": {"max_delay": 0.13756724117895758, "cost": 131.13333333333333, "target_value": 170.3505745122909, "running_time": 2808.9425563812256, "n_selected_site": 10, "local_count": 40, "common_count": 80}, "M-Greedy-V2(Tx+Tp+Tq)": {"max_delay": 0.13756724117895758, "cost": 132.7, "target_value": 170.74224117895756, "running_time": 3318.063974380493, "n_selected_site": 6, "local_count": 18, "common_count": 102}, "Ours": {"max_delay": 0.13285323093683085, "cost": 119.5, "target_value": 162.72823093683084, "running_time": 34287.45937347412, "local_count": 66, "common_count": 54}}}, "70": {"sim0": {"simulation_id": 0, "user_seed": 22256373, "Nearest": {"max_delay": 0.1488327947974712, "cost": 169.75714285714287, "target_value": 191.2720805117569, "running_time": 3.002643585205078, "local_count": 140, "common_count": 0}, "M-Greedy": {"max_delay": 0.2346588225027345, "cost": 135.0, "target_value": 268.40882250273455, "running_time": 773.5090255737305, "n_selected_site": 1, "local_count": 140, "common_count": 0}, "M-Greedy-V2(Tx+Tp+Tq)": {"max_delay": 0.14187349861268156, "cost": 141.44285714285715, "target_value": 177.23421289839587, "running_time": 5459.302663803101, "n_selected_site": 8, "local_count": 28, "common_count": 112}, "Ours": {"max_delay": 0.13464001314638943,