{"40": {"sim0": {"simulation_id": 0, "user_seed": 55956171, "Nearest": {"max_delay": 0.14048615427440103, "cost": 117.125, "target_value": 169.76740427440103, "running_time": 1.0013580322265625, "local_count": 80, "common_count": 0}, "M-Greedy": {"max_delay": 0.2326966339819445, "cost": 102.75, "target_value": 258.3841339819445, "running_time": 249.2053508758545, "n_selected_site": 1, "local_count": 80, "common_count": 0}, "M-Greedy-V2(Tx+Tp+Tq)": {"max_delay": 0.1317885905294856, "cost": 97.525, "target_value": 156.1698405294856, "running_time": 2591.197729110718, "n_selected_site": 13, "local_count": 14, "common_count": 66}, "Ours": {"max_delay": 0.12753081997087487, "cost": 96.625, "target_value": 151.68706997087486, "running_time": 17105.475425720215, "local_count": 32, "common_count": 48}}, "sim1": {"simulation_id": 1, "user_seed": 31239886, "Nearest": {"max_delay": 0.14283749359071313, "cost": 124.325, "target_value": 173.91874359071315, "running_time": 1.0004043579101562, "local_count": 80, "common_count": 0}, "M-Greedy": {"max_delay": 0.13983749359071312, "cost": 103.625, "target_value": 165.74374359071314, "running_time": 1500.3578662872314, "n_selected_site": 13, "local_count": 36, "common_count": 44}, "M-Greedy-V2(Tx+Tp+Tq)": {"max_delay": 0.13234047059749504, "cost": 98.725, "target_value": 157.02172059749503, "running_time": 1943.7735080718994, "n_selected_site": 9, "local_count": 12, "common_count": 68}, "Ours": {"max_delay": 0.1296329714895934, "cost": 94.825, "target_value": 153.33922148959343, "running_time": 17113.800764083862, "local_count": 39, "common_count": 41}}, "sim2": {"simulation_id": 2, "user_seed": 45517279, "Nearest": {"max_delay": 0.14451201281467604, "cost": 121.4, "target_value": 174.86201281467604, "running_time": 2.0017623901367188, "local_count": 80, "common_count": 0}, "M-Greedy": {"max_delay": 0.15051201281467605, "cost": 110.1, "target_value": 178.03701281467605, "running_time": 1310.0817203521729, "n_selected_site": 11, "local_count": 34, "common_count": 46}, "M-Greedy-V2(Tx+Tp+Tq)": {"max_delay": 0.13616709370042723, "cost": 97.85, "target_value": 160.62959370042725, "running_time": 1799.5073795318604, "n_selected_site": 8, "local_count": 20, "common_count": 60}, "Ours": {"max_delay": 0.13174288296699777, "cost": 96.325, "target_value": 155.82413296699778, "running_time": 17236.146450042725, "local_count": 39, "common_count": 41}}}, "50": {"sim0": {"simulation_id": 0, "user_seed": 88933598, "Nearest": {"max_delay": 0.1497878571342648, "cost": 136.62, "target_value": 183.94285713426478, "running_time": 2.001047134399414, "local_count": 100, "common_count": 0}, "M-Greedy": {"max_delay": 0.1389527348699281, "cost": 113.72, "target_value": 167.3827348699281, "running_time": 2043.4322357177734, "n_selected_site": 11, "local_count": 48, "common_count": 52}, "M-Greedy-V2(Tx+Tp+Tq)": {"max_delay": 0.1368091483602518, "cost": 116.18, "target_value": 165.85414836025177, "running_time": 3078.551769256592, "n_selected_site": 9, "local_count": 34, "common_count": 66}, "Ours": {"max_delay": 0.1352523242813727, "cost": 109.88, "target_value": 162.72232428137272, "running_time": 9554.558515548706, "local_count": 61, "common_count": 39}}, "sim1": {"simulation_id": 1, "user_seed": 47760825, "Nearest": {"max_delay": 0.14472207678028776, "cost": 135.54, "target_value": 178.60707678028774, "running_time": 1.0004043579101562, "local_count": 100, "common_count": 0}, "M-Greedy": {"max_delay": 0.2327954900592284, "cost": 112.8, "target_value": 260.9954900592284, "running_time": 390.3224468231201, "n_selected_site": 1, "local_count": 100, "common_count": 0}, "M-Greedy-V2(Tx+Tp+Tq)": {"max_delay": 0.13497872527180738, "cost": 114.38, "target_value": 163.57372527180738, "running_time": 3332.472085952759, "n_selected_site": 10, "local_count": 36, "common_count": 64}, "Ours": {"max_delay": 0.13235588198910886, "cost": 106.44, "target_value": 158.96588198910888, "running_time": 24820.188522338867, "local_count": 47, "common_count": 53}}, "sim2": {"simulation_id": 2, "user_seed": 27469213, "Nearest": {"max_delay": 0.14517319768772724, "cost": 136.1, "target_value": 179.19819768772726, "running_time": 2.001523971557617, "local_count": 100, "common_count": 0}, "M-Greedy": {"max_delay": 0.2322826354817752, "cost": 112.6, "target_value": 260.4326354817752, "running_time": 398.4341621398926, "n_selected_site": 1, "local_count": 100, "common_count": 0}, "M-Greedy-V2(Tx+Tp+Tq)": {"max_delay": 0.13528263548177522, "cost": 116.48, "target_value": 164.4026354817752, "running_time": 2491.0213947296143, "n_selected_site": 7, "local_count": 18, "common_count": 82}, "Ours": {"max_delay": 0.13190386863179795, "cost": 106.96, "target_value": 158.64386863179797, "running_time": 25065.564393997192, "local_count": 46, "common_count": 54}}}, "60": {"sim0": {"simulation_id": 0, "user_seed": 58051751, "Nearest": {"max_delay": 0.15113822193417925, "cost": 160.8, "target_value": 191.33822193417927, "running_time": 2.002239227294922, "local_count": 120, "common_count": 0}, "M-Greedy": {"max_delay": 0.13814783466378489, "cost": 130.46666666666667, "target_value": 170.76450133045157, "running_time": 2704.8277854919434, "n_selected_site": 10, "local_count": 50, "common_count": 70}, "M-Greedy-V2(Tx+Tp+Tq)": {"max_delay": 0.13814783466378489, "cost": 131.03333333333333, "target_value": 170.90616799711822, "running_time": 3581.681251525879, "n_selected_site": 7, "local_count": 40, "common_count": 80}, "Ours": {"max_delay": 0.1366018249079784, "cost": 126.46666666666667, "target_value": 168.21849157464507, "running_time": 33923.10357093811, "local_count": 67, "common_count": 53}}, "sim1": {"simulation_id": 1, "user_seed": 29426193, "Nearest": {"max_delay": 0.1477329086128752, "cost": 151.15, "target_value": 185.52040861287517, "running_time": 2.0012855529785156, "local_count": 120, "common_count": 0}, "M-Greedy": {"max_delay": 0.1507329086128752, "cost": 143.45, "target_value": 186.5954086128752, "running_time": 3119.097948074341, "n_selected_site": 12, "local_count": 66, "common_count": 54}, "M-Greedy-V2(Tx+Tp+Tq)": {"max_delay": 0.13782722649199056, "cost": 131.36666666666667, "target_value": 170.66889315865723, "running_time": 3615.622043609619, "n_selected_site": 7, "local_count": 28, "common_count": 92}, "Ours": {"max_delay": 0.13433674169940546, "cost": 118.53333333333333, "target_value": 163.97007503273878, "running_time": 33643.394231796265, "local_count": 75, "common_count": 45}}, "sim2": {"simulation_id": 2, "user_seed": 66587098, "Nearest": {"max_delay": 0.14969362550473542, "cost": 153.16666666666666, "target_value": 187.98529217140208, "running_time": 2.0017623901367188, "local_count": 120, "common_count": 0}, "M-Greedy": {"max_delay": 0.13697531746048464, "cost": 129.88333333333333, "target_value": 169.44615079381796, "running_time": 2733.710527420044, "n_selected_site": 10, "local_count": 50, "common_count": 70}, "M-Greedy-V2(Tx+Tp+Tq)": {"max_delay": 0.13697531746048464, "cost": 131.55, "target_value": 169.86281746048462, "running_time": 3620.450019836426, "n_selected_site": 7, "local_count": 30, "common_count": 90}, "Ours": {"max_delay": 0.1342333897619457, "cost": 120.88333333333334, "target_value": 164.45422309527905, "running_time": 21077.50153541565, "local_count": 69, "common_count": 51}}}, "70": {"sim0": {"simulation_id": 0, "user_seed": 34982737, "Nearest": {"max_delay": 0.15103430292223768, "cost": 173.7, "target_value": 194.45930292223767, "running_time": 2.0017623901367188, "local_count": 140, "common_count": 0}, "M-Greedy": {"max_delay": 0.13863816084880284, "cost": 138.95714285714286, "target_value": 173.37744656308854, "running_time": 3977.4506092071533, "n_selected_site": 11, "local_count": 82, "common_count": 58}, "M-Greedy-V2(Tx+Tp+Tq)": {"max_delay": 0.13863816084880284, "cost": 141.35714285714286, "target_value": 173.97744656308856, "running_time": 5474.658489227295, "n_selected_site": 8, "local_count": 34, "common_count": 106},