{"40": {"sim0": {"simulation_id": 0, "user_seed": 78245108, "Nearest": {"max_delay": 0.14228944573331076, "cost": 117.675, "target_value": 171.70819573331076, "running_time": 1.0004043579101562, "local_count": 80, "common_count": 0}, "M-Greedy": {"max_delay": 0.14854525968679913, "cost": 108.075, "target_value": 175.56400968679915, "running_time": 1132.9450607299805, "n_selected_site": 9, "local_count": 22, "common_count": 58}, "M-Greedy-V2(Tx+Tp+Tq)": {"max_delay": 0.1355345514014034, "cost": 96.225, "target_value": 159.5908014014034, "running_time": 1810.2927207946777, "n_selected_site": 8, "local_count": 18, "common_count": 62}, "Ours": {"max_delay": 0.13220789807116295, "cost": 93.4, "target_value": 155.55789807116295, "running_time": 17813.866138458252, "local_count": 42, "common_count": 38}}, "sim1": {"simulation_id": 1, "user_seed": 76807780, "Nearest": {"max_delay": 0.14621342700167372, "cost": 127.85, "target_value": 178.17592700167373, "running_time": 1.0013580322265625, "local_count": 80, "common_count": 0}, "M-Greedy": {"max_delay": 0.23205560834091887, "cost": 102.5, "target_value": 257.68060834091887, "running_time": 256.90174102783203, "n_selected_site": 1, "local_count": 80, "common_count": 0}, "M-Greedy-V2(Tx+Tp+Tq)": {"max_delay": 0.23205560834091887, "cost": 102.5, "target_value": 257.68060834091887, "running_time": 457.5536251068115, "n_selected_site": 1, "local_count": 80, "common_count": 0}, "Ours": {"max_delay": 0.1368093252122828, "cost": 93.5, "target_value": 160.1843252122828, "running_time": 18347.18656539917, "local_count": 38, "common_count": 42}}, "sim2": {"simulation_id": 2, "user_seed": 44754219, "Nearest": {"max_delay": 0.1445563894019227, "cost": 119.975, "target_value": 174.5501394019227, "running_time": 2.0012855529785156, "local_count": 80, "common_count": 0}, "M-Greedy": {"max_delay": 0.23394017957123625, "cost": 90.75, "target_value": 256.6276795712363, "running_time": 264.2185688018799, "n_selected_site": 1, "local_count": 80, "common_count": 0}, "M-Greedy-V2(Tx+Tp+Tq)": {"max_delay": 0.13633042347367533, "cost": 94.725, "target_value": 160.01167347367533, "running_time": 2204.3297290802, "n_selected_site": 10, "local_count": 26, "common_count": 54}, "Ours": {"max_delay": 0.1323097862509798, "cost": 93.175, "target_value": 155.6035362509798, "running_time": 18696.074724197388, "local_count": 47, "common_count": 33}}}, "50": {"sim0": {"simulation_id": 0, "user_seed": 86091692, "Nearest": {"max_delay": 0.14784948354297717, "cost": 140.92, "target_value": 183.07948354297716, "running_time": 1.0006427764892578, "local_count": 100, "common_count": 0}, "M-Greedy": {"max_delay": 0.14626218195567559, "cost": 123.36, "target_value": 177.10218195567558, "running_time": 1770.1292037963867, "n_selected_site": 9, "local_count": 24, "common_count": 76}, "M-Greedy-V2(Tx+Tp+Tq)": {"max_delay": 0.13460814848879651, "cost": 116.28, "target_value": 163.6781484887965, "running_time": 3049.19695854187, "n_selected_site": 9, "local_count": 12, "common_count": 88}, "Ours": {"max_delay": 0.13201588872313544, "cost": 107.12, "target_value": 158.79588872313545, "running_time": 27600.593328475952, "local_count": 65, "common_count": 35}}, "sim1": {"simulation_id": 1, "user_seed": 81654498, "Nearest": {"max_delay": 0.1500672227072254, "cost": 135.2, "target_value": 183.86722270722538, "running_time": 2.0017623901367188, "local_count": 100, "common_count": 0}, "M-Greedy": {"max_delay": 0.13932303666071377, "cost": 121.68, "target_value": 169.74303666071376, "running_time": 2066.2810802459717, "n_selected_site": 11, "local_count": 38, "common_count": 62}, "M-Greedy-V2(Tx+Tp+Tq)": {"max_delay": 0.13709640155782274, "cost": 113.18, "target_value": 165.39140155782275, "running_time": 2854.2282581329346, "n_selected_site": 8, "local_count": 20, "common_count": 80}, "Ours": {"max_delay": 0.13353276224734228, "cost": 109.08, "target_value": 160.8027622473423, "running_time": 27365.720510482788, "local_count": 49, "common_count": 51}}, "sim2": {"simulation_id": 2, "user_seed": 80523755, "Nearest": {"max_delay": 0.1472024991934568, "cost": 141.04, "target_value": 182.46249919345678, "running_time": 2.0017623901367188, "local_count": 100, "common_count": 0}, "M-Greedy": {"max_delay": 0.1470963520971696, "cost": 123.94, "target_value": 178.0813520971696, "running_time": 2133.7757110595703, "n_selected_site": 12, "local_count": 44, "common_count": 56}, "M-Greedy-V2(Tx+Tp+Tq)": {"max_delay": 0.1362709265353178, "cost": 115.48, "target_value": 165.14092653531782, "running_time": 2802.384853363037, "n_selected_site": 8, "local_count": 28, "common_count": 72}, "Ours": {"max_delay": 0.13440420614464738, "cost": 112.88, "target_value": 162.6242061446474, "running_time": 25701.921463012695, "local_count": 56, "common_count": 44}}}, "60": {"sim0": {"simulation_id": 0, "user_seed": 4799313, "Nearest": {"max_delay": 0.15369261917147486, "cost": 144.06666666666666, "target_value": 189.7092858381415, "running_time": 2.0017623901367188, "local_count": 120, "common_count": 0}, "M-Greedy": {"max_delay": 0.13945736497684272, "cost": 127.45, "target_value": 171.31986497684272, "running_time": 3035.0401401519775, "n_selected_site": 11, "local_count": 66, "common_count": 54}, "M-Greedy-V2(Tx+Tp+Tq)": {"max_delay": 0.13749699385040653, "cost": 113.83333333333333, "target_value": 165.95532718373988, "running_time": 3982.4259281158447, "n_selected_site": 8, "local_count": 16, "common_count": 104}, "Ours": {"max_delay": 0.13315566673307364, "cost": 112.76666666666667, "target_value": 161.3473333997403, "running_time": 34440.510749816895, "local_count": 62, "common_count": 58}}, "sim1": {"simulation_id": 1, "user_seed": 93921863, "Nearest": {"max_delay": 0.15179884221846296, "cost": 145.18333333333334, "target_value": 188.09467555179629, "running_time": 2.0012855529785156, "local_count": 120, "common_count": 0}, "M-Greedy": {"max_delay": 0.13863349806550485, "cost": 119.76666666666667, "target_value": 168.57516473217152, "running_time": 2968.257427215576, "n_selected_site": 11, "local_count": 44, "common_count": 76}, "M-Greedy-V2(Tx+Tp+Tq)": {"max_delay": 0.13729220298035555, "cost": 115.21666666666667, "target_value": 166.09636964702221, "running_time": 4027.388095855713, "n_selected_site": 8, "local_count": 30, "common_count": 90}, "Ours": {"max_delay": 0.13342464368756204, "cost": 114.7, "target_value": 162.09964368756206, "running_time": 18699.511766433716, "local_count": 59, "common_count": 61}}, "sim2": {"simulation_id": 2, "user_seed": 52987466, "Nearest": {"max_delay": 0.14694774574370306, "cost": 165.48333333333332, "target_value": 188.3185790770364, "running_time": 2.006053924560547, "local_count": 120, "common_count": 0}, "M-Greedy": {"max_delay": 0.23346713239011962, "cost": 124.5, "target_value": 264.5921323901196, "running_time": 573.0931758880615, "n_selected_site": 1, "local_count": 120, "common_count": 0}, "M-Greedy-V2(Tx+Tp+Tq)": {"max_delay": 0.13762131183364437, "cost": 137.43333333333334, "target_value": 171.97964516697772, "running_time": 3212.3405933380127, "n_selected_site": 6, "local_count": 10, "common_count": 110}, "Ours": {"max_delay": 0.1322443278779903, "cost": 127.73333333333333, "target_value": 164.17766121132362, "running_time": 35258.238554000854, "local_count": 59, "common_count": 61}}}, "70": {"sim0": {"simulation_id": 0, "user_seed": 85612862, "Nearest": {"max_delay": 0.1461705156742174, "cost": 186.72857142857143, "target_value": 192.85265853136025, "running_time": 2.001523971557617, "local_count": 140, "common_count": 0}, "M-Greedy": {"max_delay": 0.1464263296277058, "cost": 163.25714285714287, "target_value": 187.24061534199151, "running_time": 4294.352769851685, "n_selected_site": 12, "local_count": 54, "common_count": 86}, "M-Greedy-V2(Tx+Tp+Tq)": {"max_delay": 0.1360584302528376, "cost": 152.71428571428572, "target_value": 174.23700168140903, "running_time": 7462.396621704102, "n_selected_site": 12, "local_count": 28,