{"40": {"sim0": {"simulation_id": 0, "user_seed": 97946682, "Nearest": {"max_delay": 0.14926712832044137, "cost": 106.725, "target_value": 175.94837832044138, "running_time": 1.001119613647461, "local_count": 80, "common_count": 0}, "M-Greedy": {"max_delay": 0.13628069172544838, "cost": 93.6, "target_value": 159.68069172544838, "running_time": 1141.0324573516846, "n_selected_site": 10, "local_count": 28, "common_count": 52}, "M-Greedy-V2(Tx+Tp+Tq)": {"max_delay": 0.13628069172544838, "cost": 92.975, "target_value": 159.52444172544838, "running_time": 1701.899528503418, "n_selected_site": 8, "local_count": 18, "common_count": 62}, "Ours": {"max_delay": 0.1336851284981701, "cost": 89.1, "target_value": 155.96012849817012, "running_time": 16359.917879104614, "local_count": 48, "common_count": 32}}, "sim1": {"simulation_id": 1, "user_seed": 73113152, "Nearest": {"max_delay": 0.14410395826809266, "cost": 109.8, "target_value": 171.55395826809266, "running_time": 1.0008811950683594, "local_count": 80, "common_count": 0}, "M-Greedy": {"max_delay": 0.23384158485596535, "cost": 90.25, "target_value": 256.4040848559654, "running_time": 249.2997646331787, "n_selected_site": 1, "local_count": 80, "common_count": 0}, "M-Greedy-V2(Tx+Tp+Tq)": {"max_delay": 0.130050049957125, "cost": 97.25, "target_value": 154.362549957125, "running_time": 1587.4218940734863, "n_selected_site": 7, "local_count": 20, "common_count": 60}, "Ours": {"max_delay": 0.1270838692418017, "cost": 93.175, "target_value": 150.3776192418017, "running_time": 14146.662473678589, "local_count": 53, "common_count": 27}}, "sim2": {"simulation_id": 2, "user_seed": 80187515, "Nearest": {"max_delay": 0.1429894980797201, "cost": 114.775, "target_value": 171.6832480797201, "running_time": 1.0001659393310547, "local_count": 80, "common_count": 0}, "M-Greedy": {"max_delay": 0.13524531203320847, "cost": 99.125, "target_value": 160.02656203320848, "running_time": 1470.1061248779297, "n_selected_site": 13, "local_count": 46, "common_count": 34}, "M-Greedy-V2(Tx+Tp+Tq)": {"max_delay": 0.1299265504798025, "cost": 98.2, "target_value": 154.4765504798025, "running_time": 1987.6930713653564, "n_selected_site": 9, "local_count": 12, "common_count": 68}, "Ours": {"max_delay": 0.12766760183552808, "cost": 96.775, "target_value": 151.8613518355281, "running_time": 17622.55072593689, "local_count": 38, "common_count": 42}}}, "50": {"sim0": {"simulation_id": 0, "user_seed": 64510781, "Nearest": {"max_delay": 0.14655085436006582, "cost": 150.5, "target_value": 184.1758543600658, "running_time": 2.002239227294922, "local_count": 100, "common_count": 0}, "M-Greedy": {"max_delay": 0.23399344149028373, "cost": 114.0, "target_value": 262.4934414902837, "running_time": 383.3177089691162, "n_selected_site": 1, "local_count": 100, "common_count": 0}, "M-Greedy-V2(Tx+Tp+Tq)": {"max_delay": 0.13736954386580838, "cost": 115.24, "target_value": 166.17954386580837, "running_time": 2750.8792877197266, "n_selected_site": 8, "local_count": 26, "common_count": 74}, "Ours": {"max_delay": 0.1330823069048258, "cost": 110.5, "target_value": 160.7073069048258, "running_time": 26171.06533050537, "local_count": 51, "common_count": 49}}, "sim1": {"simulation_id": 1, "user_seed": 51375410, "Nearest": {"max_delay": 0.14956344159016627, "cost": 138.02, "target_value": 184.06844159016626, "running_time": 2.002239227294922, "local_count": 100, "common_count": 0}, "M-Greedy": {"max_delay": 0.13872250948456671, "cost": 112.9, "target_value": 166.9475094845667, "running_time": 1858.396291732788, "n_selected_site": 10, "local_count": 40, "common_count": 60}, "M-Greedy-V2(Tx+Tp+Tq)": {"max_delay": 0.13872250948456671, "cost": 112.86, "target_value": 166.9375094845667, "running_time": 2779.0114879608154, "n_selected_site": 8, "local_count": 28, "common_count": 72}, "Ours": {"max_delay": 0.13397457273351654, "cost": 109.94, "target_value": 161.45957273351655, "running_time": 8357.666969299316, "local_count": 53, "common_count": 47}}, "sim2": {"simulation_id": 2, "user_seed": 11403104, "Nearest": {"max_delay": 0.1449013916320693, "cost": 141.06, "target_value": 180.1663916320693, "running_time": 2.0012855529785156, "local_count": 100, "common_count": 0}, "M-Greedy": {"max_delay": 0.1449013916320693, "cost": 134.24, "target_value": 178.4613916320693, "running_time": 2212.8684520721436, "n_selected_site": 12, "local_count": 60, "common_count": 40}, "M-Greedy-V2(Tx+Tp+Tq)": {"max_delay": 0.13532809945360053, "cost": 115.94, "target_value": 164.3130994536005, "running_time": 2523.420572280884, "n_selected_site": 7, "local_count": 24, "common_count": 76}, "Ours": {"max_delay": 0.13104559724368947, "cost": 112.14, "target_value": 159.08059724368948, "running_time": 26341.224908828735, "local_count": 49, "common_count": 51}}}, "60": {"sim0": {"simulation_id": 0, "user_seed": 72723133, "Nearest": {"max_delay": 0.1477808150435881, "cost": 172.15, "target_value": 190.8183150435881, "running_time": 2.0017623901367188, "local_count": 120, "common_count": 0}, "M-Greedy": {"max_delay": 0.14767466794730089, "cost": 137.73333333333332, "target_value": 182.10800128063423, "running_time": 3149.6355533599854, "n_selected_site": 12, "local_count": 52, "common_count": 68}, "M-Greedy-V2(Tx+Tp+Tq)": {"max_delay": 0.1352749845945707, "cost": 134.68333333333334, "target_value": 168.94581792790405, "running_time": 3643.5282230377197, "n_selected_site": 7, "local_count": 18, "common_count": 102}, "Ours": {"max_delay": 0.13258090831374972, "cost": 126.33333333333333, "target_value": 164.16424164708306, "running_time": 35111.80090904236, "local_count": 61, "common_count": 59}}, "sim1": {"simulation_id": 1, "user_seed": 68218836, "Nearest": {"max_delay": 0.1494142090103418, "cost": 164.16666666666666, "target_value": 190.45587567700846, "running_time": 2.001047134399414, "local_count": 120, "common_count": 0}, "M-Greedy": {"max_delay": 0.1383159818268467, "cost": 128.81666666666666, "target_value": 170.52014849351337, "running_time": 2672.1582412719727, "n_selected_site": 10, "local_count": 58, "common_count": 62}, "M-Greedy-V2(Tx+Tp+Tq)": {"max_delay": 0.13731553192495718, "cost": 137.01666666666668, "target_value": 171.56969859162385, "running_time": 3134.3913078308105, "n_selected_site": 6, "local_count": 28, "common_count": 92}, "Ours": {"max_delay": 0.1333067161449118, "cost": 129.5, "target_value": 165.6817161449118, "running_time": 35009.03511047363, "local_count": 60, "common_count": 60}}, "sim2": {"simulation_id": 2, "user_seed": 4581989, "Nearest": {"max_delay": 0.14968064634608927, "cost": 155.0, "target_value": 188.43064634608928, "running_time": 1.9528865814208984, "local_count": 120, "common_count": 0}, "M-Greedy": {"max_delay": 0.1386349508909216, "cost": 132.03333333333333, "target_value": 171.64328422425493, "running_time": 2686.6915225982666, "n_selected_site": 10, "local_count": 34, "common_count": 86}, "M-Greedy-V2(Tx+Tp+Tq)": {"max_delay": 0.13861500973580523, "cost": 134.86666666666667, "target_value": 172.3316764024719, "running_time": 3287.6811027526855, "n_selected_site": 6, "local_count": 18, "common_count": 102}, "Ours": {"max_delay": 0.13259729812442764, "cost": 116.75, "target_value": 161.78479812442762, "running_time": 35151.20768547058, "local_count": 72, "common_count": 48}}}, "70": {"sim0": {"simulation_id": 0, "user_seed": 14482298, "Nearest": {"max_delay": 0.15185187037847891, "cost": 182.17142857142858, "target_value": 197.39472752133605, "running_time": 2.971649169921875, "local_count": 140, "common_count": 0}, "M-Greedy": {"max_delay": 0.1402396179488728, "cost": 148.71428571428572, "target_value": 177.4181893774442, "running_time": 3657.7000617980957, "n_selected_site": 10, "local_count": 56, "common_count": 84}, "M-Greedy-V2(Tx+Tp+Tq)": {"max_delay": 0.1394002452858603, "cost": 154.22857142857143, "target_value": 177.95738814300316, "running_time": 4305.936574935913, "n_selected_site": 6, "local_count": 28, "common_count": 112},