{"40": {"sim0": {"simulation_id": 0, "user_seed": 77299071, "Nearest": {"max_delay": 0.14755200937153085, "cost": 116.05, "target_value": 176.56450937153085, "running_time": 1.0008811950683594, "local_count": 80, "common_count": 0}, "M-Greedy": {"max_delay": 0.23501553586180712, "cost": 90.5, "target_value": 257.6405358618071, "running_time": 236.19556427001953, "n_selected_site": 1, "local_count": 80, "common_count": 0}, "M-Greedy-V2(Tx+Tp+Tq)": {"max_delay": 0.13617929888582198, "cost": 97.175, "target_value": 160.47304888582195, "running_time": 1523.7340927124023, "n_selected_site": 7, "local_count": 28, "common_count": 52}, "Ours": {"max_delay": 0.13429023372228716, "cost": 96.1, "target_value": 158.31523372228716, "running_time": 16348.999977111816, "local_count": 47, "common_count": 33}}, "sim1": {"simulation_id": 1, "user_seed": 9587914, "Nearest": {"max_delay": 0.14605804503475678, "cost": 118.575, "target_value": 175.7017950347568, "running_time": 1.0001659393310547, "local_count": 80, "common_count": 0}, "M-Greedy": {"max_delay": 0.13519747613461938, "cost": 92.6, "target_value": 158.3474761346194, "running_time": 1168.328046798706, "n_selected_site": 10, "local_count": 38, "common_count": 42}, "M-Greedy-V2(Tx+Tp+Tq)": {"max_delay": 0.13519747613461938, "cost": 95.75, "target_value": 159.1349761346194, "running_time": 1719.5065021514893, "n_selected_site": 8, "local_count": 18, "common_count": 62}, "Ours": {"max_delay": 0.13271418316169953, "cost": 92.8, "target_value": 155.91418316169953, "running_time": 17204.6537399292, "local_count": 41, "common_count": 39}}, "sim2": {"simulation_id": 2, "user_seed": 96572267, "Nearest": {"max_delay": 0.14802999698015373, "cost": 125.675, "target_value": 179.44874698015371, "running_time": 1.001119613647461, "local_count": 80, "common_count": 0}, "M-Greedy": {"max_delay": 0.1383581873041529, "cost": 97.875, "target_value": 162.8269373041529, "running_time": 1234.0939044952393, "n_selected_site": 10, "local_count": 22, "common_count": 58}, "M-Greedy-V2(Tx+Tp+Tq)": {"max_delay": 0.1383581873041529, "cost": 98.25, "target_value": 162.9206873041529, "running_time": 1750.7784366607666, "n_selected_site": 8, "local_count": 18, "common_count": 62}, "Ours": {"max_delay": 0.13348434687694705, "cost": 95.9, "target_value": 157.45934687694705, "running_time": 17645.970344543457, "local_count": 42, "common_count": 38}}}, "50": {"sim0": {"simulation_id": 0, "user_seed": 49575745, "Nearest": {"max_delay": 0.14916725583035217, "cost": 143.32, "target_value": 184.99725583035217, "running_time": 2.0012855529785156, "local_count": 100, "common_count": 0}, "M-Greedy": {"max_delay": 0.13837817437307343, "cost": 113.8, "target_value": 166.8281743730734, "running_time": 1897.2771167755127, "n_selected_site": 10, "local_count": 28, "common_count": 72}, "M-Greedy-V2(Tx+Tp+Tq)": {"max_delay": 0.13596559861917584, "cost": 114.84, "target_value": 164.67559861917584, "running_time": 3312.527894973755, "n_selected_site": 10, "local_count": 22, "common_count": 78}, "Ours": {"max_delay": 0.13417748855192238, "cost": 109.06, "target_value": 161.4424885519224, "running_time": 26095.773935317993, "local_count": 50, "common_count": 50}}, "sim1": {"simulation_id": 1, "user_seed": 46902989, "Nearest": {"max_delay": 0.14227339297940778, "cost": 123.58, "target_value": 173.1683929794078, "running_time": 2.001523971557617, "local_count": 100, "common_count": 0}, "M-Greedy": {"max_delay": 0.13540722452475937, "cost": 107.18, "target_value": 162.20222452475934, "running_time": 1880.4144859313965, "n_selected_site": 10, "local_count": 38, "common_count": 62}, "M-Greedy-V2(Tx+Tp+Tq)": {"max_delay": 0.13540722452475937, "cost": 113.64, "target_value": 163.81722452475935, "running_time": 2240.999460220337, "n_selected_site": 6, "local_count": 20, "common_count": 80}, "Ours": {"max_delay": 0.13163735391727627, "cost": 101.98, "target_value": 157.13235391727628, "running_time": 26119.696140289307, "local_count": 59, "common_count": 41}}, "sim2": {"simulation_id": 2, "user_seed": 31759593, "Nearest": {"max_delay": 0.1483498226187518, "cost": 134.74, "target_value": 182.0348226187518, "running_time": 2.0020008087158203, "local_count": 100, "common_count": 0}, "M-Greedy": {"max_delay": 0.13755714948270387, "cost": 111.76, "target_value": 165.49714948270386, "running_time": 1920.2170372009277, "n_selected_site": 10, "local_count": 46, "common_count": 54}, "M-Greedy-V2(Tx+Tp+Tq)": {"max_delay": 0.1353236608650956, "cost": 115.4, "target_value": 164.1736608650956, "running_time": 3080.2969932556152, "n_selected_site": 9, "local_count": 18, "common_count": 82}, "Ours": {"max_delay": 0.13251736339042922, "cost": 106.22, "target_value": 159.07236339042922, "running_time": 26359.75933074951, "local_count": 57, "common_count": 43}}}, "60": {"sim0": {"simulation_id": 0, "user_seed": 84427577, "Nearest": {"max_delay": 0.14522373281986561, "cost": 166.06666666666666, "target_value": 186.74039948653228, "running_time": 2.0020008087158203, "local_count": 120, "common_count": 0}, "M-Greedy": {"max_delay": 0.14363643123256403, "cost": 147.98333333333332, "target_value": 180.63226456589737, "running_time": 2751.298427581787, "n_selected_site": 10, "local_count": 60, "common_count": 60}, "M-Greedy-V2(Tx+Tp+Tq)": {"max_delay": 0.1353159818268467, "cost": 132.6, "target_value": 168.4659818268467, "running_time": 3203.1588554382324, "n_selected_site": 6, "local_count": 14, "common_count": 106}, "Ours": {"max_delay": 0.1318331644208517, "cost": 123.25, "target_value": 162.6456644208517, "running_time": 35551.51557922363, "local_count": 53, "common_count": 67}}, "sim1": {"simulation_id": 1, "user_seed": 69664197, "Nearest": {"max_delay": 0.15113822193417925, "cost": 166.18333333333334, "target_value": 192.68405526751258, "running_time": 2.0017623901367188, "local_count": 120, "common_count": 0}, "M-Greedy": {"max_delay": 0.13814783466378489, "cost": 128.68333333333334, "target_value": 170.3186679971182, "running_time": 2763.7100219726562, "n_selected_site": 10, "local_count": 52, "common_count": 68}, "M-Greedy-V2(Tx+Tp+Tq)": {"max_delay": 0.13814783466378489, "cost": 131.8, "target_value": 171.0978346637849, "running_time": 3207.8027725219727, "n_selected_site": 6, "local_count": 24, "common_count": 96}, "Ours": {"max_delay": 0.13462243515876765, "cost": 120.36666666666666, "target_value": 164.7141018254343, "running_time": 35469.31982040405, "local_count": 63, "common_count": 57}}, "sim2": {"simulation_id": 2, "user_seed": 28706535, "Nearest": {"max_delay": 0.14452084864625822, "cost": 154.83333333333334, "target_value": 183.22918197959157, "running_time": 2.0020008087158203, "local_count": 120, "common_count": 0}, "M-Greedy": {"max_delay": 0.14996713879022278, "cost": 134.85, "target_value": 183.67963879022278, "running_time": 2691.3821697235107, "n_selected_site": 10, "local_count": 42, "common_count": 78}, "M-Greedy-V2(Tx+Tp+Tq)": {"max_delay": 0.1358529383882861, "cost": 133.7, "target_value": 169.2779383882861, "running_time": 3567.591905593872, "n_selected_site": 7, "local_count": 20, "common_count": 100}, "Ours": {"max_delay": 0.13332964646282025, "cost": 126.28333333333333, "target_value": 164.90047979615358, "running_time": 34727.69260406494, "local_count": 61, "common_count": 59}}}, "70": {"sim0": {"simulation_id": 0, "user_seed": 63512077, "Nearest": {"max_delay": 0.14933445087769293, "cost": 173.94285714285715, "target_value": 192.8201651634072, "running_time": 3.0024051666259766, "local_count": 140, "common_count": 0}, "M-Greedy": {"max_delay": 0.13505687518264814, "cost": 134.88571428571427, "target_value": 168.7783037540767, "running_time": 3651.512384414673, "n_selected_site": 10, "local_count": 40, "common_count": 100}, "M-Greedy-V2(Tx+Tp+Tq)": {"max_delay": 0.13505687518264814, "cost": 133.4142857142857, "target_value": 168.41044661121956, "running_time": 4314.842939376831, "n_selected_site": 6, "local_count": 28, "common_count": 112},