{"40": {"sim0": {"simulation_id": 0, "user_seed": 94616488, "Nearest": {"max_delay": 0.14412303024530437, "cost": 121.825, "target_value": 174.57928024530437, "running_time": 1.0004043579101562, "local_count": 80, "common_count": 0}, "M-Greedy": {"max_delay": 0.23199259097638136, "cost": 102.75, "target_value": 257.6800909763814, "running_time": 243.20673942565918, "n_selected_site": 1, "local_count": 80, "common_count": 0}, "M-Greedy-V2(Tx+Tp+Tq)": {"max_delay": 0.1358021147859052, "cost": 98.3, "target_value": 160.37711478590518, "running_time": 2069.5717334747314, "n_selected_site": 10, "local_count": 24, "common_count": 56}, "Ours": {"max_delay": 0.13327882286043935, "cost": 94.85, "target_value": 156.99132286043937, "running_time": 17162.463188171387, "local_count": 37, "common_count": 43}}, "sim1": {"simulation_id": 1, "user_seed": 33444599, "Nearest": {"max_delay": 0.15003025877587842, "cost": 116.4, "target_value": 179.13025877587842, "running_time": 1.0006427764892578, "local_count": 80, "common_count": 0}, "M-Greedy": {"max_delay": 0.13593792980362773, "cost": 93.175, "target_value": 159.2316798036277, "running_time": 1335.9177112579346, "n_selected_site": 11, "local_count": 38, "common_count": 42}, "M-Greedy-V2(Tx+Tp+Tq)": {"max_delay": 0.13588584213823687, "cost": 95.975, "target_value": 159.8795921382369, "running_time": 2118.3764934539795, "n_selected_site": 10, "local_count": 14, "common_count": 66}, "Ours": {"max_delay": 0.1304998651150708, "cost": 90.0, "target_value": 152.9998651150708, "running_time": 17501.301527023315, "local_count": 47, "common_count": 33}}, "sim2": {"simulation_id": 2, "user_seed": 38031491, "Nearest": {"max_delay": 0.1486464427636267, "cost": 119.725, "target_value": 178.57769276362671, "running_time": 2.0012855529785156, "local_count": 80, "common_count": 0}, "M-Greedy": {"max_delay": 0.15051201281467605, "cost": 106.725, "target_value": 177.19326281467605, "running_time": 1239.253282546997, "n_selected_site": 10, "local_count": 36, "common_count": 44}, "M-Greedy-V2(Tx+Tp+Tq)": {"max_delay": 0.13671641671783535, "cost": 99.425, "target_value": 161.57266671783535, "running_time": 1444.633960723877, "n_selected_site": 6, "local_count": 16, "common_count": 64}, "Ours": {"max_delay": 0.1338156707147372, "cost": 96.425, "target_value": 157.9219207147372, "running_time": 17818.820238113403, "local_count": 52, "common_count": 28}}}, "50": {"sim0": {"simulation_id": 0, "user_seed": 76794827, "Nearest": {"max_delay": 0.14544326458986045, "cost": 133.52, "target_value": 178.82326458986046, "running_time": 2.0017623901367188, "local_count": 100, "common_count": 0}, "M-Greedy": {"max_delay": 0.23261734575269677, "cost": 112.6, "target_value": 260.76734575269677, "running_time": 390.52605628967285, "n_selected_site": 1, "local_count": 100, "common_count": 0}, "M-Greedy-V2(Tx+Tp+Tq)": {"max_delay": 0.13521015984010692, "cost": 114.76, "target_value": 163.9001598401069, "running_time": 3053.962230682373, "n_selected_site": 9, "local_count": 32, "common_count": 68}, "Ours": {"max_delay": 0.13174806809932976, "cost": 107.52, "target_value": 158.62806809932977, "running_time": 23691.436529159546, "local_count": 56, "common_count": 44}}, "sim1": {"simulation_id": 1, "user_seed": 33804293, "Nearest": {"max_delay": 0.13642817743707578, "cost": 132.62, "target_value": 169.5831774370758, "running_time": 2.0012855529785156, "local_count": 100, "common_count": 0}, "M-Greedy": {"max_delay": 0.2322826354817752, "cost": 113.4, "target_value": 260.6326354817752, "running_time": 400.3915786743164, "n_selected_site": 1, "local_count": 100, "common_count": 0}, "M-Greedy-V2(Tx+Tp+Tq)": {"max_delay": 0.1347225094845667, "cost": 114.34, "target_value": 163.3075094845667, "running_time": 2775.789499282837, "n_selected_site": 8, "local_count": 26, "common_count": 74}, "Ours": {"max_delay": 0.129476032717396, "cost": 111.92, "target_value": 157.45603271739597, "running_time": 25890.950202941895, "local_count": 55, "common_count": 45}}, "sim2": {"simulation_id": 2, "user_seed": 36367794, "Nearest": {"max_delay": 0.14698272149725103, "cost": 140.34, "target_value": 182.06772149725103, "running_time": 2.0012855529785156, "local_count": 100, "common_count": 0}, "M-Greedy": {"max_delay": 0.13819396825835106, "cost": 113.08, "target_value": 166.46396825835106, "running_time": 1953.9270401000977, "n_selected_site": 10, "local_count": 32, "common_count": 68}, "M-Greedy-V2(Tx+Tp+Tq)": {"max_delay": 0.13819396825835106, "cost": 113.96, "target_value": 166.68396825835106, "running_time": 2845.048666000366, "n_selected_site": 8, "local_count": 20, "common_count": 80}, "Ours": {"max_delay": 0.13364627184541156, "cost": 107.12, "target_value": 160.42627184541155, "running_time": 25863.642930984497, "local_count": 56, "common_count": 44}}}, "60": {"sim0": {"simulation_id": 0, "user_seed": 52935675, "Nearest": {"max_delay": 0.14442074663627213, "cost": 161.68333333333334, "target_value": 184.84157996960545, "running_time": 2.001047134399414, "local_count": 120, "common_count": 0}, "M-Greedy": {"max_delay": 0.13517120502222568, "cost": 133.33333333333334, "target_value": 168.50453835555902, "running_time": 2706.0837745666504, "n_selected_site": 10, "local_count": 20, "common_count": 100}, "M-Greedy-V2(Tx+Tp+Tq)": {"max_delay": 0.13517120502222568, "cost": 133.66666666666666, "target_value": 168.58787168889233, "running_time": 3148.6880779266357, "n_selected_site": 6, "local_count": 12, "common_count": 108}, "Ours": {"max_delay": 0.13136686070133802, "cost": 122.9, "target_value": 162.09186070133802, "running_time": 34223.352909088135, "local_count": 60, "common_count": 60}}, "sim1": {"simulation_id": 1, "user_seed": 9022918, "Nearest": {"max_delay": 0.1477511741675317, "cost": 161.11666666666667, "target_value": 188.03034083419837, "running_time": 2.0017623901367188, "local_count": 120, "common_count": 0}, "M-Greedy": {"max_delay": 0.1383159818268467, "cost": 133.45, "target_value": 171.67848182684668, "running_time": 2706.303596496582, "n_selected_site": 10, "local_count": 30, "common_count": 90}, "M-Greedy-V2(Tx+Tp+Tq)": {"max_delay": 0.1383159818268467, "cost": 134.58333333333334, "target_value": 171.96181516018004, "running_time": 3935.2550506591797, "n_selected_site": 8, "local_count": 20, "common_count": 100}, "Ours": {"max_delay": 0.13233670975448164, "cost": 124.56666666666666, "target_value": 163.4783764211483, "running_time": 34778.13625335693, "local_count": 68, "common_count": 52}}, "sim2": {"simulation_id": 2, "user_seed": 24868768, "Nearest": {"max_delay": 0.1495592737967942, "cost": 165.36666666666667, "target_value": 190.90094046346087, "running_time": 2.0012855529785156, "local_count": 120, "common_count": 0}, "M-Greedy": {"max_delay": 0.13857263783884113, "cost": 135.5, "target_value": 172.44763783884113, "running_time": 2719.8758125305176, "n_selected_site": 10, "local_count": 28, "common_count": 92}, "M-Greedy-V2(Tx+Tp+Tq)": {"max_delay": 0.13557263783884113, "cost": 135.11666666666667, "target_value": 169.3518045055078, "running_time": 3574.96976852417, "n_selected_site": 7, "local_count": 18, "common_count": 102}, "Ours": {"max_delay": 0.13192948002698504, "cost": 127.55, "target_value": 163.81698002698502, "running_time": 34460.53242683411, "local_count": 57, "common_count": 63}}}, "70": {"sim0": {"simulation_id": 0, "user_seed": 74277953, "Nearest": {"max_delay": 0.14685741437784863, "cost": 180.7, "target_value": 192.03241437784862, "running_time": 2.001047134399414, "local_count": 140, "common_count": 0}, "M-Greedy": {"max_delay": 0.13595158294745452, "cost": 147.34285714285716, "target_value": 172.7872972331688, "running_time": 3608.2026958465576, "n_selected_site": 10, "local_count": 62, "common_count": 78}, "M-Greedy-V2(Tx+Tp+Tq)": {"max_delay": 0.13595158294745452, "cost": 151.45714285714286, "target_value": 173.81586866174024, "running_time": 4307.560205459595, "n_selected_site": 6, "local_count": 32, "common_count": 108},