{"40": {"sim0": {"simulation_id": 0, "user_seed": 16067657, "Nearest": {"max_delay": 0.15163791786582156, "cost": 112.0, "target_value": 179.63791786582158, "running_time": 1.0008811950683594, "local_count": 80, "common_count": 0}, "M-Greedy": {"max_delay": 0.13859437255052348, "cost": 93.75, "target_value": 162.03187255052347, "running_time": 1144.43039894104, "n_selected_site": 10, "local_count": 26, "common_count": 54}, "M-Greedy-V2(Tx+Tp+Tq)": {"max_delay": 0.13859437255052348, "cost": 95.525, "target_value": 162.47562255052347, "running_time": 1659.1827869415283, "n_selected_site": 8, "local_count": 14, "common_count": 66}, "Ours": {"max_delay": 0.1339743567335969, "cost": 93.3, "target_value": 157.29935673359688, "running_time": 15922.388792037964, "local_count": 38, "common_count": 42}}, "sim1": {"simulation_id": 1, "user_seed": 56058162, "Nearest": {"max_delay": 0.14621886951674257, "cost": 120.75, "target_value": 176.40636951674256, "running_time": 1.0006427764892578, "local_count": 80, "common_count": 0}, "M-Greedy": {"max_delay": 0.13461386804060144, "cost": 95.1, "target_value": 158.38886804060144, "running_time": 1180.168628692627, "n_selected_site": 10, "local_count": 40, "common_count": 40}, "M-Greedy-V2(Tx+Tp+Tq)": {"max_delay": 0.13461386804060144, "cost": 96.825, "target_value": 158.82011804060144, "running_time": 1689.021110534668, "n_selected_site": 8, "local_count": 26, "common_count": 54}, "Ours": {"max_delay": 0.13099169981503822, "cost": 92.8, "target_value": 154.19169981503822, "running_time": 15023.58603477478, "local_count": 45, "common_count": 35}}, "sim2": {"simulation_id": 2, "user_seed": 23071762, "Nearest": {"max_delay": 0.14766166522816457, "cost": 113.875, "target_value": 176.13041522816457, "running_time": 2.001523971557617, "local_count": 80, "common_count": 0}, "M-Greedy": {"max_delay": 0.13678390183116257, "cost": 93.875, "target_value": 160.25265183116258, "running_time": 1161.1781120300293, "n_selected_site": 10, "local_count": 26, "common_count": 54}, "M-Greedy-V2(Tx+Tp+Tq)": {"max_delay": 0.13678390183116257, "cost": 95.9, "target_value": 160.75890183116258, "running_time": 1704.437017440796, "n_selected_site": 8, "local_count": 14, "common_count": 66}, "Ours": {"max_delay": 0.1327619775442785, "cost": 90.575, "target_value": 155.4057275442785, "running_time": 16770.820140838623, "local_count": 47, "common_count": 33}}}, "50": {"sim0": {"simulation_id": 0, "user_seed": 88705077, "Nearest": {"max_delay": 0.14390664669763087, "cost": 138.88, "target_value": 178.62664669763086, "running_time": 1.0006427764892578, "local_count": 100, "common_count": 0}, "M-Greedy": {"max_delay": 0.14224367552246459, "cost": 121.98, "target_value": 172.7386755224646, "running_time": 1464.0429019927979, "n_selected_site": 7, "local_count": 26, "common_count": 74}, "M-Greedy-V2(Tx+Tp+Tq)": {"max_delay": 0.1308931840890027, "cost": 116.76, "target_value": 160.08318408900269, "running_time": 3016.8120861053467, "n_selected_site": 9, "local_count": 26, "common_count": 74}, "Ours": {"max_delay": 0.1264520163663193, "cost": 110.74, "target_value": 154.1370163663193, "running_time": 25695.77717781067, "local_count": 49, "common_count": 51}}, "sim1": {"simulation_id": 1, "user_seed": 79571670, "Nearest": {"max_delay": 0.14889564220496004, "cost": 145.24, "target_value": 185.20564220496004, "running_time": 2.001047134399414, "local_count": 100, "common_count": 0}, "M-Greedy": {"max_delay": 0.13989564220496006, "cost": 123.62, "target_value": 170.80064220496007, "running_time": 2046.5662479400635, "n_selected_site": 11, "local_count": 48, "common_count": 52}, "M-Greedy-V2(Tx+Tp+Tq)": {"max_delay": 0.13919913218784766, "cost": 113.46, "target_value": 167.56413218784766, "running_time": 2765.2981281280518, "n_selected_site": 8, "local_count": 26, "common_count": 74}, "Ours": {"max_delay": 0.13539722578416633, "cost": 107.48, "target_value": 162.26722578416633, "running_time": 25172.817945480347, "local_count": 46, "common_count": 54}}, "sim2": {"simulation_id": 2, "user_seed": 72054168, "Nearest": {"max_delay": 0.15056735074878375, "cost": 146.98, "target_value": 187.31235074878376, "running_time": 1.0008811950683594, "local_count": 100, "common_count": 0}, "M-Greedy": {"max_delay": 0.1366507380812462, "cost": 115.0, "target_value": 165.4007380812462, "running_time": 2180.427312850952, "n_selected_site": 12, "local_count": 28, "common_count": 72}, "M-Greedy-V2(Tx+Tp+Tq)": {"max_delay": 0.1366507380812462, "cost": 115.74, "target_value": 165.5857380812462, "running_time": 3251.05619430542, "n_selected_site": 10, "local_count": 18, "common_count": 82}, "Ours": {"max_delay": 0.13241343409598555, "cost": 111.44, "target_value": 160.27343409598552, "running_time": 25550.837755203247, "local_count": 46, "common_count": 54}}}, "60": {"sim0": {"simulation_id": 0, "user_seed": 76372167, "Nearest": {"max_delay": 0.1452284896024677, "cost": 166.16666666666666, "target_value": 186.77015626913436, "running_time": 2.001523971557617, "local_count": 120, "common_count": 0}, "M-Greedy": {"max_delay": 0.1452284896024677, "cost": 152.65, "target_value": 183.3909896024677, "running_time": 2467.0393466949463, "n_selected_site": 9, "local_count": 62, "common_count": 58}, "M-Greedy-V2(Tx+Tp+Tq)": {"max_delay": 0.13233803994513682, "cost": 134.81666666666666, "target_value": 166.04220661180346, "running_time": 3168.1385040283203, "n_selected_site": 6, "local_count": 26, "common_count": 94}, "Ours": {"max_delay": 0.12891388305944784, "cost": 131.6, "target_value": 161.81388305944785, "running_time": 15741.122722625732, "local_count": 64, "common_count": 56}}, "sim1": {"simulation_id": 1, "user_seed": 8681013, "Nearest": {"max_delay": 0.1474770946593868, "cost": 149.46666666666667, "target_value": 184.84376132605348, "running_time": 2.002239227294922, "local_count": 120, "common_count": 0}, "M-Greedy": {"max_delay": 0.13480644470079806, "cost": 131.6, "target_value": 167.70644470079807, "running_time": 2964.475393295288, "n_selected_site": 11, "local_count": 38, "common_count": 82}, "M-Greedy-V2(Tx+Tp+Tq)": {"max_delay": 0.13480994998683338, "cost": 133.63333333333333, "target_value": 168.2182833201667, "running_time": 3226.734399795532, "n_selected_site": 6, "local_count": 20, "common_count": 100}, "Ours": {"max_delay": 0.12933674169940546, "cost": 120.25, "target_value": 159.39924169940545, "running_time": 12929.083585739136, "local_count": 63, "common_count": 57}}, "sim2": {"simulation_id": 2, "user_seed": 87902511, "Nearest": {"max_delay": 0.1496656149376177, "cost": 147.58333333333334, "target_value": 186.56144827095105, "running_time": 2.0012855529785156, "local_count": 120, "common_count": 0}, "M-Greedy": {"max_delay": 0.1383725989506189, "cost": 133.01666666666668, "target_value": 171.62676561728557, "running_time": 2709.422826766968, "n_selected_site": 10, "local_count": 30, "common_count": 90}, "M-Greedy-V2(Tx+Tp+Tq)": {"max_delay": 0.1383725989506189, "cost": 133.75, "target_value": 171.8100989506189, "running_time": 3142.738103866577, "n_selected_site": 6, "local_count": 14, "common_count": 106}, "Ours": {"max_delay": 0.13254815805994657, "cost": 115.55, "target_value": 161.43565805994658, "running_time": 33837.228775024414, "local_count": 72, "common_count": 48}}}, "70": {"sim0": {"simulation_id": 0, "user_seed": 6596077, "Nearest": {"max_delay": 0.1536263094801698, "cost": 170.72857142857143, "target_value": 196.30845233731267, "running_time": 2.0017623901367188, "local_count": 140, "common_count": 0}, "M-Greedy": {"max_delay": 0.1382988348131014, "cost": 141.78571428571428, "target_value": 173.74526338452995, "running_time": 4041.651964187622, "n_selected_site": 11, "local_count": 80, "common_count": 60}, "M-Greedy-V2(Tx+Tp+Tq)": {"max_delay": 0.13750631131754784, "cost": 149.0142857142857, "target_value": 174.75988274611927, "running_time": 4305.850267410278, "n_selected_site": 6, "local_count": 44, "common_count": 96},