{"40": {"sim0": {"simulation_id": 0, "user_seed": 71055486, "Nearest": {"max_delay": 0.14574205093913228, "cost": 131.725, "target_value": 178.6733009391323, "running_time": 1.0008811950683594, "local_count": 80, "common_count": 0}, "M-Greedy": {"max_delay": 0.1358160823173147, "cost": 106.675, "target_value": 162.4848323173147, "running_time": 1409.881830215454, "n_selected_site": 12, "local_count": 34, "common_count": 46}, "M-Greedy-V2(Tx+Tp+Tq)": {"max_delay": 0.1358160823173147, "cost": 108.375, "target_value": 162.9098323173147, "running_time": 1666.2683486938477, "n_selected_site": 7, "local_count": 18, "common_count": 62}, "Ours": {"max_delay": 0.13202537687509708, "cost": 97.175, "target_value": 156.31912687509706, "running_time": 17891.172409057617, "local_count": 45, "common_count": 35}}, "sim1": {"simulation_id": 1, "user_seed": 96784947, "Nearest": {"max_delay": 0.14793439250089185, "cost": 113.25, "target_value": 176.24689250089185, "running_time": 1.0006427764892578, "local_count": 80, "common_count": 0}, "M-Greedy": {"max_delay": 0.1371902064543802, "cost": 96.2, "target_value": 161.24020645438023, "running_time": 1431.8842887878418, "n_selected_site": 12, "local_count": 40, "common_count": 40}, "M-Greedy-V2(Tx+Tp+Tq)": {"max_delay": 0.1349316052309869, "cost": 95.575, "target_value": 158.82535523098693, "running_time": 2173.1481552124023, "n_selected_site": 10, "local_count": 14, "common_count": 66}, "Ours": {"max_delay": 0.13077888094851622, "cost": 93.35, "target_value": 154.11638094851622, "running_time": 17785.3045463562, "local_count": 41, "common_count": 39}}, "sim2": {"simulation_id": 2, "user_seed": 95000979, "Nearest": {"max_delay": 0.1463352174416956, "cost": 110.95, "target_value": 174.0727174416956, "running_time": 0.9999275207519531, "local_count": 80, "common_count": 0}, "M-Greedy": {"max_delay": 0.1493352174416956, "cost": 101.275, "target_value": 174.65396744169558, "running_time": 1392.5034999847412, "n_selected_site": 12, "local_count": 32, "common_count": 48}, "M-Greedy-V2(Tx+Tp+Tq)": {"max_delay": 0.13676657678740578, "cost": 92.775, "target_value": 159.96032678740576, "running_time": 1826.0483741760254, "n_selected_site": 8, "local_count": 16, "common_count": 64}, "Ours": {"max_delay": 0.1323372865245637, "cost": 88.9, "target_value": 154.5622865245637, "running_time": 17693.47643852234, "local_count": 35, "common_count": 45}}}, "50": {"sim0": {"simulation_id": 0, "user_seed": 57274886, "Nearest": {"max_delay": 0.14333383600679223, "cost": 140.32, "target_value": 178.41383600679222, "running_time": 2.0020008087158203, "local_count": 100, "common_count": 0}, "M-Greedy": {"max_delay": 0.23360877716769596, "cost": 112.8, "target_value": 261.80877716769595, "running_time": 397.5110054016113, "n_selected_site": 1, "local_count": 100, "common_count": 0}, "M-Greedy-V2(Tx+Tp+Tq)": {"max_delay": 0.13798673864415342, "cost": 119.12, "target_value": 167.76673864415343, "running_time": 2241.151809692383, "n_selected_site": 6, "local_count": 10, "common_count": 90}, "Ours": {"max_delay": 0.1326810338855523, "cost": 111.6, "target_value": 160.5810338855523, "running_time": 26436.91110610962, "local_count": 56, "common_count": 44}}, "sim1": {"simulation_id": 1, "user_seed": 86589342, "Nearest": {"max_delay": 0.1421050532530727, "cost": 136.42, "target_value": 176.2100532530727, "running_time": 1.0008811950683594, "local_count": 100, "common_count": 0}, "M-Greedy": {"max_delay": 0.1421050532530727, "cost": 123.9, "target_value": 173.0800532530727, "running_time": 2284.5332622528076, "n_selected_site": 13, "local_count": 70, "common_count": 30}, "M-Greedy-V2(Tx+Tp+Tq)": {"max_delay": 0.13481211722832848, "cost": 113.7, "target_value": 163.2371172283285, "running_time": 3084.5272541046143, "n_selected_site": 9, "local_count": 22, "common_count": 78}, "Ours": {"max_delay": 0.13055045585797423, "cost": 105.98, "target_value": 157.04545585797425, "running_time": 26586.556911468506, "local_count": 53, "common_count": 47}}, "sim2": {"simulation_id": 2, "user_seed": 89304045, "Nearest": {"max_delay": 0.1472832711726693, "cost": 134.42, "target_value": 180.88827117266928, "running_time": 1.0004043579101562, "local_count": 100, "common_count": 0}, "M-Greedy": {"max_delay": 0.14853908512615766, "cost": 126.3, "target_value": 180.11408512615765, "running_time": 2208.0156803131104, "n_selected_site": 12, "local_count": 38, "common_count": 62}, "M-Greedy-V2(Tx+Tp+Tq)": {"max_delay": 0.13685645956625458, "cost": 114.9, "target_value": 165.58145956625458, "running_time": 3120.6493377685547, "n_selected_site": 9, "local_count": 14, "common_count": 86}, "Ours": {"max_delay": 0.13387171648735502, "cost": 107.42, "target_value": 160.72671648735502, "running_time": 26526.981353759766, "local_count": 53, "common_count": 47}}}, "60": {"sim0": {"simulation_id": 0, "user_seed": 58818055, "Nearest": {"max_delay": 0.14474786601986878, "cost": 158.23333333333332, "target_value": 184.30619935320212, "running_time": 2.0012855529785156, "local_count": 120, "common_count": 0}, "M-Greedy": {"max_delay": 0.1491605644325672, "cost": 137.66666666666666, "target_value": 183.57723109923387, "running_time": 2765.0704383850098, "n_selected_site": 10, "local_count": 34, "common_count": 86}, "M-Greedy-V2(Tx+Tp+Tq)": {"max_delay": 0.1376130814698752, "cost": 133.18333333333334, "target_value": 170.90891480320852, "running_time": 3279.1919708251953, "n_selected_site": 6, "local_count": 20, "common_count": 100}, "Ours": {"max_delay": 0.13402419584257333, "cost": 116.78333333333333, "target_value": 163.22002917590666, "running_time": 35176.54895782471, "local_count": 65, "common_count": 55}}, "sim1": {"simulation_id": 1, "user_seed": 95307150, "Nearest": {"max_delay": 0.1487329086128752, "cost": 157.48333333333332, "target_value": 188.10374194620852, "running_time": 2.001523971557617, "local_count": 120, "common_count": 0}, "M-Greedy": {"max_delay": 0.13973290861287518, "cost": 135.43333333333334, "target_value": 173.59124194620853, "running_time": 3251.8372535705566, "n_selected_site": 12, "local_count": 68, "common_count": 52}, "M-Greedy-V2(Tx+Tp+Tq)": {"max_delay": 0.13627790347458243, "cost": 130.43333333333334, "target_value": 168.8862368079158, "running_time": 3207.1268558502197, "n_selected_site": 6, "local_count": 26, "common_count": 94}, "Ours": {"max_delay": 0.13217637612029, "cost": 116.03333333333333, "target_value": 161.18470945362333, "running_time": 20327.169179916382, "local_count": 63, "common_count": 57}}, "sim2": {"simulation_id": 2, "user_seed": 30712096, "Nearest": {"max_delay": 0.14956968185492614, "cost": 160.6, "target_value": 189.71968185492614, "running_time": 1.9724369049072266, "local_count": 120, "common_count": 0}, "M-Greedy": {"max_delay": 0.13791379375504872, "cost": 128.91666666666666, "target_value": 170.14296042171537, "running_time": 2790.302276611328, "n_selected_site": 10, "local_count": 50, "common_count": 70}, "M-Greedy-V2(Tx+Tp+Tq)": {"max_delay": 0.13755524952978868, "cost": 133.83333333333334, "target_value": 171.01358286312202, "running_time": 3655.735731124878, "n_selected_site": 7, "local_count": 28, "common_count": 92}, "Ours": {"max_delay": 0.1330013020502574, "cost": 124.16666666666667, "target_value": 164.04296871692407, "running_time": 22240.819931030273, "local_count": 72, "common_count": 48}}}, "70": {"sim0": {"simulation_id": 0, "user_seed": 9268806, "Nearest": {"max_delay": 0.14809610650358548, "cost": 180.71428571428572, "target_value": 193.27467793215692, "running_time": 3.0028820037841797, "local_count": 140, "common_count": 0}, "M-Greedy": {"max_delay": 0.14010068795641567, "cost": 148.84285714285716, "target_value": 177.31140224212996, "running_time": 3712.251901626587, "n_selected_site": 10, "local_count": 56, "common_count": 84}, "M-Greedy-V2(Tx+Tp+Tq)": {"max_delay": 0.137236056486837, "cost": 153.24285714285713, "target_value": 175.5467707725513, "running_time": 4384.61709022522, "n_selected_site": 6,