{"40": {"sim0": {"simulation_id": 0, "user_seed": 54172323, "Nearest": {"max_delay": 0.1489014934198101, "cost": 128.075, "target_value": 180.9202434198101, "running_time": 2.0017623901367188, "local_count": 80, "common_count": 0}, "M-Greedy": {"max_delay": 0.13567679473639085, "cost": 106.05, "target_value": 162.18929473639085, "running_time": 1189.950942993164, "n_selected_site": 10, "local_count": 30, "common_count": 50}, "M-Greedy-V2(Tx+Tp+Tq)": {"max_delay": 0.13567679473639085, "cost": 107.7, "target_value": 162.60179473639087, "running_time": 1424.8876571655273, "n_selected_site": 6, "local_count": 14, "common_count": 66}, "Ours": {"max_delay": 0.13045819116020574, "cost": 97.0, "target_value": 154.70819116020573, "running_time": 17846.05574607849, "local_count": 35, "common_count": 45}}, "sim1": {"simulation_id": 1, "user_seed": 37694023, "Nearest": {"max_delay": 0.1510657226707115, "cost": 125.675, "target_value": 182.48447267071148, "running_time": 1.001119613647461, "local_count": 80, "common_count": 0}, "M-Greedy": {"max_delay": 0.14151201281467607, "cost": 101.5, "target_value": 166.88701281467607, "running_time": 1298.799753189087, "n_selected_site": 11, "local_count": 50, "common_count": 30}, "M-Greedy-V2(Tx+Tp+Tq)": {"max_delay": 0.13643448967662497, "cost": 99.4, "target_value": 161.28448967662496, "running_time": 1437.4668598175049, "n_selected_site": 6, "local_count": 18, "common_count": 62}, "Ours": {"max_delay": 0.1337803616804393, "cost": 97.5, "target_value": 158.1553616804393, "running_time": 18100.39520263672, "local_count": 45, "common_count": 35}}, "sim2": {"simulation_id": 2, "user_seed": 65977324, "Nearest": {"max_delay": 0.144514595308781, "cost": 116.525, "target_value": 173.645845308781, "running_time": 1.0006427764892578, "local_count": 80, "common_count": 0}, "M-Greedy": {"max_delay": 0.13774694201253174, "cost": 98.7, "target_value": 162.42194201253176, "running_time": 1343.1696891784668, "n_selected_site": 11, "local_count": 42, "common_count": 38}, "M-Greedy-V2(Tx+Tp+Tq)": {"max_delay": 0.13401645822585886, "cost": 96.75, "target_value": 158.20395822585886, "running_time": 1812.584638595581, "n_selected_site": 8, "local_count": 12, "common_count": 68}, "Ours": {"max_delay": 0.13124949293808874, "cost": 90.85, "target_value": 153.96199293808874, "running_time": 18010.03885269165, "local_count": 48, "common_count": 32}}}, "50": {"sim0": {"simulation_id": 0, "user_seed": 84864544, "Nearest": {"max_delay": 0.1510391757439459, "cost": 135.56, "target_value": 184.9291757439459, "running_time": 2.002239227294922, "local_count": 100, "common_count": 0}, "M-Greedy": {"max_delay": 0.13749931951551778, "cost": 108.74, "target_value": 164.68431951551779, "running_time": 1891.4358615875244, "n_selected_site": 10, "local_count": 56, "common_count": 44}, "M-Greedy-V2(Tx+Tp+Tq)": {"max_delay": 0.13749931951551778, "cost": 115.44, "target_value": 166.35931951551777, "running_time": 2811.478614807129, "n_selected_site": 8, "local_count": 22, "common_count": 78}, "Ours": {"max_delay": 0.13369930657170748, "cost": 104.84, "target_value": 159.90930657170748, "running_time": 26590.264320373535, "local_count": 59, "common_count": 41}}, "sim1": {"simulation_id": 1, "user_seed": 27510701, "Nearest": {"max_delay": 0.14637902130228098, "cost": 140.84, "target_value": 181.589021302281, "running_time": 2.039670944213867, "local_count": 100, "common_count": 0}, "M-Greedy": {"max_delay": 0.23314776737114024, "cost": 113.6, "target_value": 261.54776737114025, "running_time": 400.3865718841553, "n_selected_site": 1, "local_count": 100, "common_count": 0}, "M-Greedy-V2(Tx+Tp+Tq)": {"max_delay": 0.1373414965265922, "cost": 115.54, "target_value": 166.22649652659217, "running_time": 2512.2451782226562, "n_selected_site": 7, "local_count": 26, "common_count": 74}, "Ours": {"max_delay": 0.1327135888170416, "cost": 112.88, "target_value": 160.9335888170416, "running_time": 26649.04761314392, "local_count": 49, "common_count": 51}}, "sim2": {"simulation_id": 2, "user_seed": 42605572, "Nearest": {"max_delay": 0.14616725583035217, "cost": 136.94, "target_value": 180.40225583035215, "running_time": 1.0008811950683594, "local_count": 100, "common_count": 0}, "M-Greedy": {"max_delay": 0.14616725583035217, "cost": 117.34, "target_value": 175.50225583035217, "running_time": 2453.660726547241, "n_selected_site": 14, "local_count": 54, "common_count": 46}, "M-Greedy-V2(Tx+Tp+Tq)": {"max_delay": 0.13644869040661545, "cost": 117.52, "target_value": 165.82869040661544, "running_time": 2241.7922019958496, "n_selected_site": 6, "local_count": 16, "common_count": 84}, "Ours": {"max_delay": 0.1327077050919988, "cost": 112.1, "target_value": 160.7327050919988, "running_time": 26478.29580307007, "local_count": 54, "common_count": 46}}}, "60": {"sim0": {"simulation_id": 0, "user_seed": 88339698, "Nearest": {"max_delay": 0.14594958041858833, "cost": 161.18333333333334, "target_value": 186.24541375192166, "running_time": 2.001047134399414, "local_count": 120, "common_count": 0}, "M-Greedy": {"max_delay": 0.13563209923150632, "cost": 126.21666666666667, "target_value": 167.186265898173, "running_time": 2711.0347747802734, "n_selected_site": 10, "local_count": 42, "common_count": 78}, "M-Greedy-V2(Tx+Tp+Tq)": {"max_delay": 0.13563209923150632, "cost": 127.2, "target_value": 167.43209923150633, "running_time": 3258.5091590881348, "n_selected_site": 6, "local_count": 26, "common_count": 94}, "Ours": {"max_delay": 0.13052893342690722, "cost": 116.73333333333333, "target_value": 159.71226676024057, "running_time": 25418.91884803772, "local_count": 57, "common_count": 63}}, "sim1": {"simulation_id": 1, "user_seed": 27458986, "Nearest": {"max_delay": 0.1500314817319483, "cost": 159.4, "target_value": 189.8814817319483, "running_time": 2.001523971557617, "local_count": 120, "common_count": 0}, "M-Greedy": {"max_delay": 0.1376508754290256, "cost": 133.43333333333334, "target_value": 171.00920876235892, "running_time": 2760.151147842407, "n_selected_site": 10, "local_count": 50, "common_count": 70}, "M-Greedy-V2(Tx+Tp+Tq)": {"max_delay": 0.1351494263977251, "cost": 138.4, "target_value": 169.74942639772507, "running_time": 3638.8988494873047, "n_selected_site": 7, "local_count": 26, "common_count": 94}, "Ours": {"max_delay": 0.1339234581029824, "cost": 127.3, "target_value": 165.7484581029824, "running_time": 36233.208417892456, "local_count": 77, "common_count": 43}}, "sim2": {"simulation_id": 2, "user_seed": 63778207, "Nearest": {"max_delay": 0.14877007718686308, "cost": 159.53333333333333, "target_value": 188.65341052019642, "running_time": 3.0019283294677734, "local_count": 120, "common_count": 0}, "M-Greedy": {"max_delay": 0.15177007718686308, "cost": 149.7, "target_value": 189.1950771868631, "running_time": 3352.998733520508, "n_selected_site": 13, "local_count": 68, "common_count": 52}, "M-Greedy-V2(Tx+Tp+Tq)": {"max_delay": 0.1363490789326364, "cost": 131.46666666666667, "target_value": 169.21574559930306, "running_time": 3592.482328414917, "n_selected_site": 7, "local_count": 20, "common_count": 100}, "Ours": {"max_delay": 0.13232820388027047, "cost": 119.38333333333334, "target_value": 162.1740372136038, "running_time": 35751.62720680237, "local_count": 59, "common_count": 61}}}, "70": {"sim0": {"simulation_id": 0, "user_seed": 17574258, "Nearest": {"max_delay": 0.14592190320017734, "cost": 188.84285714285716, "target_value": 193.13261748589161, "running_time": 3.0024051666259766, "local_count": 140, "common_count": 0}, "M-Greedy": {"max_delay": 0.13455986721361718, "cost": 150.32857142857142, "target_value": 172.14201007076002, "running_time": 3956.930160522461, "n_selected_site": 11, "local_count": 66, "common_count": 74}, "M-Greedy-V2(Tx+Tp+Tq)": {"max_delay": 0.13455986721361718, "cost": 152.74285714285713, "target_value": 172.74558149933145, "running_time": 4997.017621994019, "n_selected_site": 7, "local_count": 34, "common_count": 106},