{"40": {"sim0": {"simulation_id": 0, "user_seed": 81324614, "Nearest": {"max_delay": 0.14942050267831744, "cost": 108.175, "target_value": 176.46425267831742, "running_time": 1.0008811950683594, "local_count": 80, "common_count": 0}, "M-Greedy": {"max_delay": 0.14075753150315115, "cost": 97.05, "target_value": 165.02003150315113, "running_time": 1244.225025177002, "n_selected_site": 11, "local_count": 46, "common_count": 34}, "M-Greedy-V2(Tx+Tp+Tq)": {"max_delay": 0.1352760860406759, "cost": 94.975, "target_value": 159.0198360406759, "running_time": 1869.3759441375732, "n_selected_site": 9, "local_count": 22, "common_count": 58}, "Ours": {"max_delay": 0.13193838924267057, "cost": 89.275, "target_value": 154.25713924267058, "running_time": 16724.49827194214, "local_count": 52, "common_count": 28}}, "sim1": {"simulation_id": 1, "user_seed": 49684348, "Nearest": {"max_delay": 0.14871677080699283, "cost": 123.45, "target_value": 179.57927080699284, "running_time": 1.0004043579101562, "local_count": 80, "common_count": 0}, "M-Greedy": {"max_delay": 0.14709474877076695, "cost": 98.075, "target_value": 171.61349877076697, "running_time": 907.5703620910645, "n_selected_site": 7, "local_count": 16, "common_count": 64}, "M-Greedy-V2(Tx+Tp+Tq)": {"max_delay": 0.13743160098485302, "cost": 97.175, "target_value": 161.725350984853, "running_time": 1887.3109817504883, "n_selected_site": 9, "local_count": 24, "common_count": 56}, "Ours": {"max_delay": 0.13323618512313062, "cost": 94.275, "target_value": 156.8049351231306, "running_time": 17577.067136764526, "local_count": 38, "common_count": 42}}, "sim2": {"simulation_id": 2, "user_seed": 8191305, "Nearest": {"max_delay": 0.1402870352175284, "cost": 124.75, "target_value": 171.4745352175284, "running_time": 2.0020008087158203, "local_count": 80, "common_count": 0}, "M-Greedy": {"max_delay": 0.13521980308980647, "cost": 97.775, "target_value": 159.66355308980647, "running_time": 1192.5601959228516, "n_selected_site": 10, "local_count": 14, "common_count": 66}, "M-Greedy-V2(Tx+Tp+Tq)": {"max_delay": 0.13286513215044268, "cost": 98.225, "target_value": 157.4213821504427, "running_time": 2105.6177616119385, "n_selected_site": 10, "local_count": 6, "common_count": 74}, "Ours": {"max_delay": 0.13185648928404622, "cost": 95.3, "target_value": 155.68148928404622, "running_time": 17653.41544151306, "local_count": 32, "common_count": 48}}}, "50": {"sim0": {"simulation_id": 0, "user_seed": 39648676, "Nearest": {"max_delay": 0.14572407990923125, "cost": 138.48, "target_value": 180.34407990923125, "running_time": 2.0284652709960938, "local_count": 100, "common_count": 0}, "M-Greedy": {"max_delay": 0.23296775152667026, "cost": 114.0, "target_value": 261.46775152667027, "running_time": 403.4082889556885, "n_selected_site": 1, "local_count": 100, "common_count": 0}, "M-Greedy-V2(Tx+Tp+Tq)": {"max_delay": 0.23296775152667026, "cost": 114.0, "target_value": 261.46775152667027, "running_time": 729.6955585479736, "n_selected_site": 1, "local_count": 100, "common_count": 0}, "Ours": {"max_delay": 0.13217748855192238, "cost": 110.66, "target_value": 159.84248855192237, "running_time": 26154.06060218811, "local_count": 56, "common_count": 44}}, "sim1": {"simulation_id": 1, "user_seed": 39469872, "Nearest": {"max_delay": 0.14887397079723047, "cost": 143.4, "target_value": 184.72397079723046, "running_time": 1.9671916961669922, "local_count": 100, "common_count": 0}, "M-Greedy": {"max_delay": 0.1373414965265922, "cost": 113.82, "target_value": 165.7964965265922, "running_time": 1951.019048690796, "n_selected_site": 10, "local_count": 32, "common_count": 68}, "M-Greedy-V2(Tx+Tp+Tq)": {"max_delay": 0.1373414965265922, "cost": 114.38, "target_value": 165.93649652659218, "running_time": 2792.2322750091553, "n_selected_site": 8, "local_count": 22, "common_count": 78}, "Ours": {"max_delay": 0.13277601431106453, "cost": 111.18, "target_value": 160.57101431106452, "running_time": 26424.949884414673, "local_count": 50, "common_count": 50}}, "sim2": {"simulation_id": 2, "user_seed": 3501103, "Nearest": {"max_delay": 0.1462169243097905, "cost": 143.06, "target_value": 181.9819243097905, "running_time": 1.0004043579101562, "local_count": 100, "common_count": 0}, "M-Greedy": {"max_delay": 0.2330563512606087, "cost": 113.4, "target_value": 261.4063512606087, "running_time": 400.84052085876465, "n_selected_site": 1, "local_count": 100, "common_count": 0}, "M-Greedy-V2(Tx+Tp+Tq)": {"max_delay": 0.2330563512606087, "cost": 113.4, "target_value": 261.4063512606087, "running_time": 727.6051044464111, "n_selected_site": 1, "local_count": 100, "common_count": 0}, "Ours": {"max_delay": 0.13353920694206128, "cost": 110.22, "target_value": 161.09420694206128, "running_time": 26473.484754562378, "local_count": 56, "common_count": 44}}}, "60": {"sim0": {"simulation_id": 0, "user_seed": 52652338, "Nearest": {"max_delay": 0.1482180640011872, "cost": 155.71666666666667, "target_value": 187.14723066785388, "running_time": 2.0017623901367188, "local_count": 120, "common_count": 0}, "M-Greedy": {"max_delay": 0.13719917118297326, "cost": 116.1, "target_value": 166.22417118297327, "running_time": 2742.0976161956787, "n_selected_site": 10, "local_count": 32, "common_count": 88}, "M-Greedy-V2(Tx+Tp+Tq)": {"max_delay": 0.13719917118297326, "cost": 116.06666666666666, "target_value": 166.2158378496399, "running_time": 4402.528762817383, "n_selected_site": 9, "local_count": 22, "common_count": 98}, "Ours": {"max_delay": 0.1340564394557157, "cost": 114.15, "target_value": 162.59393945571568, "running_time": 34955.73329925537, "local_count": 60, "common_count": 60}}, "sim1": {"simulation_id": 1, "user_seed": 74796336, "Nearest": {"max_delay": 0.14752949975641408, "cost": 166.06666666666666, "target_value": 189.04616642308076, "running_time": 2.0017623901367188, "local_count": 120, "common_count": 0}, "M-Greedy": {"max_delay": 0.14752949975641408, "cost": 142.26666666666668, "target_value": 183.09616642308075, "running_time": 2759.23228263855, "n_selected_site": 10, "local_count": 40, "common_count": 80}, "M-Greedy-V2(Tx+Tp+Tq)": {"max_delay": 0.13545014799631055, "cost": 134.28333333333333, "target_value": 169.0209813296439, "running_time": 3668.04838180542, "n_selected_site": 7, "local_count": 24, "common_count": 96}, "Ours": {"max_delay": 0.13272836213886327, "cost": 124.23333333333333, "target_value": 163.7866954721966, "running_time": 35592.405557632446, "local_count": 75, "common_count": 45}}, "sim2": {"simulation_id": 2, "user_seed": 66248899, "Nearest": {"max_delay": 0.1487113248367344, "cost": 155.5, "target_value": 187.5863248367344, "running_time": 2.0017623901367188, "local_count": 120, "common_count": 0}, "M-Greedy": {"max_delay": 0.14696713879022277, "cost": 141.98333333333332, "target_value": 182.4629721235561, "running_time": 3131.489038467407, "n_selected_site": 12, "local_count": 54, "common_count": 66}, "M-Greedy-V2(Tx+Tp+Tq)": {"max_delay": 0.1365153934751377, "cost": 131.9, "target_value": 169.4903934751377, "running_time": 4706.60924911499, "n_selected_site": 10, "local_count": 26, "common_count": 94}, "Ours": {"max_delay": 0.13335860732252647, "cost": 124.03333333333333, "target_value": 164.3669406558598, "running_time": 17501.78098678589, "local_count": 66, "common_count": 54}}}, "70": {"sim0": {"simulation_id": 0, "user_seed": 14225545, "Nearest": {"max_delay": 0.14673892382118803, "cost": 175.35714285714286, "target_value": 190.57820953547375, "running_time": 2.0020008087158203, "local_count": 140, "common_count": 0}, "M-Greedy": {"max_delay": 0.23245661563897613, "cost": 146.28571428571428, "target_value": 269.0280442104047, "running_time": 781.8281650543213, "n_selected_site": 1, "local_count": 140, "common_count": 0}, "M-Greedy-V2(Tx+Tp+Tq)": {"max_delay": 0.23245661563897613, "cost": 146.28571428571428, "target_value": 269.0280442104047, "running_time": 1360.0389957427979, "n_selected_site": 1, "local_count": 140, "common_count": 0},