{"40": {"sim0": {"simulation_id": 0, "user_seed": 48196353, "Nearest": {"max_delay": 0.13995746115458188, "cost": 125.375, "target_value": 171.3012111545819, "running_time": 1.0008811950683594, "local_count": 80, "common_count": 0}, "M-Greedy": {"max_delay": 0.1337364413424851, "cost": 109.575, "target_value": 161.13019134248512, "running_time": 1145.0462341308594, "n_selected_site": 10, "local_count": 26, "common_count": 54}, "M-Greedy-V2(Tx+Tp+Tq)": {"max_delay": 0.1337364413424851, "cost": 111.3, "target_value": 161.5614413424851, "running_time": 1351.6311645507812, "n_selected_site": 6, "local_count": 8, "common_count": 72}, "Ours": {"max_delay": 0.13209258295672843, "cost": 101.6, "target_value": 157.49258295672843, "running_time": 15767.964363098145, "local_count": 40, "common_count": 40}}, "sim1": {"simulation_id": 1, "user_seed": 63888086, "Nearest": {"max_delay": 0.1484926376950667, "cost": 118.875, "target_value": 178.21138769506672, "running_time": 2.001523971557617, "local_count": 80, "common_count": 0}, "M-Greedy": {"max_delay": 0.1372524540156184, "cost": 98.275, "target_value": 161.82120401561838, "running_time": 1146.606206893921, "n_selected_site": 10, "local_count": 32, "common_count": 48}, "M-Greedy-V2(Tx+Tp+Tq)": {"max_delay": 0.13457271199167362, "cost": 99.625, "target_value": 159.47896199167363, "running_time": 2144.968032836914, "n_selected_site": 11, "local_count": 14, "common_count": 66}, "Ours": {"max_delay": 0.1330970495303917, "cost": 94.95, "target_value": 156.8345495303917, "running_time": 15880.74278831482, "local_count": 44, "common_count": 36}}, "sim2": {"simulation_id": 2, "user_seed": 85557793, "Nearest": {"max_delay": 0.1460767222226249, "cost": 120.25, "target_value": 176.1392222226249, "running_time": 1.0004043579101562, "local_count": 80, "common_count": 0}, "M-Greedy": {"max_delay": 0.13695004301117455, "cost": 97.65, "target_value": 161.36254301117455, "running_time": 1189.7242069244385, "n_selected_site": 10, "local_count": 44, "common_count": 36}, "M-Greedy-V2(Tx+Tp+Tq)": {"max_delay": 0.13695004301117455, "cost": 100.375, "target_value": 162.04379301117456, "running_time": 1569.8049068450928, "n_selected_site": 7, "local_count": 26, "common_count": 54}, "Ours": {"max_delay": 0.13235113046378966, "cost": 95.75, "target_value": 156.28863046378964, "running_time": 16879.33039665222, "local_count": 48, "common_count": 32}}}, "50": {"sim0": {"simulation_id": 0, "user_seed": 3040718, "Nearest": {"max_delay": 0.14599597530284125, "cost": 147.38, "target_value": 182.84097530284126, "running_time": 2.001523971557617, "local_count": 100, "common_count": 0}, "M-Greedy": {"max_delay": 0.14425178925632964, "cost": 130.62, "target_value": 176.90678925632963, "running_time": 1600.5299091339111, "n_selected_site": 8, "local_count": 44, "common_count": 56}, "M-Greedy-V2(Tx+Tp+Tq)": {"max_delay": 0.13584236252214166, "cost": 119.76, "target_value": 165.78236252214165, "running_time": 2744.7280883789062, "n_selected_site": 8, "local_count": 28, "common_count": 72}, "Ours": {"max_delay": 0.135951348352779, "cost": 115.34, "target_value": 164.78634835277902, "running_time": 25047.943830490112, "local_count": 53, "common_count": 47}}, "sim1": {"simulation_id": 1, "user_seed": 53932588, "Nearest": {"max_delay": 0.14751656568840987, "cost": 130.62, "target_value": 180.17156568840988, "running_time": 2.001047134399414, "local_count": 100, "common_count": 0}, "M-Greedy": {"max_delay": 0.14515965065497669, "cost": 114.44, "target_value": 173.76965065497666, "running_time": 1457.754373550415, "n_selected_site": 7, "local_count": 16, "common_count": 84}, "M-Greedy-V2(Tx+Tp+Tq)": {"max_delay": 0.13701899885394753, "cost": 112.76, "target_value": 165.20899885394752, "running_time": 2762.162446975708, "n_selected_site": 8, "local_count": 20, "common_count": 80}, "Ours": {"max_delay": 0.13291086548853712, "cost": 101.06, "target_value": 158.1758654885371, "running_time": 24630.371809005737, "local_count": 45, "common_count": 55}}, "sim2": {"simulation_id": 2, "user_seed": 63321771, "Nearest": {"max_delay": 0.14957761190540664, "cost": 137.48, "target_value": 183.94761190540663, "running_time": 2.0012855529785156, "local_count": 100, "common_count": 0}, "M-Greedy": {"max_delay": 0.13949536082315556, "cost": 121.2, "target_value": 169.79536082315556, "running_time": 2008.8779926300049, "n_selected_site": 11, "local_count": 48, "common_count": 52}, "M-Greedy-V2(Tx+Tp+Tq)": {"max_delay": 0.13644919685716986, "cost": 114.76, "target_value": 165.13919685716985, "running_time": 3288.112163543701, "n_selected_site": 10, "local_count": 26, "common_count": 74}, "Ours": {"max_delay": 0.1325117800403108, "cost": 109.52, "target_value": 159.8917800403108, "running_time": 17148.322820663452, "local_count": 48, "common_count": 52}}}, "60": {"sim0": {"simulation_id": 0, "user_seed": 68922267, "Nearest": {"max_delay": 0.1480313157536941, "cost": 147.25, "target_value": 184.84381575369412, "running_time": 2.0017623901367188, "local_count": 120, "common_count": 0}, "M-Greedy": {"max_delay": 0.2328612538901535, "cost": 122.66666666666667, "target_value": 263.52792055682016, "running_time": 565.0193691253662, "n_selected_site": 1, "local_count": 120, "common_count": 0}, "M-Greedy-V2(Tx+Tp+Tq)": {"max_delay": 0.13618653540009512, "cost": 119.3, "target_value": 166.0115354000951, "running_time": 3612.659692764282, "n_selected_site": 7, "local_count": 34, "common_count": 86}, "Ours": {"max_delay": 0.1308597269960405, "cost": 114.91666666666667, "target_value": 159.58889366270716, "running_time": 28971.965551376343, "local_count": 73, "common_count": 47}}, "sim1": {"simulation_id": 1, "user_seed": 51815685, "Nearest": {"max_delay": 0.14715500172322712, "cost": 148.71666666666667, "target_value": 184.3341683898938, "running_time": 2.001047134399414, "local_count": 120, "common_count": 0}, "M-Greedy": {"max_delay": 0.13508383660377865, "cost": 115.71666666666667, "target_value": 164.01300327044532, "running_time": 2913.2816791534424, "n_selected_site": 11, "local_count": 52, "common_count": 68}, "M-Greedy-V2(Tx+Tp+Tq)": {"max_delay": 0.13508383660377865, "cost": 118.5, "target_value": 164.70883660377865, "running_time": 4304.987907409668, "n_selected_site": 9, "local_count": 30, "common_count": 90}, "Ours": {"max_delay": 0.13296204085612534, "cost": 114.95, "target_value": 161.69954085612534, "running_time": 15946.94972038269, "local_count": 65, "common_count": 55}}, "sim2": {"simulation_id": 2, "user_seed": 83451275, "Nearest": {"max_delay": 0.14896937691474804, "cost": 154.33333333333334, "target_value": 187.55271024808138, "running_time": 3.0024051666259766, "local_count": 120, "common_count": 0}, "M-Greedy": {"max_delay": 0.14750546112881058, "cost": 129.31666666666666, "target_value": 179.83462779547722, "running_time": 2475.360155105591, "n_selected_site": 9, "local_count": 36, "common_count": 84}, "M-Greedy-V2(Tx+Tp+Tq)": {"max_delay": 0.13508191520901972, "cost": 119.16666666666667, "target_value": 164.87358187568637, "running_time": 3595.9761142730713, "n_selected_site": 7, "local_count": 30, "common_count": 90}, "Ours": {"max_delay": 0.13361799942308222, "cost": 113.63333333333334, "target_value": 162.02633275641554, "running_time": 25475.94380378723, "local_count": 60, "common_count": 60}}}, "70": {"sim0": {"simulation_id": 0, "user_seed": 73951147, "Nearest": {"max_delay": 0.147152982397105, "cost": 169.24285714285713, "target_value": 189.4636966828193, "running_time": 2.0012855529785156, "local_count": 140, "common_count": 0}, "M-Greedy": {"max_delay": 0.13940741925069866, "cost": 139.88571428571427, "target_value": 174.37884782212723, "running_time": 3961.5650177001953, "n_selected_site": 11, "local_count": 50, "common_count": 90}, "M-Greedy-V2(Tx+Tp+Tq)": {"max_delay": 0.13487481185891717, "cost": 135.28571428571428, "target_value": 168.69624043034577, "running_time": 4914.43943977356, "n_selected_site": 7, "local_count": 14, "common_count": 126},