{"40": {"sim0": {"simulation_id": 0, "user_seed": 34696853, "Nearest": {"max_delay": 0.14637028711111183, "cost": 124.125, "target_value": 177.40153711111182, "running_time": 1.001119613647461, "local_count": 80, "common_count": 0}, "M-Greedy": {"max_delay": 0.14637028711111183, "cost": 103.6, "target_value": 172.27028711111183, "running_time": 1069.530963897705, "n_selected_site": 9, "local_count": 24, "common_count": 56}, "M-Greedy-V2(Tx+Tp+Tq)": {"max_delay": 0.1350545015408734, "cost": 96.775, "target_value": 159.24825154087338, "running_time": 1738.5053634643555, "n_selected_site": 8, "local_count": 14, "common_count": 66}, "Ours": {"max_delay": 0.13121782419926736, "cost": 94.5, "target_value": 154.84282419926737, "running_time": 16985.167264938354, "local_count": 33, "common_count": 47}}, "sim1": {"simulation_id": 1, "user_seed": 44064052, "Nearest": {"max_delay": 0.14150128056146316, "cost": 121.375, "target_value": 171.84503056146315, "running_time": 1.0001659393310547, "local_count": 80, "common_count": 0}, "M-Greedy": {"max_delay": 0.23176008437320184, "cost": 102.25, "target_value": 257.32258437320183, "running_time": 249.2058277130127, "n_selected_site": 1, "local_count": 80, "common_count": 0}, "M-Greedy-V2(Tx+Tp+Tq)": {"max_delay": 0.1342524540156184, "cost": 98.575, "target_value": 158.8962040156184, "running_time": 1944.8561668395996, "n_selected_site": 9, "local_count": 28, "common_count": 52}, "Ours": {"max_delay": 0.13249910246105712, "cost": 96.125, "target_value": 156.5303524610571, "running_time": 17945.20092010498, "local_count": 49, "common_count": 31}}, "sim2": {"simulation_id": 2, "user_seed": 47432758, "Nearest": {"max_delay": 0.14646989618560474, "cost": 109.25, "target_value": 173.78239618560474, "running_time": 1.0006427764892578, "local_count": 80, "common_count": 0}, "M-Greedy": {"max_delay": 0.23362809682587055, "cost": 89.5, "target_value": 256.00309682587056, "running_time": 248.20446968078613, "n_selected_site": 1, "local_count": 80, "common_count": 0}, "M-Greedy-V2(Tx+Tp+Tq)": {"max_delay": 0.13579659499436872, "cost": 95.925, "target_value": 159.7778449943687, "running_time": 1462.0869159698486, "n_selected_site": 6, "local_count": 12, "common_count": 68}, "Ours": {"max_delay": 0.13009563057178897, "cost": 91.9, "target_value": 153.07063057178897, "running_time": 18049.68810081482, "local_count": 38, "common_count": 42}}}, "50": {"sim0": {"simulation_id": 0, "user_seed": 46237308, "Nearest": {"max_delay": 0.14709198038644272, "cost": 129.44, "target_value": 179.4519803864427, "running_time": 1.0013580322265625, "local_count": 100, "common_count": 0}, "M-Greedy": {"max_delay": 0.23273428529994178, "cost": 113.0, "target_value": 260.9842852999418, "running_time": 386.46912574768066, "n_selected_site": 1, "local_count": 100, "common_count": 0}, "M-Greedy-V2(Tx+Tp+Tq)": {"max_delay": 0.1368882386366217, "cost": 114.78, "target_value": 165.5832386366217, "running_time": 2514.622688293457, "n_selected_site": 7, "local_count": 34, "common_count": 66}, "Ours": {"max_delay": 0.1323094769853278, "cost": 105.26, "target_value": 158.6244769853278, "running_time": 26346.758127212524, "local_count": 55, "common_count": 45}}, "sim1": {"simulation_id": 1, "user_seed": 14542962, "Nearest": {"max_delay": 0.14472207678028776, "cost": 135.56, "target_value": 178.61207678028774, "running_time": 1.0008811950683594, "local_count": 100, "common_count": 0}, "M-Greedy": {"max_delay": 0.13597872527180738, "cost": 112.86, "target_value": 164.19372527180738, "running_time": 1723.3738899230957, "n_selected_site": 9, "local_count": 36, "common_count": 64}, "M-Greedy-V2(Tx+Tp+Tq)": {"max_delay": 0.13597872527180738, "cost": 113.38, "target_value": 164.32372527180738, "running_time": 3095.475435256958, "n_selected_site": 9, "local_count": 24, "common_count": 76}, "Ours": {"max_delay": 0.1311660314281968, "cost": 105.74, "target_value": 157.6010314281968, "running_time": 26628.642559051514, "local_count": 53, "common_count": 47}}, "sim2": {"simulation_id": 2, "user_seed": 27305169, "Nearest": {"max_delay": 0.15003262754917213, "cost": 133.08, "target_value": 183.30262754917214, "running_time": 1.0020732879638672, "local_count": 100, "common_count": 0}, "M-Greedy": {"max_delay": 0.13436656401411015, "cost": 111.18, "target_value": 162.16156401411013, "running_time": 2184.6377849578857, "n_selected_site": 12, "local_count": 42, "common_count": 58}, "M-Greedy-V2(Tx+Tp+Tq)": {"max_delay": 0.13436656401411015, "cost": 114.88, "target_value": 163.08656401411014, "running_time": 3371.537446975708, "n_selected_site": 10, "local_count": 20, "common_count": 80}, "Ours": {"max_delay": 0.13280973993523107, "cost": 104.42, "target_value": 158.91473993523107, "running_time": 26516.27254486084, "local_count": 51, "common_count": 49}}}, "60": {"sim0": {"simulation_id": 0, "user_seed": 46636712, "Nearest": {"max_delay": 0.1507901993520665, "cost": 146.81666666666666, "target_value": 187.49436601873316, "running_time": 2.0051002502441406, "local_count": 120, "common_count": 0}, "M-Greedy": {"max_delay": 0.13630406068786544, "cost": 113.45, "target_value": 164.66656068786546, "running_time": 2651.968002319336, "n_selected_site": 10, "local_count": 40, "common_count": 80}, "M-Greedy-V2(Tx+Tp+Tq)": {"max_delay": 0.13630406068786544, "cost": 114.33333333333333, "target_value": 164.8873940211988, "running_time": 3979.8474311828613, "n_selected_site": 8, "local_count": 22, "common_count": 98}, "Ours": {"max_delay": 0.13450067609114158, "cost": 110.85, "target_value": 162.21317609114158, "running_time": 35324.318408966064, "local_count": 63, "common_count": 57}}, "sim1": {"simulation_id": 1, "user_seed": 23669732, "Nearest": {"max_delay": 0.14628728403125837, "cost": 156.28333333333333, "target_value": 185.3581173645917, "running_time": 2.0532608032226562, "local_count": 120, "common_count": 0}, "M-Greedy": {"max_delay": 0.2344406262151329, "cost": 124.0, "target_value": 265.4406262151329, "running_time": 557.7516555786133, "n_selected_site": 1, "local_count": 120, "common_count": 0}, "M-Greedy-V2(Tx+Tp+Tq)": {"max_delay": 0.1383437288369376, "cost": 136.01666666666668, "target_value": 172.34789550360426, "running_time": 3281.6901206970215, "n_selected_site": 6, "local_count": 12, "common_count": 108}, "Ours": {"max_delay": 0.13329084702488653, "cost": 124.2, "target_value": 164.34084702488653, "running_time": 36171.42057418823, "local_count": 72, "common_count": 48}}, "sim2": {"simulation_id": 2, "user_seed": 55662535, "Nearest": {"max_delay": 0.14868064634608927, "cost": 163.13333333333333, "target_value": 189.4639796794226, "running_time": 2.001523971557617, "local_count": 120, "common_count": 0}, "M-Greedy": {"max_delay": 0.1475462163971386, "cost": 139.88333333333333, "target_value": 182.51704973047194, "running_time": 3122.159481048584, "n_selected_site": 12, "local_count": 34, "common_count": 86}, "M-Greedy-V2(Tx+Tp+Tq)": {"max_delay": 0.13768932441338022, "cost": 133.16666666666666, "target_value": 170.9809910800469, "running_time": 4036.533832550049, "n_selected_site": 8, "local_count": 18, "common_count": 102}, "Ours": {"max_delay": 0.13262625898413383, "cost": 118.5, "target_value": 162.2512589841338, "running_time": 35642.12870597839, "local_count": 58, "common_count": 62}}}, "70": {"sim0": {"simulation_id": 0, "user_seed": 98391235, "Nearest": {"max_delay": 0.1540868103356977, "cost": 175.4142857142857, "target_value": 197.94038176426915, "running_time": 2.0020008087158203, "local_count": 140, "common_count": 0}, "M-Greedy": {"max_delay": 0.13799462851158384, "cost": 139.0, "target_value": 172.74462851158384, "running_time": 3701.7195224761963, "n_selected_site": 10, "local_count": 50, "common_count": 90}, "M-Greedy-V2(Tx+Tp+Tq)": {"max_delay": 0.13799462851158384, "cost": 138.9857142857143, "target_value": 172.7410570830124, "running_time": 5367.20085144043, "n_selected_site": 8, "local_count": 24, "common_count": 116},