{"40": {"sim0": {"simulation_id": 0, "user_seed": 60394760, "Nearest": {"max_delay": 0.14850429192507653, "cost": 123.325, "target_value": 179.33554192507654, "running_time": 2.002239227294922, "local_count": 80, "common_count": 0}, "M-Greedy": {"max_delay": 0.13376120648503817, "cost": 109.3, "target_value": 161.08620648503816, "running_time": 1387.404203414917, "n_selected_site": 13, "local_count": 38, "common_count": 42}, "M-Greedy-V2(Tx+Tp+Tq)": {"max_delay": 0.13376120648503817, "cost": 108.7, "target_value": 160.93620648503818, "running_time": 1532.8574180603027, "n_selected_site": 7, "local_count": 14, "common_count": 66}, "Ours": {"max_delay": 0.13076623172907825, "cost": 96.2, "target_value": 154.81623172907825, "running_time": 16717.668533325195, "local_count": 35, "common_count": 45}}, "sim1": {"simulation_id": 1, "user_seed": 68774596, "Nearest": {"max_delay": 0.14299956532304361, "cost": 115.975, "target_value": 171.99331532304362, "running_time": 1.0008811950683594, "local_count": 80, "common_count": 0}, "M-Greedy": {"max_delay": 0.23458120521226195, "cost": 90.5, "target_value": 257.2062052122619, "running_time": 251.21259689331055, "n_selected_site": 1, "local_count": 80, "common_count": 0}, "M-Greedy-V2(Tx+Tp+Tq)": {"max_delay": 0.13477359939479622, "cost": 95.275, "target_value": 158.5923493947962, "running_time": 1940.9241676330566, "n_selected_site": 9, "local_count": 32, "common_count": 48}, "Ours": {"max_delay": 0.1323894892031758, "cost": 95.025, "target_value": 156.1457392031758, "running_time": 17386.213779449463, "local_count": 50, "common_count": 30}}, "sim2": {"simulation_id": 2, "user_seed": 75387061, "Nearest": {"max_delay": 0.1344937887244984, "cost": 109.0, "target_value": 161.74378872449842, "running_time": 1.001119613647461, "local_count": 80, "common_count": 0}, "M-Greedy": {"max_delay": 0.23458120521226195, "cost": 90.5, "target_value": 257.2062052122619, "running_time": 252.0313262939453, "n_selected_site": 1, "local_count": 80, "common_count": 0}, "M-Greedy-V2(Tx+Tp+Tq)": {"max_delay": 0.13292939478510446, "cost": 97.75, "target_value": 157.36689478510445, "running_time": 1613.8122081756592, "n_selected_site": 7, "local_count": 14, "common_count": 66}, "Ours": {"max_delay": 0.12889097233451902, "cost": 94.15, "target_value": 152.428472334519, "running_time": 17421.88787460327, "local_count": 48, "common_count": 32}}}, "50": {"sim0": {"simulation_id": 0, "user_seed": 20561372, "Nearest": {"max_delay": 0.14598871373219813, "cost": 141.38, "target_value": 181.33371373219813, "running_time": 1.0004043579101562, "local_count": 100, "common_count": 0}, "M-Greedy": {"max_delay": 0.1343414965265922, "cost": 114.5, "target_value": 162.96649652659218, "running_time": 2023.3964920043945, "n_selected_site": 11, "local_count": 48, "common_count": 52}, "M-Greedy-V2(Tx+Tp+Tq)": {"max_delay": 0.1343414965265922, "cost": 114.44, "target_value": 162.95149652659217, "running_time": 3249.689817428589, "n_selected_site": 10, "local_count": 20, "common_count": 80}, "Ours": {"max_delay": 0.13075226463470502, "cost": 108.52, "target_value": 157.88226463470502, "running_time": 25860.11004447937, "local_count": 64, "common_count": 36}}, "sim1": {"simulation_id": 1, "user_seed": 70638006, "Nearest": {"max_delay": 0.14604199247744729, "cost": 147.58, "target_value": 182.9369924774473, "running_time": 1.0008811950683594, "local_count": 100, "common_count": 0}, "M-Greedy": {"max_delay": 0.23314776737114024, "cost": 114.0, "target_value": 261.6477673711403, "running_time": 396.9075679779053, "n_selected_site": 1, "local_count": 100, "common_count": 0}, "M-Greedy-V2(Tx+Tp+Tq)": {"max_delay": 0.23314776737114024, "cost": 114.0, "target_value": 261.6477673711403, "running_time": 709.7806930541992, "n_selected_site": 1, "local_count": 100, "common_count": 0}, "Ours": {"max_delay": 0.13216901634887906, "cost": 111.7, "target_value": 160.09401634887908, "running_time": 25304.0714263916, "local_count": 42, "common_count": 58}}, "sim2": {"simulation_id": 2, "user_seed": 92261472, "Nearest": {"max_delay": 0.15047580347029305, "cost": 129.78, "target_value": 182.92080347029304, "running_time": 2.002239227294922, "local_count": 100, "common_count": 0}, "M-Greedy": {"max_delay": 0.1362309416312994, "cost": 113.18, "target_value": 164.52594163129942, "running_time": 1901.1187553405762, "n_selected_site": 10, "local_count": 34, "common_count": 66}, "M-Greedy-V2(Tx+Tp+Tq)": {"max_delay": 0.13480973993523107, "cost": 114.08, "target_value": 163.3297399352311, "running_time": 2505.9022903442383, "n_selected_site": 7, "local_count": 24, "common_count": 76}, "Ours": {"max_delay": 0.1333399564753075, "cost": 104.9, "target_value": 159.5649564753075, "running_time": 25159.891366958618, "local_count": 53, "common_count": 47}}}, "60": {"sim0": {"simulation_id": 0, "user_seed": 95527745, "Nearest": {"max_delay": 0.14769117416098632, "cost": 159.56666666666666, "target_value": 187.582840827653, "running_time": 2.001523971557617, "local_count": 120, "common_count": 0}, "M-Greedy": {"max_delay": 0.1374609476106025, "cost": 130.0, "target_value": 169.96094761060252, "running_time": 2735.2190017700195, "n_selected_site": 10, "local_count": 50, "common_count": 70}, "M-Greedy-V2(Tx+Tp+Tq)": {"max_delay": 0.1374609476106025, "cost": 132.2, "target_value": 170.5109476106025, "running_time": 4381.289482116699, "n_selected_site": 9, "local_count": 24, "common_count": 96}, "Ours": {"max_delay": 0.13309517136389004, "cost": 123.4, "target_value": 163.94517136389004, "running_time": 34268.293380737305, "local_count": 70, "common_count": 50}}, "sim1": {"simulation_id": 1, "user_seed": 84559867, "Nearest": {"max_delay": 0.1483033816022964, "cost": 151.58333333333334, "target_value": 186.19921493562973, "running_time": 2.0017623901367188, "local_count": 120, "common_count": 0}, "M-Greedy": {"max_delay": 0.1375038586867003, "cost": 128.76666666666668, "target_value": 169.69552535336695, "running_time": 2718.528985977173, "n_selected_site": 10, "local_count": 56, "common_count": 64}, "M-Greedy-V2(Tx+Tp+Tq)": {"max_delay": 0.1375038586867003, "cost": 130.86666666666667, "target_value": 170.22052535336695, "running_time": 3186.384439468384, "n_selected_site": 6, "local_count": 32, "common_count": 88}, "Ours": {"max_delay": 0.13359148010843402, "cost": 119.83333333333333, "target_value": 163.54981344176736, "running_time": 16428.06339263916, "local_count": 76, "common_count": 44}}, "sim2": {"simulation_id": 2, "user_seed": 76177595, "Nearest": {"max_delay": 0.15052084864625823, "cost": 160.56666666666666, "target_value": 190.66251531292488, "running_time": 2.0017623901367188, "local_count": 120, "common_count": 0}, "M-Greedy": {"max_delay": 0.13849461168394522, "cost": 130.93333333333334, "target_value": 171.22794501727856, "running_time": 2745.1701164245605, "n_selected_site": 10, "local_count": 54, "common_count": 66}, "M-Greedy-V2(Tx+Tp+Tq)": {"max_delay": 0.13796718149063195, "cost": 136.03333333333333, "target_value": 171.97551482396528, "running_time": 3655.564069747925, "n_selected_site": 7, "local_count": 30, "common_count": 90}, "Ours": {"max_delay": 0.13484429552188965, "cost": 123.95, "target_value": 165.83179552188966, "running_time": 15745.089530944824, "local_count": 74, "common_count": 46}}}, "70": {"sim0": {"simulation_id": 0, "user_seed": 33790996, "Nearest": {"max_delay": 0.1506263094801698, "cost": 179.74285714285713, "target_value": 195.56202376588408, "running_time": 2.0012855529785156, "local_count": 140, "common_count": 0}, "M-Greedy": {"max_delay": 0.13684815783050952, "cost": 137.71428571428572, "target_value": 171.27672925908092, "running_time": 3736.1319065093994, "n_selected_site": 10, "local_count": 52, "common_count": 88}, "M-Greedy-V2(Tx+Tp+Tq)": {"max_delay": 0.13684815783050952, "cost": 140.8, "target_value": 172.04815783050952, "running_time": 4311.04850769043, "n_selected_site": 6, "local_count": 24, "common_count": 116},