{"40": {"sim0": {"simulation_id": 0, "user_seed": 98469932, "Nearest": {"max_delay": 0.1507643717084255, "cost": 118.625, "target_value": 180.4206217084255, "running_time": 1.001596450805664, "local_count": 80, "common_count": 0}, "M-Greedy": {"max_delay": 0.1450872273926566, "cost": 98.5, "target_value": 169.7122273926566, "running_time": 955.4553031921387, "n_selected_site": 7, "local_count": 10, "common_count": 70}, "M-Greedy-V2(Tx+Tp+Tq)": {"max_delay": 0.13611398363699595, "cost": 97.475, "target_value": 160.48273363699596, "running_time": 1996.2072372436523, "n_selected_site": 9, "local_count": 14, "common_count": 66}, "Ours": {"max_delay": 0.13267305491595116, "cost": 90.225, "target_value": 155.22930491595116, "running_time": 17800.642728805542, "local_count": 42, "common_count": 38}}, "sim1": {"simulation_id": 1, "user_seed": 6145451, "Nearest": {"max_delay": 0.15131350643578056, "cost": 120.275, "target_value": 181.38225643578056, "running_time": 1.0013580322265625, "local_count": 80, "common_count": 0}, "M-Greedy": {"max_delay": 0.13711861860197566, "cost": 99.275, "target_value": 161.93736860197566, "running_time": 1242.6164150238037, "n_selected_site": 10, "local_count": 26, "common_count": 54}, "M-Greedy-V2(Tx+Tp+Tq)": {"max_delay": 0.13711861860197566, "cost": 97.525, "target_value": 161.49986860197566, "running_time": 1599.4484424591064, "n_selected_site": 7, "local_count": 20, "common_count": 60}, "Ours": {"max_delay": 0.1338021147859052, "cost": 98.825, "target_value": 158.5083647859052, "running_time": 17991.265773773193, "local_count": 50, "common_count": 30}}, "sim2": {"simulation_id": 2, "user_seed": 20253055, "Nearest": {"max_delay": 0.1451228655568707, "cost": 125.075, "target_value": 176.3916155568707, "running_time": 1.001119613647461, "local_count": 80, "common_count": 0}, "M-Greedy": {"max_delay": 0.1466530820969471, "cost": 111.75, "target_value": 174.59058209694712, "running_time": 1351.3062000274658, "n_selected_site": 11, "local_count": 46, "common_count": 34}, "M-Greedy-V2(Tx+Tp+Tq)": {"max_delay": 0.13601786788269765, "cost": 94.325, "target_value": 159.59911788269767, "running_time": 1470.8032608032227, "n_selected_site": 6, "local_count": 20, "common_count": 60}, "Ours": {"max_delay": 0.13296822851627915, "cost": 94.325, "target_value": 156.54947851627915, "running_time": 17916.68677330017, "local_count": 36, "common_count": 44}}}, "50": {"sim0": {"simulation_id": 0, "user_seed": 98497236, "Nearest": {"max_delay": 0.14723252057662448, "cost": 132.6, "target_value": 180.38252057662447, "running_time": 2.001523971557617, "local_count": 100, "common_count": 0}, "M-Greedy": {"max_delay": 0.23192047512798275, "cost": 113.0, "target_value": 260.17047512798274, "running_time": 408.5197448730469, "n_selected_site": 1, "local_count": 100, "common_count": 0}, "M-Greedy-V2(Tx+Tp+Tq)": {"max_delay": 0.13516793144990163, "cost": 116.16, "target_value": 164.20793144990162, "running_time": 3081.430435180664, "n_selected_site": 9, "local_count": 32, "common_count": 68}, "Ours": {"max_delay": 0.13325744028517267, "cost": 104.06, "target_value": 159.27244028517265, "running_time": 26212.071418762207, "local_count": 53, "common_count": 47}}, "sim1": {"simulation_id": 1, "user_seed": 771752, "Nearest": {"max_delay": 0.14665383948784166, "cost": 143.0, "target_value": 182.40383948784165, "running_time": 1.0008811950683594, "local_count": 100, "common_count": 0}, "M-Greedy": {"max_delay": 0.1338871069944963, "cost": 115.02, "target_value": 162.6421069944963, "running_time": 1890.6948566436768, "n_selected_site": 10, "local_count": 32, "common_count": 68}, "M-Greedy-V2(Tx+Tp+Tq)": {"max_delay": 0.13307551910944906, "cost": 116.7, "target_value": 162.25051910944907, "running_time": 2512.5083923339844, "n_selected_site": 7, "local_count": 12, "common_count": 88}, "Ours": {"max_delay": 0.12981613419280869, "cost": 109.8, "target_value": 157.26613419280866, "running_time": 26655.393362045288, "local_count": 56, "common_count": 44}}, "sim2": {"simulation_id": 2, "user_seed": 78142998, "Nearest": {"max_delay": 0.14617960053122, "cost": 124.62, "target_value": 177.33460053122002, "running_time": 2.0017623901367188, "local_count": 100, "common_count": 0}, "M-Greedy": {"max_delay": 0.13499942452823632, "cost": 106.02, "target_value": 161.5044245282363, "running_time": 1932.7774047851562, "n_selected_site": 10, "local_count": 58, "common_count": 42}, "M-Greedy-V2(Tx+Tp+Tq)": {"max_delay": 0.13499942452823632, "cost": 112.6, "target_value": 163.14942452823632, "running_time": 3123.309850692749, "n_selected_site": 9, "local_count": 24, "common_count": 76}, "Ours": {"max_delay": 0.13237478127447458, "cost": 101.56, "target_value": 157.76478127447456, "running_time": 26468.433618545532, "local_count": 59, "common_count": 41}}}, "60": {"sim0": {"simulation_id": 0, "user_seed": 48496346, "Nearest": {"max_delay": 0.1352480268520674, "cost": 154.26666666666668, "target_value": 173.81469351873406, "running_time": 1.9831657409667969, "local_count": 120, "common_count": 0}, "M-Greedy": {"max_delay": 0.13731361595278468, "cost": 154.33333333333334, "target_value": 175.89694928611803, "running_time": 2756.647825241089, "n_selected_site": 10, "local_count": 94, "common_count": 26}, "M-Greedy-V2(Tx+Tp+Tq)": {"max_delay": 0.1168497721715474, "cost": 131.16666666666666, "target_value": 149.64143883821407, "running_time": 2753.6559104919434, "n_selected_site": 5, "local_count": 22, "common_count": 98}, "Ours": {"max_delay": 0.11922773342493405, "cost": 119.88333333333334, "target_value": 149.1985667582674, "running_time": 4118.367433547974, "local_count": 51, "common_count": 69}}, "sim1": {"simulation_id": 1, "user_seed": 84896491, "Nearest": {"max_delay": 0.15052987093810538, "cost": 153.11666666666667, "target_value": 188.80903760477204, "running_time": 2.0012855529785156, "local_count": 120, "common_count": 0}, "M-Greedy": {"max_delay": 0.13724045039577815, "cost": 132.95, "target_value": 170.47795039577812, "running_time": 2709.827423095703, "n_selected_site": 10, "local_count": 40, "common_count": 80}, "M-Greedy-V2(Tx+Tp+Tq)": {"max_delay": 0.13724045039577815, "cost": 133.2, "target_value": 170.54045039577812, "running_time": 3212.475538253784, "n_selected_site": 6, "local_count": 30, "common_count": 90}, "Ours": {"max_delay": 0.13446568470704923, "cost": 122.65, "target_value": 165.12818470704923, "running_time": 28088.04750442505, "local_count": 79, "common_count": 41}}, "sim2": {"simulation_id": 2, "user_seed": 23715518, "Nearest": {"max_delay": 0.14752846583661827, "cost": 166.35, "target_value": 189.11596583661827, "running_time": 2.0012855529785156, "local_count": 120, "common_count": 0}, "M-Greedy": {"max_delay": 0.23471791412870624, "cost": 124.16666666666667, "target_value": 265.7595807953729, "running_time": 561.1612796783447, "n_selected_site": 1, "local_count": 120, "common_count": 0}, "M-Greedy-V2(Tx+Tp+Tq)": {"max_delay": 0.13768480389713644, "cost": 139.15, "target_value": 172.47230389713644, "running_time": 2794.909715652466, "n_selected_site": 5, "local_count": 0, "common_count": 120}, "Ours": {"max_delay": 0.13314639737614092, "cost": 125.75, "target_value": 164.58389737614092, "running_time": 35216.8345451355, "local_count": 64, "common_count": 56}}}, "70": {"sim0": {"simulation_id": 0, "user_seed": 85304770, "Nearest": {"max_delay": 0.14949780333044943, "cost": 172.65714285714284, "target_value": 192.66208904473515, "running_time": 2.0020008087158203, "local_count": 140, "common_count": 0}, "M-Greedy": {"max_delay": 0.13642405958048065, "cost": 134.8, "target_value": 170.12405958048066, "running_time": 4008.7461471557617, "n_selected_site": 11, "local_count": 60, "common_count": 80}, "M-Greedy-V2(Tx+Tp+Tq)": {"max_delay": 0.13642405958048065, "cost": 135.17142857142858, "target_value": 170.2169167233378, "running_time": 4931.345224380493, "n_selected_site": 7, "local_count": 30, "common_count": 110},