{"40": {"sim0": {"simulation_id": 0, "user_seed": 11351566, "Nearest": {"avg_delay": 0.1063827368836835, "cost": 108.9, "target_value": 188.0577368836835, "running_time": 1.0006427764892578, "local_count": 80, "common_count": 0}, "Modify-Assignment(Tx)": {"avg_delay": 0.10827547269008839, "cost": 114.325, "target_value": 194.01922269008838, "running_time": 38.0704402923584, "local_count": 80, "common_count": 0}, "Modify-Assignment(Tx+Tp+Tq)": {"avg_delay": 0.10111072202742623, "cost": 113.325, "target_value": 186.10447202742625, "running_time": 19499.796390533447, "local_count": 48, "common_count": 32}, "Ours": {"avg_delay": 0.10194430905039376, "cost": 85.575, "target_value": 166.12555905039375, "running_time": 278.2304286956787, "local_count": 50, "common_count": 30}}, "sim1": {"simulation_id": 1, "user_seed": 12498118, "Nearest": {"avg_delay": 0.11088418133719172, "cost": 114.275, "target_value": 196.59043133719172, "running_time": 2.0012855529785156, "local_count": 80, "common_count": 0}, "Modify-Assignment(Tx)": {"avg_delay": 0.11478443165494559, "cost": 120.825, "target_value": 205.4031816549456, "running_time": 32.58061408996582, "local_count": 80, "common_count": 0}, "Modify-Assignment(Tx+Tp+Tq)": {"avg_delay": 0.10435663531472981, "cost": 118.7, "target_value": 193.3816353147298, "running_time": 20339.71643447876, "local_count": 47, "common_count": 33}, "Ours": {"avg_delay": 0.10198410404042246, "cost": 88.225, "target_value": 168.15285404042245, "running_time": 284.23476219177246, "local_count": 51, "common_count": 29}}}, "50": {"sim0": {"simulation_id": 0, "user_seed": 63035456, "Nearest": {"avg_delay": 0.1082924970130777, "cost": 120.48, "target_value": 198.6524970130777, "running_time": 0.995635986328125, "local_count": 100, "common_count": 0}, "Modify-Assignment(Tx)": {"avg_delay": 0.10883266798443124, "cost": 123.44, "target_value": 201.41266798443124, "running_time": 35.033226013183594, "local_count": 100, "common_count": 0}, "Modify-Assignment(Tx+Tp+Tq)": {"avg_delay": 0.10275292727538077, "cost": 124.5, "target_value": 196.12792727538078, "running_time": 36200.074672698975, "local_count": 63, "common_count": 37}, "Ours": {"avg_delay": 0.10355567395019209, "cost": 94.5, "target_value": 174.4306739501921, "running_time": 427.3359775543213, "local_count": 56, "common_count": 44}}, "sim1": {"simulation_id": 1, "user_seed": 9964501, "Nearest": {"avg_delay": 0.10827624593236149, "cost": 117.7, "target_value": 196.5512459323615, "running_time": 1.0006427764892578, "local_count": 100, "common_count": 0}, "Modify-Assignment(Tx)": {"avg_delay": 0.1101363728520432, "cost": 122.42, "target_value": 201.9513728520432, "running_time": 80.0931453704834, "local_count": 100, "common_count": 0}, "Modify-Assignment(Tx+Tp+Tq)": {"avg_delay": 0.10382926314636737, "cost": 121.78, "target_value": 195.16426314636738, "running_time": 38487.49566078186, "local_count": 62, "common_count": 38}, "Ours": {"avg_delay": 0.10274922564485689, "cost": 86.96, "target_value": 167.9692256448569, "running_time": 442.3654079437256, "local_count": 63, "common_count": 37}}}, "60": {"sim0": {"simulation_id": 0, "user_seed": 75621654, "Nearest": {"avg_delay": 0.1091467001279854, "cost": 142.8, "target_value": 216.2467001279854, "running_time": 1.0006427764892578, "local_count": 120, "common_count": 0}, "Modify-Assignment(Tx)": {"avg_delay": 0.11028859311952895, "cost": 147.8, "target_value": 221.13859311952893, "running_time": 64.13125991821289, "local_count": 120, "common_count": 0}, "Modify-Assignment(Tx+Tp+Tq)": {"avg_delay": 0.10357421798664763, "cost": 146.85, "target_value": 213.7117179866476, "running_time": 68066.77341461182, "local_count": 73, "common_count": 47}, "Ours": {"avg_delay": 0.1034753584486879, "cost": 107.06666666666666, "target_value": 183.77535844868788, "running_time": 562.6628398895264, "local_count": 77, "common_count": 43}}, "sim1": {"simulation_id": 1, "user_seed": 39166645, "Nearest": {"avg_delay": 0.10993029529562466, "cost": 129.2, "target_value": 206.83029529562464, "running_time": 2.001523971557617, "local_count": 120, "common_count": 0}, "Modify-Assignment(Tx)": {"avg_delay": 0.11213950391526112, "cost": 135.81666666666666, "target_value": 214.00200391526113, "running_time": 69.05746459960938, "local_count": 120, "common_count": 0}, "Modify-Assignment(Tx+Tp+Tq)": {"avg_delay": 0.1050598941177857, "cost": 132.88333333333333, "target_value": 204.7223941177857, "running_time": 60949.87988471985, "local_count": 79, "common_count": 41}, "Ours": {"avg_delay": 0.10300256838408783, "cost": 103.41666666666667, "target_value": 180.56506838408785, "running_time": 557.647705078125, "local_count": 85, "common_count": 35}}}, "70": {"sim0": {"simulation_id": 0, "user_seed": 63086217, "Nearest": {"avg_delay": 0.1100420806267909, "cost": 155.4142857142857, "target_value": 226.60279491250517, "running_time": 1.001119613647461, "local_count": 140, "common_count": 0}, "Modify-Assignment(Tx)": {"avg_delay": 0.1134631212523072, "cost": 169.31428571428572, "target_value": 240.4488355380215, "running_time": 128.1745433807373, "local_count": 140, "common_count": 0}, "Modify-Assignment(Tx+Tp+Tq)": {"avg_delay": 0.10528456782850122, "cost": 159.27142857142857, "target_value": 224.73813925707265, "running_time": 102102.11300849915, "local_count": 88, "common_count": 52}, "Ours": {"avg_delay": 0.1032343238619163, "cost": 121.55714285714286, "target_value": 194.40218100477347, "running_time": 729.7086715698242, "local_count": 97, "common_count": 43}}, "sim1": {"simulation_id": 1, "user_seed": 36685061, "Nearest": {"avg_delay": 0.10768771955179336, "cost": 138.2, "target_value": 211.33771955179336, "running_time": 2.0051002502441406, "local_count": 140, "common_count": 0}, "Modify-Assignment(Tx)": {"avg_delay": 0.10932794283865287, "cost": 141.4142857142857, "target_value": 215.38865712436717, "running_time": 122.91789054870605, "local_count": 140, "common_count": 0}, "Modify-Assignment(Tx+Tp+Tq)": {"avg_delay": 0.10376672330083202, "cost": 142.42857142857142, "target_value": 210.58815187226057, "running_time": 105467.36741065979, "local_count": 87, "common_count": 53}, "Ours": {"avg_delay": 0.10340004721662789, "cost": 107.98571428571428, "target_value": 184.3893329309136, "running_time": 759.6993446350098, "local_count": 108, "common_count": 32}}}, "80": {"sim0": {"simulation_id": 0, "user_seed": 6012555, "Nearest": {"avg_delay": 0.10944422899029807, "cost": 187.0375, "target_value": 249.72235399029807, "running_time": 2.0017623901367188, "local_count": 160, "common_count": 0}, "Modify-Assignment(Tx)": {"avg_delay": 0.11118558447074615, "cost": 193.85, "target_value": 256.57308447074615, "running_time": 154.740571975708, "local_count": 160, "common_count": 0}, "Modify-Assignment(Tx+Tp+Tq)": {"avg_delay": 0.10342984304793099, "cost": 191.8375, "target_value": 247.307968047931, "running_time": 176437.38412857056, "local_count": 91, "common_count": 69}, "Ours": {"avg_delay": 0.10146950432959574, "cost": 138.9375, "target_value": 205.67262932959574, "running_time": 957.8635692596436, "local_count": 101, "common_count": 59}}, "sim1": {"simulation_id": 1, "user_seed": 75931435, "Nearest": {"avg_delay": 0.10870796941119605, "cost": 169.325, "target_value": 235.70171941119605, "running_time": 2.001523971557617, "local_count": 160, "common_count": 0}, "Modify-Assignment(Tx)": {"avg_delay": 0.11084685965776638, "cost": 171.475, "target_value": 239.45310965776636, "running_time": 184.15570259094238, "local_count": 160, "common_count": 0}, "Modify-Assignment(Tx+Tp+Tq)": {"avg_delay": 0.103315678497599, "cost": 173.575, "target_value": 233.49692849759896, "running_time": 168214.13707733154, "local_count": 94, "common_count": 66}, "Ours": {"avg_delay": 0.10318201352115537, "cost": 126.8125, "target_value": 198.29138852115537, "running_time": 986.5427017211914, "local_count": 107, "common_count": 53}}}, "90": {"sim0": {"simulation_id": 0, "user_seed": 51501566,