{"40": {"sim0": {"simulation_id": 0, "user_seed": 44168173, "Nearest": {"avg_delay": 0.10776346439851112, "cost": 106.075, "target_value": 187.3197143985111, "running_time": 1.0006427764892578, "local_count": 80, "common_count": 0}, "Modify-Assignment(Tx)": {"avg_delay": 0.11240309542511717, "cost": 116.925, "target_value": 200.09684542511718, "running_time": 33.026933670043945, "local_count": 80, "common_count": 0}, "Modify-Assignment(Tx+Tp+Tq)": {"avg_delay": 0.10180498332563728, "cost": 110.075, "target_value": 184.36123332563727, "running_time": 19300.757884979248, "local_count": 51, "common_count": 29}, "Ours": {"avg_delay": 0.09895373961096386, "cost": 83.675, "target_value": 161.70998961096387, "running_time": 297.86109924316406, "local_count": 53, "common_count": 27}}, "sim1": {"simulation_id": 1, "user_seed": 67468470, "Nearest": {"avg_delay": 0.1054587873210916, "cost": 95.775, "target_value": 177.2900373210916, "running_time": 1.0006427764892578, "local_count": 80, "common_count": 0}, "Modify-Assignment(Tx)": {"avg_delay": 0.10633570586509508, "cost": 97.225, "target_value": 179.25445586509505, "running_time": 16.01266860961914, "local_count": 80, "common_count": 0}, "Modify-Assignment(Tx+Tp+Tq)": {"avg_delay": 0.0999777073467964, "cost": 100.0, "target_value": 174.9777073467964, "running_time": 21376.867532730103, "local_count": 49, "common_count": 31}, "Ours": {"avg_delay": 0.09994790517837002, "cost": 82.625, "target_value": 161.91665517837004, "running_time": 297.2524166107178, "local_count": 57, "common_count": 23}}}, "50": {"sim0": {"simulation_id": 0, "user_seed": 54387752, "Nearest": {"avg_delay": 0.11048073423291045, "cost": 124.02, "target_value": 203.49573423291045, "running_time": 1.001119613647461, "local_count": 100, "common_count": 0}, "Modify-Assignment(Tx)": {"avg_delay": 0.11413067741864133, "cost": 135.6, "target_value": 215.8306774186413, "running_time": 68.05658340454102, "local_count": 100, "common_count": 0}, "Modify-Assignment(Tx+Tp+Tq)": {"avg_delay": 0.1050013000379927, "cost": 128.28, "target_value": 201.21130003799271, "running_time": 40663.13314437866, "local_count": 63, "common_count": 37}, "Ours": {"avg_delay": 0.10392869387756022, "cost": 98.78, "target_value": 178.01369387756023, "running_time": 414.9034023284912, "local_count": 73, "common_count": 27}}, "sim1": {"simulation_id": 1, "user_seed": 39911836, "Nearest": {"avg_delay": 0.10914930716992084, "cost": 118.16, "target_value": 197.76930716992086, "running_time": 1.001119613647461, "local_count": 100, "common_count": 0}, "Modify-Assignment(Tx)": {"avg_delay": 0.11061860679228705, "cost": 123.58, "target_value": 203.30360679228704, "running_time": 54.04543876647949, "local_count": 100, "common_count": 0}, "Modify-Assignment(Tx+Tp+Tq)": {"avg_delay": 0.10428643250401269, "cost": 123.24, "target_value": 196.7164325040127, "running_time": 42770.843267440796, "local_count": 59, "common_count": 41}, "Ours": {"avg_delay": 0.10424000347506733, "cost": 90.6, "target_value": 172.19000347506733, "running_time": 442.4128532409668, "local_count": 65, "common_count": 35}}}, "60": {"sim0": {"simulation_id": 0, "user_seed": 14214039, "Nearest": {"avg_delay": 0.10932320728040378, "cost": 136.63333333333333, "target_value": 211.79820728040377, "running_time": 2.0020008087158203, "local_count": 120, "common_count": 0}, "Modify-Assignment(Tx)": {"avg_delay": 0.11133394932848947, "cost": 141.2, "target_value": 217.23394932848947, "running_time": 64.05282020568848, "local_count": 120, "common_count": 0}, "Modify-Assignment(Tx+Tp+Tq)": {"avg_delay": 0.103763741027996, "cost": 140.56666666666666, "target_value": 209.188741027996, "running_time": 68707.25297927856, "local_count": 73, "common_count": 47}, "Ours": {"avg_delay": 0.10264879375172882, "cost": 104.26666666666667, "target_value": 180.8487937517288, "running_time": 558.025598526001, "local_count": 74, "common_count": 46}}, "sim1": {"simulation_id": 1, "user_seed": 22138755, "Nearest": {"avg_delay": 0.10697320173521602, "cost": 134.66666666666666, "target_value": 207.97320173521604, "running_time": 2.0012855529785156, "local_count": 120, "common_count": 0}, "Modify-Assignment(Tx)": {"avg_delay": 0.1082155367631041, "cost": 141.75, "target_value": 214.5280367631041, "running_time": 80.06548881530762, "local_count": 120, "common_count": 0}, "Modify-Assignment(Tx+Tp+Tq)": {"avg_delay": 0.10290947722608057, "cost": 138.63333333333333, "target_value": 206.88447722608055, "running_time": 59807.97576904297, "local_count": 82, "common_count": 38}, "Ours": {"avg_delay": 0.10412729519140534, "cost": 108.6, "target_value": 185.5772951914053, "running_time": 554.5933246612549, "local_count": 90, "common_count": 30}}}, "70": {"sim0": {"simulation_id": 0, "user_seed": 10677264, "Nearest": {"avg_delay": 0.11289341458916385, "cost": 166.88571428571427, "target_value": 238.05770030344956, "running_time": 2.001523971557617, "local_count": 140, "common_count": 0}, "Modify-Assignment(Tx)": {"avg_delay": 0.11387931985493475, "cost": 171.64285714285714, "target_value": 242.6114627120776, "running_time": 93.70064735412598, "local_count": 140, "common_count": 0}, "Modify-Assignment(Tx+Tp+Tq)": {"avg_delay": 0.10658909949339183, "cost": 171.97142857142856, "target_value": 235.56767092196327, "running_time": 119405.77673912048, "local_count": 79, "common_count": 61}, "Ours": {"avg_delay": 0.10681717072630688, "cost": 122.12857142857143, "target_value": 198.41359929773546, "running_time": 731.839656829834, "local_count": 99, "common_count": 41}}, "sim1": {"simulation_id": 1, "user_seed": 33002709, "Nearest": {"avg_delay": 0.10852271308601671, "cost": 164.54285714285714, "target_value": 231.92985594315957, "running_time": 2.0017623901367188, "local_count": 140, "common_count": 0}, "Modify-Assignment(Tx)": {"avg_delay": 0.10979611064849565, "cost": 166.74285714285713, "target_value": 234.8532535056385, "running_time": 80.06644248962402, "local_count": 140, "common_count": 0}, "Modify-Assignment(Tx+Tp+Tq)": {"avg_delay": 0.1028821546281211, "cost": 168.64285714285714, "target_value": 229.36429748526396, "running_time": 109695.98650932312, "local_count": 86, "common_count": 54}, "Ours": {"avg_delay": 0.10309600261544935, "cost": 124.0, "target_value": 196.09600261544935, "running_time": 769.9587345123291, "local_count": 97, "common_count": 43}}}, "80": {"sim0": {"simulation_id": 0, "user_seed": 34002825, "Nearest": {"avg_delay": 0.11138699597582162, "cost": 174.75, "target_value": 242.4494959758216, "running_time": 2.001523971557617, "local_count": 160, "common_count": 0}, "Modify-Assignment(Tx)": {"avg_delay": 0.11289240228272596, "cost": 178.9875, "target_value": 247.13302728272598, "running_time": 121.14477157592773, "local_count": 160, "common_count": 0}, "Modify-Assignment(Tx+Tp+Tq)": {"avg_delay": 0.10637516041387376, "cost": 178.5, "target_value": 240.25016041387377, "running_time": 150745.28765678406, "local_count": 105, "common_count": 55}, "Ours": {"avg_delay": 0.10796783819905315, "cost": 128.15, "target_value": 204.08033819905316, "running_time": 925.9111881256104, "local_count": 119, "common_count": 41}}, "sim1": {"simulation_id": 1, "user_seed": 82691400, "Nearest": {"avg_delay": 0.10954734700945146, "cost": 167.9375, "target_value": 235.50047200945147, "running_time": 3.0024051666259766, "local_count": 160, "common_count": 0}, "Modify-Assignment(Tx)": {"avg_delay": 0.10969227370189806, "cost": 168.3875, "target_value": 235.98289870189805, "running_time": 135.14256477355957, "local_count": 160, "common_count": 0}, "Modify-Assignment(Tx+Tp+Tq)": {"avg_delay": 0.10425559603203245, "cost": 171.9625, "target_value": 233.22747103203247, "running_time": 161724.77412223816, "local_count": 98, "common_count": 62}, "Ours": {"avg_delay": 0.10496851663324898, "cost": 127.6, "target_value": 200.66851663324897, "running_time": 963.0739688873291, "local_count": 97, "common_count": 63}}}, "90": {"sim0": {"simulation_id": 0, "user_seed": 37608707,