{"40": {"sim0": {"simulation_id": 0, "user_seed": 19459252, "Nearest": {"avg_delay": 0.1063703458437752, "cost": 100.65, "target_value": 181.8578458437752, "running_time": 1.0013580322265625, "local_count": 80, "common_count": 0}, "Modify-Assignment(Tx)": {"avg_delay": 0.10845001735941154, "cost": 103.625, "target_value": 186.16876735941153, "running_time": 36.03982925415039, "local_count": 80, "common_count": 0}, "Modify-Assignment(Tx+Tp+Tq)": {"avg_delay": 0.100720281413631, "cost": 104.75, "target_value": 179.282781413631, "running_time": 20918.335676193237, "local_count": 49, "common_count": 31}, "Ours": {"avg_delay": 0.09766592095339602, "cost": 83.375, "target_value": 160.19717095339604, "running_time": 292.89960861206055, "local_count": 43, "common_count": 37}}, "sim1": {"simulation_id": 1, "user_seed": 54768006, "Nearest": {"avg_delay": 0.10586743034493643, "cost": 102.525, "target_value": 182.76118034493643, "running_time": 1.0006427764892578, "local_count": 80, "common_count": 0}, "Modify-Assignment(Tx)": {"avg_delay": 0.10918010037933983, "cost": 106.55, "target_value": 189.0926003793398, "running_time": 43.035268783569336, "local_count": 80, "common_count": 0}, "Modify-Assignment(Tx+Tp+Tq)": {"avg_delay": 0.10071126168125341, "cost": 106.675, "target_value": 180.7175116812534, "running_time": 19338.42897415161, "local_count": 50, "common_count": 30}, "Ours": {"avg_delay": 0.09841596334576998, "cost": 81.4, "target_value": 159.46596334576998, "running_time": 286.0994338989258, "local_count": 55, "common_count": 25}}}, "50": {"sim0": {"simulation_id": 0, "user_seed": 47574181, "Nearest": {"avg_delay": 0.10920792740627769, "cost": 123.48, "target_value": 201.8179274062777, "running_time": 2.0020008087158203, "local_count": 100, "common_count": 0}, "Modify-Assignment(Tx)": {"avg_delay": 0.10966874325575472, "cost": 125.22, "target_value": 203.5837432557547, "running_time": 49.040794372558594, "local_count": 100, "common_count": 0}, "Modify-Assignment(Tx+Tp+Tq)": {"avg_delay": 0.10421698025736942, "cost": 128.46, "target_value": 200.5619802573694, "running_time": 40260.34450531006, "local_count": 62, "common_count": 38}, "Ours": {"avg_delay": 0.10361916154884489, "cost": 94.4, "target_value": 174.4191615488449, "running_time": 424.35455322265625, "local_count": 75, "common_count": 25}}, "sim1": {"simulation_id": 1, "user_seed": 64840977, "Nearest": {"avg_delay": 0.10900270433510373, "cost": 126.94, "target_value": 204.20770433510373, "running_time": 2.002716064453125, "local_count": 100, "common_count": 0}, "Modify-Assignment(Tx)": {"avg_delay": 0.11398316477111219, "cost": 138.1, "target_value": 217.55816477111216, "running_time": 72.63612747192383, "local_count": 100, "common_count": 0}, "Modify-Assignment(Tx+Tp+Tq)": {"avg_delay": 0.10378787171147924, "cost": 130.4, "target_value": 201.58787171147924, "running_time": 39244.12822723389, "local_count": 62, "common_count": 38}, "Ours": {"avg_delay": 0.09906764085546302, "cost": 100.68, "target_value": 174.57764085546302, "running_time": 461.00401878356934, "local_count": 60, "common_count": 40}}}, "60": {"sim0": {"simulation_id": 0, "user_seed": 78266783, "Nearest": {"avg_delay": 0.10955642616227498, "cost": 133.76666666666668, "target_value": 209.881426162275, "running_time": 2.0020008087158203, "local_count": 120, "common_count": 0}, "Modify-Assignment(Tx)": {"avg_delay": 0.11291420030740713, "cost": 141.96666666666667, "target_value": 219.38920030740712, "running_time": 76.06291770935059, "local_count": 120, "common_count": 0}, "Modify-Assignment(Tx+Tp+Tq)": {"avg_delay": 0.1046076290859364, "cost": 137.28333333333333, "target_value": 207.5701290859364, "running_time": 65865.28968811035, "local_count": 74, "common_count": 46}, "Ours": {"avg_delay": 0.10254644232139877, "cost": 104.71666666666667, "target_value": 181.08394232139875, "running_time": 560.0318908691406, "local_count": 75, "common_count": 45}}, "sim1": {"simulation_id": 1, "user_seed": 98300734, "Nearest": {"avg_delay": 0.10847605360306796, "cost": 137.01666666666668, "target_value": 211.23855360306797, "running_time": 1.0008811950683594, "local_count": 120, "common_count": 0}, "Modify-Assignment(Tx)": {"avg_delay": 0.11178686561281755, "cost": 147.25, "target_value": 222.22436561281756, "running_time": 91.10498428344727, "local_count": 120, "common_count": 0}, "Modify-Assignment(Tx+Tp+Tq)": {"avg_delay": 0.10303121833449339, "cost": 140.81666666666666, "target_value": 208.64371833449337, "running_time": 62198.40908050537, "local_count": 78, "common_count": 42}, "Ours": {"avg_delay": 0.10343308131887964, "cost": 107.45, "target_value": 184.02058131887964, "running_time": 559.4620704650879, "local_count": 84, "common_count": 36}}}, "70": {"sim0": {"simulation_id": 0, "user_seed": 5653602, "Nearest": {"avg_delay": 0.10265159438626392, "cost": 141.88571428571427, "target_value": 209.06588010054963, "running_time": 2.001523971557617, "local_count": 140, "common_count": 0}, "Modify-Assignment(Tx)": {"avg_delay": 0.106089968798167, "cost": 147.1, "target_value": 216.41496879816697, "running_time": 138.11469078063965, "local_count": 140, "common_count": 0}, "Modify-Assignment(Tx+Tp+Tq)": {"avg_delay": 0.09761103003182242, "cost": 145.71428571428572, "target_value": 206.89674431753673, "running_time": 105037.82343864441, "local_count": 86, "common_count": 54}, "Ours": {"avg_delay": 0.10164312422263763, "cost": 109.7, "target_value": 183.91812422263763, "running_time": 725.4855632781982, "local_count": 76, "common_count": 64}}, "sim1": {"simulation_id": 1, "user_seed": 75256220, "Nearest": {"avg_delay": 0.10836632422739138, "cost": 153.07142857142858, "target_value": 223.16989565596282, "running_time": 2.001047134399414, "local_count": 140, "common_count": 0}, "Modify-Assignment(Tx)": {"avg_delay": 0.11071900152650341, "cost": 166.18571428571428, "target_value": 235.3582872407891, "running_time": 129.95076179504395, "local_count": 140, "common_count": 0}, "Modify-Assignment(Tx+Tp+Tq)": {"avg_delay": 0.102227676475286, "cost": 158.0857142857143, "target_value": 220.7919621895717, "running_time": 115885.44082641602, "local_count": 82, "common_count": 58}, "Ours": {"avg_delay": 0.10036961242946074, "cost": 120.27142857142857, "target_value": 190.57318385803217, "running_time": 768.0995464324951, "local_count": 93, "common_count": 47}}}, "80": {"sim0": {"simulation_id": 0, "user_seed": 88019454, "Nearest": {"avg_delay": 0.11020798270670523, "cost": 171.4, "target_value": 238.75798270670526, "running_time": 2.001047134399414, "local_count": 160, "common_count": 0}, "Modify-Assignment(Tx)": {"avg_delay": 0.11203104579840666, "cost": 180.0875, "target_value": 247.09667079840665, "running_time": 155.1828384399414, "local_count": 160, "common_count": 0}, "Modify-Assignment(Tx+Tp+Tq)": {"avg_delay": 0.10477095309835327, "cost": 175.675, "target_value": 236.5272030983533, "running_time": 155176.09477043152, "local_count": 102, "common_count": 58}, "Ours": {"avg_delay": 0.10392782264993691, "cost": 136.925, "target_value": 206.62157264993692, "running_time": 927.9122352600098, "local_count": 114, "common_count": 46}}, "sim1": {"simulation_id": 1, "user_seed": 80123192, "Nearest": {"avg_delay": 0.10802616006047325, "cost": 176.475, "target_value": 240.38241006047323, "running_time": 3.002643585205078, "local_count": 160, "common_count": 0}, "Modify-Assignment(Tx)": {"avg_delay": 0.10914291964737188, "cost": 180.1125, "target_value": 244.2272946473719, "running_time": 133.71968269348145, "local_count": 160, "common_count": 0}, "Modify-Assignment(Tx+Tp+Tq)": {"avg_delay": 0.10308647039037737, "cost": 181.2875, "target_value": 239.05209539037736, "running_time": 173179.29768562317, "local_count": 95, "common_count": 65}, "Ours": {"avg_delay": 0.1010136753710777, "cost": 137.65, "target_value": 204.2511753710777, "running_time": 970.9925651550293, "local_count": 116, "common_count": 44}}}, "90": {"sim0": {"simulation_id": 0, "user_seed": 37735293,