{"40": {"sim0": {"simulation_id": 0, "user_seed": 38455107, "Nearest": {"avg_delay": 0.10340161029886825, "cost": 105.175, "target_value": 182.28286029886823, "running_time": 1.001119613647461, "local_count": 80, "common_count": 0}, "Modify-Assignment(Tx)": {"avg_delay": 0.10487390659876344, "cost": 104.75, "target_value": 183.43640659876343, "running_time": 20.02263069152832, "local_count": 80, "common_count": 0}, "Modify-Assignment(Tx+Tp+Tq)": {"avg_delay": 0.09810014419071425, "cost": 110.15, "target_value": 180.71264419071426, "running_time": 21560.450077056885, "local_count": 47, "common_count": 33}, "Ours": {"avg_delay": 0.10040704258475808, "cost": 86.8, "target_value": 165.50704258475807, "running_time": 301.09596252441406, "local_count": 55, "common_count": 25}}, "sim1": {"simulation_id": 1, "user_seed": 37282956, "Nearest": {"avg_delay": 0.10737358175138616, "cost": 103.375, "target_value": 184.90483175138615, "running_time": 1.0600090026855469, "local_count": 80, "common_count": 0}, "Modify-Assignment(Tx)": {"avg_delay": 0.10755706412605882, "cost": 108.15, "target_value": 188.66956412605884, "running_time": 40.04859924316406, "local_count": 80, "common_count": 0}, "Modify-Assignment(Tx+Tp+Tq)": {"avg_delay": 0.10233948221723735, "cost": 107.775, "target_value": 183.17073221723734, "running_time": 21557.52468109131, "local_count": 48, "common_count": 32}, "Ours": {"avg_delay": 0.10024320588508648, "cost": 86.55, "target_value": 165.1557058850865, "running_time": 292.24157333374023, "local_count": 56, "common_count": 24}}}, "50": {"sim0": {"simulation_id": 0, "user_seed": 62702224, "Nearest": {"avg_delay": 0.10686749039625237, "cost": 122.58, "target_value": 198.80249039625238, "running_time": 1.0013580322265625, "local_count": 100, "common_count": 0}, "Modify-Assignment(Tx)": {"avg_delay": 0.10714112110781673, "cost": 126.48, "target_value": 202.00112110781674, "running_time": 36.02957725524902, "local_count": 100, "common_count": 0}, "Modify-Assignment(Tx+Tp+Tq)": {"avg_delay": 0.10220155197238916, "cost": 126.66, "target_value": 197.19655197238916, "running_time": 39784.92331504822, "local_count": 61, "common_count": 39}, "Ours": {"avg_delay": 0.10004943381809887, "cost": 99.36, "target_value": 174.56943381809887, "running_time": 412.48178482055664, "local_count": 61, "common_count": 39}}, "sim1": {"simulation_id": 1, "user_seed": 25622389, "Nearest": {"avg_delay": 0.10737352264523922, "cost": 112.06, "target_value": 191.41852264523922, "running_time": 1.0006427764892578, "local_count": 100, "common_count": 0}, "Modify-Assignment(Tx)": {"avg_delay": 0.11061896521421014, "cost": 121.54, "target_value": 201.77396521421014, "running_time": 59.84807014465332, "local_count": 100, "common_count": 0}, "Modify-Assignment(Tx+Tp+Tq)": {"avg_delay": 0.10267577859585648, "cost": 115.58, "target_value": 189.3607785958565, "running_time": 38676.36156082153, "local_count": 63, "common_count": 37}, "Ours": {"avg_delay": 0.10408810243955559, "cost": 92.14, "target_value": 173.1931024395556, "running_time": 444.0183639526367, "local_count": 70, "common_count": 30}}}, "60": {"sim0": {"simulation_id": 0, "user_seed": 61718874, "Nearest": {"avg_delay": 0.10777680230923503, "cost": 133.7, "target_value": 208.05180230923503, "running_time": 1.0006427764892578, "local_count": 120, "common_count": 0}, "Modify-Assignment(Tx)": {"avg_delay": 0.10958066839920867, "cost": 140.8, "target_value": 215.18066839920868, "running_time": 64.05258178710938, "local_count": 120, "common_count": 0}, "Modify-Assignment(Tx+Tp+Tq)": {"avg_delay": 0.1028920854150218, "cost": 137.65, "target_value": 206.1295854150218, "running_time": 66348.70100021362, "local_count": 74, "common_count": 46}, "Ours": {"avg_delay": 0.10175509502994934, "cost": 104.6, "target_value": 180.20509502994935, "running_time": 563.4701251983643, "local_count": 84, "common_count": 36}}, "sim1": {"simulation_id": 1, "user_seed": 24743586, "Nearest": {"avg_delay": 0.11252107329838226, "cost": 151.53333333333333, "target_value": 226.17107329838228, "running_time": 2.0017623901367188, "local_count": 120, "common_count": 0}, "Modify-Assignment(Tx)": {"avg_delay": 0.11340948208976495, "cost": 152.11666666666667, "target_value": 227.49698208976497, "running_time": 33.028364181518555, "local_count": 120, "common_count": 0}, "Modify-Assignment(Tx+Tp+Tq)": {"avg_delay": 0.10603531762300207, "cost": 156.1, "target_value": 223.11031762300206, "running_time": 74823.12417030334, "local_count": 68, "common_count": 52}, "Ours": {"avg_delay": 0.10424969188464986, "cost": 112.2, "target_value": 188.39969188464988, "running_time": 558.5501194000244, "local_count": 73, "common_count": 47}}}, "70": {"sim0": {"simulation_id": 0, "user_seed": 89011111, "Nearest": {"avg_delay": 0.1084509149781435, "cost": 144.82857142857142, "target_value": 217.07234354957205, "running_time": 2.002239227294922, "local_count": 140, "common_count": 0}, "Modify-Assignment(Tx)": {"avg_delay": 0.1092407571626511, "cost": 145.74285714285713, "target_value": 218.54790001979393, "running_time": 124.10283088684082, "local_count": 140, "common_count": 0}, "Modify-Assignment(Tx+Tp+Tq)": {"avg_delay": 0.10299872132809888, "cost": 149.1, "target_value": 214.82372132809888, "running_time": 110553.04002761841, "local_count": 83, "common_count": 57}, "Ours": {"avg_delay": 0.10354483116721644, "cost": 107.27142857142857, "target_value": 183.99840259578787, "running_time": 718.7974452972412, "local_count": 90, "common_count": 50}}, "sim1": {"simulation_id": 1, "user_seed": 24440744, "Nearest": {"avg_delay": 0.10868779902928527, "cost": 153.71428571428572, "target_value": 223.97351331499956, "running_time": 2.001523971557617, "local_count": 140, "common_count": 0}, "Modify-Assignment(Tx)": {"avg_delay": 0.11075833368721585, "cost": 155.5, "target_value": 227.38333368721584, "running_time": 99.67780113220215, "local_count": 140, "common_count": 0}, "Modify-Assignment(Tx+Tp+Tq)": {"avg_delay": 0.10313627010462563, "cost": 158.35714285714286, "target_value": 221.90412724748276, "running_time": 115091.09687805176, "local_count": 82, "common_count": 58}, "Ours": {"avg_delay": 0.10302755107462569, "cost": 120.25714285714285, "target_value": 193.22040821748283, "running_time": 761.5914344787598, "local_count": 97, "common_count": 43}}}, "80": {"sim0": {"simulation_id": 0, "user_seed": 95731623, "Nearest": {"avg_delay": 0.1117884988891526, "cost": 175.25, "target_value": 243.2259988891526, "running_time": 2.001523971557617, "local_count": 160, "common_count": 0}, "Modify-Assignment(Tx)": {"avg_delay": 0.1144994144046102, "cost": 181.7625, "target_value": 250.82128940461018, "running_time": 140.12575149536133, "local_count": 160, "common_count": 0}, "Modify-Assignment(Tx+Tp+Tq)": {"avg_delay": 0.10615848444491625, "cost": 178.375, "target_value": 239.93973444491627, "running_time": 153654.9379825592, "local_count": 104, "common_count": 56}, "Ours": {"avg_delay": 0.10654063957083056, "cost": 127.2625, "target_value": 201.98751457083057, "running_time": 920.7332134246826, "local_count": 95, "common_count": 65}}, "sim1": {"simulation_id": 1, "user_seed": 86724840, "Nearest": {"avg_delay": 0.1063221768012807, "cost": 169.275, "target_value": 233.27842680128072, "running_time": 2.004861831665039, "local_count": 160, "common_count": 0}, "Modify-Assignment(Tx)": {"avg_delay": 0.10800917720725976, "cost": 175.1125, "target_value": 239.3435522072598, "running_time": 155.12847900390625, "local_count": 160, "common_count": 0}, "Modify-Assignment(Tx+Tp+Tq)": {"avg_delay": 0.10038299965710819, "cost": 173.65, "target_value": 230.6204996571082, "running_time": 167336.76671981812, "local_count": 95, "common_count": 65}, "Ours": {"avg_delay": 0.10249150027266225, "cost": 131.1875, "target_value": 200.88212527266225, "running_time": 957.9660892486572, "local_count": 93, "common_count": 67}}}, "90": {"sim0": {"simulation_id": 0, "user_seed": 74274688,