{"40": {"sim0": {"simulation_id": 0, "user_seed": 74845228, "Nearest": {"avg_delay": 0.1075250311707412, "cost": 98.1, "target_value": 181.1000311707412, "running_time": 1.0006427764892578, "local_count": 80, "common_count": 0}, "Modify-Assignment(Tx)": {"avg_delay": 0.11197830745878071, "cost": 104.6, "target_value": 190.4283074587807, "running_time": 39.0322208404541, "local_count": 80, "common_count": 0}, "Modify-Assignment(Tx+Tp+Tq)": {"avg_delay": 0.10309788772444749, "cost": 101.425, "target_value": 179.16663772444747, "running_time": 17805.182933807373, "local_count": 53, "common_count": 27}, "Ours": {"avg_delay": 0.10024169817897671, "cost": 81.125, "target_value": 161.08544817897672, "running_time": 304.07142639160156, "local_count": 62, "common_count": 18}}, "sim1": {"simulation_id": 1, "user_seed": 17779492, "Nearest": {"avg_delay": 0.10898997063728409, "cost": 107.875, "target_value": 189.8962206372841, "running_time": 1.0004043579101562, "local_count": 80, "common_count": 0}, "Modify-Assignment(Tx)": {"avg_delay": 0.10974241411132288, "cost": 114.175, "target_value": 195.37366411132285, "running_time": 39.0472412109375, "local_count": 80, "common_count": 0}, "Modify-Assignment(Tx+Tp+Tq)": {"avg_delay": 0.10460598161548638, "cost": 111.675, "target_value": 188.3622316154864, "running_time": 19697.446823120117, "local_count": 50, "common_count": 30}, "Ours": {"avg_delay": 0.10355405654272457, "cost": 84.725, "target_value": 167.09780654272456, "running_time": 289.23845291137695, "local_count": 53, "common_count": 27}}}, "50": {"sim0": {"simulation_id": 0, "user_seed": 32604773, "Nearest": {"avg_delay": 0.11157535600127737, "cost": 114.28, "target_value": 197.28535600127736, "running_time": 1.0013580322265625, "local_count": 100, "common_count": 0}, "Modify-Assignment(Tx)": {"avg_delay": 0.11298523187480528, "cost": 116.32, "target_value": 200.22523187480527, "running_time": 58.048248291015625, "local_count": 100, "common_count": 0}, "Modify-Assignment(Tx+Tp+Tq)": {"avg_delay": 0.1052728061407051, "cost": 118.52, "target_value": 194.1628061407051, "running_time": 39948.70066642761, "local_count": 64, "common_count": 36}, "Ours": {"avg_delay": 0.10472999744642486, "cost": 87.74, "target_value": 170.53499744642485, "running_time": 425.4651069641113, "local_count": 72, "common_count": 28}}, "sim1": {"simulation_id": 1, "user_seed": 65202347, "Nearest": {"avg_delay": 0.10590379418741891, "cost": 124.52, "target_value": 199.2937941874189, "running_time": 1.0006427764892578, "local_count": 100, "common_count": 0}, "Modify-Assignment(Tx)": {"avg_delay": 0.10815671423922946, "cost": 129.2, "target_value": 205.05671423922945, "running_time": 45.03750801086426, "local_count": 100, "common_count": 0}, "Modify-Assignment(Tx+Tp+Tq)": {"avg_delay": 0.10098310056327629, "cost": 128.74, "target_value": 197.53810056327632, "running_time": 41834.46455001831, "local_count": 59, "common_count": 41}, "Ours": {"avg_delay": 0.0987538022913508, "cost": 99.32, "target_value": 173.2438022913508, "running_time": 451.43675804138184, "local_count": 70, "common_count": 30}}}, "60": {"sim0": {"simulation_id": 0, "user_seed": 46245950, "Nearest": {"avg_delay": 0.10853574952230692, "cost": 142.16666666666666, "target_value": 215.1607495223069, "running_time": 2.001523971557617, "local_count": 120, "common_count": 0}, "Modify-Assignment(Tx)": {"avg_delay": 0.1101943736820827, "cost": 148.33333333333334, "target_value": 221.4443736820827, "running_time": 85.07061004638672, "local_count": 120, "common_count": 0}, "Modify-Assignment(Tx+Tp+Tq)": {"avg_delay": 0.10313354411274378, "cost": 146.03333333333333, "target_value": 212.65854411274378, "running_time": 70675.87924003601, "local_count": 71, "common_count": 49}, "Ours": {"avg_delay": 0.10263918660210704, "cost": 107.88333333333334, "target_value": 183.55168660210705, "running_time": 561.0342025756836, "local_count": 76, "common_count": 44}}, "sim1": {"simulation_id": 1, "user_seed": 93982571, "Nearest": {"avg_delay": 0.10833261122426285, "cost": 141.25, "target_value": 214.27011122426285, "running_time": 2.001523971557617, "local_count": 120, "common_count": 0}, "Modify-Assignment(Tx)": {"avg_delay": 0.1126781720096535, "cost": 148.51666666666668, "target_value": 224.0656720096535, "running_time": 90.1181697845459, "local_count": 120, "common_count": 0}, "Modify-Assignment(Tx+Tp+Tq)": {"avg_delay": 0.10275238411342662, "cost": 145.0, "target_value": 211.50238411342661, "running_time": 70434.73362922668, "local_count": 73, "common_count": 47}, "Ours": {"avg_delay": 0.10328898151474637, "cost": 105.66666666666667, "target_value": 182.53898151474635, "running_time": 570.4717636108398, "local_count": 70, "common_count": 50}}}, "70": {"sim0": {"simulation_id": 0, "user_seed": 53734841, "Nearest": {"avg_delay": 0.10715885700977147, "cost": 149.15714285714284, "target_value": 219.02671415262859, "running_time": 2.001523971557617, "local_count": 140, "common_count": 0}, "Modify-Assignment(Tx)": {"avg_delay": 0.1108936312359713, "cost": 158.94285714285715, "target_value": 230.10077409311415, "running_time": 77.08859443664551, "local_count": 140, "common_count": 0}, "Modify-Assignment(Tx+Tp+Tq)": {"avg_delay": 0.1020642396326719, "cost": 154.0142857142857, "target_value": 217.57495391838617, "running_time": 110764.29033279419, "local_count": 88, "common_count": 52}, "Ours": {"avg_delay": 0.10036999276273441, "cost": 119.37142857142857, "target_value": 189.89856419130584, "running_time": 736.2613677978516, "local_count": 105, "common_count": 35}}, "sim1": {"simulation_id": 1, "user_seed": 33744513, "Nearest": {"avg_delay": 0.10971616313622541, "cost": 161.71428571428572, "target_value": 231.0018774219397, "running_time": 2.001523971557617, "local_count": 140, "common_count": 0}, "Modify-Assignment(Tx)": {"avg_delay": 0.11111079430179253, "cost": 165.65714285714284, "target_value": 235.35365144464967, "running_time": 75.10805130004883, "local_count": 140, "common_count": 0}, "Modify-Assignment(Tx+Tp+Tq)": {"avg_delay": 0.1045954654533252, "cost": 165.75714285714287, "target_value": 228.91332259618235, "running_time": 108950.73413848877, "local_count": 88, "common_count": 52}, "Ours": {"avg_delay": 0.1044627367306288, "cost": 123.74285714285715, "target_value": 197.26987958777164, "running_time": 774.6443748474121, "local_count": 107, "common_count": 33}}}, "80": {"sim0": {"simulation_id": 0, "user_seed": 29056475, "Nearest": {"avg_delay": 0.10832385977006316, "cost": 170.325, "target_value": 236.06760977006314, "running_time": 2.001047134399414, "local_count": 160, "common_count": 0}, "Modify-Assignment(Tx)": {"avg_delay": 0.1093086099346528, "cost": 173.225, "target_value": 239.22735993465278, "running_time": 126.10411643981934, "local_count": 160, "common_count": 0}, "Modify-Assignment(Tx+Tp+Tq)": {"avg_delay": 0.10304956169845642, "cost": 174.425, "target_value": 233.86831169845644, "running_time": 156825.41918754578, "local_count": 101, "common_count": 59}, "Ours": {"avg_delay": 0.10681607749917822, "cost": 128.6, "target_value": 203.2660774991782, "running_time": 932.8722953796387, "local_count": 110, "common_count": 50}}, "sim1": {"simulation_id": 1, "user_seed": 36167029, "Nearest": {"avg_delay": 0.10836400429843776, "cost": 171.125, "target_value": 236.70775429843775, "running_time": 2.002239227294922, "local_count": 160, "common_count": 0}, "Modify-Assignment(Tx)": {"avg_delay": 0.11140232812411847, "cost": 182.3875, "target_value": 248.19295312411845, "running_time": 127.10976600646973, "local_count": 160, "common_count": 0}, "Modify-Assignment(Tx+Tp+Tq)": {"avg_delay": 0.1033634371013071, "cost": 175.025, "target_value": 234.63218710130712, "running_time": 146899.11317825317, "local_count": 104, "common_count": 56}, "Ours": {"avg_delay": 0.10226094475747122, "cost": 137.025, "target_value": 205.02969475747125, "running_time": 976.4766693115234, "local_count": 125, "common_count": 35}}}, "90": {"sim0": {"simulation_id": 0,