{"40": {"sim0": {"simulation_id": 0, "user_seed": 3560126, "Nearest": {"avg_delay": 0.10521562508555936, "cost": 99.05, "target_value": 179.50312508555936, "running_time": 1.0006427764892578, "local_count": 80, "common_count": 0}, "Modify-Assignment(Tx)": {"avg_delay": 0.10532424579049757, "cost": 98.125, "target_value": 178.91799579049757, "running_time": 28.023242950439453, "local_count": 80, "common_count": 0}, "Modify-Assignment(Tx+Tp+Tq)": {"avg_delay": 0.10036150303867718, "cost": 103.55, "target_value": 178.02400303867717, "running_time": 20164.73364830017, "local_count": 49, "common_count": 31}, "Ours": {"avg_delay": 0.09964047470607833, "cost": 83.125, "target_value": 161.98422470607832, "running_time": 300.34756660461426, "local_count": 52, "common_count": 28}}, "sim1": {"simulation_id": 1, "user_seed": 30006026, "Nearest": {"avg_delay": 0.10870467241328738, "cost": 111.325, "target_value": 192.1984224132874, "running_time": 1.0006427764892578, "local_count": 80, "common_count": 0}, "Modify-Assignment(Tx)": {"avg_delay": 0.10969797499954204, "cost": 113.9, "target_value": 195.12297499954207, "running_time": 48.040151596069336, "local_count": 80, "common_count": 0}, "Modify-Assignment(Tx+Tp+Tq)": {"avg_delay": 0.10386024196199345, "cost": 115.375, "target_value": 190.39149196199344, "running_time": 21244.97699737549, "local_count": 49, "common_count": 31}, "Ours": {"avg_delay": 0.09928744243657063, "cost": 84.575, "target_value": 162.71869243657062, "running_time": 304.35633659362793, "local_count": 56, "common_count": 24}}}, "50": {"sim0": {"simulation_id": 0, "user_seed": 28339494, "Nearest": {"avg_delay": 0.1099658786915226, "cost": 126.48, "target_value": 204.8258786915226, "running_time": 1.0001659393310547, "local_count": 100, "common_count": 0}, "Modify-Assignment(Tx)": {"avg_delay": 0.11200702917289034, "cost": 129.74, "target_value": 209.31202917289033, "running_time": 42.03462600708008, "local_count": 100, "common_count": 0}, "Modify-Assignment(Tx+Tp+Tq)": {"avg_delay": 0.10425675848475928, "cost": 130.66, "target_value": 202.25175848475928, "running_time": 43167.45400428772, "local_count": 58, "common_count": 42}, "Ours": {"avg_delay": 0.10229531010013636, "cost": 100.48, "target_value": 177.65531010013638, "running_time": 420.40443420410156, "local_count": 71, "common_count": 29}}, "sim1": {"simulation_id": 1, "user_seed": 95569878, "Nearest": {"avg_delay": 0.10720436527659415, "cost": 113.0, "target_value": 191.95436527659416, "running_time": 1.001119613647461, "local_count": 100, "common_count": 0}, "Modify-Assignment(Tx)": {"avg_delay": 0.1092342993214588, "cost": 118.7, "target_value": 198.2592993214588, "running_time": 64.08119201660156, "local_count": 100, "common_count": 0}, "Modify-Assignment(Tx+Tp+Tq)": {"avg_delay": 0.10248688843578825, "cost": 117.9, "target_value": 190.91188843578826, "running_time": 42798.56991767883, "local_count": 61, "common_count": 39}, "Ours": {"avg_delay": 0.10141709625969254, "cost": 88.08, "target_value": 167.47709625969253, "running_time": 454.8773765563965, "local_count": 70, "common_count": 30}}}, "60": {"sim0": {"simulation_id": 0, "user_seed": 40151751, "Nearest": {"avg_delay": 0.10688594860336262, "cost": 131.8, "target_value": 205.73594860336263, "running_time": 1.001119613647461, "local_count": 120, "common_count": 0}, "Modify-Assignment(Tx)": {"avg_delay": 0.10742312184322579, "cost": 136.61666666666667, "target_value": 209.8856218432258, "running_time": 92.11015701293945, "local_count": 120, "common_count": 0}, "Modify-Assignment(Tx+Tp+Tq)": {"avg_delay": 0.10207404531688703, "cost": 136.55, "target_value": 204.48654531688703, "running_time": 72139.19854164124, "local_count": 72, "common_count": 48}, "Ours": {"avg_delay": 0.10068359339940511, "cost": 103.65, "target_value": 178.42109339940512, "running_time": 558.4614276885986, "local_count": 86, "common_count": 34}}, "sim1": {"simulation_id": 1, "user_seed": 76970412, "Nearest": {"avg_delay": 0.10407610341829511, "cost": 136.38333333333333, "target_value": 206.3636034182951, "running_time": 2.0017623901367188, "local_count": 120, "common_count": 0}, "Modify-Assignment(Tx)": {"avg_delay": 0.10829272616256617, "cost": 145.18333333333334, "target_value": 217.18022616256616, "running_time": 81.06708526611328, "local_count": 120, "common_count": 0}, "Modify-Assignment(Tx+Tp+Tq)": {"avg_delay": 0.09794413749711994, "cost": 140.33333333333334, "target_value": 203.19413749711993, "running_time": 70658.16020965576, "local_count": 72, "common_count": 48}, "Ours": {"avg_delay": 0.10045157825488181, "cost": 107.7, "target_value": 181.22657825488182, "running_time": 567.4691200256348, "local_count": 77, "common_count": 43}}}, "70": {"sim0": {"simulation_id": 0, "user_seed": 60183157, "Nearest": {"avg_delay": 0.11097637834739439, "cost": 164.64285714285714, "target_value": 234.45852120453725, "running_time": 2.0017623901367188, "local_count": 140, "common_count": 0}, "Modify-Assignment(Tx)": {"avg_delay": 0.11021449417336472, "cost": 164.78571428571428, "target_value": 233.80377988765042, "running_time": 108.08897018432617, "local_count": 140, "common_count": 0}, "Modify-Assignment(Tx+Tp+Tq)": {"avg_delay": 0.10561223390196167, "cost": 169.05714285714285, "target_value": 232.40509104481882, "running_time": 119797.30153083801, "local_count": 85, "common_count": 55}, "Ours": {"avg_delay": 0.09976046367671092, "cost": 120.3, "target_value": 189.9854636767109, "running_time": 749.2361068725586, "local_count": 92, "common_count": 48}}, "sim1": {"simulation_id": 1, "user_seed": 12408301, "Nearest": {"avg_delay": 0.10577119613136142, "cost": 154.88571428571427, "target_value": 221.93548184564713, "running_time": 2.001523971557617, "local_count": 140, "common_count": 0}, "Modify-Assignment(Tx)": {"avg_delay": 0.10718398710871273, "cost": 166.04285714285714, "target_value": 231.7161299658556, "running_time": 149.6737003326416, "local_count": 140, "common_count": 0}, "Modify-Assignment(Tx+Tp+Tq)": {"avg_delay": 0.10088662320731781, "cost": 158.95714285714286, "target_value": 220.10448035017495, "running_time": 113175.52852630615, "local_count": 82, "common_count": 58}, "Ours": {"avg_delay": 0.10194195825365113, "cost": 122.6, "target_value": 193.89195825365113, "running_time": 791.2266254425049, "local_count": 94, "common_count": 46}}}, "80": {"sim0": {"simulation_id": 0, "user_seed": 18672023, "Nearest": {"avg_delay": 0.10898983673322282, "cost": 177.475, "target_value": 242.09608673322282, "running_time": 3.0014514923095703, "local_count": 160, "common_count": 0}, "Modify-Assignment(Tx)": {"avg_delay": 0.10931720645979053, "cost": 179.4875, "target_value": 243.93283145979055, "running_time": 117.66648292541504, "local_count": 160, "common_count": 0}, "Modify-Assignment(Tx+Tp+Tq)": {"avg_delay": 0.10300551716854751, "cost": 181.4625, "target_value": 239.1023921685475, "running_time": 158135.6611251831, "local_count": 98, "common_count": 62}, "Ours": {"avg_delay": 0.10003067435004366, "cost": 139.4, "target_value": 204.58067435004367, "running_time": 932.6591491699219, "local_count": 103, "common_count": 57}}, "sim1": {"simulation_id": 1, "user_seed": 67537218, "Nearest": {"avg_delay": 0.11016170116541696, "cost": 168.375, "target_value": 236.44295116541696, "running_time": 2.001047134399414, "local_count": 160, "common_count": 0}, "Modify-Assignment(Tx)": {"avg_delay": 0.11299356111694343, "cost": 178.4875, "target_value": 246.85918611694348, "running_time": 185.21785736083984, "local_count": 160, "common_count": 0}, "Modify-Assignment(Tx+Tp+Tq)": {"avg_delay": 0.10508282287619546, "cost": 172.9375, "target_value": 234.78594787619545, "running_time": 173152.71139144897, "local_count": 94, "common_count": 66}, "Ours": {"avg_delay": 0.10392515627077775, "cost": 126.6375, "target_value": 198.90328127077777, "running_time": 987.0021343231201, "local_count": 105, "common_count": 55}}}, "90": {"sim0": {"simulation_id": 0, "user_seed": 1640267,