{"40": {"sim0": {"simulation_id": 0, "user_seed": 42680349, "Nearest": {"avg_delay": 0.10418193758792596, "cost": 105.475, "target_value": 183.28818758792596, "running_time": 1.0004043579101562, "local_count": 80, "common_count": 0}, "Modify-Assignment(Tx)": {"avg_delay": 0.10552904773384203, "cost": 106.85, "target_value": 185.66654773384204, "running_time": 26.031970977783203, "local_count": 80, "common_count": 0}, "Modify-Assignment(Tx+Tp+Tq)": {"avg_delay": 0.09817036324461029, "cost": 108.925, "target_value": 179.86411324461028, "running_time": 19375.481128692627, "local_count": 50, "common_count": 30}, "Ours": {"avg_delay": 0.09713395748197595, "cost": 84.975, "target_value": 160.86520748197594, "running_time": 290.2395725250244, "local_count": 55, "common_count": 25}}, "sim1": {"simulation_id": 1, "user_seed": 64382663, "Nearest": {"avg_delay": 0.10852449569055198, "cost": 103.425, "target_value": 186.09324569055195, "running_time": 1.0008811950683594, "local_count": 80, "common_count": 0}, "Modify-Assignment(Tx)": {"avg_delay": 0.11271727787780922, "cost": 113.0, "target_value": 197.46727787780924, "running_time": 44.036149978637695, "local_count": 80, "common_count": 0}, "Modify-Assignment(Tx+Tp+Tq)": {"avg_delay": 0.10318818898258345, "cost": 106.75, "target_value": 183.25068898258343, "running_time": 17706.501007080078, "local_count": 53, "common_count": 27}, "Ours": {"avg_delay": 0.10096145048281326, "cost": 84.125, "target_value": 164.05520048281326, "running_time": 288.5105609893799, "local_count": 54, "common_count": 26}}}, "50": {"sim0": {"simulation_id": 0, "user_seed": 9581821, "Nearest": {"avg_delay": 0.10873688833014089, "cost": 119.84, "target_value": 198.61688833014088, "running_time": 2.001047134399414, "local_count": 100, "common_count": 0}, "Modify-Assignment(Tx)": {"avg_delay": 0.10858217485513826, "cost": 118.16, "target_value": 197.20217485513825, "running_time": 62.050819396972656, "local_count": 100, "common_count": 0}, "Modify-Assignment(Tx+Tp+Tq)": {"avg_delay": 0.10371336358562647, "cost": 123.58, "target_value": 196.39836358562647, "running_time": 44372.13110923767, "local_count": 57, "common_count": 43}, "Ours": {"avg_delay": 0.10133849992995561, "cost": 90.56, "target_value": 169.25849992995563, "running_time": 410.90965270996094, "local_count": 61, "common_count": 39}}, "sim1": {"simulation_id": 1, "user_seed": 168439, "Nearest": {"avg_delay": 0.10698782726987738, "cost": 114.3, "target_value": 192.71282726987738, "running_time": 2.0012855529785156, "local_count": 100, "common_count": 0}, "Modify-Assignment(Tx)": {"avg_delay": 0.10963839971506431, "cost": 119.44, "target_value": 199.21839971506432, "running_time": 58.04777145385742, "local_count": 100, "common_count": 0}, "Modify-Assignment(Tx+Tp+Tq)": {"avg_delay": 0.10112325603922141, "cost": 118.72, "target_value": 190.1632560392214, "running_time": 39693.716287612915, "local_count": 62, "common_count": 38}, "Ours": {"avg_delay": 0.10171544213450129, "cost": 90.64, "target_value": 169.6954421345013, "running_time": 444.08464431762695, "local_count": 68, "common_count": 32}}}, "60": {"sim0": {"simulation_id": 0, "user_seed": 30388718, "Nearest": {"avg_delay": 0.10530029649631513, "cost": 134.93333333333334, "target_value": 206.50029649631512, "running_time": 2.001523971557617, "local_count": 120, "common_count": 0}, "Modify-Assignment(Tx)": {"avg_delay": 0.10821524576496415, "cost": 144.91666666666666, "target_value": 216.90274576496415, "running_time": 75.0889778137207, "local_count": 120, "common_count": 0}, "Modify-Assignment(Tx+Tp+Tq)": {"avg_delay": 0.1003377176574664, "cost": 138.85, "target_value": 204.47521765746637, "running_time": 60381.36577606201, "local_count": 80, "common_count": 40}, "Ours": {"avg_delay": 0.10127966871783016, "cost": 107.9, "target_value": 182.20466871783017, "running_time": 563.995361328125, "local_count": 82, "common_count": 38}}, "sim1": {"simulation_id": 1, "user_seed": 32052327, "Nearest": {"avg_delay": 0.10759405898237888, "cost": 141.31666666666666, "target_value": 213.58155898237888, "running_time": 2.0017623901367188, "local_count": 120, "common_count": 0}, "Modify-Assignment(Tx)": {"avg_delay": 0.1102321399059709, "cost": 151.63333333333333, "target_value": 223.9571399059709, "running_time": 86.07125282287598, "local_count": 120, "common_count": 0}, "Modify-Assignment(Tx+Tp+Tq)": {"avg_delay": 0.10194491811125521, "cost": 145.68333333333334, "target_value": 211.2074181112552, "running_time": 72495.30673027039, "local_count": 72, "common_count": 48}, "Ours": {"avg_delay": 0.1036336649219077, "cost": 105.61666666666666, "target_value": 182.8461649219077, "running_time": 559.4625473022461, "local_count": 75, "common_count": 45}}}, "70": {"sim0": {"simulation_id": 0, "user_seed": 22780082, "Nearest": {"avg_delay": 0.10783496964730031, "cost": 157.65714285714284, "target_value": 226.07782679015745, "running_time": 2.0058155059814453, "local_count": 140, "common_count": 0}, "Modify-Assignment(Tx)": {"avg_delay": 0.10977286166221017, "cost": 167.78571428571428, "target_value": 235.6121473764959, "running_time": 88.07253837585449, "local_count": 140, "common_count": 0}, "Modify-Assignment(Tx+Tp+Tq)": {"avg_delay": 0.10270640249576343, "cost": 162.27142857142857, "target_value": 224.40997392433485, "running_time": 114160.93564033508, "local_count": 84, "common_count": 56}, "Ours": {"avg_delay": 0.10362983570040749, "cost": 124.17142857142858, "target_value": 196.75840712897892, "running_time": 749.6252059936523, "local_count": 99, "common_count": 41}}, "sim1": {"simulation_id": 1, "user_seed": 15987752, "Nearest": {"avg_delay": 0.10792267647957887, "cost": 162.15714285714284, "target_value": 229.540533622436, "running_time": 2.001523971557617, "local_count": 140, "common_count": 0}, "Modify-Assignment(Tx)": {"avg_delay": 0.10906097883041567, "cost": 168.37142857142857, "target_value": 235.3395502589871, "running_time": 113.09361457824707, "local_count": 140, "common_count": 0}, "Modify-Assignment(Tx+Tp+Tq)": {"avg_delay": 0.10179185446354787, "cost": 166.52857142857144, "target_value": 226.68828303497645, "running_time": 114567.37613677979, "local_count": 84, "common_count": 56}, "Ours": {"avg_delay": 0.1025720589839737, "cost": 124.2, "target_value": 195.7220589839737, "running_time": 771.1958885192871, "local_count": 99, "common_count": 41}}}, "80": {"sim0": {"simulation_id": 0, "user_seed": 96159555, "Nearest": {"avg_delay": 0.10831759892559069, "cost": 168.9125, "target_value": 235.00197392559068, "running_time": 2.001523971557617, "local_count": 160, "common_count": 0}, "Modify-Assignment(Tx)": {"avg_delay": 0.10988469724395795, "cost": 173.8, "target_value": 240.23469724395798, "running_time": 164.79754447937012, "local_count": 160, "common_count": 0}, "Modify-Assignment(Tx+Tp+Tq)": {"avg_delay": 0.10297789691575163, "cost": 173.6, "target_value": 233.1778969157516, "running_time": 172691.67518615723, "local_count": 94, "common_count": 66}, "Ours": {"avg_delay": 0.1041185219264214, "cost": 132.05, "target_value": 203.15602192642143, "running_time": 934.9672794342041, "local_count": 101, "common_count": 59}}, "sim1": {"simulation_id": 1, "user_seed": 67053151, "Nearest": {"avg_delay": 0.10779271850332744, "cost": 172.05, "target_value": 236.83021850332747, "running_time": 2.002239227294922, "local_count": 160, "common_count": 0}, "Modify-Assignment(Tx)": {"avg_delay": 0.10927020794354014, "cost": 175.4625, "target_value": 240.86708294354014, "running_time": 108.08944702148438, "local_count": 160, "common_count": 0}, "Modify-Assignment(Tx+Tp+Tq)": {"avg_delay": 0.10306088913350273, "cost": 175.6375, "target_value": 234.7890141335027, "running_time": 157489.82310295105, "local_count": 100, "common_count": 60}, "Ours": {"avg_delay": 0.10416755516394421, "cost": 128.375, "target_value": 200.4488051639442, "running_time": 962.4707698822021, "local_count": 108, "common_count": 52}}}, "90": {"sim0": {"simulation_id": 0,