{"40": {"sim0": {"simulation_id": 0, "user_seed": 14371931, "Nearest": {"avg_delay": 0.1077941321935455, "cost": 109.65, "target_value": 190.0316321935455, "running_time": 0.5359649658203125, "local_count": 80, "common_count": 0}, "Modify-Assignment(Tx)": {"avg_delay": 0.10818809482156276, "cost": 111.175, "target_value": 191.56934482156277, "running_time": 23.0257511138916, "local_count": 80, "common_count": 0}, "Modify-Assignment(Tx+Tp+Tq)": {"avg_delay": 0.10196563001401202, "cost": 113.775, "target_value": 187.29688001401203, "running_time": 23291.478157043457, "local_count": 45, "common_count": 35}, "Ours": {"avg_delay": 0.09729147384556282, "cost": 84.55, "target_value": 160.7039738455628, "running_time": 295.2437400817871, "local_count": 48, "common_count": 32}}, "sim1": {"simulation_id": 1, "user_seed": 57977422, "Nearest": {"avg_delay": 0.10212014477078968, "cost": 102.05, "target_value": 178.65764477078966, "running_time": 1.001119613647461, "local_count": 80, "common_count": 0}, "Modify-Assignment(Tx)": {"avg_delay": 0.1043023990225765, "cost": 110.25, "target_value": 186.98989902257648, "running_time": 55.045127868652344, "local_count": 80, "common_count": 0}, "Modify-Assignment(Tx+Tp+Tq)": {"avg_delay": 0.09809471199083848, "cost": 104.6, "target_value": 176.54471199083846, "running_time": 15132.581233978271, "local_count": 58, "common_count": 22}, "Ours": {"avg_delay": 0.09520467813737954, "cost": 85.7, "target_value": 159.47967813737955, "running_time": 295.2439785003662, "local_count": 58, "common_count": 22}}}, "50": {"sim0": {"simulation_id": 0, "user_seed": 6526734, "Nearest": {"avg_delay": 0.1105412458581658, "cost": 127.58, "target_value": 206.22624585816578, "running_time": 1.0013580322265625, "local_count": 100, "common_count": 0}, "Modify-Assignment(Tx)": {"avg_delay": 0.11307386929409477, "cost": 133.46, "target_value": 213.16886929409475, "running_time": 45.037269592285156, "local_count": 100, "common_count": 0}, "Modify-Assignment(Tx+Tp+Tq)": {"avg_delay": 0.10478237868120982, "cost": 131.96, "target_value": 203.75237868120982, "running_time": 40326.409578323364, "local_count": 62, "common_count": 38}, "Ours": {"avg_delay": 0.10279189264307324, "cost": 100.22, "target_value": 177.95689264307322, "running_time": 427.4880886077881, "local_count": 71, "common_count": 29}}, "sim1": {"simulation_id": 1, "user_seed": 47419285, "Nearest": {"avg_delay": 0.11005641040191692, "cost": 121.94, "target_value": 201.51141040191692, "running_time": 1.0006427764892578, "local_count": 100, "common_count": 0}, "Modify-Assignment(Tx)": {"avg_delay": 0.11018025529492645, "cost": 124.32, "target_value": 203.42025529492645, "running_time": 76.06220245361328, "local_count": 100, "common_count": 0}, "Modify-Assignment(Tx+Tp+Tq)": {"avg_delay": 0.10400044472745253, "cost": 126.1, "target_value": 198.57544472745252, "running_time": 42632.810831069946, "local_count": 59, "common_count": 41}, "Ours": {"avg_delay": 0.10383047603487225, "cost": 93.42, "target_value": 173.89547603487225, "running_time": 457.5202465057373, "local_count": 58, "common_count": 42}}}, "60": {"sim0": {"simulation_id": 0, "user_seed": 52637539, "Nearest": {"avg_delay": 0.10693149814425519, "cost": 131.96666666666667, "target_value": 205.90649814425518, "running_time": 1.001119613647461, "local_count": 120, "common_count": 0}, "Modify-Assignment(Tx)": {"avg_delay": 0.11034640911641412, "cost": 138.61666666666667, "target_value": 214.30890911641413, "running_time": 54.044246673583984, "local_count": 120, "common_count": 0}, "Modify-Assignment(Tx+Tp+Tq)": {"avg_delay": 0.10127943300917139, "cost": 135.33333333333334, "target_value": 202.77943300917138, "running_time": 59246.293783187866, "local_count": 80, "common_count": 40}, "Ours": {"avg_delay": 0.10172112854571759, "cost": 106.63333333333334, "target_value": 181.6961285457176, "running_time": 556.4601421356201, "local_count": 83, "common_count": 37}}, "sim1": {"simulation_id": 1, "user_seed": 85597504, "Nearest": {"avg_delay": 0.10882642245962935, "cost": 139.83333333333334, "target_value": 213.70142245962936, "running_time": 2.0020008087158203, "local_count": 120, "common_count": 0}, "Modify-Assignment(Tx)": {"avg_delay": 0.11096274697625384, "cost": 148.5, "target_value": 222.33774697625384, "running_time": 65.05322456359863, "local_count": 120, "common_count": 0}, "Modify-Assignment(Tx+Tp+Tq)": {"avg_delay": 0.10351428124045384, "cost": 143.76666666666668, "target_value": 211.33928124045386, "running_time": 57954.554080963135, "local_count": 81, "common_count": 39}, "Ours": {"avg_delay": 0.10293061880708071, "cost": 107.9, "target_value": 183.8556188070807, "running_time": 573.1656551361084, "local_count": 90, "common_count": 30}}}, "70": {"sim0": {"simulation_id": 0, "user_seed": 46528841, "Nearest": {"avg_delay": 0.10585488908831972, "cost": 154.57142857142858, "target_value": 221.78346051689118, "running_time": 2.0012855529785156, "local_count": 140, "common_count": 0}, "Modify-Assignment(Tx)": {"avg_delay": 0.10752574113492129, "cost": 164.95714285714286, "target_value": 231.24359827777843, "running_time": 108.08968544006348, "local_count": 140, "common_count": 0}, "Modify-Assignment(Tx+Tp+Tq)": {"avg_delay": 0.09930254524917097, "cost": 159.4142857142857, "target_value": 218.86325953488523, "running_time": 122416.08476638794, "local_count": 78, "common_count": 62}, "Ours": {"avg_delay": 0.09959886756975964, "cost": 121.7, "target_value": 190.87386756975962, "running_time": 739.2950057983398, "local_count": 89, "common_count": 51}}, "sim1": {"simulation_id": 1, "user_seed": 14142035, "Nearest": {"avg_delay": 0.10964543531826705, "cost": 153.87142857142857, "target_value": 225.04900674683847, "running_time": 2.0017623901367188, "local_count": 140, "common_count": 0}, "Modify-Assignment(Tx)": {"avg_delay": 0.11088391672259908, "cost": 159.3, "target_value": 230.35891672259908, "running_time": 82.07249641418457, "local_count": 140, "common_count": 0}, "Modify-Assignment(Tx+Tp+Tq)": {"avg_delay": 0.10426659685356064, "cost": 158.4857142857143, "target_value": 223.13088256784636, "running_time": 109758.13937187195, "local_count": 85, "common_count": 55}, "Ours": {"avg_delay": 0.10162789683469804, "cost": 121.05714285714286, "target_value": 192.4207539775552, "running_time": 779.3233394622803, "local_count": 96, "common_count": 44}}}, "80": {"sim0": {"simulation_id": 0, "user_seed": 54426956, "Nearest": {"avg_delay": 0.11023823180623894, "cost": 173.5875, "target_value": 240.42885680623897, "running_time": 2.0017623901367188, "local_count": 160, "common_count": 0}, "Modify-Assignment(Tx)": {"avg_delay": 0.11151610572922246, "cost": 178.1375, "target_value": 245.11923072922244, "running_time": 102.12111473083496, "local_count": 160, "common_count": 0}, "Modify-Assignment(Tx+Tp+Tq)": {"avg_delay": 0.10508683521806313, "cost": 177.9, "target_value": 238.51183521806314, "running_time": 163151.9718170166, "local_count": 100, "common_count": 60}, "Ours": {"avg_delay": 0.10371222684407085, "cost": 131.95, "target_value": 202.67472684407085, "running_time": 936.2852573394775, "local_count": 116, "common_count": 44}}, "sim1": {"simulation_id": 1, "user_seed": 81611590, "Nearest": {"avg_delay": 0.1064654358461545, "cost": 170.575, "target_value": 234.3966858461545, "running_time": 3.002643585205078, "local_count": 160, "common_count": 0}, "Modify-Assignment(Tx)": {"avg_delay": 0.10799537145181677, "cost": 171.125, "target_value": 236.33912145181677, "running_time": 150.12407302856445, "local_count": 160, "common_count": 0}, "Modify-Assignment(Tx+Tp+Tq)": {"avg_delay": 0.10104957792280161, "cost": 174.0625, "target_value": 231.59645292280163, "running_time": 159416.0816669464, "local_count": 98, "common_count": 62}, "Ours": {"avg_delay": 0.10210433991821827, "cost": 133.025, "target_value": 201.87308991821828, "running_time": 987.6079559326172, "local_count": 95, "common_count": 65}}}, "90": {"sim0": {"simulation_id": 0,