{"40": {"sim0": {"simulation_id": 0, "user_seed": 74345910, "Nearest": {"avg_delay": 0.10849287453541191, "cost": 99.2, "target_value": 182.89287453541192, "running_time": 1.0008811950683594, "local_count": 80, "common_count": 0}, "Modify-Assignment(Tx)": {"avg_delay": 0.1128174912290374, "cost": 114.275, "target_value": 198.5237412290374, "running_time": 52.04272270202637, "local_count": 80, "common_count": 0}, "Modify-Assignment(Tx+Tp+Tq)": {"avg_delay": 0.10409306389439703, "cost": 102.4, "target_value": 180.89306389439705, "running_time": 18925.317764282227, "local_count": 54, "common_count": 26}, "Ours": {"avg_delay": 0.09998494526644064, "cost": 84.175, "target_value": 163.11619526644063, "running_time": 310.9102249145508, "local_count": 52, "common_count": 28}}, "sim1": {"simulation_id": 1, "user_seed": 18582820, "Nearest": {"avg_delay": 0.10988869379858347, "cost": 104.375, "target_value": 188.16994379858346, "running_time": 0.9665489196777344, "local_count": 80, "common_count": 0}, "Modify-Assignment(Tx)": {"avg_delay": 0.11262229852872957, "cost": 111.725, "target_value": 196.41604852872956, "running_time": 38.04349899291992, "local_count": 80, "common_count": 0}, "Modify-Assignment(Tx+Tp+Tq)": {"avg_delay": 0.10574074507234232, "cost": 108.55, "target_value": 187.15324507234232, "running_time": 19578.176975250244, "local_count": 51, "common_count": 29}, "Ours": {"avg_delay": 0.1051375050763259, "cost": 85.225, "target_value": 169.0562550763259, "running_time": 304.25047874450684, "local_count": 58, "common_count": 22}}}, "50": {"sim0": {"simulation_id": 0, "user_seed": 34478178, "Nearest": {"avg_delay": 0.1080598413836861, "cost": 122.72, "target_value": 200.0998413836861, "running_time": 1.0008811950683594, "local_count": 100, "common_count": 0}, "Modify-Assignment(Tx)": {"avg_delay": 0.11026890533110925, "cost": 130.36, "target_value": 208.03890533110928, "running_time": 63.05265426635742, "local_count": 100, "common_count": 0}, "Modify-Assignment(Tx+Tp+Tq)": {"avg_delay": 0.1015643009010925, "cost": 127.28, "target_value": 197.02430090109252, "running_time": 42942.16561317444, "local_count": 57, "common_count": 43}, "Ours": {"avg_delay": 0.09995652754613835, "cost": 98.86, "target_value": 174.10152754613836, "running_time": 432.3573112487793, "local_count": 62, "common_count": 38}}, "sim1": {"simulation_id": 1, "user_seed": 5030435, "Nearest": {"avg_delay": 0.10465338833321054, "cost": 111.86, "target_value": 188.54838833321054, "running_time": 1.001119613647461, "local_count": 100, "common_count": 0}, "Modify-Assignment(Tx)": {"avg_delay": 0.1064113004101284, "cost": 111.2, "target_value": 189.8113004101284, "running_time": 63.111066818237305, "local_count": 100, "common_count": 0}, "Modify-Assignment(Tx+Tp+Tq)": {"avg_delay": 0.10075741740134196, "cost": 115.42, "target_value": 187.32241740134197, "running_time": 37914.25013542175, "local_count": 63, "common_count": 37}, "Ours": {"avg_delay": 0.09757431867163728, "cost": 89.18, "target_value": 164.45931867163728, "running_time": 476.9773483276367, "local_count": 67, "common_count": 33}}}, "60": {"sim0": {"simulation_id": 0, "user_seed": 58240898, "Nearest": {"avg_delay": 0.10801317244604852, "cost": 133.0, "target_value": 207.76317244604854, "running_time": 2.0012855529785156, "local_count": 120, "common_count": 0}, "Modify-Assignment(Tx)": {"avg_delay": 0.10920632414561454, "cost": 138.31666666666666, "target_value": 212.94382414561454, "running_time": 56.046247482299805, "local_count": 120, "common_count": 0}, "Modify-Assignment(Tx+Tp+Tq)": {"avg_delay": 0.10306758594424678, "cost": 137.13333333333333, "target_value": 205.91758594424678, "running_time": 63300.81105232239, "local_count": 77, "common_count": 43}, "Ours": {"avg_delay": 0.10500787063921949, "cost": 107.56666666666666, "target_value": 185.6828706392195, "running_time": 606.6224575042725, "local_count": 87, "common_count": 33}}, "sim1": {"simulation_id": 1, "user_seed": 9293453, "Nearest": {"avg_delay": 0.10477931550245663, "cost": 136.86666666666667, "target_value": 207.42931550245663, "running_time": 2.001523971557617, "local_count": 120, "common_count": 0}, "Modify-Assignment(Tx)": {"avg_delay": 0.1073380689578829, "cost": 145.83333333333334, "target_value": 216.7130689578829, "running_time": 96.61698341369629, "local_count": 120, "common_count": 0}, "Modify-Assignment(Tx+Tp+Tq)": {"avg_delay": 0.09897845274058384, "cost": 141.25, "target_value": 204.91595274058383, "running_time": 71242.29669570923, "local_count": 75, "common_count": 45}, "Ours": {"avg_delay": 0.0992129912932568, "cost": 110.45, "target_value": 182.0504912932568, "running_time": 602.5826930999756, "local_count": 80, "common_count": 40}}}, "70": {"sim0": {"simulation_id": 0, "user_seed": 64783376, "Nearest": {"avg_delay": 0.10836270932321197, "cost": 153.47142857142856, "target_value": 223.46628075178342, "running_time": 2.0017623901367188, "local_count": 140, "common_count": 0}, "Modify-Assignment(Tx)": {"avg_delay": 0.11104034628910583, "cost": 165.85714285714286, "target_value": 235.43320343196297, "running_time": 156.13341331481934, "local_count": 140, "common_count": 0}, "Modify-Assignment(Tx+Tp+Tq)": {"avg_delay": 0.10356520983122323, "cost": 157.84285714285716, "target_value": 221.9473526883661, "running_time": 107876.1818408966, "local_count": 91, "common_count": 49}, "Ours": {"avg_delay": 0.10106597299297977, "cost": 119.81428571428572, "target_value": 190.92668727869406, "running_time": 802.4852275848389, "local_count": 96, "common_count": 44}}, "sim1": {"simulation_id": 1, "user_seed": 74889996, "Nearest": {"avg_delay": 0.10823717802485244, "cost": 153.07142857142858, "target_value": 223.04074945342387, "running_time": 2.002239227294922, "local_count": 140, "common_count": 0}, "Modify-Assignment(Tx)": {"avg_delay": 0.11090453574747587, "cost": 162.5142857142857, "target_value": 232.79025003319015, "running_time": 107.12432861328125, "local_count": 140, "common_count": 0}, "Modify-Assignment(Tx+Tp+Tq)": {"avg_delay": 0.10295433630908281, "cost": 157.0142857142857, "target_value": 220.71505059479708, "running_time": 111514.33324813843, "local_count": 84, "common_count": 56}, "Ours": {"avg_delay": 0.09977321466353653, "cost": 121.28571428571429, "target_value": 190.73750037782224, "running_time": 815.2761459350586, "local_count": 84, "common_count": 56}}}, "80": {"sim0": {"simulation_id": 0, "user_seed": 93782889, "Nearest": {"avg_delay": 0.1106224224139016, "cost": 175.4375, "target_value": 242.2005474139016, "running_time": 2.0012855529785156, "local_count": 160, "common_count": 0}, "Modify-Assignment(Tx)": {"avg_delay": 0.11250242687695913, "cost": 181.8625, "target_value": 248.89930187695916, "running_time": 144.12331581115723, "local_count": 160, "common_count": 0}, "Modify-Assignment(Tx+Tp+Tq)": {"avg_delay": 0.10498152322393435, "cost": 180.0125, "target_value": 239.99089822393432, "running_time": 172403.28311920166, "local_count": 93, "common_count": 67}, "Ours": {"avg_delay": 0.10449738364780785, "cost": 131.3625, "target_value": 203.01925864780787, "running_time": 1009.8679065704346, "local_count": 105, "common_count": 55}}, "sim1": {"simulation_id": 1, "user_seed": 33632849, "Nearest": {"avg_delay": 0.10715380108017572, "cost": 177.675, "target_value": 240.41005108017575, "running_time": 2.5482177734375, "local_count": 160, "common_count": 0}, "Modify-Assignment(Tx)": {"avg_delay": 0.10768552300371162, "cost": 181.475, "target_value": 243.79177300371163, "running_time": 151.43179893493652, "local_count": 160, "common_count": 0}, "Modify-Assignment(Tx+Tp+Tq)": {"avg_delay": 0.1022173086086695, "cost": 182.4, "target_value": 239.0173086086695, "running_time": 176158.9674949646, "local_count": 92, "common_count": 68}, "Ours": {"avg_delay": 0.10478554939708858, "cost": 127.1, "target_value": 200.11054939708856, "running_time": 1042.414665222168, "local_count": 103, "common_count": 57}}}, "90": {"sim0": {"simulation_id": 0,