{"40": {"sim0": {"simulation_id": 0, "user_seed": 54550346, "Nearest": {"avg_delay": 0.10898831975392756, "cost": 97.9, "target_value": 182.41331975392757, "running_time": 1.0001659393310547, "local_count": 80, "common_count": 0}, "Modify-Assignment(Tx)": {"avg_delay": 0.11139349872372911, "cost": 107.675, "target_value": 192.1497487237291, "running_time": 44.036149978637695, "local_count": 80, "common_count": 0}, "Modify-Assignment(Tx+Tp+Tq)": {"avg_delay": 0.10397390529459909, "cost": 101.2, "target_value": 179.8739052945991, "running_time": 18355.562925338745, "local_count": 54, "common_count": 26}, "Ours": {"avg_delay": 0.1024029496777115, "cost": 84.2, "target_value": 165.55294967771152, "running_time": 291.8534278869629, "local_count": 59, "common_count": 21}}, "sim1": {"simulation_id": 1, "user_seed": 17559551, "Nearest": {"avg_delay": 0.10485925660921215, "cost": 103.7, "target_value": 182.63425660921217, "running_time": 1.0004043579101562, "local_count": 80, "common_count": 0}, "Modify-Assignment(Tx)": {"avg_delay": 0.10680742625717893, "cost": 108.925, "target_value": 188.50117625717894, "running_time": 37.06049919128418, "local_count": 80, "common_count": 0}, "Modify-Assignment(Tx+Tp+Tq)": {"avg_delay": 0.10046941987089557, "cost": 107.65, "target_value": 181.20691987089558, "running_time": 22256.605625152588, "local_count": 46, "common_count": 34}, "Ours": {"avg_delay": 0.09735040931639173, "cost": 86.55, "target_value": 162.26290931639173, "running_time": 286.94891929626465, "local_count": 56, "common_count": 24}}}, "50": {"sim0": {"simulation_id": 0, "user_seed": 31646067, "Nearest": {"avg_delay": 0.10871670949804127, "cost": 108.68, "target_value": 190.22670949804126, "running_time": 1.0008811950683594, "local_count": 100, "common_count": 0}, "Modify-Assignment(Tx)": {"avg_delay": 0.11348876327803312, "cost": 119.5, "target_value": 203.1137632780331, "running_time": 85.09659767150879, "local_count": 100, "common_count": 0}, "Modify-Assignment(Tx+Tp+Tq)": {"avg_delay": 0.1037114993469489, "cost": 111.64, "target_value": 187.4414993469489, "running_time": 35369.89140510559, "local_count": 67, "common_count": 33}, "Ours": {"avg_delay": 0.10246878396462492, "cost": 88.74, "target_value": 169.0237839646249, "running_time": 428.6060333251953, "local_count": 63, "common_count": 37}}, "sim1": {"simulation_id": 1, "user_seed": 22083362, "Nearest": {"avg_delay": 0.10600978087713718, "cost": 116.98, "target_value": 193.74478087713717, "running_time": 1.0004043579101562, "local_count": 100, "common_count": 0}, "Modify-Assignment(Tx)": {"avg_delay": 0.10509471630763739, "cost": 115.78, "target_value": 191.92971630763742, "running_time": 73.7309455871582, "local_count": 100, "common_count": 0}, "Modify-Assignment(Tx+Tp+Tq)": {"avg_delay": 0.10113736380171033, "cost": 121.62, "target_value": 192.35236380171034, "running_time": 43479.09688949585, "local_count": 57, "common_count": 43}, "Ours": {"avg_delay": 0.10117806383195782, "cost": 91.48, "target_value": 169.7880638319578, "running_time": 454.5319080352783, "local_count": 69, "common_count": 31}}}, "60": {"sim0": {"simulation_id": 0, "user_seed": 66099016, "Nearest": {"avg_delay": 0.10807580021035675, "cost": 139.68333333333334, "target_value": 212.83830021035675, "running_time": 2.0020008087158203, "local_count": 120, "common_count": 0}, "Modify-Assignment(Tx)": {"avg_delay": 0.10920577958493494, "cost": 143.78333333333333, "target_value": 217.04327958493494, "running_time": 71.05851173400879, "local_count": 120, "common_count": 0}, "Modify-Assignment(Tx+Tp+Tq)": {"avg_delay": 0.10319671593000306, "cost": 143.98333333333332, "target_value": 211.18421593000303, "running_time": 68065.28949737549, "local_count": 73, "common_count": 47}, "Ours": {"avg_delay": 0.10393593609854553, "cost": 108.38333333333334, "target_value": 185.22343609854553, "running_time": 579.0457725524902, "local_count": 76, "common_count": 44}}, "sim1": {"simulation_id": 1, "user_seed": 77521083, "Nearest": {"avg_delay": 0.106989218572205, "cost": 126.83333333333333, "target_value": 202.114218572205, "running_time": 2.0024776458740234, "local_count": 120, "common_count": 0}, "Modify-Assignment(Tx)": {"avg_delay": 0.10743299831592229, "cost": 131.73333333333332, "target_value": 206.23299831592226, "running_time": 66.09201431274414, "local_count": 120, "common_count": 0}, "Modify-Assignment(Tx+Tp+Tq)": {"avg_delay": 0.1018707964406026, "cost": 130.93333333333334, "target_value": 200.07079644060258, "running_time": 63347.22280502319, "local_count": 77, "common_count": 43}, "Ours": {"avg_delay": 0.10117086359022592, "cost": 103.41666666666667, "target_value": 178.7333635902259, "running_time": 557.2474002838135, "local_count": 75, "common_count": 45}}}, "70": {"sim0": {"simulation_id": 0, "user_seed": 6853130, "Nearest": {"avg_delay": 0.11090590305439348, "cost": 144.3, "target_value": 219.13090305439349, "running_time": 2.0017623901367188, "local_count": 140, "common_count": 0}, "Modify-Assignment(Tx)": {"avg_delay": 0.11355247155161596, "cost": 148.94285714285715, "target_value": 225.2596144087588, "running_time": 82.07178115844727, "local_count": 140, "common_count": 0}, "Modify-Assignment(Tx+Tp+Tq)": {"avg_delay": 0.10584026077099619, "cost": 147.47142857142856, "target_value": 216.44383219956762, "running_time": 91606.67848587036, "local_count": 96, "common_count": 44}, "Ours": {"avg_delay": 0.10456229319107896, "cost": 113.98571428571428, "target_value": 190.0515789053647, "running_time": 722.9626178741455, "local_count": 101, "common_count": 39}}, "sim1": {"simulation_id": 1, "user_seed": 87527518, "Nearest": {"avg_delay": 0.10698382522276086, "cost": 149.27142857142857, "target_value": 218.93739665133228, "running_time": 2.0012855529785156, "local_count": 140, "common_count": 0}, "Modify-Assignment(Tx)": {"avg_delay": 0.11082226283343174, "cost": 165.27142857142857, "target_value": 234.77583426200317, "running_time": 119.08984184265137, "local_count": 140, "common_count": 0}, "Modify-Assignment(Tx+Tp+Tq)": {"avg_delay": 0.10264543982742648, "cost": 154.04285714285714, "target_value": 218.17758268456936, "running_time": 109896.40808105469, "local_count": 91, "common_count": 49}, "Ours": {"avg_delay": 0.10297612902003767, "cost": 120.01428571428572, "target_value": 192.98684330575196, "running_time": 758.1911087036133, "local_count": 111, "common_count": 29}}}, "80": {"sim0": {"simulation_id": 0, "user_seed": 12911085, "Nearest": {"avg_delay": 0.11022527027306049, "cost": 176.1875, "target_value": 242.3658952730605, "running_time": 2.0020008087158203, "local_count": 160, "common_count": 0}, "Modify-Assignment(Tx)": {"avg_delay": 0.11283313657617995, "cost": 183.8625, "target_value": 250.73001157617998, "running_time": 115.66281318664551, "local_count": 160, "common_count": 0}, "Modify-Assignment(Tx+Tp+Tq)": {"avg_delay": 0.10562030314932676, "cost": 179.875, "target_value": 240.52655314932676, "running_time": 158700.9871006012, "local_count": 100, "common_count": 60}, "Ours": {"avg_delay": 0.1033143020650086, "cost": 138.8625, "target_value": 207.4611770650086, "running_time": 937.4215602874756, "local_count": 112, "common_count": 48}}, "sim1": {"simulation_id": 1, "user_seed": 43001688, "Nearest": {"avg_delay": 0.11099200174713465, "cost": 186.525, "target_value": 250.88575174713466, "running_time": 2.0020008087158203, "local_count": 160, "common_count": 0}, "Modify-Assignment(Tx)": {"avg_delay": 0.11384384415903805, "cost": 198.3125, "target_value": 262.57821915903804, "running_time": 116.09649658203125, "local_count": 160, "common_count": 0}, "Modify-Assignment(Tx+Tp+Tq)": {"avg_delay": 0.10553756502692431, "cost": 190.675, "target_value": 248.54381502692434, "running_time": 167249.32765960693, "local_count": 97, "common_count": 63}, "Ours": {"avg_delay": 0.10333517514995144, "cost": 140.6625, "target_value": 208.83205014995144, "running_time": 971.3163375854492, "local_count": 116, "common_count": 44}}},