{"40": {"sim0": {"simulation_id": 0, "user_seed": 63774298, "Nearest": {"avg_delay": 0.10994678326634427, "cost": 106.825, "target_value": 190.0655332663443, "running_time": 1.0004043579101562, "local_count": 80, "common_count": 0}, "Modify-Assignment(Tx)": {"avg_delay": 0.11237290573993068, "cost": 114.075, "target_value": 197.9291557399307, "running_time": 34.028053283691406, "local_count": 80, "common_count": 0}, "Modify-Assignment(Tx+Tp+Tq)": {"avg_delay": 0.1030365894677066, "cost": 111.0, "target_value": 186.2865894677066, "running_time": 22538.22946548462, "local_count": 45, "common_count": 35}, "Ours": {"avg_delay": 0.100175273749764, "cost": 84.25, "target_value": 163.36277374976402, "running_time": 307.37829208374023, "local_count": 33, "common_count": 47}}, "sim1": {"simulation_id": 1, "user_seed": 50567286, "Nearest": {"avg_delay": 0.10973628383353118, "cost": 97.425, "target_value": 182.80503383353118, "running_time": 1.0004043579101562, "local_count": 80, "common_count": 0}, "Modify-Assignment(Tx)": {"avg_delay": 0.11346498964499079, "cost": 104.725, "target_value": 192.00873964499078, "running_time": 41.08309745788574, "local_count": 80, "common_count": 0}, "Modify-Assignment(Tx+Tp+Tq)": {"avg_delay": 0.10511041001592533, "cost": 102.95, "target_value": 182.32291001592534, "running_time": 23256.95848464966, "local_count": 46, "common_count": 34}, "Ours": {"avg_delay": 0.10225317786572444, "cost": 79.175, "target_value": 161.63442786572443, "running_time": 294.3568229675293, "local_count": 56, "common_count": 24}}}, "50": {"sim0": {"simulation_id": 0, "user_seed": 84643533, "Nearest": {"avg_delay": 0.11007332671415056, "cost": 113.56, "target_value": 195.24332671415056, "running_time": 1.0006427764892578, "local_count": 100, "common_count": 0}, "Modify-Assignment(Tx)": {"avg_delay": 0.11178028049894008, "cost": 116.48, "target_value": 199.14028049894006, "running_time": 50.04119873046875, "local_count": 100, "common_count": 0}, "Modify-Assignment(Tx+Tp+Tq)": {"avg_delay": 0.10455553985641593, "cost": 117.38, "target_value": 192.59053985641594, "running_time": 40553.775787353516, "local_count": 62, "common_count": 38}, "Ours": {"avg_delay": 0.10347613248637401, "cost": 88.4, "target_value": 169.77613248637402, "running_time": 415.3785705566406, "local_count": 69, "common_count": 31}}, "sim1": {"simulation_id": 1, "user_seed": 40454907, "Nearest": {"avg_delay": 0.10997667899259052, "cost": 125.4, "target_value": 204.02667899259052, "running_time": 1.0013580322265625, "local_count": 100, "common_count": 0}, "Modify-Assignment(Tx)": {"avg_delay": 0.10989013138508694, "cost": 125.1, "target_value": 203.71513138508692, "running_time": 25.00176429748535, "local_count": 100, "common_count": 0}, "Modify-Assignment(Tx+Tp+Tq)": {"avg_delay": 0.10497073736911545, "cost": 130.08, "target_value": 202.53073736911546, "running_time": 40700.50406455994, "local_count": 61, "common_count": 39}, "Ours": {"avg_delay": 0.10418279583450916, "cost": 94.7, "target_value": 175.20779583450917, "running_time": 456.0375213623047, "local_count": 65, "common_count": 35}}}, "60": {"sim0": {"simulation_id": 0, "user_seed": 9201531, "Nearest": {"avg_delay": 0.10732774862360572, "cost": 142.1, "target_value": 213.9027486236057, "running_time": 2.025127410888672, "local_count": 120, "common_count": 0}, "Modify-Assignment(Tx)": {"avg_delay": 0.10820015418565994, "cost": 143.26666666666668, "target_value": 215.65015418565997, "running_time": 71.08402252197266, "local_count": 120, "common_count": 0}, "Modify-Assignment(Tx+Tp+Tq)": {"avg_delay": 0.10065603519647845, "cost": 146.51666666666668, "target_value": 210.54353519647847, "running_time": 74481.76503181458, "local_count": 68, "common_count": 52}, "Ours": {"avg_delay": 0.09960599075444297, "cost": 106.0, "target_value": 179.10599075444298, "running_time": 576.0409832000732, "local_count": 69, "common_count": 51}}, "sim1": {"simulation_id": 1, "user_seed": 30186774, "Nearest": {"avg_delay": 0.11029293000213801, "cost": 146.01666666666668, "target_value": 219.80543000213802, "running_time": 2.001523971557617, "local_count": 120, "common_count": 0}, "Modify-Assignment(Tx)": {"avg_delay": 0.11295459238399434, "cost": 152.28333333333333, "target_value": 227.16709238399434, "running_time": 83.19401741027832, "local_count": 120, "common_count": 0}, "Modify-Assignment(Tx+Tp+Tq)": {"avg_delay": 0.10486553756692167, "cost": 150.08333333333334, "target_value": 217.42803756692166, "running_time": 72407.80258178711, "local_count": 72, "common_count": 48}, "Ours": {"avg_delay": 0.10362385606074782, "cost": 113.33333333333333, "target_value": 188.6238560607478, "running_time": 571.1288452148438, "local_count": 81, "common_count": 39}}}, "70": {"sim0": {"simulation_id": 0, "user_seed": 59171682, "Nearest": {"avg_delay": 0.10580347610959479, "cost": 158.42857142857142, "target_value": 224.62490468102334, "running_time": 2.0012855529785156, "local_count": 140, "common_count": 0}, "Modify-Assignment(Tx)": {"avg_delay": 0.10735035539709357, "cost": 166.07142857142858, "target_value": 231.90392682566502, "running_time": 126.10459327697754, "local_count": 140, "common_count": 0}, "Modify-Assignment(Tx+Tp+Tq)": {"avg_delay": 0.09977065670575234, "cost": 163.05714285714285, "target_value": 222.0635138486095, "running_time": 113878.05557250977, "local_count": 83, "common_count": 57}, "Ours": {"avg_delay": 0.09990490052064757, "cost": 125.05714285714286, "target_value": 193.69775766350472, "running_time": 730.6878566741943, "local_count": 100, "common_count": 40}}, "sim1": {"simulation_id": 1, "user_seed": 7979550, "Nearest": {"avg_delay": 0.10888059046170906, "cost": 162.61428571428573, "target_value": 230.84130474742335, "running_time": 2.001523971557617, "local_count": 140, "common_count": 0}, "Modify-Assignment(Tx)": {"avg_delay": 0.11069817855910422, "cost": 167.75714285714287, "target_value": 236.51603570196136, "running_time": 131.20388984680176, "local_count": 140, "common_count": 0}, "Modify-Assignment(Tx+Tp+Tq)": {"avg_delay": 0.10338947074025233, "cost": 167.12857142857143, "target_value": 228.7358993116809, "running_time": 115221.59838676453, "local_count": 85, "common_count": 55}, "Ours": {"avg_delay": 0.10326762821631975, "cost": 123.48571428571428, "target_value": 195.88191393060546, "running_time": 776.7364978790283, "local_count": 103, "common_count": 37}}}, "80": {"sim0": {"simulation_id": 0, "user_seed": 95450508, "Nearest": {"avg_delay": 0.10519405109841178, "cost": 175.5125, "target_value": 236.82842609841174, "running_time": 3.0024051666259766, "local_count": 160, "common_count": 0}, "Modify-Assignment(Tx)": {"avg_delay": 0.10464067706660794, "cost": 186.4125, "target_value": 244.45005206660795, "running_time": 197.16310501098633, "local_count": 160, "common_count": 0}, "Modify-Assignment(Tx+Tp+Tq)": {"avg_delay": 0.10016575844768293, "cost": 179.8625, "target_value": 235.06263344768297, "running_time": 168835.51216125488, "local_count": 96, "common_count": 64}, "Ours": {"avg_delay": 0.0989091972132594, "cost": 141.5125, "target_value": 205.04357221325938, "running_time": 935.034990310669, "local_count": 111, "common_count": 49}}, "sim1": {"simulation_id": 1, "user_seed": 74400514, "Nearest": {"avg_delay": 0.10758883451966661, "cost": 167.7875, "target_value": 233.42945951966658, "running_time": 2.0017623901367188, "local_count": 160, "common_count": 0}, "Modify-Assignment(Tx)": {"avg_delay": 0.10920052297853959, "cost": 172.4875, "target_value": 238.56614797853962, "running_time": 190.15741348266602, "local_count": 160, "common_count": 0}, "Modify-Assignment(Tx+Tp+Tq)": {"avg_delay": 0.10269282492247185, "cost": 171.175, "target_value": 231.07407492247188, "running_time": 152315.40727615356, "local_count": 105, "common_count": 55}, "Ours": {"avg_delay": 0.10314656285398657, "cost": 127.9875, "target_value": 199.13718785398657, "running_time": 962.012529373169, "local_count": 113, "common_count": 47}}},