{"40": {"sim0": {"simulation_id": 0, "user_seed": 27985686, "Nearest": {"avg_delay": 0.10402396980232131, "cost": 98.55, "target_value": 177.9364698023213, "running_time": 1.0006427764892578, "local_count": 80, "common_count": 0}, "Modify-Assignment(Tx)": {"avg_delay": 0.10652121598633965, "cost": 101.0, "target_value": 182.27121598633966, "running_time": 37.60385513305664, "local_count": 80, "common_count": 0}, "Modify-Assignment(Tx+Tp+Tq)": {"avg_delay": 0.09896701248690855, "cost": 102.875, "target_value": 176.12326248690854, "running_time": 21778.813123703003, "local_count": 46, "common_count": 34}, "Ours": {"avg_delay": 0.09829514484248708, "cost": 79.6, "target_value": 157.99514484248706, "running_time": 284.58285331726074, "local_count": 53, "common_count": 27}}, "sim1": {"simulation_id": 1, "user_seed": 8949347, "Nearest": {"avg_delay": 0.10659578689620088, "cost": 112.425, "target_value": 190.91453689620087, "running_time": 1.001119613647461, "local_count": 80, "common_count": 0}, "Modify-Assignment(Tx)": {"avg_delay": 0.10840005958248905, "cost": 118.15, "target_value": 197.01255958248908, "running_time": 44.0366268157959, "local_count": 80, "common_count": 0}, "Modify-Assignment(Tx+Tp+Tq)": {"avg_delay": 0.10065312646621621, "cost": 117.425, "target_value": 188.7218764662162, "running_time": 23584.68246459961, "local_count": 43, "common_count": 37}, "Ours": {"avg_delay": 0.09886761151205635, "cost": 85.625, "target_value": 163.08636151205636, "running_time": 286.4546775817871, "local_count": 52, "common_count": 28}}}, "50": {"sim0": {"simulation_id": 0, "user_seed": 74343955, "Nearest": {"avg_delay": 0.10615313839104208, "cost": 112.14, "target_value": 190.25813839104208, "running_time": 1.0008811950683594, "local_count": 100, "common_count": 0}, "Modify-Assignment(Tx)": {"avg_delay": 0.10872901525517006, "cost": 119.22, "target_value": 198.14401525517007, "running_time": 79.06556129455566, "local_count": 100, "common_count": 0}, "Modify-Assignment(Tx+Tp+Tq)": {"avg_delay": 0.10003341417475518, "cost": 116.72, "target_value": 187.57341417475516, "running_time": 44124.117851257324, "local_count": 56, "common_count": 44}, "Ours": {"avg_delay": 0.10274194846789567, "cost": 89.12, "target_value": 169.58194846789567, "running_time": 406.4168930053711, "local_count": 58, "common_count": 42}}, "sim1": {"simulation_id": 1, "user_seed": 95187727, "Nearest": {"avg_delay": 0.10737632624605983, "cost": 126.94, "target_value": 202.58132624605983, "running_time": 1.001596450805664, "local_count": 100, "common_count": 0}, "Modify-Assignment(Tx)": {"avg_delay": 0.10848603206235416, "cost": 128.92, "target_value": 205.17603206235415, "running_time": 50.08721351623535, "local_count": 100, "common_count": 0}, "Modify-Assignment(Tx+Tp+Tq)": {"avg_delay": 0.10262321040491154, "cost": 130.98, "target_value": 200.85821040491152, "running_time": 36097.44358062744, "local_count": 66, "common_count": 34}, "Ours": {"avg_delay": 0.09997784981832782, "cost": 101.32, "target_value": 175.9678498183278, "running_time": 455.31463623046875, "local_count": 72, "common_count": 28}}}, "60": {"sim0": {"simulation_id": 0, "user_seed": 21132421, "Nearest": {"avg_delay": 0.1127093965498726, "cost": 146.4, "target_value": 222.5093965498726, "running_time": 2.004861831665039, "local_count": 120, "common_count": 0}, "Modify-Assignment(Tx)": {"avg_delay": 0.11532654937084176, "cost": 154.4, "target_value": 231.12654937084176, "running_time": 85.11924743652344, "local_count": 120, "common_count": 0}, "Modify-Assignment(Tx+Tp+Tq)": {"avg_delay": 0.10754711633763178, "cost": 150.56666666666666, "target_value": 220.47211633763177, "running_time": 69069.25511360168, "local_count": 74, "common_count": 46}, "Ours": {"avg_delay": 0.10648646143566085, "cost": 107.93333333333334, "target_value": 187.43646143566085, "running_time": 563.3046627044678, "local_count": 76, "common_count": 44}}, "sim1": {"simulation_id": 1, "user_seed": 13686319, "Nearest": {"avg_delay": 0.1070293165084417, "cost": 140.81666666666666, "target_value": 212.6418165084417, "running_time": 2.029895782470703, "local_count": 120, "common_count": 0}, "Modify-Assignment(Tx)": {"avg_delay": 0.10758287386583369, "cost": 140.71666666666667, "target_value": 213.1203738658337, "running_time": 70.07932662963867, "local_count": 120, "common_count": 0}, "Modify-Assignment(Tx+Tp+Tq)": {"avg_delay": 0.10215076469126527, "cost": 144.26666666666668, "target_value": 210.35076469126528, "running_time": 64913.63573074341, "local_count": 77, "common_count": 43}, "Ours": {"avg_delay": 0.10111536315679845, "cost": 108.76666666666667, "target_value": 182.69036315679847, "running_time": 555.518388748169, "local_count": 78, "common_count": 42}}}, "70": {"sim0": {"simulation_id": 0, "user_seed": 99314211, "Nearest": {"avg_delay": 0.10750641702082758, "cost": 152.77142857142857, "target_value": 222.08498844939902, "running_time": 2.0012855529785156, "local_count": 140, "common_count": 0}, "Modify-Assignment(Tx)": {"avg_delay": 0.11003023651059746, "cost": 158.5, "target_value": 228.90523651059746, "running_time": 117.09737777709961, "local_count": 140, "common_count": 0}, "Modify-Assignment(Tx+Tp+Tq)": {"avg_delay": 0.10231433804367542, "cost": 157.44285714285715, "target_value": 220.3964809008183, "running_time": 111425.1937866211, "local_count": 84, "common_count": 56}, "Ours": {"avg_delay": 0.10144064582011801, "cost": 119.44285714285714, "target_value": 191.02278867726085, "running_time": 732.3107719421387, "local_count": 101, "common_count": 39}}, "sim1": {"simulation_id": 1, "user_seed": 84307208, "Nearest": {"avg_delay": 0.1109684541103543, "cost": 154.4857142857143, "target_value": 226.83273982464004, "running_time": 2.002239227294922, "local_count": 140, "common_count": 0}, "Modify-Assignment(Tx)": {"avg_delay": 0.11372788613591686, "cost": 163.44285714285715, "target_value": 236.31002899305972, "running_time": 111.09185218811035, "local_count": 140, "common_count": 0}, "Modify-Assignment(Tx+Tp+Tq)": {"avg_delay": 0.10542595996766933, "cost": 159.04285714285714, "target_value": 224.7081028248122, "running_time": 116920.56274414062, "local_count": 84, "common_count": 56}, "Ours": {"avg_delay": 0.10232446574442883, "cost": 120.27142857142857, "target_value": 192.52803717300026, "running_time": 765.1982307434082, "local_count": 93, "common_count": 47}}}, "80": {"sim0": {"simulation_id": 0, "user_seed": 59715494, "Nearest": {"avg_delay": 0.10794363229737775, "cost": 174.5375, "target_value": 238.84675729737774, "running_time": 2.0017623901367188, "local_count": 160, "common_count": 0}, "Modify-Assignment(Tx)": {"avg_delay": 0.1082045389344193, "cost": 179.6625, "target_value": 242.9514139344193, "running_time": 114.09449577331543, "local_count": 160, "common_count": 0}, "Modify-Assignment(Tx+Tp+Tq)": {"avg_delay": 0.10282951599003659, "cost": 179.225, "target_value": 237.2482659900366, "running_time": 170066.1323070526, "local_count": 95, "common_count": 65}, "Ours": {"avg_delay": 0.10290735636030579, "cost": 132.2125, "target_value": 202.0667313603058, "running_time": 920.3150272369385, "local_count": 104, "common_count": 56}}, "sim1": {"simulation_id": 1, "user_seed": 18323373, "Nearest": {"avg_delay": 0.10710347079896558, "cost": 169.3875, "target_value": 234.14409579896557, "running_time": 2.0017623901367188, "local_count": 160, "common_count": 0}, "Modify-Assignment(Tx)": {"avg_delay": 0.11010662766811566, "cost": 180.15, "target_value": 245.21912766811568, "running_time": 177.1829128265381, "local_count": 160, "common_count": 0}, "Modify-Assignment(Tx+Tp+Tq)": {"avg_delay": 0.10123558697778016, "cost": 173.85, "target_value": 231.62308697778013, "running_time": 163712.77117729187, "local_count": 97, "common_count": 63}, "Ours": {"avg_delay": 0.10336420272123455, "cost": 130.1125, "target_value": 200.94857772123456, "running_time": 964.8938179016113, "local_count": 101, "common_count": 59}}}, "90": {"sim0": {"simulation_id": 0,