{"40": {"sim0": {"simulation_id": 0, "user_seed": 48796837, "Nearest": {"avg_delay": 0.10270894287380562, "cost": 93.525, "target_value": 172.85269287380564, "running_time": 1.0008811950683594, "local_count": 80, "common_count": 0}, "Modify-Assignment(Tx)": {"avg_delay": 0.10522746009527535, "cost": 97.475, "target_value": 178.33371009527534, "running_time": 37.030696868896484, "local_count": 80, "common_count": 0}, "Modify-Assignment(Tx+Tp+Tq)": {"avg_delay": 0.09822314754056924, "cost": 97.7, "target_value": 171.49814754056925, "running_time": 19173.684120178223, "local_count": 51, "common_count": 29}, "Ours": {"avg_delay": 0.0972254035953398, "cost": 80.85, "target_value": 157.8629035953398, "running_time": 301.24902725219727, "local_count": 64, "common_count": 16}}, "sim1": {"simulation_id": 1, "user_seed": 37898227, "Nearest": {"avg_delay": 0.1073669094592857, "cost": 98.65, "target_value": 181.3544094592857, "running_time": 1.001119613647461, "local_count": 80, "common_count": 0}, "Modify-Assignment(Tx)": {"avg_delay": 0.11129497995485668, "cost": 98.775, "target_value": 185.37622995485668, "running_time": 56.046247482299805, "local_count": 80, "common_count": 0}, "Modify-Assignment(Tx+Tp+Tq)": {"avg_delay": 0.10283164947353068, "cost": 102.95, "target_value": 180.0441494735307, "running_time": 19754.085302352905, "local_count": 51, "common_count": 29}, "Ours": {"avg_delay": 0.10114543910586905, "cost": 81.9, "target_value": 162.57043910586907, "running_time": 295.81594467163086, "local_count": 62, "common_count": 18}}}, "50": {"sim0": {"simulation_id": 0, "user_seed": 21162276, "Nearest": {"avg_delay": 0.10460479573010414, "cost": 107.6, "target_value": 185.30479573010413, "running_time": 1.0013580322265625, "local_count": 100, "common_count": 0}, "Modify-Assignment(Tx)": {"avg_delay": 0.1076189923919484, "cost": 116.18, "target_value": 194.7539923919484, "running_time": 59.049129486083984, "local_count": 100, "common_count": 0}, "Modify-Assignment(Tx+Tp+Tq)": {"avg_delay": 0.10089983203778756, "cost": 110.52, "target_value": 183.78983203778756, "running_time": 29103.26051712036, "local_count": 73, "common_count": 27}, "Ours": {"avg_delay": 0.09955772981732632, "cost": 91.36, "target_value": 168.07772981732631, "running_time": 431.5364360809326, "local_count": 77, "common_count": 23}}, "sim1": {"simulation_id": 1, "user_seed": 29870815, "Nearest": {"avg_delay": 0.10532147635157289, "cost": 136.9, "target_value": 207.9964763515729, "running_time": 1.0006427764892578, "local_count": 100, "common_count": 0}, "Modify-Assignment(Tx)": {"avg_delay": 0.11004637611367546, "cost": 144.98, "target_value": 218.78137611367544, "running_time": 60.05454063415527, "local_count": 100, "common_count": 0}, "Modify-Assignment(Tx+Tp+Tq)": {"avg_delay": 0.10040999805022514, "cost": 141.26, "target_value": 206.35499805022513, "running_time": 40400.59399604797, "local_count": 60, "common_count": 40}, "Ours": {"avg_delay": 0.10055712683036566, "cost": 107.2, "target_value": 180.95712683036567, "running_time": 468.0352210998535, "local_count": 70, "common_count": 30}}}, "60": {"sim0": {"simulation_id": 0, "user_seed": 48336001, "Nearest": {"avg_delay": 0.1063461182595373, "cost": 143.41666666666666, "target_value": 213.9086182595373, "running_time": 1.0008811950683594, "local_count": 120, "common_count": 0}, "Modify-Assignment(Tx)": {"avg_delay": 0.10546357557835981, "cost": 147.5, "target_value": 216.0885755783598, "running_time": 120.09954452514648, "local_count": 120, "common_count": 0}, "Modify-Assignment(Tx+Tp+Tq)": {"avg_delay": 0.1012841002888438, "cost": 147.8, "target_value": 212.1341002888438, "running_time": 72529.5741558075, "local_count": 70, "common_count": 50}, "Ours": {"avg_delay": 0.10244711636301708, "cost": 106.15, "target_value": 182.05961636301708, "running_time": 568.4812068939209, "local_count": 59, "common_count": 61}}, "sim1": {"simulation_id": 1, "user_seed": 2034210, "Nearest": {"avg_delay": 0.10819039341239535, "cost": 142.66666666666666, "target_value": 215.19039341239534, "running_time": 2.0017623901367188, "local_count": 120, "common_count": 0}, "Modify-Assignment(Tx)": {"avg_delay": 0.10898713144203313, "cost": 140.18333333333334, "target_value": 214.12463144203315, "running_time": 77.11362838745117, "local_count": 120, "common_count": 0}, "Modify-Assignment(Tx+Tp+Tq)": {"avg_delay": 0.10346486217883603, "cost": 146.66666666666666, "target_value": 213.46486217883603, "running_time": 67407.98044204712, "local_count": 77, "common_count": 43}, "Ours": {"avg_delay": 0.10224997177957797, "cost": 107.88333333333334, "target_value": 183.16247177957797, "running_time": 578.4816741943359, "local_count": 83, "common_count": 37}}}, "70": {"sim0": {"simulation_id": 0, "user_seed": 96845714, "Nearest": {"avg_delay": 0.10849816728102647, "cost": 164.78571428571428, "target_value": 232.08745299531216, "running_time": 2.001523971557617, "local_count": 140, "common_count": 0}, "Modify-Assignment(Tx)": {"avg_delay": 0.11021340537390956, "cost": 166.78571428571428, "target_value": 235.30269108819527, "running_time": 116.09578132629395, "local_count": 140, "common_count": 0}, "Modify-Assignment(Tx+Tp+Tq)": {"avg_delay": 0.10329439325599468, "cost": 168.64285714285714, "target_value": 229.77653611313752, "running_time": 107360.08858680725, "local_count": 88, "common_count": 52}, "Ours": {"avg_delay": 0.10228329822085347, "cost": 124.75714285714285, "target_value": 195.8511553637106, "running_time": 755.7287216186523, "local_count": 95, "common_count": 45}}, "sim1": {"simulation_id": 1, "user_seed": 90508300, "Nearest": {"avg_delay": 0.10470356085513763, "cost": 149.11428571428573, "target_value": 216.5392751408519, "running_time": 2.0024776458740234, "local_count": 140, "common_count": 0}, "Modify-Assignment(Tx)": {"avg_delay": 0.10529384667931233, "cost": 156.28571428571428, "target_value": 222.50813239359803, "running_time": 102.08487510681152, "local_count": 140, "common_count": 0}, "Modify-Assignment(Tx+Tp+Tq)": {"avg_delay": 0.09944901127747922, "cost": 154.1, "target_value": 215.02401127747922, "running_time": 115601.79734230042, "local_count": 82, "common_count": 58}, "Ours": {"avg_delay": 0.09911286145726846, "cost": 122.18571428571428, "target_value": 190.75214717155416, "running_time": 779.7820568084717, "local_count": 93, "common_count": 47}}}, "80": {"sim0": {"simulation_id": 0, "user_seed": 94808153, "Nearest": {"avg_delay": 0.1066779494328093, "cost": 164.575, "target_value": 230.1091994328093, "running_time": 3.0031204223632812, "local_count": 160, "common_count": 0}, "Modify-Assignment(Tx)": {"avg_delay": 0.10913803878545111, "cost": 177.4125, "target_value": 242.1974137854511, "running_time": 168.14303398132324, "local_count": 160, "common_count": 0}, "Modify-Assignment(Tx+Tp+Tq)": {"avg_delay": 0.10141802341121568, "cost": 168.65, "target_value": 227.9055234112157, "running_time": 159562.39295005798, "local_count": 99, "common_count": 61}, "Ours": {"avg_delay": 0.10376304815286294, "cost": 127.675, "target_value": 199.51929815286292, "running_time": 972.6665019989014, "local_count": 106, "common_count": 54}}, "sim1": {"simulation_id": 1, "user_seed": 26907696, "Nearest": {"avg_delay": 0.10684422566757998, "cost": 165.6375, "target_value": 231.07235066757997, "running_time": 3.006458282470703, "local_count": 160, "common_count": 0}, "Modify-Assignment(Tx)": {"avg_delay": 0.10822671243408237, "cost": 174.65, "target_value": 239.21421243408238, "running_time": 112.70570755004883, "local_count": 160, "common_count": 0}, "Modify-Assignment(Tx+Tp+Tq)": {"avg_delay": 0.10142195588279825, "cost": 170.35, "target_value": 229.18445588279823, "running_time": 162865.6725883484, "local_count": 97, "common_count": 63}, "Ours": {"avg_delay": 0.10485252549453902, "cost": 127.5125, "target_value": 200.48690049453904, "running_time": 987.5526428222656, "local_count": 112, "common_count": 48}}}, "90": {"sim0": {"simulation_id": 0, "user_seed": 79156261,