{"40": {"sim0": {"simulation_id": 0, "user_seed": 44403417, "Nearest": {"avg_delay": 0.10536818135279075, "cost": 101.4, "target_value": 181.41818135279075, "running_time": 1.0008811950683594, "local_count": 80, "common_count": 0}, "Modify-Assignment(Tx)": {"avg_delay": 0.10801661569177838, "cost": 105.15, "target_value": 186.8791156917784, "running_time": 36.03005409240723, "local_count": 80, "common_count": 0}, "Modify-Assignment(Tx+Tp+Tq)": {"avg_delay": 0.10079463011804225, "cost": 106.475, "target_value": 180.65088011804224, "running_time": 21378.087520599365, "local_count": 50, "common_count": 30}, "Ours": {"avg_delay": 0.0992066228730027, "cost": 79.775, "target_value": 159.0378728730027, "running_time": 290.24481773376465, "local_count": 62, "common_count": 18}}, "sim1": {"simulation_id": 1, "user_seed": 44074414, "Nearest": {"avg_delay": 0.11079117616519989, "cost": 109.375, "target_value": 192.8224261651999, "running_time": 1.0006427764892578, "local_count": 80, "common_count": 0}, "Modify-Assignment(Tx)": {"avg_delay": 0.11137810323813083, "cost": 114.2, "target_value": 197.02810323813083, "running_time": 30.02452850341797, "local_count": 80, "common_count": 0}, "Modify-Assignment(Tx+Tp+Tq)": {"avg_delay": 0.10621297131597425, "cost": 114.175, "target_value": 191.84422131597424, "running_time": 21947.617292404175, "local_count": 51, "common_count": 29}, "Ours": {"avg_delay": 0.10364188378181209, "cost": 84.325, "target_value": 166.8856337818121, "running_time": 290.3451919555664, "local_count": 65, "common_count": 15}}}, "50": {"sim0": {"simulation_id": 0, "user_seed": 48792303, "Nearest": {"avg_delay": 0.1080700735235544, "cost": 132.32, "target_value": 207.3100735235544, "running_time": 1.0008811950683594, "local_count": 100, "common_count": 0}, "Modify-Assignment(Tx)": {"avg_delay": 0.111987792009801, "cost": 134.58, "target_value": 212.92279200980101, "running_time": 68.05610656738281, "local_count": 100, "common_count": 0}, "Modify-Assignment(Tx+Tp+Tq)": {"avg_delay": 0.10327684438747033, "cost": 136.96, "target_value": 205.99684438747033, "running_time": 44225.21471977234, "local_count": 56, "common_count": 44}, "Ours": {"avg_delay": 0.10024612590531984, "cost": 101.68, "target_value": 176.50612590531983, "running_time": 419.9533462524414, "local_count": 64, "common_count": 36}}, "sim1": {"simulation_id": 1, "user_seed": 16950504, "Nearest": {"avg_delay": 0.10416705929791988, "cost": 126.94, "target_value": 199.37205929791986, "running_time": 1.001119613647461, "local_count": 100, "common_count": 0}, "Modify-Assignment(Tx)": {"avg_delay": 0.10503941616784178, "cost": 127.34, "target_value": 200.54441616784177, "running_time": 71.05898857116699, "local_count": 100, "common_count": 0}, "Modify-Assignment(Tx+Tp+Tq)": {"avg_delay": 0.09919762354000572, "cost": 131.5, "target_value": 197.82262354000574, "running_time": 42884.62471961975, "local_count": 57, "common_count": 43}, "Ours": {"avg_delay": 0.0974648384391246, "cost": 99.76, "target_value": 172.2848384391246, "running_time": 453.5248279571533, "local_count": 56, "common_count": 44}}}, "60": {"sim0": {"simulation_id": 0, "user_seed": 28635661, "Nearest": {"avg_delay": 0.10822840571467984, "cost": 130.6, "target_value": 206.17840571467983, "running_time": 1.0008811950683594, "local_count": 120, "common_count": 0}, "Modify-Assignment(Tx)": {"avg_delay": 0.11103264108389602, "cost": 141.0, "target_value": 216.782641083896, "running_time": 101.08351707458496, "local_count": 120, "common_count": 0}, "Modify-Assignment(Tx+Tp+Tq)": {"avg_delay": 0.10262130659125368, "cost": 135.46666666666667, "target_value": 204.22130659125366, "running_time": 77961.98844909668, "local_count": 65, "common_count": 55}, "Ours": {"avg_delay": 0.0997896423284027, "cost": 102.73333333333333, "target_value": 176.8396423284027, "running_time": 564.6233558654785, "local_count": 72, "common_count": 48}}, "sim1": {"simulation_id": 1, "user_seed": 83971170, "Nearest": {"avg_delay": 0.10295288785489652, "cost": 136.31666666666666, "target_value": 205.19038785489653, "running_time": 1.0004043579101562, "local_count": 120, "common_count": 0}, "Modify-Assignment(Tx)": {"avg_delay": 0.10397071293583396, "cost": 136.41666666666666, "target_value": 206.28321293583394, "running_time": 60.04977226257324, "local_count": 120, "common_count": 0}, "Modify-Assignment(Tx+Tp+Tq)": {"avg_delay": 0.09875707384495123, "cost": 140.71666666666667, "target_value": 204.29457384495123, "running_time": 68338.40417861938, "local_count": 73, "common_count": 47}, "Ours": {"avg_delay": 0.09947051434383297, "cost": 107.88333333333334, "target_value": 180.383014343833, "running_time": 567.5680637359619, "local_count": 85, "common_count": 35}}}, "70": {"sim0": {"simulation_id": 0, "user_seed": 78862194, "Nearest": {"avg_delay": 0.10612807958522634, "cost": 159.65714285714284, "target_value": 225.87093672808348, "running_time": 2.0017623901367188, "local_count": 140, "common_count": 0}, "Modify-Assignment(Tx)": {"avg_delay": 0.10563271258603989, "cost": 160.65714285714284, "target_value": 226.125569728897, "running_time": 155.23648262023926, "local_count": 140, "common_count": 0}, "Modify-Assignment(Tx+Tp+Tq)": {"avg_delay": 0.10048493546768349, "cost": 164.78571428571428, "target_value": 224.0742211819692, "running_time": 121730.02004623413, "local_count": 78, "common_count": 62}, "Ours": {"avg_delay": 0.09833626741890025, "cost": 120.17142857142858, "target_value": 188.4648388474717, "running_time": 726.6972064971924, "local_count": 75, "common_count": 65}}, "sim1": {"simulation_id": 1, "user_seed": 36819570, "Nearest": {"avg_delay": 0.11105523476807197, "cost": 156.65714285714284, "target_value": 228.5480919109291, "running_time": 2.0020008087158203, "local_count": 140, "common_count": 0}, "Modify-Assignment(Tx)": {"avg_delay": 0.11223621003458983, "cost": 162.05714285714285, "target_value": 233.77906717744696, "running_time": 95.07870674133301, "local_count": 140, "common_count": 0}, "Modify-Assignment(Tx+Tp+Tq)": {"avg_delay": 0.10567792248046486, "cost": 161.4857142857143, "target_value": 226.79220819475057, "running_time": 107214.0691280365, "local_count": 87, "common_count": 53}, "Ours": {"avg_delay": 0.10585257431740114, "cost": 120.47142857142858, "target_value": 196.20614574597255, "running_time": 772.2194194793701, "local_count": 106, "common_count": 34}}}, "80": {"sim0": {"simulation_id": 0, "user_seed": 3691750, "Nearest": {"avg_delay": 0.11111824995294256, "cost": 180.3375, "target_value": 246.37137495294257, "running_time": 2.002239227294922, "local_count": 160, "common_count": 0}, "Modify-Assignment(Tx)": {"avg_delay": 0.11223641899011286, "cost": 186.4875, "target_value": 252.10204399011286, "running_time": 129.15730476379395, "local_count": 160, "common_count": 0}, "Modify-Assignment(Tx+Tp+Tq)": {"avg_delay": 0.10631701961872149, "cost": 184.5875, "target_value": 244.75764461872149, "running_time": 153998.24595451355, "local_count": 103, "common_count": 57}, "Ours": {"avg_delay": 0.1031626792067992, "cost": 136.4875, "target_value": 205.5283042067992, "running_time": 944.7891712188721, "local_count": 117, "common_count": 43}}, "sim1": {"simulation_id": 1, "user_seed": 36503937, "Nearest": {"avg_delay": 0.11008114219628545, "cost": 184.45, "target_value": 248.41864219628542, "running_time": 3.002643585205078, "local_count": 160, "common_count": 0}, "Modify-Assignment(Tx)": {"avg_delay": 0.11269777297741719, "cost": 197.45, "target_value": 260.78527297741715, "running_time": 152.12607383728027, "local_count": 160, "common_count": 0}, "Modify-Assignment(Tx+Tp+Tq)": {"avg_delay": 0.10519013638700998, "cost": 188.5125, "target_value": 246.57451138700998, "running_time": 156987.06912994385, "local_count": 100, "common_count": 60}, "Ours": {"avg_delay": 0.10397741770454895, "cost": 140.6625, "target_value": 209.47429270454893, "running_time": 1003.0958652496338, "local_count": 117, "common_count": 43}}},