{"40": {"sim0": {"simulation_id": 0, "user_seed": 9923983, "Nearest": {"avg_delay": 0.1074753317649579, "cost": 100.15, "target_value": 182.5878317649579, "running_time": 1.0006427764892578, "local_count": 80, "common_count": 0}, "Modify-Assignment(Tx)": {"avg_delay": 0.10927908176081351, "cost": 101.7, "target_value": 185.55408176081352, "running_time": 36.594390869140625, "local_count": 80, "common_count": 0}, "Modify-Assignment(Tx+Tp+Tq)": {"avg_delay": 0.10302560290288511, "cost": 104.225, "target_value": 181.1943529028851, "running_time": 20348.889350891113, "local_count": 50, "common_count": 30}, "Ours": {"avg_delay": 0.09973744184735471, "cost": 79.1, "target_value": 159.0624418473547, "running_time": 289.23940658569336, "local_count": 49, "common_count": 31}}, "sim1": {"simulation_id": 1, "user_seed": 24909517, "Nearest": {"avg_delay": 0.10536529014583758, "cost": 97.625, "target_value": 178.58404014583758, "running_time": 1.0008811950683594, "local_count": 80, "common_count": 0}, "Modify-Assignment(Tx)": {"avg_delay": 0.10697597854908437, "cost": 97.65, "target_value": 180.21347854908439, "running_time": 40.21787643432617, "local_count": 80, "common_count": 0}, "Modify-Assignment(Tx+Tp+Tq)": {"avg_delay": 0.10109994767794127, "cost": 101.975, "target_value": 177.58119767794125, "running_time": 20973.77586364746, "local_count": 52, "common_count": 28}, "Ours": {"avg_delay": 0.09929964387405535, "cost": 82.325, "target_value": 161.04339387405537, "running_time": 294.24285888671875, "local_count": 61, "common_count": 19}}}, "50": {"sim0": {"simulation_id": 0, "user_seed": 16411225, "Nearest": {"avg_delay": 0.10910356653433871, "cost": 123.62, "target_value": 201.81856653433871, "running_time": 2.0012855529785156, "local_count": 100, "common_count": 0}, "Modify-Assignment(Tx)": {"avg_delay": 0.11239280515124975, "cost": 128.96, "target_value": 209.11280515124974, "running_time": 85.07156372070312, "local_count": 100, "common_count": 0}, "Modify-Assignment(Tx+Tp+Tq)": {"avg_delay": 0.10322249596415013, "cost": 128.08, "target_value": 199.28249596415014, "running_time": 39627.31122970581, "local_count": 61, "common_count": 39}, "Ours": {"avg_delay": 0.10468905481192735, "cost": 88.64, "target_value": 171.16905481192737, "running_time": 436.97047233581543, "local_count": 66, "common_count": 34}}, "sim1": {"simulation_id": 1, "user_seed": 14928332, "Nearest": {"avg_delay": 0.10391577932680052, "cost": 121.16, "target_value": 194.78577932680054, "running_time": 2.0012855529785156, "local_count": 100, "common_count": 0}, "Modify-Assignment(Tx)": {"avg_delay": 0.10437952719213699, "cost": 127.82, "target_value": 200.24452719213699, "running_time": 68.05586814880371, "local_count": 100, "common_count": 0}, "Modify-Assignment(Tx+Tp+Tq)": {"avg_delay": 0.09943609566774646, "cost": 125.54, "target_value": 193.59109566774646, "running_time": 39368.76821517944, "local_count": 64, "common_count": 36}, "Ours": {"avg_delay": 0.0985693389871331, "cost": 99.22, "target_value": 172.9843389871331, "running_time": 465.98052978515625, "local_count": 64, "common_count": 36}}}, "60": {"sim0": {"simulation_id": 0, "user_seed": 76282776, "Nearest": {"avg_delay": 0.1098955816199283, "cost": 150.45, "target_value": 222.73308161992827, "running_time": 2.0017623901367188, "local_count": 120, "common_count": 0}, "Modify-Assignment(Tx)": {"avg_delay": 0.11300739870663681, "cost": 160.55, "target_value": 233.41989870663684, "running_time": 117.09737777709961, "local_count": 120, "common_count": 0}, "Modify-Assignment(Tx+Tp+Tq)": {"avg_delay": 0.10561470795343285, "cost": 155.28333333333333, "target_value": 222.07720795343286, "running_time": 73727.15902328491, "local_count": 70, "common_count": 50}, "Ours": {"avg_delay": 0.10453215482221259, "cost": 113.98333333333333, "target_value": 190.0196548222126, "running_time": 574.4869709014893, "local_count": 82, "common_count": 38}}, "sim1": {"simulation_id": 1, "user_seed": 8669918, "Nearest": {"avg_delay": 0.10812758724842395, "cost": 141.08333333333334, "target_value": 213.94008724842394, "running_time": 2.002239227294922, "local_count": 120, "common_count": 0}, "Modify-Assignment(Tx)": {"avg_delay": 0.10911384886012453, "cost": 144.13333333333333, "target_value": 217.21384886012453, "running_time": 75.06132125854492, "local_count": 120, "common_count": 0}, "Modify-Assignment(Tx+Tp+Tq)": {"avg_delay": 0.10205460481212511, "cost": 145.1, "target_value": 210.87960481212508, "running_time": 76021.25668525696, "local_count": 69, "common_count": 51}, "Ours": {"avg_delay": 0.10363008423365128, "cost": 106.6, "target_value": 183.58008423365126, "running_time": 554.5430183410645, "local_count": 76, "common_count": 44}}}, "70": {"sim0": {"simulation_id": 0, "user_seed": 65366766, "Nearest": {"avg_delay": 0.10612491685157584, "cost": 151.37142857142857, "target_value": 219.65348828014726, "running_time": 2.002239227294922, "local_count": 140, "common_count": 0}, "Modify-Assignment(Tx)": {"avg_delay": 0.10915825243998699, "cost": 158.22857142857143, "target_value": 227.82968101141557, "running_time": 142.21692085266113, "local_count": 140, "common_count": 0}, "Modify-Assignment(Tx+Tp+Tq)": {"avg_delay": 0.10145627968116394, "cost": 155.4, "target_value": 218.00627968116396, "running_time": 101574.53918457031, "local_count": 88, "common_count": 52}, "Ours": {"avg_delay": 0.10090038720218217, "cost": 120.87142857142857, "target_value": 191.55395863075358, "running_time": 731.6398620605469, "local_count": 102, "common_count": 38}}, "sim1": {"simulation_id": 1, "user_seed": 88676949, "Nearest": {"avg_delay": 0.10831320556036556, "cost": 165.0142857142857, "target_value": 232.07391984607983, "running_time": 3.002643585205078, "local_count": 140, "common_count": 0}, "Modify-Assignment(Tx)": {"avg_delay": 0.11103985703196595, "cost": 170.9857142857143, "target_value": 239.2791427462517, "running_time": 135.11109352111816, "local_count": 140, "common_count": 0}, "Modify-Assignment(Tx+Tp+Tq)": {"avg_delay": 0.10225548119264029, "cost": 169.0857142857143, "target_value": 229.06976690692602, "running_time": 109394.02961730957, "local_count": 84, "common_count": 56}, "Ours": {"avg_delay": 0.10096922539855017, "cost": 127.24285714285715, "target_value": 196.40136825569306, "running_time": 796.4627742767334, "local_count": 96, "common_count": 44}}}, "80": {"sim0": {"simulation_id": 0, "user_seed": 53299681, "Nearest": {"avg_delay": 0.10783498459693008, "cost": 172.0625, "target_value": 236.8818595969301, "running_time": 3.0024051666259766, "local_count": 160, "common_count": 0}, "Modify-Assignment(Tx)": {"avg_delay": 0.10924197422099781, "cost": 176.575, "target_value": 241.67322422099778, "running_time": 136.14416122436523, "local_count": 160, "common_count": 0}, "Modify-Assignment(Tx+Tp+Tq)": {"avg_delay": 0.10211456475015174, "cost": 176.175, "target_value": 234.24581475015177, "running_time": 169454.91814613342, "local_count": 93, "common_count": 67}, "Ours": {"avg_delay": 0.09978117772114559, "cost": 139.9, "target_value": 204.7061777211456, "running_time": 952.7091979980469, "local_count": 107, "common_count": 53}}, "sim1": {"simulation_id": 1, "user_seed": 25064573, "Nearest": {"avg_delay": 0.1088355111135239, "cost": 170.9, "target_value": 237.0105111135239, "running_time": 3.0024051666259766, "local_count": 160, "common_count": 0}, "Modify-Assignment(Tx)": {"avg_delay": 0.11098380747883162, "cost": 175.3125, "target_value": 242.46818247883164, "running_time": 120.09930610656738, "local_count": 160, "common_count": 0}, "Modify-Assignment(Tx+Tp+Tq)": {"avg_delay": 0.10399878329264464, "cost": 174.65, "target_value": 234.98628329264466, "running_time": 149351.0754108429, "local_count": 104, "common_count": 56}, "Ours": {"avg_delay": 0.10505567345950678, "cost": 132.8, "target_value": 204.65567345950677, "running_time": 978.9373874664307, "local_count": 111, "common_count": 49}}}, "90": {"sim0": {"simulation_id": 0, "user_seed": 87999741,