{"40": {"sim0": {"simulation_id": 0, "user_seed": 7284170, "Nearest": {"avg_delay": 0.10364917656815738, "cost": 113.175, "target_value": 188.53042656815737, "running_time": 1.0008811950683594, "local_count": 80, "common_count": 0}, "Modify-Assignment(Tx)": {"avg_delay": 0.10338514002435688, "cost": 111.225, "target_value": 186.80389002435686, "running_time": 36.029815673828125, "local_count": 80, "common_count": 0}, "Modify-Assignment(Tx+Tp+Tq)": {"avg_delay": 0.09882386645858303, "cost": 118.3, "target_value": 187.548866458583, "running_time": 23118.592262268066, "local_count": 44, "common_count": 36}, "Ours": {"avg_delay": 0.09624838488488609, "cost": 87.325, "target_value": 161.7421348848861, "running_time": 295.2442169189453, "local_count": 51, "common_count": 29}}, "sim1": {"simulation_id": 1, "user_seed": 6172705, "Nearest": {"avg_delay": 0.10708489815205242, "cost": 95.65, "target_value": 178.82239815205241, "running_time": 1.0006427764892578, "local_count": 80, "common_count": 0}, "Modify-Assignment(Tx)": {"avg_delay": 0.11104355093791343, "cost": 105.4, "target_value": 190.09355093791345, "running_time": 44.0363883972168, "local_count": 80, "common_count": 0}, "Modify-Assignment(Tx+Tp+Tq)": {"avg_delay": 0.10065743159962418, "cost": 100.425, "target_value": 175.97618159962417, "running_time": 22180.464267730713, "local_count": 47, "common_count": 33}, "Ours": {"avg_delay": 0.09906707557926323, "cost": 84.625, "target_value": 162.53582557926325, "running_time": 292.24205017089844, "local_count": 60, "common_count": 20}}}, "50": {"sim0": {"simulation_id": 0, "user_seed": 83438593, "Nearest": {"avg_delay": 0.10704391128353487, "cost": 128.94, "target_value": 203.74891128353488, "running_time": 2.001523971557617, "local_count": 100, "common_count": 0}, "Modify-Assignment(Tx)": {"avg_delay": 0.1089296085236906, "cost": 126.96, "target_value": 204.1496085236906, "running_time": 34.02853012084961, "local_count": 100, "common_count": 0}, "Modify-Assignment(Tx+Tp+Tq)": {"avg_delay": 0.10172616710728956, "cost": 132.7, "target_value": 201.25116710728955, "running_time": 37226.699113845825, "local_count": 63, "common_count": 37}, "Ours": {"avg_delay": 0.09918111700909918, "cost": 100.76, "target_value": 174.75111700909918, "running_time": 411.34023666381836, "local_count": 67, "common_count": 33}}, "sim1": {"simulation_id": 1, "user_seed": 26523493, "Nearest": {"avg_delay": 0.11258308346856263, "cost": 127.14, "target_value": 207.93808346856264, "running_time": 1.0006427764892578, "local_count": 100, "common_count": 0}, "Modify-Assignment(Tx)": {"avg_delay": 0.11511155154100984, "cost": 132.68, "target_value": 214.62155154100986, "running_time": 55.04488945007324, "local_count": 100, "common_count": 0}, "Modify-Assignment(Tx+Tp+Tq)": {"avg_delay": 0.10656390918394613, "cost": 131.14, "target_value": 204.91890918394614, "running_time": 39842.23031997681, "local_count": 61, "common_count": 39}, "Ours": {"avg_delay": 0.10311537034727167, "cost": 101.06, "target_value": 178.91037034727168, "running_time": 449.35107231140137, "local_count": 65, "common_count": 35}}}, "60": {"sim0": {"simulation_id": 0, "user_seed": 74390598, "Nearest": {"avg_delay": 0.10968811466054873, "cost": 128.98333333333332, "target_value": 206.42561466054872, "running_time": 2.001047134399414, "local_count": 120, "common_count": 0}, "Modify-Assignment(Tx)": {"avg_delay": 0.11191526304393629, "cost": 140.51666666666668, "target_value": 217.3027630439363, "running_time": 97.07999229431152, "local_count": 120, "common_count": 0}, "Modify-Assignment(Tx+Tp+Tq)": {"avg_delay": 0.10524900830098542, "cost": 133.2, "target_value": 205.14900830098543, "running_time": 65663.12217712402, "local_count": 77, "common_count": 43}, "Ours": {"avg_delay": 0.10400925823387774, "cost": 102.58333333333333, "target_value": 180.94675823387774, "running_time": 564.4659996032715, "local_count": 83, "common_count": 37}}, "sim1": {"simulation_id": 1, "user_seed": 88075452, "Nearest": {"avg_delay": 0.10696572925610727, "cost": 137.2, "target_value": 209.86572925610727, "running_time": 2.0012855529785156, "local_count": 120, "common_count": 0}, "Modify-Assignment(Tx)": {"avg_delay": 0.10909236387522785, "cost": 143.31666666666666, "target_value": 216.57986387522783, "running_time": 50.04143714904785, "local_count": 120, "common_count": 0}, "Modify-Assignment(Tx+Tp+Tq)": {"avg_delay": 0.10264462232259121, "cost": 141.3, "target_value": 208.61962232259123, "running_time": 66433.70079994202, "local_count": 76, "common_count": 44}, "Ours": {"avg_delay": 0.10338470470951258, "cost": 104.05, "target_value": 181.42220470951258, "running_time": 579.1988372802734, "local_count": 84, "common_count": 36}}}, "70": {"sim0": {"simulation_id": 0, "user_seed": 18805087, "Nearest": {"avg_delay": 0.10977213500174014, "cost": 155.67142857142858, "target_value": 226.52570643031157, "running_time": 2.001047134399414, "local_count": 140, "common_count": 0}, "Modify-Assignment(Tx)": {"avg_delay": 0.11083863324615054, "cost": 158.92857142857142, "target_value": 230.0350618175791, "running_time": 76.06267929077148, "local_count": 140, "common_count": 0}, "Modify-Assignment(Tx+Tp+Tq)": {"avg_delay": 0.10485104070129679, "cost": 159.6, "target_value": 224.55104070129678, "running_time": 103933.39323997498, "local_count": 90, "common_count": 50}, "Ours": {"avg_delay": 0.10286752818806524, "cost": 121.21428571428571, "target_value": 193.77824247377953, "running_time": 727.7274131774902, "local_count": 103, "common_count": 37}}, "sim1": {"simulation_id": 1, "user_seed": 84728194, "Nearest": {"avg_delay": 0.10839384497007747, "cost": 154.0857142857143, "target_value": 223.9581306843632, "running_time": 2.001523971557617, "local_count": 140, "common_count": 0}, "Modify-Assignment(Tx)": {"avg_delay": 0.1118682019329729, "cost": 163.42857142857142, "target_value": 234.43963050440146, "running_time": 129.40073013305664, "local_count": 140, "common_count": 0}, "Modify-Assignment(Tx+Tp+Tq)": {"avg_delay": 0.10207713158902292, "cost": 158.05714285714285, "target_value": 220.61998873188006, "running_time": 112875.28872489929, "local_count": 83, "common_count": 57}, "Ours": {"avg_delay": 0.09886552157911048, "cost": 120.15714285714286, "target_value": 188.98337872196763, "running_time": 770.5819606781006, "local_count": 91, "common_count": 49}}}, "80": {"sim0": {"simulation_id": 0, "user_seed": 22700978, "Nearest": {"avg_delay": 0.10928415919425064, "cost": 175.925, "target_value": 241.22790919425066, "running_time": 2.001523971557617, "local_count": 160, "common_count": 0}, "Modify-Assignment(Tx)": {"avg_delay": 0.11099608950644882, "cost": 178.375, "target_value": 244.7773395064488, "running_time": 165.15159606933594, "local_count": 160, "common_count": 0}, "Modify-Assignment(Tx+Tp+Tq)": {"avg_delay": 0.10407479532019961, "cost": 180.0125, "target_value": 239.08417032019958, "running_time": 159167.2830581665, "local_count": 99, "common_count": 61}, "Ours": {"avg_delay": 0.10431819072616187, "cost": 128.1375, "target_value": 200.42131572616188, "running_time": 922.3318099975586, "local_count": 107, "common_count": 53}}, "sim1": {"simulation_id": 1, "user_seed": 53815050, "Nearest": {"avg_delay": 0.11103847196602266, "cost": 166.9, "target_value": 236.21347196602267, "running_time": 2.002239227294922, "local_count": 160, "common_count": 0}, "Modify-Assignment(Tx)": {"avg_delay": 0.11127674529917446, "cost": 171.075, "target_value": 239.58299529917446, "running_time": 157.23538398742676, "local_count": 160, "common_count": 0}, "Modify-Assignment(Tx+Tp+Tq)": {"avg_delay": 0.10488660956212063, "cost": 171.0875, "target_value": 233.20223456212065, "running_time": 175622.58195877075, "local_count": 95, "common_count": 65}, "Ours": {"avg_delay": 0.10617811542128405, "cost": 125.975, "target_value": 200.65936542128404, "running_time": 958.3573341369629, "local_count": 102, "common_count": 58}}}, "90": {"sim0": {"simulation_id": 0, "user_seed": 30005555,