{"40": {"sim0": {"simulation_id": 0, "user_seed": 3105720, "Nearest": {"avg_delay": 0.10627692321687773, "cost": 102.175, "target_value": 182.90817321687774, "running_time": 1.0006427764892578, "local_count": 80, "common_count": 0}, "Modify-Assignment(Tx)": {"avg_delay": 0.1106439460342246, "cost": 116.9, "target_value": 198.3189460342246, "running_time": 57.047128677368164, "local_count": 80, "common_count": 0}, "Modify-Assignment(Tx+Tp+Tq)": {"avg_delay": 0.10224017110842298, "cost": 106.05, "target_value": 181.77767110842296, "running_time": 18532.371282577515, "local_count": 52, "common_count": 28}, "Ours": {"avg_delay": 0.10211194567184671, "cost": 84.375, "target_value": 165.3931956718467, "running_time": 285.37869453430176, "local_count": 54, "common_count": 26}}, "sim1": {"simulation_id": 1, "user_seed": 96008104, "Nearest": {"avg_delay": 0.10588538888624446, "cost": 104.925, "target_value": 184.57913888624446, "running_time": 1.001119613647461, "local_count": 80, "common_count": 0}, "Modify-Assignment(Tx)": {"avg_delay": 0.10668483998952454, "cost": 107.65, "target_value": 187.42233998952454, "running_time": 39.032697677612305, "local_count": 80, "common_count": 0}, "Modify-Assignment(Tx+Tp+Tq)": {"avg_delay": 0.10019723027673542, "cost": 109.475, "target_value": 182.3034802767354, "running_time": 23482.89942741394, "local_count": 44, "common_count": 36}, "Ours": {"avg_delay": 0.09868315755538161, "cost": 84.675, "target_value": 162.1894075553816, "running_time": 287.8236770629883, "local_count": 51, "common_count": 29}}}, "50": {"sim0": {"simulation_id": 0, "user_seed": 11780840, "Nearest": {"avg_delay": 0.10809754835855043, "cost": 124.46, "target_value": 201.44254835855043, "running_time": 1.0004043579101562, "local_count": 100, "common_count": 0}, "Modify-Assignment(Tx)": {"avg_delay": 0.10856762728585181, "cost": 123.52, "target_value": 201.2076272858518, "running_time": 36.029815673828125, "local_count": 100, "common_count": 0}, "Modify-Assignment(Tx+Tp+Tq)": {"avg_delay": 0.10267481386139793, "cost": 128.88, "target_value": 199.33481386139792, "running_time": 39583.85872840881, "local_count": 62, "common_count": 38}, "Ours": {"avg_delay": 0.101881337611936, "cost": 98.76, "target_value": 175.95133761193603, "running_time": 417.9661273956299, "local_count": 68, "common_count": 32}}, "sim1": {"simulation_id": 1, "user_seed": 86817620, "Nearest": {"avg_delay": 0.10990241683820313, "cost": 114.7, "target_value": 195.92741683820316, "running_time": 1.0004043579101562, "local_count": 100, "common_count": 0}, "Modify-Assignment(Tx)": {"avg_delay": 0.11069206548459001, "cost": 124.06, "target_value": 203.73706548459, "running_time": 72.0663070678711, "local_count": 100, "common_count": 0}, "Modify-Assignment(Tx+Tp+Tq)": {"avg_delay": 0.10439115645501476, "cost": 119.8, "target_value": 194.24115645501476, "running_time": 43741.76001548767, "local_count": 58, "common_count": 42}, "Ours": {"avg_delay": 0.10544579605542478, "cost": 87.1, "target_value": 170.77079605542477, "running_time": 442.5175189971924, "local_count": 62, "common_count": 38}}}, "60": {"sim0": {"simulation_id": 0, "user_seed": 63112555, "Nearest": {"avg_delay": 0.10860703196914255, "cost": 138.53333333333333, "target_value": 212.50703196914256, "running_time": 1.0008811950683594, "local_count": 120, "common_count": 0}, "Modify-Assignment(Tx)": {"avg_delay": 0.11200735008492714, "cost": 143.5, "target_value": 219.63235008492714, "running_time": 79.06508445739746, "local_count": 120, "common_count": 0}, "Modify-Assignment(Tx+Tp+Tq)": {"avg_delay": 0.10271560574224466, "cost": 143.21666666666667, "target_value": 210.12810574224466, "running_time": 74251.69682502747, "local_count": 71, "common_count": 49}, "Ours": {"avg_delay": 0.10077765322706103, "cost": 106.91666666666667, "target_value": 180.96515322706102, "running_time": 558.6678981781006, "local_count": 86, "common_count": 34}}, "sim1": {"simulation_id": 1, "user_seed": 16150834, "Nearest": {"avg_delay": 0.10863858874680678, "cost": 145.91666666666666, "target_value": 218.07608874680676, "running_time": 2.001523971557617, "local_count": 120, "common_count": 0}, "Modify-Assignment(Tx)": {"avg_delay": 0.10942491873347943, "cost": 146.58333333333334, "target_value": 219.36241873347944, "running_time": 84.35225486755371, "local_count": 120, "common_count": 0}, "Modify-Assignment(Tx+Tp+Tq)": {"avg_delay": 0.10342428052147094, "cost": 150.16666666666666, "target_value": 216.04928052147096, "running_time": 70001.24526023865, "local_count": 73, "common_count": 47}, "Ours": {"avg_delay": 0.10495723999266209, "cost": 107.73333333333333, "target_value": 185.75723999266208, "running_time": 559.4663619995117, "local_count": 62, "common_count": 58}}}, "70": {"sim0": {"simulation_id": 0, "user_seed": 57480786, "Nearest": {"avg_delay": 0.10595971581550913, "cost": 152.84285714285716, "target_value": 220.591858672652, "running_time": 2.0020008087158203, "local_count": 140, "common_count": 0}, "Modify-Assignment(Tx)": {"avg_delay": 0.10724390933882752, "cost": 162.5857142857143, "target_value": 229.18319505311325, "running_time": 129.15492057800293, "local_count": 140, "common_count": 0}, "Modify-Assignment(Tx+Tp+Tq)": {"avg_delay": 0.1002608679333885, "cost": 157.9142857142857, "target_value": 218.69658221910277, "running_time": 132451.18522644043, "local_count": 73, "common_count": 67}, "Ours": {"avg_delay": 0.09953555379860492, "cost": 120.87142857142857, "target_value": 190.18912522717636, "running_time": 726.9964218139648, "local_count": 75, "common_count": 65}}, "sim1": {"simulation_id": 1, "user_seed": 35020012, "Nearest": {"avg_delay": 0.11004810544739209, "cost": 156.8, "target_value": 227.64810544739208, "running_time": 2.0017623901367188, "local_count": 140, "common_count": 0}, "Modify-Assignment(Tx)": {"avg_delay": 0.1126393264228679, "cost": 161.78571428571428, "target_value": 233.97861213715362, "running_time": 93.07646751403809, "local_count": 140, "common_count": 0}, "Modify-Assignment(Tx+Tp+Tq)": {"avg_delay": 0.10511427716044991, "cost": 160.9142857142857, "target_value": 225.7999914461642, "running_time": 107721.84658050537, "local_count": 92, "common_count": 48}, "Ours": {"avg_delay": 0.10366233415809101, "cost": 119.98571428571428, "target_value": 193.65161987237673, "running_time": 760.7214450836182, "local_count": 110, "common_count": 30}}}, "80": {"sim0": {"simulation_id": 0, "user_seed": 32098002, "Nearest": {"avg_delay": 0.1111385079361371, "cost": 166.825, "target_value": 236.25725793613708, "running_time": 2.0024776458740234, "local_count": 160, "common_count": 0}, "Modify-Assignment(Tx)": {"avg_delay": 0.1136207125274663, "cost": 172.3875, "target_value": 242.9113375274663, "running_time": 156.1293601989746, "local_count": 160, "common_count": 0}, "Modify-Assignment(Tx+Tp+Tq)": {"avg_delay": 0.10529214333791759, "cost": 170.8875, "target_value": 233.45776833791757, "running_time": 165883.92686843872, "local_count": 102, "common_count": 58}, "Ours": {"avg_delay": 0.1042187947365755, "cost": 126.375, "target_value": 199.0000447365755, "running_time": 946.0532665252686, "local_count": 109, "common_count": 51}}, "sim1": {"simulation_id": 1, "user_seed": 97641643, "Nearest": {"avg_delay": 0.10984199264978174, "cost": 171.5375, "target_value": 238.49511764978172, "running_time": 2.001047134399414, "local_count": 160, "common_count": 0}, "Modify-Assignment(Tx)": {"avg_delay": 0.11068255755258156, "cost": 175.9625, "target_value": 242.65443255258157, "running_time": 93.07694435119629, "local_count": 160, "common_count": 0}, "Modify-Assignment(Tx+Tp+Tq)": {"avg_delay": 0.10391378607610316, "cost": 175.875, "target_value": 235.82003607610318, "running_time": 164934.16380882263, "local_count": 98, "common_count": 62}, "Ours": {"avg_delay": 0.10219091442965945, "cost": 138.35, "target_value": 205.95341442965946, "running_time": 968.5103893280029, "local_count": 109, "common_count": 51}}},