{"40": {"sim0": {"simulation_id": 0, "user_seed": 56557707, "Nearest": {"avg_delay": 0.10284664147076054, "cost": 109.15, "target_value": 184.70914147076056, "running_time": 1.001119613647461, "local_count": 80, "common_count": 0}, "Modify-Assignment(Tx)": {"avg_delay": 0.10413128897073937, "cost": 111.05, "target_value": 187.41878897073934, "running_time": 29.02364730834961, "local_count": 80, "common_count": 0}, "Modify-Assignment(Tx+Tp+Tq)": {"avg_delay": 0.09657536915791187, "cost": 114.025, "target_value": 182.09411915791188, "running_time": 23771.53182029724, "local_count": 43, "common_count": 37}, "Ours": {"avg_delay": 0.10010893590750104, "cost": 86.05, "target_value": 164.64643590750103, "running_time": 292.24109649658203, "local_count": 45, "common_count": 35}}, "sim1": {"simulation_id": 1, "user_seed": 60003320, "Nearest": {"avg_delay": 0.10618338768257399, "cost": 104.825, "target_value": 184.802137682574, "running_time": 1.0006427764892578, "local_count": 80, "common_count": 0}, "Modify-Assignment(Tx)": {"avg_delay": 0.10726747400520939, "cost": 107.6, "target_value": 187.9674740052094, "running_time": 20.01667022705078, "local_count": 80, "common_count": 0}, "Modify-Assignment(Tx+Tp+Tq)": {"avg_delay": 0.1012929393764002, "cost": 108.225, "target_value": 182.4616893764002, "running_time": 19755.71084022522, "local_count": 50, "common_count": 30}, "Ours": {"avg_delay": 0.0986454507643086, "cost": 85.025, "target_value": 162.4142007643086, "running_time": 287.334680557251, "local_count": 54, "common_count": 26}}}, "50": {"sim0": {"simulation_id": 0, "user_seed": 3636752, "Nearest": {"avg_delay": 0.11121545598068053, "cost": 124.6, "target_value": 204.66545598068052, "running_time": 1.0013580322265625, "local_count": 100, "common_count": 0}, "Modify-Assignment(Tx)": {"avg_delay": 0.11356420751858325, "cost": 131.82, "target_value": 212.42920751858324, "running_time": 50.04167556762695, "local_count": 100, "common_count": 0}, "Modify-Assignment(Tx+Tp+Tq)": {"avg_delay": 0.10475321794537185, "cost": 129.38, "target_value": 201.78821794537185, "running_time": 42330.66177368164, "local_count": 58, "common_count": 42}, "Ours": {"avg_delay": 0.10181966576332209, "cost": 100.16, "target_value": 176.9396657633221, "running_time": 419.34680938720703, "local_count": 74, "common_count": 26}}, "sim1": {"simulation_id": 1, "user_seed": 16952192, "Nearest": {"avg_delay": 0.10350101982017025, "cost": 123.6, "target_value": 196.20101982017025, "running_time": 1.0004043579101562, "local_count": 100, "common_count": 0}, "Modify-Assignment(Tx)": {"avg_delay": 0.10538743795493158, "cost": 128.6, "target_value": 201.83743795493157, "running_time": 80.06644248962402, "local_count": 100, "common_count": 0}, "Modify-Assignment(Tx+Tp+Tq)": {"avg_delay": 0.09745631331146372, "cost": 128.22, "target_value": 193.62131331146372, "running_time": 46099.94554519653, "local_count": 54, "common_count": 46}, "Ours": {"avg_delay": 0.09522450024287232, "cost": 101.42, "target_value": 171.28950024287232, "running_time": 449.476957321167, "local_count": 53, "common_count": 47}}}, "60": {"sim0": {"simulation_id": 0, "user_seed": 96254789, "Nearest": {"avg_delay": 0.10387264767352984, "cost": 130.05, "target_value": 201.41014767352985, "running_time": 2.001523971557617, "local_count": 120, "common_count": 0}, "Modify-Assignment(Tx)": {"avg_delay": 0.10519783400857999, "cost": 134.83333333333334, "target_value": 206.32283400858, "running_time": 70.05810737609863, "local_count": 120, "common_count": 0}, "Modify-Assignment(Tx+Tp+Tq)": {"avg_delay": 0.09942562446301957, "cost": 134.01666666666668, "target_value": 199.9381244630196, "running_time": 60386.85464859009, "local_count": 78, "common_count": 42}, "Ours": {"avg_delay": 0.09942693659677806, "cost": 106.26666666666667, "target_value": 179.12693659677808, "running_time": 550.5218505859375, "local_count": 87, "common_count": 33}}, "sim1": {"simulation_id": 1, "user_seed": 36017389, "Nearest": {"avg_delay": 0.10796684384297892, "cost": 135.75, "target_value": 209.7793438429789, "running_time": 2.0017623901367188, "local_count": 120, "common_count": 0}, "Modify-Assignment(Tx)": {"avg_delay": 0.10803541983799313, "cost": 137.33333333333334, "target_value": 211.03541983799312, "running_time": 80.08313179016113, "local_count": 120, "common_count": 0}, "Modify-Assignment(Tx+Tp+Tq)": {"avg_delay": 0.10269450714724966, "cost": 139.61666666666667, "target_value": 207.40700714724966, "running_time": 70801.68771743774, "local_count": 74, "common_count": 46}, "Ours": {"avg_delay": 0.10049784483267664, "cost": 103.31666666666666, "target_value": 177.98534483267662, "running_time": 568.6185359954834, "local_count": 78, "common_count": 42}}}, "70": {"sim0": {"simulation_id": 0, "user_seed": 59043612, "Nearest": {"avg_delay": 0.1117651430751522, "cost": 153.2, "target_value": 226.66514307515217, "running_time": 2.002239227294922, "local_count": 140, "common_count": 0}, "Modify-Assignment(Tx)": {"avg_delay": 0.11249618134562878, "cost": 155.57142857142858, "target_value": 229.17475277420021, "running_time": 71.3191032409668, "local_count": 140, "common_count": 0}, "Modify-Assignment(Tx+Tp+Tq)": {"avg_delay": 0.10629876241043539, "cost": 157.17142857142858, "target_value": 224.17733383900682, "running_time": 98344.27309036255, "local_count": 90, "common_count": 50}, "Ours": {"avg_delay": 0.10372152052516924, "cost": 121.68571428571428, "target_value": 194.98580623945494, "running_time": 728.6074161529541, "local_count": 94, "common_count": 46}}, "sim1": {"simulation_id": 1, "user_seed": 93906516, "Nearest": {"avg_delay": 0.11025450714152739, "cost": 149.12857142857143, "target_value": 222.10093571295596, "running_time": 2.0020008087158203, "local_count": 140, "common_count": 0}, "Modify-Assignment(Tx)": {"avg_delay": 0.11325192991739476, "cost": 158.85714285714286, "target_value": 232.3947870602519, "running_time": 141.11709594726562, "local_count": 140, "common_count": 0}, "Modify-Assignment(Tx+Tp+Tq)": {"avg_delay": 0.1059432437448, "cost": 153.28571428571428, "target_value": 220.9075294590857, "running_time": 102509.89508628845, "local_count": 93, "common_count": 47}, "Ours": {"avg_delay": 0.10335347091523263, "cost": 119.24285714285715, "target_value": 192.78561377237548, "running_time": 771.2156772613525, "local_count": 101, "common_count": 39}}}, "80": {"sim0": {"simulation_id": 0, "user_seed": 52346609, "Nearest": {"avg_delay": 0.10512604967179437, "cost": 165.4, "target_value": 229.17604967179437, "running_time": 3.0019283294677734, "local_count": 160, "common_count": 0}, "Modify-Assignment(Tx)": {"avg_delay": 0.10710301474320572, "cost": 168.9625, "target_value": 233.82488974320574, "running_time": 173.77853393554688, "local_count": 160, "common_count": 0}, "Modify-Assignment(Tx+Tp+Tq)": {"avg_delay": 0.09973224570208811, "cost": 170.275, "target_value": 227.43849570208812, "running_time": 184722.06354141235, "local_count": 88, "common_count": 72}, "Ours": {"avg_delay": 0.101140608632708, "cost": 125.025, "target_value": 194.909358632708, "running_time": 926.1023998260498, "local_count": 104, "common_count": 56}}, "sim1": {"simulation_id": 1, "user_seed": 26223249, "Nearest": {"avg_delay": 0.10693533102324594, "cost": 172.4875, "target_value": 236.30095602324596, "running_time": 2.001523971557617, "local_count": 160, "common_count": 0}, "Modify-Assignment(Tx)": {"avg_delay": 0.10811481266404588, "cost": 173.8625, "target_value": 238.5116876640459, "running_time": 219.3002700805664, "local_count": 160, "common_count": 0}, "Modify-Assignment(Tx+Tp+Tq)": {"avg_delay": 0.10209373752798295, "cost": 176.975, "target_value": 234.82498752798296, "running_time": 172623.12841415405, "local_count": 94, "common_count": 66}, "Ours": {"avg_delay": 0.10131625742178345, "cost": 138.4875, "target_value": 205.18188242178346, "running_time": 973.9851951599121, "local_count": 105, "common_count": 55}}}, "90": {"sim0": {"simulation_id": 0,