{"40": {"sim0": {"simulation_id": 0, "user_seed": 69885437, "Nearest": {"avg_delay": 0.1074111354254358, "cost": 107.025, "target_value": 187.67988542543583, "running_time": 1.0006427764892578, "local_count": 80, "common_count": 0}, "Modify-Assignment(Tx)": {"avg_delay": 0.11033630527935875, "cost": 112.175, "target_value": 194.46755527935875, "running_time": 37.01472282409668, "local_count": 80, "common_count": 0}, "Modify-Assignment(Tx+Tp+Tq)": {"avg_delay": 0.1017322934603718, "cost": 111.375, "target_value": 185.2635434603718, "running_time": 22415.45033454895, "local_count": 46, "common_count": 34}, "Ours": {"avg_delay": 0.09881721858575865, "cost": 85.1, "target_value": 162.64221858575866, "running_time": 319.17500495910645, "local_count": 48, "common_count": 32}}, "sim1": {"simulation_id": 1, "user_seed": 41531657, "Nearest": {"avg_delay": 0.10395983335204512, "cost": 90.775, "target_value": 172.04108335204512, "running_time": 1.0006427764892578, "local_count": 80, "common_count": 0}, "Modify-Assignment(Tx)": {"avg_delay": 0.10685104625480416, "cost": 95.875, "target_value": 178.75729625480415, "running_time": 30.02476692199707, "local_count": 80, "common_count": 0}, "Modify-Assignment(Tx+Tp+Tq)": {"avg_delay": 0.0998362194416936, "cost": 94.475, "target_value": 170.6924694416936, "running_time": 17847.776889801025, "local_count": 54, "common_count": 26}, "Ours": {"avg_delay": 0.09942158397005053, "cost": 80.2, "target_value": 159.57158397005054, "running_time": 289.80326652526855, "local_count": 55, "common_count": 25}}}, "50": {"sim0": {"simulation_id": 0, "user_seed": 47403617, "Nearest": {"avg_delay": 0.10856356648390668, "cost": 122.14, "target_value": 200.1685664839067, "running_time": 1.0008811950683594, "local_count": 100, "common_count": 0}, "Modify-Assignment(Tx)": {"avg_delay": 0.11000718323741852, "cost": 127.64, "target_value": 205.73718323741855, "running_time": 74.06091690063477, "local_count": 100, "common_count": 0}, "Modify-Assignment(Tx+Tp+Tq)": {"avg_delay": 0.10274415878143059, "cost": 126.6, "target_value": 197.6941587814306, "running_time": 40094.584465026855, "local_count": 62, "common_count": 38}, "Ours": {"avg_delay": 0.10101511501755929, "cost": 94.3, "target_value": 171.74011501755928, "running_time": 439.3637180328369, "local_count": 67, "common_count": 33}}, "sim1": {"simulation_id": 1, "user_seed": 35730713, "Nearest": {"avg_delay": 0.10893134425829648, "cost": 118.48, "target_value": 197.79134425829648, "running_time": 1.0006427764892578, "local_count": 100, "common_count": 0}, "Modify-Assignment(Tx)": {"avg_delay": 0.1101038249563107, "cost": 121.46, "target_value": 201.19882495631072, "running_time": 64.05305862426758, "local_count": 100, "common_count": 0}, "Modify-Assignment(Tx+Tp+Tq)": {"avg_delay": 0.10310628865010756, "cost": 122.22, "target_value": 194.77128865010755, "running_time": 42178.78460884094, "local_count": 60, "common_count": 40}, "Ours": {"avg_delay": 0.10243870936095513, "cost": 89.38, "target_value": 169.47370936095513, "running_time": 479.07209396362305, "local_count": 65, "common_count": 35}}}, "60": {"sim0": {"simulation_id": 0, "user_seed": 91620423, "Nearest": {"avg_delay": 0.10595973380419514, "cost": 132.88333333333333, "target_value": 205.62223380419513, "running_time": 1.001119613647461, "local_count": 120, "common_count": 0}, "Modify-Assignment(Tx)": {"avg_delay": 0.10942687631430514, "cost": 142.71666666666667, "target_value": 216.46437631430513, "running_time": 86.07101440429688, "local_count": 120, "common_count": 0}, "Modify-Assignment(Tx+Tp+Tq)": {"avg_delay": 0.10121983923199826, "cost": 137.1, "target_value": 204.04483923199825, "running_time": 67980.6592464447, "local_count": 74, "common_count": 46}, "Ours": {"avg_delay": 0.10093803214070281, "cost": 105.15, "target_value": 179.8005321407028, "running_time": 598.6087322235107, "local_count": 74, "common_count": 46}}, "sim1": {"simulation_id": 1, "user_seed": 98159360, "Nearest": {"avg_delay": 0.10641451859860368, "cost": 142.15, "target_value": 213.0270185986037, "running_time": 2.002239227294922, "local_count": 120, "common_count": 0}, "Modify-Assignment(Tx)": {"avg_delay": 0.10609053423405043, "cost": 138.5, "target_value": 209.96553423405044, "running_time": 85.07061004638672, "local_count": 120, "common_count": 0}, "Modify-Assignment(Tx+Tp+Tq)": {"avg_delay": 0.10127094957303079, "cost": 146.91666666666666, "target_value": 211.4584495730308, "running_time": 73304.61096763611, "local_count": 69, "common_count": 51}, "Ours": {"avg_delay": 0.09929204688298283, "cost": 108.48333333333333, "target_value": 180.65454688298283, "running_time": 600.0776290893555, "local_count": 81, "common_count": 39}}}, "70": {"sim0": {"simulation_id": 0, "user_seed": 64379452, "Nearest": {"avg_delay": 0.10742348733683452, "cost": 153.35714285714286, "target_value": 222.44134447969165, "running_time": 2.0017623901367188, "local_count": 140, "common_count": 0}, "Modify-Assignment(Tx)": {"avg_delay": 0.11067213327821812, "cost": 163.55714285714285, "target_value": 233.33999042107527, "running_time": 131.10828399658203, "local_count": 140, "common_count": 0}, "Modify-Assignment(Tx+Tp+Tq)": {"avg_delay": 0.10192603064783547, "cost": 157.88571428571427, "target_value": 220.34031636212117, "running_time": 107610.61930656433, "local_count": 87, "common_count": 53}, "Ours": {"avg_delay": 0.10097507515597581, "cost": 120.95714285714286, "target_value": 191.69293229883294, "running_time": 799.5338439941406, "local_count": 91, "common_count": 49}}, "sim1": {"simulation_id": 1, "user_seed": 86022066, "Nearest": {"avg_delay": 0.10684364666300752, "cost": 156.71428571428572, "target_value": 224.3793609487218, "running_time": 2.0020008087158203, "local_count": 140, "common_count": 0}, "Modify-Assignment(Tx)": {"avg_delay": 0.10612293485826475, "cost": 156.65714285714284, "target_value": 223.6157920011219, "running_time": 151.2279510498047, "local_count": 140, "common_count": 0}, "Modify-Assignment(Tx+Tp+Tq)": {"avg_delay": 0.10153484488628513, "cost": 161.4, "target_value": 222.58484488628514, "running_time": 120531.79597854614, "local_count": 79, "common_count": 61}, "Ours": {"avg_delay": 0.10007106832528821, "cost": 120.8, "target_value": 190.67106832528822, "running_time": 819.3502426147461, "local_count": 83, "common_count": 57}}}, "80": {"sim0": {"simulation_id": 0, "user_seed": 67832990, "Nearest": {"avg_delay": 0.11190806278616487, "cost": 179.0, "target_value": 246.15806278616486, "running_time": 2.002239227294922, "local_count": 160, "common_count": 0}, "Modify-Assignment(Tx)": {"avg_delay": 0.11347379378696378, "cost": 183.35, "target_value": 250.98629378696376, "running_time": 121.10018730163574, "local_count": 160, "common_count": 0}, "Modify-Assignment(Tx+Tp+Tq)": {"avg_delay": 0.10590428490133708, "cost": 183.7125, "target_value": 243.68865990133708, "running_time": 176782.42087364197, "local_count": 92, "common_count": 68}, "Ours": {"avg_delay": 0.10391043185527189, "cost": 126.15, "target_value": 198.5229318552719, "running_time": 1012.1924877166748, "local_count": 103, "common_count": 57}}, "sim1": {"simulation_id": 1, "user_seed": 18521575, "Nearest": {"avg_delay": 0.1075308802712578, "cost": 181.075, "target_value": 243.33713027125776, "running_time": 3.002643585205078, "local_count": 160, "common_count": 0}, "Modify-Assignment(Tx)": {"avg_delay": 0.10866785657128934, "cost": 190.0375, "target_value": 251.19598157128934, "running_time": 142.11726188659668, "local_count": 160, "common_count": 0}, "Modify-Assignment(Tx+Tp+Tq)": {"avg_delay": 0.10152935575068518, "cost": 185.2625, "target_value": 240.47623075068515, "running_time": 173928.90191078186, "local_count": 92, "common_count": 68}, "Ours": {"avg_delay": 0.09922304738259394, "cost": 140.4, "target_value": 204.52304738259394, "running_time": 1047.6198196411133, "local_count": 105, "common_count": 55}}}, "90": {"sim0": {"simulation_id": 0, "user_seed": 3527330,