{"40": {"sim0": {"simulation_id": 0, "user_seed": 20074338, "Nearest": {"avg_delay": 0.10820709609772315, "cost": 97.975, "target_value": 181.68834609772313, "running_time": 1.0006427764892578, "local_count": 80, "common_count": 0}, "Modify-Assignment(Tx)": {"avg_delay": 0.10880907139905299, "cost": 96.625, "target_value": 181.27782139905298, "running_time": 42.03462600708008, "local_count": 80, "common_count": 0}, "Modify-Assignment(Tx+Tp+Tq)": {"avg_delay": 0.10371856342255818, "cost": 101.725, "target_value": 180.01231342255818, "running_time": 19185.895442962646, "local_count": 57, "common_count": 23}, "Ours": {"avg_delay": 0.09961024271730017, "cost": 79.7, "target_value": 159.38524271730017, "running_time": 285.9005928039551, "local_count": 60, "common_count": 20}}, "sim1": {"simulation_id": 1, "user_seed": 21929725, "Nearest": {"avg_delay": 0.10541664087110403, "cost": 109.625, "target_value": 187.63539087110402, "running_time": 2.0020008087158203, "local_count": 80, "common_count": 0}, "Modify-Assignment(Tx)": {"avg_delay": 0.10750969002192295, "cost": 116.4, "target_value": 194.80969002192296, "running_time": 53.04408073425293, "local_count": 80, "common_count": 0}, "Modify-Assignment(Tx+Tp+Tq)": {"avg_delay": 0.09991485111956731, "cost": 114.675, "target_value": 185.9211011195673, "running_time": 25180.785417556763, "local_count": 41, "common_count": 39}, "Ours": {"avg_delay": 0.09782284791022641, "cost": 84.15, "target_value": 160.93534791022643, "running_time": 290.25912284851074, "local_count": 51, "common_count": 29}}}, "50": {"sim0": {"simulation_id": 0, "user_seed": 80381631, "Nearest": {"avg_delay": 0.10469799075768496, "cost": 115.24, "target_value": 191.12799075768496, "running_time": 1.001119613647461, "local_count": 100, "common_count": 0}, "Modify-Assignment(Tx)": {"avg_delay": 0.10574217675187615, "cost": 117.82, "target_value": 194.10717675187615, "running_time": 93.07718276977539, "local_count": 100, "common_count": 0}, "Modify-Assignment(Tx+Tp+Tq)": {"avg_delay": 0.09954168359323355, "cost": 119.66, "target_value": 189.28668359323356, "running_time": 43339.17832374573, "local_count": 58, "common_count": 42}, "Ours": {"avg_delay": 0.10193349032065535, "cost": 90.18, "target_value": 169.56849032065537, "running_time": 408.4811210632324, "local_count": 66, "common_count": 34}}, "sim1": {"simulation_id": 1, "user_seed": 92223279, "Nearest": {"avg_delay": 0.1069081095932831, "cost": 114.62, "target_value": 192.87310959328312, "running_time": 1.0004043579101562, "local_count": 100, "common_count": 0}, "Modify-Assignment(Tx)": {"avg_delay": 0.10794229736150344, "cost": 122.62, "target_value": 199.90729736150345, "running_time": 62.05129623413086, "local_count": 100, "common_count": 0}, "Modify-Assignment(Tx+Tp+Tq)": {"avg_delay": 0.10168972758568026, "cost": 119.38, "target_value": 191.22472758568026, "running_time": 40437.62493133545, "local_count": 60, "common_count": 40}, "Ours": {"avg_delay": 0.10218800216767865, "cost": 92.34, "target_value": 171.44300216767863, "running_time": 450.045108795166, "local_count": 64, "common_count": 36}}}, "60": {"sim0": {"simulation_id": 0, "user_seed": 62605871, "Nearest": {"avg_delay": 0.10683079367614082, "cost": 148.45, "target_value": 218.16829367614082, "running_time": 2.0017623901367188, "local_count": 120, "common_count": 0}, "Modify-Assignment(Tx)": {"avg_delay": 0.10787733387130304, "cost": 150.4, "target_value": 220.67733387130306, "running_time": 85.06965637207031, "local_count": 120, "common_count": 0}, "Modify-Assignment(Tx+Tp+Tq)": {"avg_delay": 0.10149070291338357, "cost": 153.41666666666666, "target_value": 216.5532029133836, "running_time": 73382.8489780426, "local_count": 70, "common_count": 50}, "Ours": {"avg_delay": 0.10101274998881123, "cost": 111.1, "target_value": 184.3377499888112, "running_time": 577.5361061096191, "local_count": 87, "common_count": 33}}, "sim1": {"simulation_id": 1, "user_seed": 74052166, "Nearest": {"avg_delay": 0.10745579392155295, "cost": 131.98333333333332, "target_value": 206.44329392155294, "running_time": 2.002239227294922, "local_count": 120, "common_count": 0}, "Modify-Assignment(Tx)": {"avg_delay": 0.10908252675166379, "cost": 134.6, "target_value": 210.0325267516638, "running_time": 64.05377388000488, "local_count": 120, "common_count": 0}, "Modify-Assignment(Tx+Tp+Tq)": {"avg_delay": 0.10227183226334137, "cost": 136.0, "target_value": 204.27183226334137, "running_time": 69227.77795791626, "local_count": 75, "common_count": 45}, "Ours": {"avg_delay": 0.10236737676465815, "cost": 105.86666666666666, "target_value": 181.76737676465814, "running_time": 551.5546798706055, "local_count": 82, "common_count": 38}}}, "70": {"sim0": {"simulation_id": 0, "user_seed": 94387874, "Nearest": {"avg_delay": 0.10868555260904351, "cost": 147.02857142857144, "target_value": 218.9569811804721, "running_time": 2.001523971557617, "local_count": 140, "common_count": 0}, "Modify-Assignment(Tx)": {"avg_delay": 0.11038195669381484, "cost": 155.85714285714286, "target_value": 227.27481383667197, "running_time": 111.09161376953125, "local_count": 140, "common_count": 0}, "Modify-Assignment(Tx+Tp+Tq)": {"avg_delay": 0.10310895862402103, "cost": 151.62857142857143, "target_value": 216.8303871954496, "running_time": 111899.94764328003, "local_count": 82, "common_count": 58}, "Ours": {"avg_delay": 0.10146746774664428, "cost": 120.62857142857143, "target_value": 191.93889631807286, "running_time": 726.5396118164062, "local_count": 94, "common_count": 46}}, "sim1": {"simulation_id": 1, "user_seed": 56668067, "Nearest": {"avg_delay": 0.10527677420594324, "cost": 152.62857142857143, "target_value": 219.74820277737183, "running_time": 2.001523971557617, "local_count": 140, "common_count": 0}, "Modify-Assignment(Tx)": {"avg_delay": 0.10649582153166841, "cost": 159.75714285714287, "target_value": 226.31367867452556, "running_time": 147.12166786193848, "local_count": 140, "common_count": 0}, "Modify-Assignment(Tx+Tp+Tq)": {"avg_delay": 0.09948660007627667, "cost": 157.21428571428572, "target_value": 217.39731436199096, "running_time": 115141.10898971558, "local_count": 81, "common_count": 59}, "Ours": {"avg_delay": 0.09889805474925938, "cost": 121.1, "target_value": 189.72305474925935, "running_time": 792.5593852996826, "local_count": 84, "common_count": 56}}}, "80": {"sim0": {"simulation_id": 0, "user_seed": 80102877, "Nearest": {"avg_delay": 0.10896641068142707, "cost": 165.6125, "target_value": 233.17578568142707, "running_time": 3.0024051666259766, "local_count": 160, "common_count": 0}, "Modify-Assignment(Tx)": {"avg_delay": 0.1099233956429644, "cost": 170.625, "target_value": 237.8921456429644, "running_time": 128.11851501464844, "local_count": 160, "common_count": 0}, "Modify-Assignment(Tx+Tp+Tq)": {"avg_delay": 0.10465055862099863, "cost": 169.925, "target_value": 232.09430862099865, "running_time": 154946.36058807373, "local_count": 100, "common_count": 60}, "Ours": {"avg_delay": 0.10445914291115624, "cost": 128.7125, "target_value": 200.99351791115623, "running_time": 919.0354347229004, "local_count": 114, "common_count": 46}}, "sim1": {"simulation_id": 1, "user_seed": 52338412, "Nearest": {"avg_delay": 0.10958851558459866, "cost": 177.475, "target_value": 242.69476558459866, "running_time": 2.001523971557617, "local_count": 160, "common_count": 0}, "Modify-Assignment(Tx)": {"avg_delay": 0.11156790512810563, "cost": 183.6625, "target_value": 249.3147801281056, "running_time": 128.10540199279785, "local_count": 160, "common_count": 0}, "Modify-Assignment(Tx+Tp+Tq)": {"avg_delay": 0.10393720234481098, "cost": 181.3875, "target_value": 239.97782734481098, "running_time": 158589.23625946045, "local_count": 99, "common_count": 61}, "Ours": {"avg_delay": 0.09986081900981734, "cost": 140.475, "target_value": 205.21706900981735, "running_time": 963.8240337371826, "local_count": 106, "common_count": 54}}}, "90": {"sim0": {"simulation_id": 0, "user_seed": 70105861,