{"avg_delay": {"40": [[0.10319072455420328, 0.10470922828042838], [0.10084094061319782, 0.10137504867291272], [0.09945452519357596, 0.09884888320843167]], "50": [[0.10268489093892347, 0.1027473531738392], [0.09985021413344428, 0.0999221642769766], [0.0980028785998058, 0.09603384124216098]], "60": [[0.10768486726259487, 0.10698946444540684], [0.10428969116875815, 0.10336439755512565], [0.10079638005317935, 0.09732666642605312]]}, "cost": {"40": [[98.575, 93.825], [96.55, 91.4], [40.0, 36.225]], "50": [[109.66, 122.46], [107.92, 120.18], [43.28, 48.46]], "60": [[136.13333333333333, 128.76666666666668], [132.78333333333333, 126.65], [50.03333333333333, 48.95]]}, "target_value": {"40": [[152.47822455420328, 151.62172828042839], [149.1159406131978, 147.07504867291271], [119.45452519357596, 116.96138320843167]], "50": [[157.5148909389235, 163.9773531738392], [153.81021413344428, 160.0121642769766], [119.6428785998058, 120.26384124216098]], "60": [[175.75153392926154, 171.37279777874016], [170.68135783542482, 166.68939755512565], [125.81304671984601, 121.80166642605312]]}, "running_time": {"40": [[0.9999275207519531, 1.0006427764892578], [12392.208814620972, 15225.542306900024], [262.21609115600586, 262.21585273742676]], "50": [[1.0001659393310547, 1.0006427764892578], [24876.493453979492, 23415.290117263794], [375.3085136413574, 388.319730758667]], "60": [[2.001047134399414, 2.0017623901367188], [53942.43860244751, 46149.01852607727], [517.4267292022705, 513.422966003418]]}, "local_count": {"40": [[80, 80], [71, 70], [25, 21]], "50": [[100, 100], [87, 92], [24, 28]], "60": [[120, 120], [100, 103], [25, 19]]}, "common_count": {"40": [[0, 0], [9, 10], [55, 59]], "50": [[0, 0], [13, 8], [76, 72]], "60": [[0, 0], [20, 17], [95, 101]]}}