{"0.25": {"eta": 0.25, "40": {"Nearest": {"avg_delay": [0.10334995009352625], "avg_cost": [107.95], "target_value": [130.33745009352626], "running_time": [2.0012855529785156], "local_count": [80], "common_count": [0]}, "Modify-Assignment": {"avg_delay": [0.10108795205836714], "avg_cost": [105.625], "target_value": [127.49420205836714], "running_time": [10869.95553970337], "local_count": [77], "common_count": [3]}, "RA-UA": {"avg_delay": [0.09836767882245417], "avg_cost": [60.2], "target_value": [113.41767882245418], "running_time": [293.2419776916504], "local_count": [45], "common_count": [35]}}, "50": {"Nearest": {"avg_delay": [0.10107285764473899], "avg_cost": [132.32], "target_value": [134.152857644739], "running_time": [1.001119613647461], "local_count": [100], "common_count": [0]}, "Modify-Assignment": {"avg_delay": [0.09942495501536269], "avg_cost": [129.52], "target_value": [131.8049550153627], "running_time": [24733.375787734985], "local_count": [86], "common_count": [14]}, "RA-UA": {"avg_delay": [0.09664533040121709], "avg_cost": [66.88], "target_value": [113.3653304012171], "running_time": [425.3504276275635], "local_count": [51], "common_count": [49]}}, "60": {"Nearest": {"avg_delay": [0.10244113406627282], "avg_cost": [152.13333333333333], "target_value": [140.47446739960617], "running_time": [1.0008811950683594], "local_count": [120], "common_count": [0]}, "Modify-Assignment": {"avg_delay": [0.0994005831797666], "avg_cost": [149.23333333333332], "target_value": [136.70891651309992], "running_time": [50879.915714263916], "local_count": [103], "common_count": [17]}, "RA-UA": {"avg_delay": [0.09563231561555992], "avg_cost": [68.26666666666667], "target_value": [112.69898228222658], "running_time": [574.4733810424805], "local_count": [51], "common_count": [69]}}, "70": {"Nearest": {"avg_delay": [0.10089022220482388], "avg_cost": [176.52857142857144], "target_value": [145.02236506196675], "running_time": [3.0024051666259766], "local_count": [140], "common_count": [0]}, "Modify-Assignment": {"avg_delay": [0.09708818144660836], "avg_cost": [174.12857142857143], "target_value": [140.6203243037512], "running_time": [84604.69841957092], "local_count": [131], "common_count": [9]}, "RA-UA": {"avg_delay": [0.09256219169937231], "avg_cost": [71.62857142857143], "target_value": [110.46933455651516], "running_time": [797.6579666137695], "local_count": [51], "common_count": [89]}}, "80": {"Nearest": {"avg_delay": [0.09974213119866741], "avg_cost": [183.5125], "target_value": [145.6202561986674], "running_time": [3.002643585205078], "local_count": [160], "common_count": [0]}, "Modify-Assignment": {"avg_delay": [0.0972107977415465], "avg_cost": [181.025], "target_value": [142.4670477415465], "running_time": [124189.58497047424], "local_count": [141], "common_count": [19]}, "RA-UA": {"avg_delay": [0.09580984768925077], "avg_cost": [70.575], "target_value": [113.45359768925077], "running_time": [973.8013744354248], "local_count": [55], "common_count": [105]}}, "90": {"Nearest": {"avg_delay": [0.09919063836351531], "avg_cost": [212.4777777777778], "target_value": [152.31008280795976], "running_time": [3.001689910888672], "local_count": [180], "common_count": [0]}, "Modify-Assignment": {"avg_delay": [0.09660905955699996], "avg_cost": [209.96666666666667], "target_value": [149.1007262236666], "running_time": [163396.6166973114], "local_count": [157], "common_count": [23]}, "RA-UA": {"avg_delay": [0.09389496105886296], "avg_cost": [79.67777777777778], "target_value": [113.8144055033074], "running_time": [1241.0221099853516], "local_count": [53], "common_count": [127]}}, "100": {"Nearest": {"avg_delay": [0.10237304606843665], "avg_cost": [221.65], "target_value": [157.78554606843664], "running_time": [4.003047943115234], "local_count": [200], "common_count": [0]}, "Modify-Assignment": {"avg_delay": [0.09911289111635636], "avg_cost": [219.04], "target_value": [153.87289111635636], "running_time": [217730.370759964], "local_count": [178], "common_count": [22]}, "RA-UA": {"avg_delay": [0.09498717140643044], "avg_cost": [81.48], "target_value": [115.35717140643044], "running_time": [1442.188024520874], "local_count": [62], "common_count": [138]}}}, "0.5": {"eta": 0.5, "40": {"Nearest": {"avg_delay": [0.10666779012196899], "avg_cost": [101.375], "target_value": [157.355290121969], "running_time": [1.0006427764892578], "local_count": [80], "common_count": [0]}, "Modify-Assignment": {"avg_delay": [0.10288114570779788], "avg_cost": [97.95], "target_value": [151.85614570779788], "running_time": [19092.729330062866], "local_count": [69], "common_count": [11]}, "RA-UA": {"avg_delay": [0.0968443622868551], "avg_cost": [42.1], "target_value": [117.8943622868551], "running_time": [292.2406196594238], "local_count": [22], "common_count": [58]}}, "50": {"Nearest": {"avg_delay": [0.10525888450759877], "avg_cost": [120.36], "target_value": [165.43888450759877], "running_time": [1.0006427764892578], "local_count": [100], "common_count": [0]}, "Modify-Assignment": {"avg_delay": [0.10189648073592752], "avg_cost": [117.52], "target_value": [160.65648073592752], "running_time": [30059.763431549072], "local_count": [89], "common_count": [11]}, "RA-UA": {"avg_delay": [0.09780238201528528], "avg_cost": [46.74], "target_value": [121.17238201528528], "running_time": [454.3745517730713], "local_count": [18], "common_count": [82]}}, "60": {"Nearest": {"avg_delay": [0.10510793757501119], "avg_cost": [138.6], "target_value": [174.4079375750112], "running_time": [2.001523971557617], "local_count": [120], "common_count": [0]}, "Modify-Assignment": {"avg_delay": [0.10245579508905697], "avg_cost": [136.38333333333333], "target_value": [170.64746175572364], "running_time": [41928.54166030884], "local_count": [104], "common_count": [16]}, "RA-UA": {"avg_delay": [0.09864929129559284], "avg_cost": [49.6], "target_value": [123.44929129559284], "running_time": [591.4876461029053], "local_count": [23], "common_count": [97]}}, "70": {"Nearest": {"avg_delay": [0.10686154529862125], "avg_cost": [157.34285714285716], "target_value": [185.53297387004983], "running_time": [2.0017623901367188], "local_count": [140], "common_count": [0]}, "Modify-Assignment": {"avg_delay": [0.10407844002457735], "avg_cost": [154.37142857142857], "target_value": [181.26415431029164], "running_time": [83717.97394752502], "local_count": [120], "common_count": [20]}, "RA-UA": {"avg_delay": [0.1000067392045322], "avg_cost": [56.58571428571429], "target_value": [128.29959634738935], "running_time": [756.6237449645996], "local_count": [28], "common_count": [112]}}, "80": {"Nearest": {"avg_delay": [0.1033846177256585], "avg_cost": [167.175], "target_value": [186.9721177256585], "running_time": [2.002239227294922], "local_count": [160], "common_count": [0]}, "Modify-Assignment": {"avg_delay": [0.10001952089083915], "avg_cost": [164.1875], "target_value": [182.11327089083915], "running_time": [123719.9227809906], "local_count": [137], "common_count": [23]}, "RA-UA": {"avg_delay": [0.09520709875559931], "avg_cost": [61.9625], "target_value": [126.1883487555993], "running_time": [992.8174018859863], "local_count": [39], "common_count": [121]}}, "90": {"Nearest": {"avg_delay": [0.10500871252462525], "avg_cost": [186.12222222222223], "target_value": [198.06982363573638], "running_time": [3.003358840942383], "local_count": [180], "common_count": [0]}, "Modify-Assignment": {"avg_delay": [0.10206730354121114], "avg_cost": [183.63333333333333], "target_value": [193.8839702078778], "running_time": [164034.1339111328], "local_count": [157], "common_count": [23]}, "RA-UA": {"avg_delay": [0.0968179912064803], "avg_cost": [63.77777777777778], "target_value": [128.7068800953692], "running_time": [1174.9677658081055], "local_count": [43], "common_count": [137]}}, "100": {"Nearest": {"avg_delay": [0.10567844474072853], "avg_cost": [209.23], "target_value": [210.29344474072855], "running_time": [3.0028820037841797], "local_count": [200],