{"0.25": {"eta": 0.25, "40": {"Nearest": {"avg_delay": [0.09926279669045296], "avg_cost": [113.75], "target_value": [127.70029669045296], "running_time": [1.0006427764892578], "local_count": [80], "common_count": [0]}, "Modify-Assignment": {"avg_delay": [0.09686676259099666], "avg_cost": [111.675], "target_value": [124.78551259099666], "running_time": [12720.492601394653], "local_count": [72], "common_count": [8]}, "RA-UA": {"avg_delay": [0.09311023802941017], "avg_cost": [62.95], "target_value": [108.84773802941017], "running_time": [285.2349281311035], "local_count": [41], "common_count": [39]}}, "50": {"Nearest": {"avg_delay": [0.10446507316328307], "avg_cost": [135.8], "target_value": [138.41507316328307], "running_time": [2.002239227294922], "local_count": [100], "common_count": [0]}, "Modify-Assignment": {"avg_delay": [0.10133757111104402], "avg_cost": [132.76], "target_value": [134.52757111104404], "running_time": [27928.00784111023], "local_count": [83], "common_count": [17]}, "RA-UA": {"avg_delay": [0.09841708352439679], "avg_cost": [65.84], "target_value": [114.8770835243968], "running_time": [412.3396873474121], "local_count": [48], "common_count": [52]}}, "60": {"Nearest": {"avg_delay": [0.10266480310949723], "avg_cost": [142.21666666666667], "target_value": [138.2189697761639], "running_time": [1.0006427764892578], "local_count": [120], "common_count": [0]}, "Modify-Assignment": {"avg_delay": [0.10009551871599981], "avg_cost": [139.75], "target_value": [135.03301871599982], "running_time": [50960.98279953003], "local_count": [106], "common_count": [14]}, "RA-UA": {"avg_delay": [0.09606640606122749], "avg_cost": [71.9], "target_value": [114.04140606122749], "running_time": [575.4745006561279], "local_count": [65], "common_count": [55]}}, "70": {"Nearest": {"avg_delay": [0.10250095932274286], "avg_cost": [169.47142857142856], "target_value": [144.8688164656], "running_time": [2.0012855529785156], "local_count": [140], "common_count": [0]}, "Modify-Assignment": {"avg_delay": [0.10037056915941599], "avg_cost": [166.84285714285716], "target_value": [142.08128344513028], "running_time": [77985.24498939514], "local_count": [118], "common_count": [22]}, "RA-UA": {"avg_delay": [0.09604603097419112], "avg_cost": [74.32857142857142], "target_value": [114.62817383133398], "running_time": [807.6651096343994], "local_count": [51], "common_count": [89]}}, "80": {"Nearest": {"avg_delay": [0.0991996446698142], "avg_cost": [191.275], "target_value": [147.0183946698142], "running_time": [3.0024051666259766], "local_count": [160], "common_count": [0]}, "Modify-Assignment": {"avg_delay": [0.09693950735562123], "avg_cost": [189.05], "target_value": [144.20200735562122], "running_time": [99891.56889915466], "local_count": [143], "common_count": [17]}, "RA-UA": {"avg_delay": [0.09453138705255376], "avg_cost": [74.4625], "target_value": [113.14701205255378], "running_time": [996.8211650848389], "local_count": [54], "common_count": [106]}}, "90": {"Nearest": {"avg_delay": [0.10282353748249284], "avg_cost": [204.0888888888889], "target_value": [153.84575970471508], "running_time": [3.002643585205078], "local_count": [180], "common_count": [0]}, "Modify-Assignment": {"avg_delay": [0.09996962390997643], "avg_cost": [201.36666666666667], "target_value": [150.3112905766431], "running_time": [162186.6204738617], "local_count": [159], "common_count": [21]}, "RA-UA": {"avg_delay": [0.09605134881535671], "avg_cost": [78.22222222222223], "target_value": [115.60690437091226], "running_time": [1275.0506401062012], "local_count": [54], "common_count": [126]}}, "100": {"Nearest": {"avg_delay": [0.09770548858532424], "avg_cost": [202.76], "target_value": [148.39548858532424], "running_time": [3.002643585205078], "local_count": [200], "common_count": [0]}, "Modify-Assignment": {"avg_delay": [0.09517173149618272], "avg_cost": [200.3], "target_value": [145.24673149618272], "running_time": [205260.09678840637], "local_count": [177], "common_count": [23]}, "RA-UA": {"avg_delay": [0.09278101422743797], "avg_cost": [74.7], "target_value": [111.45601422743796], "running_time": [1524.2557525634766], "local_count": [60], "common_count": [140]}}}, "0.5": {"eta": 0.5, "40": {"Nearest": {"avg_delay": [0.1035149234530564], "avg_cost": [107.0], "target_value": [157.0149234530564], "running_time": [1.0008811950683594], "local_count": [80], "common_count": [0]}, "Modify-Assignment": {"avg_delay": [0.10060753105697058], "avg_cost": [104.55], "target_value": [152.88253105697058], "running_time": [12846.583366394043], "local_count": [74], "common_count": [6]}, "RA-UA": {"avg_delay": [0.09574788058104625], "avg_cost": [41.975], "target_value": [116.73538058104624], "running_time": [303.2498359680176], "local_count": [20], "common_count": [60]}}, "50": {"Nearest": {"avg_delay": [0.10450234465381661], "avg_cost": [129.12], "target_value": [169.0623446538166], "running_time": [1.0006427764892578], "local_count": [100], "common_count": [0]}, "Modify-Assignment": {"avg_delay": [0.10163791006472726], "avg_cost": [127.04], "target_value": [165.15791006472728], "running_time": [23661.493062973022], "local_count": [90], "common_count": [10]}, "RA-UA": {"avg_delay": [0.09676715974408867], "avg_cost": [49.3], "target_value": [121.41715974408868], "running_time": [469.3870544433594], "local_count": [25], "common_count": [75]}}, "60": {"Nearest": {"avg_delay": [0.10524613018309797], "avg_cost": [135.03333333333333], "target_value": [172.76279684976464], "running_time": [2.001523971557617], "local_count": [120], "common_count": [0]}, "Modify-Assignment": {"avg_delay": [0.10266126775206282], "avg_cost": [132.56666666666666], "target_value": [168.94460108539613], "running_time": [48163.67769241333], "local_count": [106], "common_count": [14]}, "RA-UA": {"avg_delay": [0.10064285419184388], "avg_cost": [49.4], "target_value": [125.34285419184388], "running_time": [589.4856452941895], "local_count": [27], "common_count": [93]}}, "70": {"Nearest": {"avg_delay": [0.10376667514867728], "avg_cost": [155.27142857142857], "target_value": [181.40238943439158], "running_time": [2.0020008087158203], "local_count": [140], "common_count": [0]}, "Modify-Assignment": {"avg_delay": [0.1007628586014413], "avg_cost": [153.02857142857144], "target_value": [177.277144315727], "running_time": [72379.62698936462], "local_count": [123], "common_count": [17]}, "RA-UA": {"avg_delay": [0.09717671847904627], "avg_cost": [57.2], "target_value": [125.77671847904628], "running_time": [779.6425819396973], "local_count": [40], "common_count": [100]}}, "80": {"Nearest": {"avg_delay": [0.10647309823540617], "avg_cost": [182.225], "target_value": [197.58559823540617], "running_time": [2.0012855529785156], "local_count": [160], "common_count": [0]}, "Modify-Assignment": {"avg_delay": [0.10396433032511561], "avg_cost": [179.8125], "target_value": [193.8705803251156], "running_time": [119611.54222488403], "local_count": [136], "common_count": [24]}, "RA-UA": {"avg_delay": [0.10080835489048862], "avg_cost": [62.8], "target_value": [132.2083548904886], "running_time": [1023.8432884216309], "local_count": [34], "common_count": [126]}}, "90": {"Nearest": {"avg_delay": [0.10666316941117268], "avg_cost": [187.4111111111111], "target_value": [200.36872496672822], "running_time": [2.001523971557617], "local_count": [180], "common_count": [0]}, "Modify-Assignment": {"avg_delay": [0.10340383311766514], "avg_cost": [184.61111111111111], "target_value": [195.7093886732207], "running_time": [178553.0948638916], "local_count": [152], "common_count": [28]}, "RA-UA": {"avg_delay": [0.10001115436037551], "avg_cost": [68.81111111111112], "target_value": [134.41670991593108], "running_time": [1229.013442993164], "local_count": [37], "common_count": [143]}}, "100": {"Nearest": {"avg_delay": [0.1060088031429731], "avg_cost": [192.97], "target_value": [202.4938031429731], "running_time": [3.002166748046875], "local_count": [200], "common_count": [0]},