{"0.25": {"eta": 0.25, "40": {"Nearest": {"avg_delay": [0.100944865496904], "avg_cost": [113.175], "target_value": [129.238615496904], "running_time": [1.0006427764892578], "local_count": [80], "common_count": [0]}, "Modify-Assignment": {"avg_delay": [0.09859038021276235], "avg_cost": [110.85], "target_value": [126.30288021276235], "running_time": [12893.621921539307], "local_count": [70], "common_count": [10]}, "RA-UA": {"avg_delay": [0.09716440211900049], "avg_cost": [60.55], "target_value": [112.30190211900049], "running_time": [303.2495975494385], "local_count": [46], "common_count": [34]}}, "50": {"Nearest": {"avg_delay": [0.10048797419838584], "avg_cost": [132.92], "target_value": [133.71797419838583], "running_time": [2.001047134399414], "local_count": [100], "common_count": [0]}, "Modify-Assignment": {"avg_delay": [0.09759629367088356], "avg_cost": [130.0], "target_value": [130.09629367088354], "running_time": [27085.312604904175], "local_count": [89], "common_count": [11]}, "RA-UA": {"avg_delay": [0.09440882793660153], "avg_cost": [63.54], "target_value": [110.29382793660155], "running_time": [435.35828590393066], "local_count": [48], "common_count": [52]}}, "60": {"Nearest": {"avg_delay": [0.10140192477246815], "avg_cost": [146.36666666666667], "target_value": [137.99359143913483], "running_time": [2.001523971557617], "local_count": [120], "common_count": [0]}, "Modify-Assignment": {"avg_delay": [0.09833932901446359], "avg_cost": [142.88333333333333], "target_value": [134.0601623477969], "running_time": [59017.619371414185], "local_count": [99], "common_count": [21]}, "RA-UA": {"avg_delay": [0.09488092590944466], "avg_cost": [64.38333333333334], "target_value": [110.976759242778], "running_time": [586.4830017089844], "local_count": [49], "common_count": [71]}}, "70": {"Nearest": {"avg_delay": [0.10036989649382107], "avg_cost": [172.44285714285715], "target_value": [143.48061077953537], "running_time": [3.002643585205078], "local_count": [140], "common_count": [0]}, "Modify-Assignment": {"avg_delay": [0.09734045179788017], "avg_cost": [169.92857142857142], "target_value": [139.82259465502304], "running_time": [75982.55753517151], "local_count": [128], "common_count": [12]}, "RA-UA": {"avg_delay": [0.09341483230775012], "avg_cost": [72.55714285714286], "target_value": [111.55411802203584], "running_time": [815.4151439666748], "local_count": [53], "common_count": [87]}}, "80": {"Nearest": {"avg_delay": [0.10450335947713082], "avg_cost": [193.55], "target_value": [152.89085947713085], "running_time": [3.0024051666259766], "local_count": [160], "common_count": [0]}, "Modify-Assignment": {"avg_delay": [0.10183634448907883], "avg_cost": [190.825], "target_value": [149.54259448907882], "running_time": [119994.42338943481], "local_count": [140], "common_count": [20]}, "RA-UA": {"avg_delay": [0.09858277384749181], "avg_cost": [73.35], "target_value": [116.92027384749181], "running_time": [999.823808670044], "local_count": [47], "common_count": [113]}}, "90": {"Nearest": {"avg_delay": [0.10188298175394951], "avg_cost": [199.7111111111111], "target_value": [151.81075953172729], "running_time": [3.001689910888672], "local_count": [180], "common_count": [0]}, "Modify-Assignment": {"avg_delay": [0.09897014947041707], "avg_cost": [197.12222222222223], "target_value": [148.25070502597262], "running_time": [164077.17752456665], "local_count": [163], "common_count": [17]}, "RA-UA": {"avg_delay": [0.09463790034226847], "avg_cost": [79.54444444444445], "target_value": [114.52401145337959], "running_time": [1273.0498313903809], "local_count": [67], "common_count": [113]}}, "100": {"Nearest": {"avg_delay": [0.10019601344922202], "avg_cost": [207.27], "target_value": [152.01351344922202], "running_time": [3.002166748046875], "local_count": [200], "common_count": [0]}, "Modify-Assignment": {"avg_delay": [0.09763495608427933], "avg_cost": [204.69], "target_value": [148.80745608427932], "running_time": [243680.74774742126], "local_count": [177], "common_count": [23]}, "RA-UA": {"avg_delay": [0.09595594054851202], "avg_cost": [73.86], "target_value": [114.42094054851202], "running_time": [1493.2308197021484], "local_count": [50], "common_count": [150]}}}, "0.5": {"eta": 0.5, "40": {"Nearest": {"avg_delay": [0.10545940037473807], "avg_cost": [103.5], "target_value": [157.20940037473807], "running_time": [1.0006427764892578], "local_count": [80], "common_count": [0]}, "Modify-Assignment": {"avg_delay": [0.10212539687375781], "avg_cost": [101.3], "target_value": [152.7753968737578], "running_time": [13119.808435440063], "local_count": [70], "common_count": [10]}, "RA-UA": {"avg_delay": [0.09859756064445444], "avg_cost": [39.95], "target_value": [118.57256064445443], "running_time": [299.24607276916504], "local_count": [16], "common_count": [64]}}, "50": {"Nearest": {"avg_delay": [0.10263364864992304], "avg_cost": [119.04], "target_value": [162.15364864992304], "running_time": [1.0006427764892578], "local_count": [100], "common_count": [0]}, "Modify-Assignment": {"avg_delay": [0.0997917143372204], "avg_cost": [115.26], "target_value": [157.4217143372204], "running_time": [31065.592288970947], "local_count": [87], "common_count": [13]}, "RA-UA": {"avg_delay": [0.09739648467636956], "avg_cost": [42.32], "target_value": [118.55648467636956], "running_time": [469.3877696990967], "local_count": [25], "common_count": [75]}}, "60": {"Nearest": {"avg_delay": [0.10431406835560757], "avg_cost": [139.03333333333333], "target_value": [173.8307350222742], "running_time": [1.0008811950683594], "local_count": [120], "common_count": [0]}, "Modify-Assignment": {"avg_delay": [0.10092772645846473], "avg_cost": [135.95], "target_value": [168.9027264584647], "running_time": [57817.636251449585], "local_count": [100], "common_count": [20]}, "RA-UA": {"avg_delay": [0.09883350829613514], "avg_cost": [50.5], "target_value": [124.08350829613515], "running_time": [596.4908599853516], "local_count": [23], "common_count": [97]}}, "70": {"Nearest": {"avg_delay": [0.10507221580251744], "avg_cost": [152.9142857142857], "target_value": [181.5293586596603], "running_time": [2.0017623901367188], "local_count": [140], "common_count": [0]}, "Modify-Assignment": {"avg_delay": [0.10152689443516612], "avg_cost": [149.82857142857142], "target_value": [176.44118014945184], "running_time": [82169.69323158264], "local_count": [123], "common_count": [17]}, "RA-UA": {"avg_delay": [0.09745889259590003], "avg_cost": [57.15714285714286], "target_value": [126.03746402447146], "running_time": [776.6399383544922], "local_count": [36], "common_count": [104]}}, "80": {"Nearest": {"avg_delay": [0.10580700448418198], "avg_cost": [185.9375], "target_value": [198.775754484182], "running_time": [3.0024051666259766], "local_count": [160], "common_count": [0]}, "Modify-Assignment": {"avg_delay": [0.10321237615887957], "avg_cost": [183.3625], "target_value": [194.89362615887956], "running_time": [120023.87738227844], "local_count": [140], "common_count": [20]}, "RA-UA": {"avg_delay": [0.09995587433066876], "avg_cost": [64.3875], "target_value": [132.14962433066876], "running_time": [1032.8502655029297], "local_count": [36], "common_count": [124]}}, "90": {"Nearest": {"avg_delay": [0.10808634801369654], "avg_cost": [202.46666666666667], "target_value": [209.31968134702987], "running_time": [3.0035972595214844], "local_count": [180], "common_count": [0]}, "Modify-Assignment": {"avg_delay": [0.10532399251920144], "avg_cost": [199.72222222222223], "target_value": [205.18510363031254], "running_time": [174603.84106636047], "local_count": [157], "common_count": [23]}, "RA-UA": {"avg_delay": [0.10090281798834025], "avg_cost": [69.16666666666667], "target_value": [135.4861513216736], "running_time": [1225.0089645385742], "local_count": [33], "common_count": [147]}}, "100": {"Nearest": {"avg_delay": [0.10576897856692988], "avg_cost": [200.39], "target_value": [205.96397856692988], "running_time": [3.002643585205078], "local_count": [200],