{"0.25": {"eta": 0.25, "40": {"Nearest": {"avg_delay": [0.10498071732609185], "avg_cost": [106.975], "target_value": [131.72446732609185], "running_time": [1.0006427764892578], "local_count": [80], "common_count": [0]}, "Modify-Assignment": {"avg_delay": [0.10186950358672853], "avg_cost": [102.225], "target_value": [127.42575358672852], "running_time": [16191.338539123535], "local_count": [67], "common_count": [13]}, "RA-UA": {"avg_delay": [0.09889460733775905], "avg_cost": [66.2], "target_value": [115.44460733775905], "running_time": [278.228759765625], "local_count": [53], "common_count": [27]}}, "50": {"Nearest": {"avg_delay": [0.10238141936008739], "avg_cost": [129.36], "target_value": [134.7214193600874], "running_time": [1.0006427764892578], "local_count": [100], "common_count": [0]}, "Modify-Assignment": {"avg_delay": [0.09965124155650519], "avg_cost": [127.36], "target_value": [131.49124155650517], "running_time": [26802.080631256104], "local_count": [94], "common_count": [6]}, "RA-UA": {"avg_delay": [0.09694864272894708], "avg_cost": [66.66], "target_value": [113.61364272894707], "running_time": [429.354190826416], "local_count": [53], "common_count": [47]}}, "60": {"Nearest": {"avg_delay": [0.10057809344179994], "avg_cost": [160.91666666666666], "target_value": [140.8072601084666], "running_time": [2.0012855529785156], "local_count": [120], "common_count": [0]}, "Modify-Assignment": {"avg_delay": [0.09821167513821727], "avg_cost": [158.51666666666668], "target_value": [137.84084180488395], "running_time": [45379.38404083252], "local_count": [108], "common_count": [12]}, "RA-UA": {"avg_delay": [0.0948476660792092], "avg_cost": [66.23333333333333], "target_value": [111.40599941254254], "running_time": [575.4737854003906], "local_count": [42], "common_count": [78]}}, "70": {"Nearest": {"avg_delay": [0.09964006013828047], "avg_cost": [165.34285714285716], "target_value": [140.97577442399478], "running_time": [2.001047134399414], "local_count": [140], "common_count": [0]}, "Modify-Assignment": {"avg_delay": [0.0963903083676885], "avg_cost": [161.9142857142857], "target_value": [136.86887979625993], "running_time": [84829.88429069519], "local_count": [120], "common_count": [20]}, "RA-UA": {"avg_delay": [0.09351930941913147], "avg_cost": [69.87142857142857], "target_value": [110.98716656198862], "running_time": [781.6436290740967], "local_count": [49], "common_count": [91]}}, "80": {"Nearest": {"avg_delay": [0.10203595612544065], "avg_cost": [186.4], "target_value": [148.63595612544066], "running_time": [3.001689910888672], "local_count": [160], "common_count": [0]}, "Modify-Assignment": {"avg_delay": [0.09890537036826225], "avg_cost": [183.4375], "target_value": [144.76474536826225], "running_time": [116768.47100257874], "local_count": [148], "common_count": [12]}, "RA-UA": {"avg_delay": [0.09485114676907552], "avg_cost": [68.3375], "target_value": [111.93552176907554], "running_time": [948.7819671630859], "local_count": [50], "common_count": [110]}}, "90": {"Nearest": {"avg_delay": [0.10067520286741406], "avg_cost": [203.3], "target_value": [151.50020286741406], "running_time": [3.0040740966796875], "local_count": [180], "common_count": [0]}, "Modify-Assignment": {"avg_delay": [0.0981660120840735], "avg_cost": [200.8], "target_value": [148.3660120840735], "running_time": [149655.2963256836], "local_count": [156], "common_count": [24]}, "RA-UA": {"avg_delay": [0.09577075486002952], "avg_cost": [73.43333333333334], "target_value": [114.12908819336285], "running_time": [1242.0227527618408], "local_count": [53], "common_count": [127]}}, "100": {"Nearest": {"avg_delay": [0.09987122382690582], "avg_cost": [219.99], "target_value": [154.8687238269058], "running_time": [4.0035247802734375], "local_count": [200], "common_count": [0]}, "Modify-Assignment": {"avg_delay": [0.09698652815131373], "avg_cost": [217.6], "target_value": [151.38652815131374], "running_time": [227140.12169837952], "local_count": [175], "common_count": [25]}, "RA-UA": {"avg_delay": [0.09443861802966662], "avg_cost": [82.37], "target_value": [115.03111802966662], "running_time": [1459.2020511627197], "local_count": [53], "common_count": [147]}}}, "0.5": {"eta": 0.5, "40": {"Nearest": {"avg_delay": [0.1048339506795694], "avg_cost": [98.975], "target_value": [154.3214506795694], "running_time": [1.0004043579101562], "local_count": [80], "common_count": [0]}, "Modify-Assignment": {"avg_delay": [0.10134315139461852], "avg_cost": [96.65], "target_value": [149.66815139461852], "running_time": [15260.571718215942], "local_count": [73], "common_count": [7]}, "RA-UA": {"avg_delay": [0.09760521166657171], "avg_cost": [40.65], "target_value": [117.93021166657171], "running_time": [288.2373332977295], "local_count": [18], "common_count": [62]}}, "50": {"Nearest": {"avg_delay": [0.10795405752094411], "avg_cost": [115.54], "target_value": [165.72405752094411], "running_time": [1.001119613647461], "local_count": [100], "common_count": [0]}, "Modify-Assignment": {"avg_delay": [0.10343960686322957], "avg_cost": [112.96], "target_value": [159.91960686322957], "running_time": [32851.06348991394], "local_count": [93], "common_count": [7]}, "RA-UA": {"avg_delay": [0.09951718290332177], "avg_cost": [43.2], "target_value": [121.11718290332178], "running_time": [446.3682174682617], "local_count": [23], "common_count": [77]}}, "60": {"Nearest": {"avg_delay": [0.10381374070166872], "avg_cost": [140.11666666666667], "target_value": [173.87207403500207], "running_time": [2.001523971557617], "local_count": [120], "common_count": [0]}, "Modify-Assignment": {"avg_delay": [0.10088183242009367], "avg_cost": [138.7], "target_value": [170.23183242009367], "running_time": [48447.91221618652], "local_count": [110], "common_count": [10]}, "RA-UA": {"avg_delay": [0.09779460458999756], "avg_cost": [50.13333333333333], "target_value": [122.86127125666422], "running_time": [565.4656887054443], "local_count": [22], "common_count": [98]}}, "70": {"Nearest": {"avg_delay": [0.1062101577925314], "avg_cost": [143.0857142857143], "target_value": [177.75301493538853], "running_time": [2.0017623901367188], "local_count": [140], "common_count": [0]}, "Modify-Assignment": {"avg_delay": [0.10202407136436246], "avg_cost": [140.42857142857142], "target_value": [172.23835707864816], "running_time": [88258.71419906616], "local_count": [124], "common_count": [16]}, "RA-UA": {"avg_delay": [0.09678547720581585], "avg_cost": [53.75714285714286], "target_value": [123.66404863438729], "running_time": [742.6118850708008], "local_count": [36], "common_count": [104]}}, "80": {"Nearest": {"avg_delay": [0.10273789851229802], "avg_cost": [177.9125], "target_value": [191.694148512298], "running_time": [3.0024051666259766], "local_count": [160], "common_count": [0]}, "Modify-Assignment": {"avg_delay": [0.10037578330043129], "avg_cost": [175.25], "target_value": [188.0007833004313], "running_time": [104743.28851699829], "local_count": [145], "common_count": [15]}, "RA-UA": {"avg_delay": [0.09568958732499748], "avg_cost": [62.3], "target_value": [126.83958732499747], "running_time": [1001.8260478973389], "local_count": [38], "common_count": [122]}}, "90": {"Nearest": {"avg_delay": [0.10600019165644628], "avg_cost": [187.94444444444446], "target_value": [199.9724138786685], "running_time": [3.0024051666259766], "local_count": [180], "common_count": [0]}, "Modify-Assignment": {"avg_delay": [0.10334178290877952], "avg_cost": [185.34444444444443], "target_value": [196.01400513100174], "running_time": [183924.52001571655], "local_count": [152], "common_count": [28]}, "RA-UA": {"avg_delay": [0.09934947849897882], "avg_cost": [63.53333333333333], "target_value": [131.1161451656455], "running_time": [1156.9533348083496], "local_count": [36], "common_count": [144]}}, "100": {"Nearest": {"avg_delay": [0.10469476986076852], "avg_cost": [212.0], "target_value": [210.69476986076853], "running_time": [3.0014514923095703], "local_count": [200], "common_count": [0]},