{"0.25": {"eta": 0.25, "40": {"Nearest": {"avg_delay": [0.10311878568743323], "avg_cost": [106.8], "target_value": [129.81878568743323], "running_time": [1.001596450805664], "local_count": [80], "common_count": [0]}, "Modify-Assignment": {"avg_delay": [0.10068665584472761], "avg_cost": [102.825], "target_value": [126.39290584472761], "running_time": [16940.956115722656], "local_count": [65], "common_count": [15]}, "RA-UA": {"avg_delay": [0.09735459449735066], "avg_cost": [60.775], "target_value": [112.54834449735066], "running_time": [296.24462127685547], "local_count": [42], "common_count": [38]}}, "50": {"Nearest": {"avg_delay": [0.1013020538322634], "avg_cost": [130.24], "target_value": [133.8620538322634], "running_time": [1.0008811950683594], "local_count": [100], "common_count": [0]}, "Modify-Assignment": {"avg_delay": [0.09814998283825827], "avg_cost": [127.1], "target_value": [129.92498283825827], "running_time": [25513.018131256104], "local_count": [90], "common_count": [10]}, "RA-UA": {"avg_delay": [0.09505217469543471], "avg_cost": [68.8], "target_value": [112.25217469543472], "running_time": [430.35387992858887], "local_count": [54], "common_count": [46]}}, "60": {"Nearest": {"avg_delay": [0.1000787226965715], "avg_cost": [143.66666666666666], "target_value": [135.99538936323816], "running_time": [2.0017623901367188], "local_count": [120], "common_count": [0]}, "Modify-Assignment": {"avg_delay": [0.09683837641668222], "avg_cost": [140.73333333333332], "target_value": [132.02170975001556], "running_time": [53421.008825302124], "local_count": [107], "common_count": [13]}, "RA-UA": {"avg_delay": [0.0941187894729491], "avg_cost": [67.58333333333333], "target_value": [111.01462280628243], "running_time": [584.4814777374268], "local_count": [53], "common_count": [67]}}, "70": {"Nearest": {"avg_delay": [0.10430042628017955], "avg_cost": [177.92857142857142], "target_value": [148.7825691373224], "running_time": [2.0020008087158203], "local_count": [140], "common_count": [0]}, "Modify-Assignment": {"avg_delay": [0.10127680380695563], "avg_cost": [174.8], "target_value": [144.97680380695562], "running_time": [98990.82636833191], "local_count": [113], "common_count": [27]}, "RA-UA": {"avg_delay": [0.09759081234537906], "avg_cost": [80.14285714285714], "target_value": [117.62652663109336], "running_time": [827.6815414428711], "local_count": [61], "common_count": [79]}}, "80": {"Nearest": {"avg_delay": [0.09878618771422548], "avg_cost": [185.9875], "target_value": [145.28306271422548], "running_time": [3.0019283294677734], "local_count": [160], "common_count": [0]}, "Modify-Assignment": {"avg_delay": [0.09556967916208463], "avg_cost": [183.25], "target_value": [141.38217916208464], "running_time": [119646.57521247864], "local_count": [142], "common_count": [18]}, "RA-UA": {"avg_delay": [0.09213119964096644], "avg_cost": [77.35], "target_value": [111.46869964096643], "running_time": [998.8219738006592], "local_count": [57], "common_count": [103]}}, "90": {"Nearest": {"avg_delay": [0.10030095104181283], "avg_cost": [207.1888888888889], "target_value": [152.09817326403507], "running_time": [3.001689910888672], "local_count": [180], "common_count": [0]}, "Modify-Assignment": {"avg_delay": [0.09741009228773002], "avg_cost": [204.43333333333334], "target_value": [148.51842562106336], "running_time": [151289.63541984558], "local_count": [160], "common_count": [20]}, "RA-UA": {"avg_delay": [0.09350198564847736], "avg_cost": [71.96666666666667], "target_value": [111.49365231514403], "running_time": [1271.0471153259277], "local_count": [46], "common_count": [134]}}, "100": {"Nearest": {"avg_delay": [0.1011638053872806], "avg_cost": [221.16], "target_value": [156.4538053872806], "running_time": [3.0024051666259766], "local_count": [200], "common_count": [0]}, "Modify-Assignment": {"avg_delay": [0.09885982983047713], "avg_cost": [218.53], "target_value": [153.49232983047713], "running_time": [224711.11941337585], "local_count": [175], "common_count": [25]}, "RA-UA": {"avg_delay": [0.09605974915102249], "avg_cost": [79.22], "target_value": [115.8647491510225], "running_time": [1495.2318668365479], "local_count": [45], "common_count": [155]}}}, "0.5": {"eta": 0.5, "40": {"Nearest": {"avg_delay": [0.09908890380191178], "avg_cost": [101.375], "target_value": [149.77640380191178], "running_time": [1.0006427764892578], "local_count": [80], "common_count": [0]}, "Modify-Assignment": {"avg_delay": [0.09685020440442522], "avg_cost": [99.375], "target_value": [146.53770440442523], "running_time": [12963.680028915405], "local_count": [73], "common_count": [7]}, "RA-UA": {"avg_delay": [0.09131799654270498], "avg_cost": [40.3], "target_value": [111.46799654270498], "running_time": [298.2461452484131], "local_count": [22], "common_count": [58]}}, "50": {"Nearest": {"avg_delay": [0.10315036992665388], "avg_cost": [120.32], "target_value": [163.3103699266539], "running_time": [1.0008811950683594], "local_count": [100], "common_count": [0]}, "Modify-Assignment": {"avg_delay": [0.10044499462158797], "avg_cost": [117.74], "target_value": [159.31499462158797], "running_time": [27609.744548797607], "local_count": [87], "common_count": [13]}, "RA-UA": {"avg_delay": [0.09899811627664482], "avg_cost": [46.76], "target_value": [122.37811627664482], "running_time": [460.37864685058594], "local_count": [29], "common_count": [71]}}, "60": {"Nearest": {"avg_delay": [0.10592047547948581], "avg_cost": [142.41666666666666], "target_value": [177.12880881281916], "running_time": [2.001523971557617], "local_count": [120], "common_count": [0]}, "Modify-Assignment": {"avg_delay": [0.10280382744965534], "avg_cost": [139.78333333333333], "target_value": [172.695494116322], "running_time": [52785.49027442932], "local_count": [110], "common_count": [10]}, "RA-UA": {"avg_delay": [0.09970576796278457], "avg_cost": [49.71666666666667], "target_value": [124.56410129611791], "running_time": [589.4863605499268], "local_count": [29], "common_count": [91]}}, "70": {"Nearest": {"avg_delay": [0.1035958404313236], "avg_cost": [158.78571428571428], "target_value": [182.98869757418072], "running_time": [2.001523971557617], "local_count": [140], "common_count": [0]}, "Modify-Assignment": {"avg_delay": [0.10062120516866828], "avg_cost": [156.5], "target_value": [178.87120516866827], "running_time": [71474.88236427307], "local_count": [124], "common_count": [16]}, "RA-UA": {"avg_delay": [0.09637028355320132], "avg_cost": [56.24285714285714], "target_value": [124.49171212462988], "running_time": [779.6421051025391], "local_count": [36], "common_count": [104]}}, "80": {"Nearest": {"avg_delay": [0.10435010798578331], "avg_cost": [173.875], "target_value": [191.28760798578332], "running_time": [2.0012855529785156], "local_count": [160], "common_count": [0]}, "Modify-Assignment": {"avg_delay": [0.10087380146293577], "avg_cost": [171.2125], "target_value": [186.48005146293576], "running_time": [112613.77286911011], "local_count": [142], "common_count": [18]}, "RA-UA": {"avg_delay": [0.09568639726178606], "avg_cost": [63.125], "target_value": [127.24889726178606], "running_time": [1024.8444080352783], "local_count": [43], "common_count": [117]}}, "90": {"Nearest": {"avg_delay": [0.10363307567880523], "avg_cost": [193.1888888888889], "target_value": [200.2275201232497], "running_time": [2.001523971557617], "local_count": [180], "common_count": [0]}, "Modify-Assignment": {"avg_delay": [0.10020350229431532], "avg_cost": [190.5888888888889], "target_value": [195.49794673875977], "running_time": [159114.08042907715], "local_count": [163], "common_count": [17]}, "RA-UA": {"avg_delay": [0.09685794530096185], "avg_cost": [65.8], "target_value": [129.75794530096186], "running_time": [1233.015775680542], "local_count": [42], "common_count": [138]}}, "100": {"Nearest": {"avg_delay": [0.10904776300510823], "avg_cost": [200.16], "target_value": [209.12776300510822], "running_time": [3.002166748046875], "local_count": [200],