{"0.25": {"eta": 0.25, "40": {"Nearest": {"avg_delay": [0.09407813452414227], "avg_cost": [106.75], "target_value": [120.76563452414227], "running_time": [1.0008811950683594], "local_count": [80], "common_count": [0]}, "Modify-Assignment": {"avg_delay": [0.09169490851165875], "avg_cost": [105.425], "target_value": [118.05115851165876], "running_time": [11265.280723571777], "local_count": [79], "common_count": [1]}, "RA-UA": {"avg_delay": [0.08939833362468251], "avg_cost": [62.275], "target_value": [104.9670836246825], "running_time": [294.24214363098145], "local_count": [45], "common_count": [35]}}, "50": {"Nearest": {"avg_delay": [0.10496655329305145], "avg_cost": [130.58], "target_value": [137.61155329305146], "running_time": [1.0008811950683594], "local_count": [100], "common_count": [0]}, "Modify-Assignment": {"avg_delay": [0.10209086645474527], "avg_cost": [128.38], "target_value": [134.18586645474528], "running_time": [27521.673440933228], "local_count": [90], "common_count": [10]}, "RA-UA": {"avg_delay": [0.09884938064343642], "avg_cost": [65.72], "target_value": [115.27938064343641], "running_time": [432.3561191558838], "local_count": [51], "common_count": [49]}}, "60": {"Nearest": {"avg_delay": [0.09887916458074338], "avg_cost": [146.8], "target_value": [135.5791645807434], "running_time": [1.0008811950683594], "local_count": [120], "common_count": [0]}, "Modify-Assignment": {"avg_delay": [0.09597618234788163], "avg_cost": [143.63333333333333], "target_value": [131.88451568121496], "running_time": [48883.27169418335], "local_count": [103], "common_count": [17]}, "RA-UA": {"avg_delay": [0.09156482323766195], "avg_cost": [66.8], "target_value": [108.26482323766196], "running_time": [608.5009574890137], "local_count": [48], "common_count": [72]}}, "70": {"Nearest": {"avg_delay": [0.10426574030037286], "avg_cost": [168.12857142857143], "target_value": [146.2978831575157], "running_time": [2.001047134399414], "local_count": [140], "common_count": [0]}, "Modify-Assignment": {"avg_delay": [0.10104619125775254], "avg_cost": [164.72857142857143], "target_value": [142.2283341148954], "running_time": [87527.10580825806], "local_count": [120], "common_count": [20]}, "RA-UA": {"avg_delay": [0.09820843743583646], "avg_cost": [80.11428571428571], "target_value": [118.23700886440788], "running_time": [808.6647987365723], "local_count": [67], "common_count": [73]}}, "80": {"Nearest": {"avg_delay": [0.10194800461379973], "avg_cost": [196.7375], "target_value": [151.13237961379974], "running_time": [2.0020008087158203], "local_count": [160], "common_count": [0]}, "Modify-Assignment": {"avg_delay": [0.09933105966993987], "avg_cost": [194.3125], "target_value": [147.90918466993986], "running_time": [119396.63672447205], "local_count": [144], "common_count": [16]}, "RA-UA": {"avg_delay": [0.09561301753168232], "avg_cost": [72.975], "target_value": [113.85676753168232], "running_time": [986.8130683898926], "local_count": [46], "common_count": [114]}}, "90": {"Nearest": {"avg_delay": [0.10310920791469488], "avg_cost": [209.1888888888889], "target_value": [155.4064301369171], "running_time": [3.0031204223632812], "local_count": [180], "common_count": [0]}, "Modify-Assignment": {"avg_delay": [0.09960446069451155], "avg_cost": [205.93333333333334], "target_value": [151.0877940278449], "running_time": [190971.33350372314], "local_count": [157], "common_count": [23]}, "RA-UA": {"avg_delay": [0.09650816188985688], "avg_cost": [74.4888888888889], "target_value": [115.1303841120791], "running_time": [1283.057451248169], "local_count": [41], "common_count": [139]}}, "100": {"Nearest": {"avg_delay": [0.10149614201114197], "avg_cost": [212.77], "target_value": [154.68864201114198], "running_time": [4.003286361694336], "local_count": [200], "common_count": [0]}, "Modify-Assignment": {"avg_delay": [0.09798103416407386], "avg_cost": [209.73], "target_value": [150.41353416407387], "running_time": [250846.6510772705], "local_count": [179], "common_count": [21]}, "RA-UA": {"avg_delay": [0.0954493181902281], "avg_cost": [73.88], "target_value": [113.9193181902281], "running_time": [1532.261848449707], "local_count": [55], "common_count": [145]}}}, "0.5": {"eta": 0.5, "40": {"Nearest": {"avg_delay": [0.10126196462130055], "avg_cost": [104.3], "target_value": [153.41196462130054], "running_time": [1.0013580322265625], "local_count": [80], "common_count": [0]}, "Modify-Assignment": {"avg_delay": [0.09918407037215904], "avg_cost": [102.275], "target_value": [150.32157037215904], "running_time": [11749.67908859253], "local_count": [74], "common_count": [6]}, "RA-UA": {"avg_delay": [0.09560488975049189], "avg_cost": [41.5], "target_value": [116.35488975049189], "running_time": [298.2456684112549], "local_count": [20], "common_count": [60]}}, "50": {"Nearest": {"avg_delay": [0.10527321118265812], "avg_cost": [124.94], "target_value": [167.74321118265811], "running_time": [1.0008811950683594], "local_count": [100], "common_count": [0]}, "Modify-Assignment": {"avg_delay": [0.1034882571761559], "avg_cost": [121.88], "target_value": [164.4282571761559], "running_time": [30410.051584243774], "local_count": [87], "common_count": [13]}, "RA-UA": {"avg_delay": [0.10003723384130653], "avg_cost": [47.08], "target_value": [123.57723384130654], "running_time": [457.37719535827637], "local_count": [21], "common_count": [79]}}, "60": {"Nearest": {"avg_delay": [0.10157123061018258], "avg_cost": [135.35], "target_value": [169.24623061018258], "running_time": [2.002239227294922], "local_count": [120], "common_count": [0]}, "Modify-Assignment": {"avg_delay": [0.09915770749345328], "avg_cost": [133.38333333333333], "target_value": [165.84937416011994], "running_time": [39858.84094238281], "local_count": [107], "common_count": [13]}, "RA-UA": {"avg_delay": [0.09697947071632103], "avg_cost": [49.88333333333333], "target_value": [121.9211373829877], "running_time": [578.4759521484375], "local_count": [33], "common_count": [87]}}, "70": {"Nearest": {"avg_delay": [0.1040768850410005], "avg_cost": [148.75714285714287], "target_value": [178.45545646957194], "running_time": [2.001523971557617], "local_count": [140], "common_count": [0]}, "Modify-Assignment": {"avg_delay": [0.10116531296560259], "avg_cost": [146.45714285714286], "target_value": [174.39388439417402], "running_time": [76784.25598144531], "local_count": [120], "common_count": [20]}, "RA-UA": {"avg_delay": [0.09735111465738734], "avg_cost": [56.31428571428572], "target_value": [125.5082575145302], "running_time": [780.6432247161865], "local_count": [33], "common_count": [107]}}, "80": {"Nearest": {"avg_delay": [0.10490478390964623], "avg_cost": [176.775], "target_value": [193.29228390964624], "running_time": [2.001523971557617], "local_count": [160], "common_count": [0]}, "Modify-Assignment": {"avg_delay": [0.10213495138766689], "avg_cost": [174.0875], "target_value": [189.17870138766688], "running_time": [124766.78490638733], "local_count": [138], "common_count": [22]}, "RA-UA": {"avg_delay": [0.09878602535573335], "avg_cost": [63.5], "target_value": [130.53602535573333], "running_time": [1036.8542671203613], "local_count": [33], "common_count": [127]}}, "90": {"Nearest": {"avg_delay": [0.1068754601444944], "avg_cost": [188.8], "target_value": [201.2754601444944], "running_time": [2.0012855529785156], "local_count": [180], "common_count": [0]}, "Modify-Assignment": {"avg_delay": [0.10442752061297236], "avg_cost": [186.3], "target_value": [197.57752061297236], "running_time": [179379.77600097656], "local_count": [151], "common_count": [29]}, "RA-UA": {"avg_delay": [0.10143167200549622], "avg_cost": [65.24444444444444], "target_value": [134.05389422771844], "running_time": [1209.996223449707], "local_count": [39], "common_count": [141]}}, "100": {"Nearest": {"avg_delay": [0.10783461585391382], "avg_cost": [208.61], "target_value": [212.13961585391382], "running_time": [3.0024051666259766], "local_count": [200], "common_count": [0]},