{"0.25": {"eta": 0.25, "40": {"Nearest": {"avg_delay": [0.10184744430637353], "avg_cost": [114.475], "target_value": [130.46619430637352], "running_time": [1.001119613647461], "local_count": [80], "common_count": [0]}, "Modify-Assignment": {"avg_delay": [0.09761443093185189], "avg_cost": [111.0], "target_value": [125.36443093185189], "running_time": [18451.213836669922], "local_count": [65], "common_count": [15]}, "RA-UA": {"avg_delay": [0.09214275611341297], "avg_cost": [60.25], "target_value": [107.20525611341297], "running_time": [283.2338809967041], "local_count": [40], "common_count": [40]}}, "50": {"Nearest": {"avg_delay": [0.1025914916277511], "avg_cost": [133.5], "target_value": [135.9664916277511], "running_time": [2.0020008087158203], "local_count": [100], "common_count": [0]}, "Modify-Assignment": {"avg_delay": [0.09972960791586179], "avg_cost": [130.36], "target_value": [132.3196079158618], "running_time": [27982.051610946655], "local_count": [90], "common_count": [10]}, "RA-UA": {"avg_delay": [0.0963370989572245], "avg_cost": [63.48], "target_value": [112.2070989572245], "running_time": [419.3451404571533], "local_count": [49], "common_count": [51]}}, "60": {"Nearest": {"avg_delay": [0.09899255441348301], "avg_cost": [142.6], "target_value": [134.642554413483], "running_time": [1.0008811950683594], "local_count": [120], "common_count": [0]}, "Modify-Assignment": {"avg_delay": [0.09665441515469253], "avg_cost": [140.66666666666666], "target_value": [131.8210818213592], "running_time": [33709.7704410553], "local_count": [111], "common_count": [9]}, "RA-UA": {"avg_delay": [0.09278640510847816], "avg_cost": [72.5], "target_value": [110.91140510847816], "running_time": [585.482120513916], "local_count": [58], "common_count": [62]}}, "70": {"Nearest": {"avg_delay": [0.09934601074544683], "avg_cost": [159.64285714285714], "target_value": [139.25672503116112], "running_time": [2.0017623901367188], "local_count": [140], "common_count": [0]}, "Modify-Assignment": {"avg_delay": [0.09732999198964096], "avg_cost": [157.45714285714286], "target_value": [136.69427770392667], "running_time": [63385.218143463135], "local_count": [127], "common_count": [13]}, "RA-UA": {"avg_delay": [0.09373120112696723], "avg_cost": [70.01428571428572], "target_value": [111.23477255553867], "running_time": [797.6572513580322], "local_count": [58], "common_count": [82]}}, "80": {"Nearest": {"avg_delay": [0.10128582325404535], "avg_cost": [188.775], "target_value": [148.47957325404536], "running_time": [2.001523971557617], "local_count": [160], "common_count": [0]}, "Modify-Assignment": {"avg_delay": [0.0983499422321287], "avg_cost": [186.1875], "target_value": [144.89681723212868], "running_time": [113385.11443138123], "local_count": [144], "common_count": [16]}, "RA-UA": {"avg_delay": [0.09551666806922914], "avg_cost": [70.9375], "target_value": [113.25104306922914], "running_time": [982.8107357025146], "local_count": [54], "common_count": [106]}}, "90": {"Nearest": {"avg_delay": [0.10161838500692741], "avg_cost": [200.76666666666668], "target_value": [151.81005167359407], "running_time": [3.0019283294677734], "local_count": [180], "common_count": [0]}, "Modify-Assignment": {"avg_delay": [0.09853246967735856], "avg_cost": [197.64444444444445], "target_value": [147.94358078846966], "running_time": [181715.2795791626], "local_count": [153], "common_count": [27]}, "RA-UA": {"avg_delay": [0.09530500631191434], "avg_cost": [73.8], "target_value": [113.75500631191434], "running_time": [1252.0320415496826], "local_count": [39], "common_count": [141]}}, "100": {"Nearest": {"avg_delay": [0.10287412619590477], "avg_cost": [213.44], "target_value": [156.23412619590476], "running_time": [3.002643585205078], "local_count": [200], "common_count": [0]}, "Modify-Assignment": {"avg_delay": [0.09976937179640441], "avg_cost": [210.54], "target_value": [152.4043717964044], "running_time": [225426.71012878418], "local_count": [177], "common_count": [23]}, "RA-UA": {"avg_delay": [0.09765856313600318], "avg_cost": [77.57], "target_value": [117.05106313600318], "running_time": [1452.1961212158203], "local_count": [50], "common_count": [150]}}}, "0.5": {"eta": 0.5, "40": {"Nearest": {"avg_delay": [0.10205343921912738], "avg_cost": [102.5], "target_value": [153.30343921912737], "running_time": [1.0008811950683594], "local_count": [80], "common_count": [0]}, "Modify-Assignment": {"avg_delay": [0.09903961871606023], "avg_cost": [100.6], "target_value": [149.33961871606022], "running_time": [15818.031787872314], "local_count": [69], "common_count": [11]}, "RA-UA": {"avg_delay": [0.09490272409616651], "avg_cost": [41.875], "target_value": [115.84022409616651], "running_time": [297.2445487976074], "local_count": [21], "common_count": [59]}}, "50": {"Nearest": {"avg_delay": [0.10308423394706503], "avg_cost": [117.64], "target_value": [161.90423394706502], "running_time": [1.001596450805664], "local_count": [100], "common_count": [0]}, "Modify-Assignment": {"avg_delay": [0.09902893438732244], "avg_cost": [114.66], "target_value": [156.35893438732245], "running_time": [28750.685930252075], "local_count": [92], "common_count": [8]}, "RA-UA": {"avg_delay": [0.09464796001394037], "avg_cost": [43.24], "target_value": [116.26796001394037], "running_time": [470.38722038269043], "local_count": [25], "common_count": [75]}}, "60": {"Nearest": {"avg_delay": [0.10349599106142912], "avg_cost": [141.48333333333332], "target_value": [174.23765772809577], "running_time": [1.0004043579101562], "local_count": [120], "common_count": [0]}, "Modify-Assignment": {"avg_delay": [0.10094710753450188], "avg_cost": [138.58333333333334], "target_value": [170.23877420116855], "running_time": [52415.180921554565], "local_count": [103], "common_count": [17]}, "RA-UA": {"avg_delay": [0.09843461958801991], "avg_cost": [50.516666666666666], "target_value": [123.69295292135325], "running_time": [594.4890975952148], "local_count": [28], "common_count": [92]}}, "70": {"Nearest": {"avg_delay": [0.10368997192893255], "avg_cost": [157.45714285714286], "target_value": [182.41854335750398], "running_time": [2.0020008087158203], "local_count": [140], "common_count": [0]}, "Modify-Assignment": {"avg_delay": [0.10027544833373109], "avg_cost": [154.88571428571427], "target_value": [177.71830547658823], "running_time": [78642.79222488403], "local_count": [123], "common_count": [17]}, "RA-UA": {"avg_delay": [0.0956512184594312], "avg_cost": [57.48571428571429], "target_value": [124.39407560228834], "running_time": [782.6447486877441], "local_count": [36], "common_count": [104]}}, "80": {"Nearest": {"avg_delay": [0.1032796313153861], "avg_cost": [168.5875], "target_value": [187.5733813153861], "running_time": [2.0008087158203125], "local_count": [160], "common_count": [0]}, "Modify-Assignment": {"avg_delay": [0.10114073318565282], "avg_cost": [167.0], "target_value": [184.64073318565283], "running_time": [88300.74286460876], "local_count": [148], "common_count": [12]}, "RA-UA": {"avg_delay": [0.09584591527712931], "avg_cost": [63.5625], "target_value": [127.62716527712931], "running_time": [1001.8258094787598], "local_count": [38], "common_count": [122]}}, "90": {"Nearest": {"avg_delay": [0.10485518398774926], "avg_cost": [200.22222222222223], "target_value": [204.96629509886037], "running_time": [3.0019283294677734], "local_count": [180], "common_count": [0]}, "Modify-Assignment": {"avg_delay": [0.10212307301177277], "avg_cost": [197.6], "target_value": [200.92307301177277], "running_time": [154729.4683456421], "local_count": [163], "common_count": [17]}, "RA-UA": {"avg_delay": [0.0987816555282202], "avg_cost": [67.84444444444445], "target_value": [132.70387775044242], "running_time": [1210.9973430633545], "local_count": [50], "common_count": [130]}}, "100": {"Nearest": {"avg_delay": [0.1102476789169842], "avg_cost": [212.9], "target_value": [216.69767891698422], "running_time": [3.0024051666259766], "local_count": [200], "common_count": [0]},