{"0.25": {"eta": 0.25, "40": {"Nearest": {"avg_delay": [0.09654499241731784], "avg_cost": [109.45], "target_value": [123.90749241731784], "running_time": [1.0006427764892578], "local_count": [80], "common_count": [0]}, "Modify-Assignment": {"avg_delay": [0.09472599008026228], "avg_cost": [108.375], "target_value": [121.81974008026228], "running_time": [9736.020803451538], "local_count": [76], "common_count": [4]}, "RA-UA": {"avg_delay": [0.09250951404953996], "avg_cost": [60.6], "target_value": [107.65951404953996], "running_time": [281.2314033508301], "local_count": [40], "common_count": [40]}}, "50": {"Nearest": {"avg_delay": [0.10159071818007563], "avg_cost": [139.24], "target_value": [136.40071818007561], "running_time": [2.0017623901367188], "local_count": [100], "common_count": [0]}, "Modify-Assignment": {"avg_delay": [0.09839274843910012], "avg_cost": [136.16], "target_value": [132.43274843910012], "running_time": [35939.60738182068], "local_count": [85], "common_count": [15]}, "RA-UA": {"avg_delay": [0.0938865769784729], "avg_cost": [59.26], "target_value": [108.7015769784729], "running_time": [423.34890365600586], "local_count": [41], "common_count": [59]}}, "60": {"Nearest": {"avg_delay": [0.1015215355184581], "avg_cost": [153.15], "target_value": [139.8090355184581], "running_time": [0.9999275207519531], "local_count": [120], "common_count": [0]}, "Modify-Assignment": {"avg_delay": [0.09911329853720738], "avg_cost": [151.41666666666666], "target_value": [136.96746520387404], "running_time": [42304.85153198242], "local_count": [110], "common_count": [10]}, "RA-UA": {"avg_delay": [0.09547900079011878], "avg_cost": [76.33333333333333], "target_value": [114.56233412345212], "running_time": [580.4781913757324], "local_count": [64], "common_count": [56]}}, "70": {"Nearest": {"avg_delay": [0.10442484673344891], "avg_cost": [164.94285714285715], "target_value": [145.6605610191632], "running_time": [2.0012855529785156], "local_count": [140], "common_count": [0]}, "Modify-Assignment": {"avg_delay": [0.10194900546527104], "avg_cost": [162.55714285714285], "target_value": [142.58829117955676], "running_time": [70408.00333023071], "local_count": [126], "common_count": [14]}, "RA-UA": {"avg_delay": [0.09832429737769992], "avg_cost": [74.87142857142857], "target_value": [117.04215452055706], "running_time": [803.6618232727051], "local_count": [56], "common_count": [84]}}, "80": {"Nearest": {"avg_delay": [0.10036995581298637], "avg_cost": [178.75], "target_value": [145.05745581298638], "running_time": [2.001047134399414], "local_count": [160], "common_count": [0]}, "Modify-Assignment": {"avg_delay": [0.09737681989646896], "avg_cost": [175.725], "target_value": [141.30806989646896], "running_time": [119059.3593120575], "local_count": [136], "common_count": [24]}, "RA-UA": {"avg_delay": [0.09387623338897405], "avg_cost": [71.825], "target_value": [111.83248338897405], "running_time": [970.7992076873779], "local_count": [57], "common_count": [103]}}, "90": {"Nearest": {"avg_delay": [0.10176636531063647], "avg_cost": [201.9111111111111], "target_value": [152.24414308841426], "running_time": [3.0024051666259766], "local_count": [180], "common_count": [0]}, "Modify-Assignment": {"avg_delay": [0.09889581370451708], "avg_cost": [199.2888888888889], "target_value": [148.7180359267393], "running_time": [149503.1704902649], "local_count": [161], "common_count": [19]}, "RA-UA": {"avg_delay": [0.09604997651437437], "avg_cost": [74.45555555555555], "target_value": [114.66386540326326], "running_time": [1289.0620231628418], "local_count": [44], "common_count": [136]}}, "100": {"Nearest": {"avg_delay": [0.101143955989111], "avg_cost": [215.23], "target_value": [154.951455989111], "running_time": [3.0019283294677734], "local_count": [200], "common_count": [0]}, "Modify-Assignment": {"avg_delay": [0.0978649318238962], "avg_cost": [212.35], "target_value": [150.9524318238962], "running_time": [238934.8382949829], "local_count": [177], "common_count": [23]}, "RA-UA": {"avg_delay": [0.09499401981923042], "avg_cost": [79.32], "target_value": [114.82401981923041], "running_time": [1491.2288188934326], "local_count": [48], "common_count": [152]}}}, "0.5": {"eta": 0.5, "40": {"Nearest": {"avg_delay": [0.10741140478907854], "avg_cost": [109.8], "target_value": [162.31140478907855], "running_time": [1.001596450805664], "local_count": [80], "common_count": [0]}, "Modify-Assignment": {"avg_delay": [0.10519608214605372], "avg_cost": [105.85], "target_value": [158.1210821460537], "running_time": [16270.40410041809], "local_count": [63], "common_count": [17]}, "RA-UA": {"avg_delay": [0.101602942815666], "avg_cost": [42.975], "target_value": [123.090442815666], "running_time": [294.24333572387695], "local_count": [14], "common_count": [66]}}, "50": {"Nearest": {"avg_delay": [0.10263308134628296], "avg_cost": [129.74], "target_value": [167.50308134628295], "running_time": [1.0008811950683594], "local_count": [100], "common_count": [0]}, "Modify-Assignment": {"avg_delay": [0.09873178687976332], "avg_cost": [125.72], "target_value": [161.59178687976333], "running_time": [31341.819763183594], "local_count": [89], "common_count": [11]}, "RA-UA": {"avg_delay": [0.09417142621676301], "avg_cost": [50.0], "target_value": [119.17142621676301], "running_time": [459.3780040740967], "local_count": [29], "common_count": [71]}}, "60": {"Nearest": {"avg_delay": [0.10401386863564538], "avg_cost": [136.8], "target_value": [172.41386863564537], "running_time": [1.001119613647461], "local_count": [120], "common_count": [0]}, "Modify-Assignment": {"avg_delay": [0.10093067436506183], "avg_cost": [134.38333333333333], "target_value": [168.1223410317285], "running_time": [46067.95144081116], "local_count": [109], "common_count": [11]}, "RA-UA": {"avg_delay": [0.09606255062955554], "avg_cost": [50.18333333333333], "target_value": [121.15421729622221], "running_time": [573.472261428833], "local_count": [35], "common_count": [85]}}, "70": {"Nearest": {"avg_delay": [0.10310648427258867], "avg_cost": [143.12857142857143], "target_value": [174.6707699868744], "running_time": [2.0003318786621094], "local_count": [140], "common_count": [0]}, "Modify-Assignment": {"avg_delay": [0.09967425491882624], "avg_cost": [141.0142857142857], "target_value": [170.1813977759691], "running_time": [77923.19989204407], "local_count": [122], "common_count": [18]}, "RA-UA": {"avg_delay": [0.09602673575499651], "avg_cost": [54.6], "target_value": [123.3267357549965], "running_time": [744.6141242980957], "local_count": [35], "common_count": [105]}}, "80": {"Nearest": {"avg_delay": [0.1062141500981501], "avg_cost": [179.1125], "target_value": [195.7704000981501], "running_time": [3.0028820037841797], "local_count": [160], "common_count": [0]}, "Modify-Assignment": {"avg_delay": [0.10340524916131379], "avg_cost": [176.625], "target_value": [191.7177491613138], "running_time": [119133.14390182495], "local_count": [139], "common_count": [21]}, "RA-UA": {"avg_delay": [0.09992364194715124], "avg_cost": [62.475], "target_value": [131.16114194715124], "running_time": [1031.8500995635986], "local_count": [38], "common_count": [122]}}, "90": {"Nearest": {"avg_delay": [0.10879607334998909], "avg_cost": [194.62222222222223], "target_value": [206.1071844611002], "running_time": [3.002643585205078], "local_count": [180], "common_count": [0]}, "Modify-Assignment": {"avg_delay": [0.10552396089706317], "avg_cost": [191.42222222222222], "target_value": [201.23507200817428], "running_time": [186727.82969474792], "local_count": [149], "common_count": [31]}, "RA-UA": {"avg_delay": [0.10170801735076043], "avg_cost": [68.72222222222223], "target_value": [136.06912846187154], "running_time": [1180.9728145599365], "local_count": [34], "common_count": [146]}}, "100": {"Nearest": {"avg_delay": [0.10251639127395802], "avg_cost": [191.7], "target_value": [198.36639127395802], "running_time": [3.002166748046875], "local_count": [200], "common_count": [0]},