{"0.25": {"eta": 0.25, "40": {"Nearest": {"avg_delay": [0.10153404407532916], "avg_cost": [115.45], "target_value": [130.39654407532916], "running_time": [1.0006427764892578], "local_count": [80], "common_count": [0]}, "Modify-Assignment": {"avg_delay": [0.09800165344500072], "avg_cost": [112.3], "target_value": [126.07665344500073], "running_time": [14999.356269836426], "local_count": [71], "common_count": [9]}, "RA-UA": {"avg_delay": [0.09270274669183429], "avg_cost": [56.15], "target_value": [106.74024669183429], "running_time": [294.24166679382324], "local_count": [34], "common_count": [46]}}, "50": {"Nearest": {"avg_delay": [0.10044910538331915], "avg_cost": [118.68], "target_value": [130.11910538331915], "running_time": [2.0020008087158203], "local_count": [100], "common_count": [0]}, "Modify-Assignment": {"avg_delay": [0.09757047356797144], "avg_cost": [114.98], "target_value": [126.31547356797144], "running_time": [31330.811262130737], "local_count": [84], "common_count": [16]}, "RA-UA": {"avg_delay": [0.0936998066535625], "avg_cost": [66.02], "target_value": [110.2048066535625], "running_time": [422.3494529724121], "local_count": [54], "common_count": [46]}}, "60": {"Nearest": {"avg_delay": [0.10207559436475279], "avg_cost": [147.61666666666667], "target_value": [138.97976103141946], "running_time": [2.001047134399414], "local_count": [120], "common_count": [0]}, "Modify-Assignment": {"avg_delay": [0.0991623544598649], "avg_cost": [144.41666666666666], "target_value": [135.26652112653156], "running_time": [46619.40503120422], "local_count": [103], "common_count": [17]}, "RA-UA": {"avg_delay": [0.095391378029427], "avg_cost": [71.26666666666667], "target_value": [113.20804469609367], "running_time": [576.4758586883545], "local_count": [61], "common_count": [59]}}, "70": {"Nearest": {"avg_delay": [0.10151517253058832], "avg_cost": [171.78571428571428], "target_value": [144.4616011020169], "running_time": [2.001523971557617], "local_count": [140], "common_count": [0]}, "Modify-Assignment": {"avg_delay": [0.09910059114061344], "avg_cost": [169.6], "target_value": [141.50059114061344], "running_time": [63143.01776885986], "local_count": [128], "common_count": [12]}, "RA-UA": {"avg_delay": [0.09492305445008203], "avg_cost": [80.85714285714286], "target_value": [115.13734016436774], "running_time": [789.6504402160645], "local_count": [64], "common_count": [76]}}, "80": {"Nearest": {"avg_delay": [0.10009577609983795], "avg_cost": [181.2625], "target_value": [145.41140109983795], "running_time": [2.001523971557617], "local_count": [160], "common_count": [0]}, "Modify-Assignment": {"avg_delay": [0.09731441661353349], "avg_cost": [178.8], "target_value": [142.0144166135335], "running_time": [97290.42625427246], "local_count": [146], "common_count": [14]}, "RA-UA": {"avg_delay": [0.09383609114186701], "avg_cost": [74.2625], "target_value": [112.40171614186701], "running_time": [962.7931118011475], "local_count": [57], "common_count": [103]}}, "90": {"Nearest": {"avg_delay": [0.10480388770655147], "avg_cost": [200.9111111111111], "target_value": [155.03166548432924], "running_time": [3.002166748046875], "local_count": [180], "common_count": [0]}, "Modify-Assignment": {"avg_delay": [0.10089316790610584], "avg_cost": [197.76666666666668], "target_value": [150.3348345727725], "running_time": [186576.71284675598], "local_count": [155], "common_count": [25]}, "RA-UA": {"avg_delay": [0.09606804103705105], "avg_cost": [80.27777777777777], "target_value": [116.13748548149549], "running_time": [1239.020824432373], "local_count": [58], "common_count": [122]}}, "100": {"Nearest": {"avg_delay": [0.10371862113454224], "avg_cost": [222.3], "target_value": [159.29362113454224], "running_time": [3.002643585205078], "local_count": [200], "common_count": [0]}, "Modify-Assignment": {"avg_delay": [0.10057860399637535], "avg_cost": [218.74], "target_value": [155.26360399637537], "running_time": [252033.62941741943], "local_count": [169], "common_count": [31]}, "RA-UA": {"avg_delay": [0.0981901757737158], "avg_cost": [80.72], "target_value": [118.3701757737158], "running_time": [1442.188024520874], "local_count": [38], "common_count": [162]}}}, "0.5": {"eta": 0.5, "40": {"Nearest": {"avg_delay": [0.1006669016065676], "avg_cost": [96.2], "target_value": [148.76690160656761], "running_time": [1.0008811950683594], "local_count": [80], "common_count": [0]}, "Modify-Assignment": {"avg_delay": [0.09787873179078364], "avg_cost": [93.875], "target_value": [144.81623179078366], "running_time": [13335.986614227295], "local_count": [73], "common_count": [7]}, "RA-UA": {"avg_delay": [0.0943165974559076], "avg_cost": [36.75], "target_value": [112.69159745590761], "running_time": [291.2404537200928], "local_count": [26], "common_count": [54]}}, "50": {"Nearest": {"avg_delay": [0.1045514830701087], "avg_cost": [123.86], "target_value": [166.4814830701087], "running_time": [1.0004043579101562], "local_count": [100], "common_count": [0]}, "Modify-Assignment": {"avg_delay": [0.10262596838047096], "avg_cost": [122.4], "target_value": [163.82596838047095], "running_time": [20980.284690856934], "local_count": [93], "common_count": [7]}, "RA-UA": {"avg_delay": [0.10082406462228605], "avg_cost": [42.52], "target_value": [122.08406462228605], "running_time": [452.37255096435547], "local_count": [30], "common_count": [70]}}, "60": {"Nearest": {"avg_delay": [0.10680083577841884], "avg_cost": [146.28333333333333], "target_value": [179.9425024450855], "running_time": [1.0006427764892578], "local_count": [120], "common_count": [0]}, "Modify-Assignment": {"avg_delay": [0.103142295629619], "avg_cost": [142.86666666666667], "target_value": [174.57562896295235], "running_time": [54845.1874256134], "local_count": [105], "common_count": [15]}, "RA-UA": {"avg_delay": [0.09823718527396631], "avg_cost": [54.6], "target_value": [125.53718527396632], "running_time": [589.4861221313477], "local_count": [32], "common_count": [88]}}, "70": {"Nearest": {"avg_delay": [0.1034380688088977], "avg_cost": [161.2], "target_value": [184.03806880889772], "running_time": [2.001047134399414], "local_count": [140], "common_count": [0]}, "Modify-Assignment": {"avg_delay": [0.1001272573683494], "avg_cost": [158.21428571428572], "target_value": [179.23440022549227], "running_time": [77196.59543037415], "local_count": [123], "common_count": [17]}, "RA-UA": {"avg_delay": [0.0951458778049745], "avg_cost": [57.17142857142857], "target_value": [123.73159209068878], "running_time": [782.6440334320068], "local_count": [35], "common_count": [105]}}, "80": {"Nearest": {"avg_delay": [0.10603464693852156], "avg_cost": [178.5125], "target_value": [195.29089693852154], "running_time": [2.0017623901367188], "local_count": [160], "common_count": [0]}, "Modify-Assignment": {"avg_delay": [0.10298123053352992], "avg_cost": [176.0625], "target_value": [191.01248053352992], "running_time": [112198.43101501465], "local_count": [144], "common_count": [16]}, "RA-UA": {"avg_delay": [0.09801264950524775], "avg_cost": [62.7375], "target_value": [129.38139950524774], "running_time": [997.8213310241699], "local_count": [33], "common_count": [127]}}, "90": {"Nearest": {"avg_delay": [0.1063819083354591], "avg_cost": [195.53333333333333], "target_value": [204.14857500212577], "running_time": [3.002166748046875], "local_count": [180], "common_count": [0]}, "Modify-Assignment": {"avg_delay": [0.10342241704940001], "avg_cost": [193.34444444444443], "target_value": [200.0946392716222], "running_time": [141409.49535369873], "local_count": [160], "common_count": [20]}, "RA-UA": {"avg_delay": [0.09995001581210294], "avg_cost": [68.83333333333333], "target_value": [134.3666824787696], "running_time": [1207.9949378967285], "local_count": [45], "common_count": [135]}}, "100": {"Nearest": {"avg_delay": [0.1065824876753511], "avg_cost": [205.63], "target_value": [209.3974876753511], "running_time": [3.002166748046875], "local_count": [200], "common_count": [0]},