{"0.25": {"eta": 0.25, "40": {"Nearest": {"avg_delay": [0.10020989907627793], "avg_cost": [111.625], "target_value": [128.11614907627794], "running_time": [1.0004043579101562], "local_count": [80], "common_count": [0]}, "Modify-Assignment": {"avg_delay": [0.09774818735688201], "avg_cost": [108.525], "target_value": [124.87943735688202], "running_time": [14656.074047088623], "local_count": [69], "common_count": [11]}, "RA-UA": {"avg_delay": [0.09592515155142968], "avg_cost": [59.45], "target_value": [110.78765155142968], "running_time": [291.23997688293457], "local_count": [42], "common_count": [38]}}, "50": {"Nearest": {"avg_delay": [0.10297080231884997], "avg_cost": [126.6], "target_value": [134.62080231884997], "running_time": [2.000570297241211], "local_count": [100], "common_count": [0]}, "Modify-Assignment": {"avg_delay": [0.09908876732622189], "avg_cost": [123.48], "target_value": [129.95876732622187], "running_time": [31852.241039276123], "local_count": [89], "common_count": [11]}, "RA-UA": {"avg_delay": [0.09532736988034156], "avg_cost": [63.3], "target_value": [111.15236988034157], "running_time": [421.34642601013184], "local_count": [49], "common_count": [51]}}, "60": {"Nearest": {"avg_delay": [0.10294278397536154], "avg_cost": [155.86666666666667], "target_value": [141.90945064202822], "running_time": [2.0020008087158203], "local_count": [120], "common_count": [0]}, "Modify-Assignment": {"avg_delay": [0.0999980903490745], "avg_cost": [153.45], "target_value": [138.3605903490745], "running_time": [51787.662982940674], "local_count": [108], "common_count": [12]}, "RA-UA": {"avg_delay": [0.096135707076612], "avg_cost": [71.96666666666667], "target_value": [114.12737374327867], "running_time": [580.4793834686279], "local_count": [59], "common_count": [61]}}, "70": {"Nearest": {"avg_delay": [0.0987810952575299], "avg_cost": [172.9], "target_value": [142.0060952575299], "running_time": [2.0020008087158203], "local_count": [140], "common_count": [0]}, "Modify-Assignment": {"avg_delay": [0.09621343316111605], "avg_cost": [170.37142857142857], "target_value": [138.80629030397319], "running_time": [80120.00465393066], "local_count": [120], "common_count": [20]}, "RA-UA": {"avg_delay": [0.09382573637143887], "avg_cost": [69.17142857142858], "target_value": [111.11859351429602], "running_time": [801.6602993011475], "local_count": [46], "common_count": [94]}}, "80": {"Nearest": {"avg_delay": [0.10364523109781125], "avg_cost": [181.2125], "target_value": [148.94835609781126], "running_time": [3.0019283294677734], "local_count": [160], "common_count": [0]}, "Modify-Assignment": {"avg_delay": [0.10089078329552915], "avg_cost": [177.8125], "target_value": [145.34390829552916], "running_time": [112005.54823875427], "local_count": [138], "common_count": [22]}, "RA-UA": {"avg_delay": [0.09904405960395646], "avg_cost": [77.7875], "target_value": [118.49093460395645], "running_time": [980.8087348937988], "local_count": [59], "common_count": [101]}}, "90": {"Nearest": {"avg_delay": [0.10161751286448731], "avg_cost": [198.15555555555557], "target_value": [151.1564017533762], "running_time": [3.0019283294677734], "local_count": [180], "common_count": [0]}, "Modify-Assignment": {"avg_delay": [0.09918664708499302], "avg_cost": [196.1888888888889], "target_value": [148.23386930721523], "running_time": [140994.1611289978], "local_count": [162], "common_count": [18]}, "RA-UA": {"avg_delay": [0.09622164235558928], "avg_cost": [79.62222222222222], "target_value": [116.12719791114483], "running_time": [1265.0413513183594], "local_count": [57], "common_count": [123]}}, "100": {"Nearest": {"avg_delay": [0.09981455914154612], "avg_cost": [204.76], "target_value": [151.0045591415461], "running_time": [4.003047943115234], "local_count": [200], "common_count": [0]}, "Modify-Assignment": {"avg_delay": [0.09683043246178438], "avg_cost": [201.27], "target_value": [147.1479324617844], "running_time": [223532.14931488037], "local_count": [180], "common_count": [20]}, "RA-UA": {"avg_delay": [0.09415811269287522], "avg_cost": [73.83], "target_value": [112.61561269287522], "running_time": [1443.1889057159424], "local_count": [48], "common_count": [152]}}}, "0.5": {"eta": 0.5, "40": {"Nearest": {"avg_delay": [0.09906252293033449], "avg_cost": [98.625], "target_value": [148.3750229303345], "running_time": [1.0004043579101562], "local_count": [80], "common_count": [0]}, "Modify-Assignment": {"avg_delay": [0.096205037750943], "avg_cost": [96.575], "target_value": [144.492537750943], "running_time": [14142.651319503784], "local_count": [72], "common_count": [8]}, "RA-UA": {"avg_delay": [0.09184611744191347], "avg_cost": [39.95], "target_value": [111.82111744191346], "running_time": [293.2415008544922], "local_count": [20], "common_count": [60]}}, "50": {"Nearest": {"avg_delay": [0.10560434891898049], "avg_cost": [129.62], "target_value": [170.4143489189805], "running_time": [1.0006427764892578], "local_count": [100], "common_count": [0]}, "Modify-Assignment": {"avg_delay": [0.10162161812122021], "avg_cost": [126.76], "target_value": [165.00161812122022], "running_time": [30351.004123687744], "local_count": [93], "common_count": [7]}, "RA-UA": {"avg_delay": [0.09801727391857082], "avg_cost": [48.78], "target_value": [122.40727391857082], "running_time": [453.37438583374023], "local_count": [26], "common_count": [74]}}, "60": {"Nearest": {"avg_delay": [0.10297087130240089], "avg_cost": [141.05], "target_value": [173.4958713024009], "running_time": [2.0020008087158203], "local_count": [120], "common_count": [0]}, "Modify-Assignment": {"avg_delay": [0.09969939726344042], "avg_cost": [138.66666666666666], "target_value": [169.03273059677375], "running_time": [49299.61347579956], "local_count": [105], "common_count": [15]}, "RA-UA": {"avg_delay": [0.0977083781799564], "avg_cost": [50.11666666666667], "target_value": [122.76671151328974], "running_time": [576.4749050140381], "local_count": [28], "common_count": [92]}}, "70": {"Nearest": {"avg_delay": [0.10261905276647951], "avg_cost": [160.44285714285715], "target_value": [182.8404813379081], "running_time": [2.001523971557617], "local_count": [140], "common_count": [0]}, "Modify-Assignment": {"avg_delay": [0.0995054901096206], "avg_cost": [158.4142857142857], "target_value": [178.71263296676346], "running_time": [81799.39270019531], "local_count": [126], "common_count": [14]}, "RA-UA": {"avg_delay": [0.0958061251898222], "avg_cost": [56.4], "target_value": [124.00612518982221], "running_time": [756.6230297088623], "local_count": [39], "common_count": [101]}}, "80": {"Nearest": {"avg_delay": [0.10594420304352944], "avg_cost": [171.45], "target_value": [191.66920304352942], "running_time": [3.002643585205078], "local_count": [160], "common_count": [0]}, "Modify-Assignment": {"avg_delay": [0.10312022871513175], "avg_cost": [168.75], "target_value": [187.49522871513176], "running_time": [111877.16603279114], "local_count": [143], "common_count": [17]}, "RA-UA": {"avg_delay": [0.09967290574833693], "avg_cost": [62.275], "target_value": [130.81040574833693], "running_time": [1000.8244514465332], "local_count": [37], "common_count": [123]}}, "90": {"Nearest": {"avg_delay": [0.10576835572782123], "avg_cost": [197.06666666666666], "target_value": [204.30168906115455], "running_time": [3.002643585205078], "local_count": [180], "common_count": [0]}, "Modify-Assignment": {"avg_delay": [0.1026487981806329], "avg_cost": [194.5222222222222], "target_value": [199.909909291744], "running_time": [175698.74334335327], "local_count": [159], "common_count": [21]}, "RA-UA": {"avg_delay": [0.09913531619447312], "avg_cost": [68.16666666666667], "target_value": [133.21864952780646], "running_time": [1176.9695281982422], "local_count": [35], "common_count": [145]}}, "100": {"Nearest": {"avg_delay": [0.10461780518083783], "avg_cost": [197.22], "target_value": [203.22780518083783], "running_time": [3.0024051666259766], "local_count": [200], "common_count": [0]},