{"0.25": {"eta": 0.25, "40": {"Nearest": {"avg_delay": [0.09500555350377876], "avg_cost": [107.625], "target_value": [121.91180350377876], "running_time": [1.001119613647461], "local_count": [80], "common_count": [0]}, "Modify-Assignment": {"avg_delay": [0.09216293166181622], "avg_cost": [105.725], "target_value": [118.59418166181621], "running_time": [10918.994665145874], "local_count": [74], "common_count": [6]}, "RA-UA": {"avg_delay": [0.0893457351029527], "avg_cost": [51.425], "target_value": [102.2019851029527], "running_time": [281.2314033508301], "local_count": [39], "common_count": [41]}}, "50": {"Nearest": {"avg_delay": [0.10108026654042576], "avg_cost": [129.4], "target_value": [133.43026654042578], "running_time": [1.0008811950683594], "local_count": [100], "common_count": [0]}, "Modify-Assignment": {"avg_delay": [0.09907363759828121], "avg_cost": [126.56], "target_value": [130.7136375982812], "running_time": [25146.729469299316], "local_count": [86], "common_count": [14]}, "RA-UA": {"avg_delay": [0.09535514392029057], "avg_cost": [60.18], "target_value": [110.40014392029057], "running_time": [406.33440017700195], "local_count": [42], "common_count": [58]}}, "60": {"Nearest": {"avg_delay": [0.09947940055448032], "avg_cost": [147.66666666666666], "target_value": [136.39606722114698], "running_time": [2.002239227294922], "local_count": [120], "common_count": [0]}, "Modify-Assignment": {"avg_delay": [0.09607522919073534], "avg_cost": [144.73333333333332], "target_value": [132.25856252406868], "running_time": [49166.50414466858], "local_count": [106], "common_count": [14]}, "RA-UA": {"avg_delay": [0.09069770068256928], "avg_cost": [66.36666666666666], "target_value": [107.28936734923596], "running_time": [586.4832401275635], "local_count": [48], "common_count": [72]}}, "70": {"Nearest": {"avg_delay": [0.09819843232381463], "avg_cost": [160.81428571428572], "target_value": [138.40200375238607], "running_time": [2.002239227294922], "local_count": [140], "common_count": [0]}, "Modify-Assignment": {"avg_delay": [0.09540253553813802], "avg_cost": [158.55714285714285], "target_value": [135.04182125242372], "running_time": [64704.30493354797], "local_count": [129], "common_count": [11]}, "RA-UA": {"avg_delay": [0.0928512385532008], "avg_cost": [66.14285714285714], "target_value": [109.38695283891508], "running_time": [796.6563701629639], "local_count": [61], "common_count": [79]}}, "80": {"Nearest": {"avg_delay": [0.09813518790773854], "avg_cost": [186.525], "target_value": [144.76643790773855], "running_time": [3.0024051666259766], "local_count": [160], "common_count": [0]}, "Modify-Assignment": {"avg_delay": [0.09542203952966265], "avg_cost": [184.6375], "target_value": [141.58141452966265], "running_time": [113626.88326835632], "local_count": [144], "common_count": [16]}, "RA-UA": {"avg_delay": [0.09212605816812833], "avg_cost": [71.025], "target_value": [109.88230816812833], "running_time": [1011.833667755127], "local_count": [60], "common_count": [100]}}, "90": {"Nearest": {"avg_delay": [0.10263348730081381], "avg_cost": [196.72222222222223], "target_value": [151.81404285636938], "running_time": [3.002643585205078], "local_count": [180], "common_count": [0]}, "Modify-Assignment": {"avg_delay": [0.09980277622602787], "avg_cost": [193.6888888888889], "target_value": [148.2249984482501], "running_time": [157395.67279815674], "local_count": [162], "common_count": [18]}, "RA-UA": {"avg_delay": [0.09737897955933526], "avg_cost": [73.74444444444444], "target_value": [115.81509067044638], "running_time": [1268.0444717407227], "local_count": [44], "common_count": [136]}}, "100": {"Nearest": {"avg_delay": [0.10024510973649135], "avg_cost": [215.17], "target_value": [154.03760973649136], "running_time": [3.002166748046875], "local_count": [200], "common_count": [0]}, "Modify-Assignment": {"avg_delay": [0.09667410214227715], "avg_cost": [212.73], "target_value": [149.85660214227715], "running_time": [230649.01185035706], "local_count": [180], "common_count": [20]}, "RA-UA": {"avg_delay": [0.09211304794129918], "avg_cost": [82.06], "target_value": [112.62804794129919], "running_time": [1500.2350807189941], "local_count": [57], "common_count": [143]}}}, "0.5": {"eta": 0.5, "40": {"Nearest": {"avg_delay": [0.10356702035218258], "avg_cost": [108.925], "target_value": [158.02952035218257], "running_time": [1.0008811950683594], "local_count": [80], "common_count": [0]}, "Modify-Assignment": {"avg_delay": [0.10065449039861661], "avg_cost": [105.35], "target_value": [153.3294903986166], "running_time": [17692.575454711914], "local_count": [69], "common_count": [11]}, "RA-UA": {"avg_delay": [0.09649567178147204], "avg_cost": [42.725], "target_value": [117.85817178147204], "running_time": [299.24631118774414], "local_count": [19], "common_count": [61]}}, "50": {"Nearest": {"avg_delay": [0.10635204110054743], "avg_cost": [119.5], "target_value": [166.1020411005474], "running_time": [2.0020008087158203], "local_count": [100], "common_count": [0]}, "Modify-Assignment": {"avg_delay": [0.1031297188414557], "avg_cost": [116.88], "target_value": [161.5697188414557], "running_time": [27445.610284805298], "local_count": [86], "common_count": [14]}, "RA-UA": {"avg_delay": [0.10045384632897159], "avg_cost": [43.1], "target_value": [122.00384632897158], "running_time": [464.3824100494385], "local_count": [22], "common_count": [78]}}, "60": {"Nearest": {"avg_delay": [0.10423938578606085], "avg_cost": [146.23333333333332], "target_value": [177.3560524527275], "running_time": [1.001119613647461], "local_count": [120], "common_count": [0]}, "Modify-Assignment": {"avg_delay": [0.10147694315187569], "avg_cost": [143.41666666666666], "target_value": [173.18527648520902], "running_time": [52236.03272438049], "local_count": [102], "common_count": [18]}, "RA-UA": {"avg_delay": [0.09748432579833442], "avg_cost": [53.416666666666664], "target_value": [124.19265913166775], "running_time": [589.4849300384521], "local_count": [26], "common_count": [94]}}, "70": {"Nearest": {"avg_delay": [0.10223273941841014], "avg_cost": [139.42857142857142], "target_value": [171.94702513269584], "running_time": [2.001047134399414], "local_count": [140], "common_count": [0]}, "Modify-Assignment": {"avg_delay": [0.09975009337745568], "avg_cost": [138.2], "target_value": [168.85009337745566], "running_time": [57989.77327346802], "local_count": [129], "common_count": [11]}, "RA-UA": {"avg_delay": [0.09634878298964719], "avg_cost": [56.68571428571428], "target_value": [124.69164013250433], "running_time": [763.6299133300781], "local_count": [36], "common_count": [104]}}, "80": {"Nearest": {"avg_delay": [0.10417146964963629], "avg_cost": [188.5375], "target_value": [198.44021964963628], "running_time": [2.0020008087158203], "local_count": [160], "common_count": [0]}, "Modify-Assignment": {"avg_delay": [0.10176637730682671], "avg_cost": [185.5625], "target_value": [194.5476273068267], "running_time": [112073.3323097229], "local_count": [145], "common_count": [15]}, "RA-UA": {"avg_delay": [0.09870553510766715], "avg_cost": [65.4625], "target_value": [131.43678510766716], "running_time": [1032.850742340088], "local_count": [40], "common_count": [120]}}, "90": {"Nearest": {"avg_delay": [0.10662179571097606], "avg_cost": [199.48888888888888], "target_value": [206.36624015542048], "running_time": [2.002239227294922], "local_count": [180], "common_count": [0]}, "Modify-Assignment": {"avg_delay": [0.10382651780689578], "avg_cost": [196.5], "target_value": [202.07651780689577], "running_time": [162772.09401130676], "local_count": [154], "common_count": [26]}, "RA-UA": {"avg_delay": [0.10038722285851254], "avg_cost": [67.68888888888888], "target_value": [134.23166730295696], "running_time": [1232.0148944854736], "local_count": [42], "common_count": [138]}}, "100": {"Nearest": {"avg_delay": [0.10251355689171797], "avg_cost": [208.62], "target_value": [206.82355689171797], "running_time": [4.002809524536133],