{"0.25": {"eta": 0.25, "40": {"Nearest": {"avg_delay": [0.10312845892622946], "avg_cost": [109.95], "target_value": [130.61595892622947], "running_time": [1.001119613647461], "local_count": [80], "common_count": [0]}, "Modify-Assignment": {"avg_delay": [0.10030438376746645], "avg_cost": [106.925], "target_value": [127.03563376746645], "running_time": [15044.39377784729], "local_count": [69], "common_count": [11]}, "RA-UA": {"avg_delay": [0.09887440729876587], "avg_cost": [61.425], "target_value": [114.23065729876588], "running_time": [276.2274742126465], "local_count": [45], "common_count": [35]}}, "50": {"Nearest": {"avg_delay": [0.10002089931099262], "avg_cost": [127.84], "target_value": [131.9808993109926], "running_time": [1.0006427764892578], "local_count": [100], "common_count": [0]}, "Modify-Assignment": {"avg_delay": [0.09683028628239676], "avg_cost": [125.42], "target_value": [128.18528628239676], "running_time": [26828.11450958252], "local_count": [90], "common_count": [10]}, "RA-UA": {"avg_delay": [0.09229925460353093], "avg_cost": [63.88], "target_value": [108.26925460353092], "running_time": [405.3342342376709], "local_count": [46], "common_count": [54]}}, "60": {"Nearest": {"avg_delay": [0.09954130814417127], "avg_cost": [144.96666666666667], "target_value": [135.78297481083794], "running_time": [1.0004043579101562], "local_count": [120], "common_count": [0]}, "Modify-Assignment": {"avg_delay": [0.09612977898035904], "avg_cost": [141.7], "target_value": [131.55477898035906], "running_time": [48781.187534332275], "local_count": [104], "common_count": [16]}, "RA-UA": {"avg_delay": [0.09231922792299489], "avg_cost": [71.26666666666667], "target_value": [110.13589458966156], "running_time": [575.4745006561279], "local_count": [55], "common_count": [65]}}, "70": {"Nearest": {"avg_delay": [0.09873036372060309], "avg_cost": [169.2], "target_value": [141.03036372060308], "running_time": [2.0020008087158203], "local_count": [140], "common_count": [0]}, "Modify-Assignment": {"avg_delay": [0.09630875276073837], "avg_cost": [166.5857142857143], "target_value": [137.95518133216694], "running_time": [73812.80827522278], "local_count": [124], "common_count": [16]}, "RA-UA": {"avg_delay": [0.09378957337795618], "avg_cost": [74.81428571428572], "target_value": [112.49314480652762], "running_time": [804.6627044677734], "local_count": [57], "common_count": [83]}}, "80": {"Nearest": {"avg_delay": [0.09920259673799883], "avg_cost": [180.3375], "target_value": [144.28697173799884], "running_time": [3.0019283294677734], "local_count": [160], "common_count": [0]}, "Modify-Assignment": {"avg_delay": [0.09633925504096286], "avg_cost": [177.8], "target_value": [140.78925504096287], "running_time": [105740.3872013092], "local_count": [143], "common_count": [17]}, "RA-UA": {"avg_delay": [0.09265026841086646], "avg_cost": [71.25], "target_value": [110.46276841086646], "running_time": [1011.8343830108643], "local_count": [57], "common_count": [103]}}, "90": {"Nearest": {"avg_delay": [0.10439327681434823], "avg_cost": [196.6888888888889], "target_value": [153.56549903657046], "running_time": [3.0028820037841797], "local_count": [180], "common_count": [0]}, "Modify-Assignment": {"avg_delay": [0.10017577639059275], "avg_cost": [192.76666666666668], "target_value": [148.3674430572594], "running_time": [215515.55347442627], "local_count": [157], "common_count": [23]}, "RA-UA": {"avg_delay": [0.09484332115388791], "avg_cost": [81.71111111111111], "target_value": [115.27109893166569], "running_time": [1260.038137435913], "local_count": [65], "common_count": [115]}}, "100": {"Nearest": {"avg_delay": [0.10141973912272835], "avg_cost": [229.33], "target_value": [158.75223912272835], "running_time": [4.003286361694336], "local_count": [200], "common_count": [0]}, "Modify-Assignment": {"avg_delay": [0.09779061757201449], "avg_cost": [225.48], "target_value": [154.16061757201447], "running_time": [264695.05977630615], "local_count": [171], "common_count": [29]}, "RA-UA": {"avg_delay": [0.09446152461862238], "avg_cost": [81.42], "target_value": [114.81652461862238], "running_time": [1494.2314624786377], "local_count": [50], "common_count": [150]}}}, "0.5": {"eta": 0.5, "40": {"Nearest": {"avg_delay": [0.099803752671622], "avg_cost": [115.575], "target_value": [157.59125267162202], "running_time": [1.0006427764892578], "local_count": [80], "common_count": [0]}, "Modify-Assignment": {"avg_delay": [0.09821072257460212], "avg_cost": [114.25], "target_value": [155.33572257460213], "running_time": [8051.632642745972], "local_count": [78], "common_count": [2]}, "RA-UA": {"avg_delay": [0.09501375231779814], "avg_cost": [43.425], "target_value": [116.72625231779813], "running_time": [300.2471923828125], "local_count": [20], "common_count": [60]}}, "50": {"Nearest": {"avg_delay": [0.10202226569296263], "avg_cost": [122.36], "target_value": [163.20226569296264], "running_time": [1.0008811950683594], "local_count": [100], "common_count": [0]}, "Modify-Assignment": {"avg_delay": [0.09963869633674749], "avg_cost": [120.08], "target_value": [159.6786963367475], "running_time": [28267.287492752075], "local_count": [88], "common_count": [12]}, "RA-UA": {"avg_delay": [0.09716258165535713], "avg_cost": [46.8], "target_value": [120.56258165535712], "running_time": [457.37648010253906], "local_count": [22], "common_count": [78]}}, "60": {"Nearest": {"avg_delay": [0.10319351845675823], "avg_cost": [126.13333333333334], "target_value": [166.2601851234249], "running_time": [2.001523971557617], "local_count": [120], "common_count": [0]}, "Modify-Assignment": {"avg_delay": [0.100378665753158], "avg_cost": [124.88333333333334], "target_value": [162.82033241982467], "running_time": [40372.25937843323], "local_count": [109], "common_count": [11]}, "RA-UA": {"avg_delay": [0.09566225376532884], "avg_cost": [48.516666666666666], "target_value": [119.92058709866217], "running_time": [573.4710693359375], "local_count": [23], "common_count": [97]}}, "70": {"Nearest": {"avg_delay": [0.10792384710397276], "avg_cost": [164.44285714285715], "target_value": [190.14527567540134], "running_time": [2.0020008087158203], "local_count": [140], "common_count": [0]}, "Modify-Assignment": {"avg_delay": [0.10555374234553123], "avg_cost": [161.24285714285713], "target_value": [186.17517091695981], "running_time": [83728.98244857788], "local_count": [119], "common_count": [21]}, "RA-UA": {"avg_delay": [0.1026877636566276], "avg_cost": [56.642857142857146], "target_value": [131.00919222805618], "running_time": [772.6361751556396], "local_count": [27], "common_count": [113]}}, "80": {"Nearest": {"avg_delay": [0.10441592767710034], "avg_cost": [174.3], "target_value": [191.56592767710035], "running_time": [2.002239227294922], "local_count": [160], "common_count": [0]}, "Modify-Assignment": {"avg_delay": [0.10095761241425494], "avg_cost": [171.625], "target_value": [186.77011241425492], "running_time": [119028.05781364441], "local_count": [140], "common_count": [20]}, "RA-UA": {"avg_delay": [0.09724483899112693], "avg_cost": [65.325], "target_value": [129.90733899112692], "running_time": [1021.8422412872314], "local_count": [39], "common_count": [121]}}, "90": {"Nearest": {"avg_delay": [0.1043664935925051], "avg_cost": [184.22222222222223], "target_value": [196.47760470361624], "running_time": [3.0019283294677734], "local_count": [180], "common_count": [0]}, "Modify-Assignment": {"avg_delay": [0.10148247527593174], "avg_cost": [181.66666666666666], "target_value": [192.31580860926505], "running_time": [175143.28503608704], "local_count": [160], "common_count": [20]}, "RA-UA": {"avg_delay": [0.09947390671610873], "avg_cost": [64.26666666666667], "target_value": [131.60724004944205], "running_time": [1198.9877223968506], "local_count": [47], "common_count": [133]}}, "100": {"Nearest": {"avg_delay": [0.1042882580297942], "avg_cost": [201.58], "target_value": [205.0782580297942], "running_time": [4.003286361694336], "local_count": [200],