{"0.25": {"eta": 0.25, "40": {"Nearest": {"avg_delay": [0.10185101345637326], "avg_cost": [111.6], "target_value": [129.75101345637327], "running_time": [1.0006427764892578], "local_count": [80], "common_count": [0]}, "Modify-Assignment": {"avg_delay": [0.09944397458850605], "avg_cost": [107.725], "target_value": [126.37522458850606], "running_time": [17237.213134765625], "local_count": [65], "common_count": [15]}, "RA-UA": {"avg_delay": [0.09781599529643885], "avg_cost": [61.85], "target_value": [113.27849529643885], "running_time": [282.23228454589844], "local_count": [45], "common_count": [35]}}, "50": {"Nearest": {"avg_delay": [0.10182082402839657], "avg_cost": [127.42], "target_value": [133.67582402839656], "running_time": [1.0008811950683594], "local_count": [100], "common_count": [0]}, "Modify-Assignment": {"avg_delay": [0.09882121885573995], "avg_cost": [124.02], "target_value": [129.82621885573997], "running_time": [28365.368127822876], "local_count": [85], "common_count": [15]}, "RA-UA": {"avg_delay": [0.09581958674252444], "avg_cost": [60.94], "target_value": [111.05458674252445], "running_time": [412.3399257659912], "local_count": [46], "common_count": [54]}}, "60": {"Nearest": {"avg_delay": [0.09866533543562041], "avg_cost": [143.26666666666668], "target_value": [134.48200210228708], "running_time": [2.002239227294922], "local_count": [120], "common_count": [0]}, "Modify-Assignment": {"avg_delay": [0.09556334789612529], "avg_cost": [140.5], "target_value": [130.6883478961253], "running_time": [47624.23324584961], "local_count": [107], "common_count": [13]}, "RA-UA": {"avg_delay": [0.09291827548926683], "avg_cost": [65.35], "target_value": [109.25577548926682], "running_time": [589.4854068756104], "local_count": [49], "common_count": [71]}}, "70": {"Nearest": {"avg_delay": [0.09998459430130703], "avg_cost": [169.78571428571428], "target_value": [142.43102287273558], "running_time": [2.0017623901367188], "local_count": [140], "common_count": [0]}, "Modify-Assignment": {"avg_delay": [0.09755088813846458], "avg_cost": [167.57142857142858], "target_value": [139.44374528132172], "running_time": [72707.89742469788], "local_count": [119], "common_count": [21]}, "RA-UA": {"avg_delay": [0.0941422772941192], "avg_cost": [75.75714285714285], "target_value": [113.08156300840491], "running_time": [802.6609420776367], "local_count": [52], "common_count": [88]}}, "80": {"Nearest": {"avg_delay": [0.09869947507107922], "avg_cost": [190.775], "target_value": [146.39322507107923], "running_time": [3.002643585205078], "local_count": [160], "common_count": [0]}, "Modify-Assignment": {"avg_delay": [0.09531931643281455], "avg_cost": [188.3375], "target_value": [142.40369143281455], "running_time": [118846.18282318115], "local_count": [148], "common_count": [12]}, "RA-UA": {"avg_delay": [0.09203921229195443], "avg_cost": [69.0625], "target_value": [109.30483729195443], "running_time": [996.8209266662598], "local_count": [54], "common_count": [106]}}, "90": {"Nearest": {"avg_delay": [0.10226764023258413], "avg_cost": [197.17777777777778], "target_value": [151.56208467702857], "running_time": [3.0024051666259766], "local_count": [180], "common_count": [0]}, "Modify-Assignment": {"avg_delay": [0.09913654261451064], "avg_cost": [193.74444444444444], "target_value": [147.57265372562176], "running_time": [163436.64956092834], "local_count": [159], "common_count": [21]}, "RA-UA": {"avg_delay": [0.09717458286075324], "avg_cost": [73.16666666666667], "target_value": [115.46624952741992], "running_time": [1252.030849456787], "local_count": [43], "common_count": [137]}}, "100": {"Nearest": {"avg_delay": [0.10084019599231155], "avg_cost": [227.63], "target_value": [157.74769599231155], "running_time": [4.002809524536133], "local_count": [200], "common_count": [0]}, "Modify-Assignment": {"avg_delay": [0.09789998751858092], "avg_cost": [225.22], "target_value": [154.20498751858094], "running_time": [252537.0421409607], "local_count": [175], "common_count": [25]}, "RA-UA": {"avg_delay": [0.09484473486279485], "avg_cost": [80.6], "target_value": [114.99473486279484], "running_time": [1466.207504272461], "local_count": [57], "common_count": [143]}}}, "0.5": {"eta": 0.5, "40": {"Nearest": {"avg_delay": [0.10626904376420314], "avg_cost": [101.8], "target_value": [157.16904376420314], "running_time": [1.0013580322265625], "local_count": [80], "common_count": [0]}, "Modify-Assignment": {"avg_delay": [0.10340734245609981], "avg_cost": [99.05], "target_value": [152.9323424560998], "running_time": [16511.602878570557], "local_count": [66], "common_count": [14]}, "RA-UA": {"avg_delay": [0.09915988218703953], "avg_cost": [41.525], "target_value": [119.92238218703953], "running_time": [294.24262046813965], "local_count": [16], "common_count": [64]}}, "50": {"Nearest": {"avg_delay": [0.10499700439586628], "avg_cost": [115.22], "target_value": [162.60700439586628], "running_time": [1.0001659393310547], "local_count": [100], "common_count": [0]}, "Modify-Assignment": {"avg_delay": [0.10129420829339376], "avg_cost": [113.34], "target_value": [157.96420829339377], "running_time": [32711.94839477539], "local_count": [89], "common_count": [11]}, "RA-UA": {"avg_delay": [0.09750832977862922], "avg_cost": [43.24], "target_value": [119.12832977862922], "running_time": [457.37671852111816], "local_count": [24], "common_count": [76]}}, "60": {"Nearest": {"avg_delay": [0.1034560324744288], "avg_cost": [129.2], "target_value": [168.0560324744288], "running_time": [1.0006427764892578], "local_count": [120], "common_count": [0]}, "Modify-Assignment": {"avg_delay": [0.10049424431756945], "avg_cost": [127.0], "target_value": [163.99424431756944], "running_time": [40016.96586608887], "local_count": [110], "common_count": [10]}, "RA-UA": {"avg_delay": [0.09480120328094688], "avg_cost": [49.516666666666666], "target_value": [119.5595366142802], "running_time": [573.4732151031494], "local_count": [32], "common_count": [88]}}, "70": {"Nearest": {"avg_delay": [0.10228926125431495], "avg_cost": [157.57142857142858], "target_value": [181.07497554002924], "running_time": [2.0020008087158203], "local_count": [140], "common_count": [0]}, "Modify-Assignment": {"avg_delay": [0.10011120108336113], "avg_cost": [155.3], "target_value": [177.76120108336113], "running_time": [67431.55527114868], "local_count": [126], "common_count": [14]}, "RA-UA": {"avg_delay": [0.09613328026088266], "avg_cost": [56.52857142857143], "target_value": [124.39756597516839], "running_time": [753.62229347229], "local_count": [41], "common_count": [99]}}, "80": {"Nearest": {"avg_delay": [0.10658089480046855], "avg_cost": [166.2625], "target_value": [189.71214480046854], "running_time": [2.001523971557617], "local_count": [160], "common_count": [0]}, "Modify-Assignment": {"avg_delay": [0.10284923141971695], "avg_cost": [163.3125], "target_value": [184.50548141971694], "running_time": [122249.71151351929], "local_count": [138], "common_count": [22]}, "RA-UA": {"avg_delay": [0.09733466345751098], "avg_cost": [62.4], "target_value": [128.53466345751096], "running_time": [995.8207607269287], "local_count": [40], "common_count": [120]}}, "90": {"Nearest": {"avg_delay": [0.10640397061210499], "avg_cost": [202.82222222222222], "target_value": [207.8150817232161], "running_time": [2.0017623901367188], "local_count": [180], "common_count": [0]}, "Modify-Assignment": {"avg_delay": [0.10351033045242654], "avg_cost": [199.96666666666667], "target_value": [203.49366378575988], "running_time": [175261.3832950592], "local_count": [159], "common_count": [21]}, "RA-UA": {"avg_delay": [0.09797548090189197], "avg_cost": [69.1], "target_value": [132.52548090189197], "running_time": [1193.983793258667], "local_count": [34], "common_count": [146]}}, "100": {"Nearest": {"avg_delay": [0.10665513871038738], "avg_cost": [208.68], "target_value": [210.99513871038738], "running_time": [3.002643585205078], "local_count": [200], "common_count": [0]},