{"0.25": {"eta": 0.25, "40": {"Nearest": {"avg_delay": [0.09962572487945895], "avg_cost": [122.725], "target_value": [130.30697487945895], "running_time": [1.0006427764892578], "local_count": [80], "common_count": [0]}, "Modify-Assignment": {"avg_delay": [0.09706112386013217], "avg_cost": [120.35], "target_value": [127.14862386013218], "running_time": [11607.56254196167], "local_count": [74], "common_count": [6]}, "RA-UA": {"avg_delay": [0.09347912501890868], "avg_cost": [53.2], "target_value": [106.77912501890867], "running_time": [284.23547744750977], "local_count": [30], "common_count": [50]}}, "50": {"Nearest": {"avg_delay": [0.09726276282472572], "avg_cost": [139.68], "target_value": [132.18276282472573], "running_time": [2.001523971557617], "local_count": [100], "common_count": [0]}, "Modify-Assignment": {"avg_delay": [0.09508037444661996], "avg_cost": [137.16], "target_value": [129.37037444661996], "running_time": [25695.168495178223], "local_count": [89], "common_count": [11]}, "RA-UA": {"avg_delay": [0.09237419883164791], "avg_cost": [66.78], "target_value": [109.0691988316479], "running_time": [419.3456172943115], "local_count": [46], "common_count": [54]}}, "60": {"Nearest": {"avg_delay": [0.10254961389570637], "avg_cost": [141.86666666666667], "target_value": [138.01628056237303], "running_time": [1.001119613647461], "local_count": [120], "common_count": [0]}, "Modify-Assignment": {"avg_delay": [0.09941937586731081], "avg_cost": [139.26666666666668], "target_value": [134.23604253397747], "running_time": [49412.707567214966], "local_count": [106], "common_count": [14]}, "RA-UA": {"avg_delay": [0.09491334207929115], "avg_cost": [63.1], "target_value": [110.68834207929116], "running_time": [576.4749050140381], "local_count": [51], "common_count": [69]}}, "70": {"Nearest": {"avg_delay": [0.09856643288546277], "avg_cost": [169.47142857142856], "target_value": [140.9342900283199], "running_time": [3.0014514923095703], "local_count": [140], "common_count": [0]}, "Modify-Assignment": {"avg_delay": [0.09531514066757732], "avg_cost": [166.9142857142857], "target_value": [137.04371209614874], "running_time": [76035.63857078552], "local_count": [125], "common_count": [15]}, "RA-UA": {"avg_delay": [0.09167830848493355], "avg_cost": [72.25714285714285], "target_value": [109.74259419921927], "running_time": [803.6627769470215], "local_count": [52], "common_count": [88]}}, "80": {"Nearest": {"avg_delay": [0.10031955885922494], "avg_cost": [192.3625], "target_value": [148.41018385922496], "running_time": [3.002643585205078], "local_count": [160], "common_count": [0]}, "Modify-Assignment": {"avg_delay": [0.09720343494938899], "avg_cost": [189.2125], "target_value": [144.506559949389], "running_time": [128756.34765625], "local_count": [138], "common_count": [22]}, "RA-UA": {"avg_delay": [0.0933286448696066], "avg_cost": [80.725], "target_value": [113.5098948696066], "running_time": [1016.8380737304688], "local_count": [60], "common_count": [100]}}, "90": {"Nearest": {"avg_delay": [0.09909488487519223], "avg_cost": [189.15555555555557], "target_value": [146.38377376408113], "running_time": [3.0028820037841797], "local_count": [180], "common_count": [0]}, "Modify-Assignment": {"avg_delay": [0.09666453778890201], "avg_cost": [186.26666666666668], "target_value": [143.23120445556867], "running_time": [154417.2191619873], "local_count": [157], "common_count": [23]}, "RA-UA": {"avg_delay": [0.09196687503637566], "avg_cost": [75.5], "target_value": [110.84187503637565], "running_time": [1270.0462341308594], "local_count": [52], "common_count": [128]}}, "100": {"Nearest": {"avg_delay": [0.10128244263742706], "avg_cost": [219.71], "target_value": [156.20994263742705], "running_time": [4.003286361694336], "local_count": [200], "common_count": [0]}, "Modify-Assignment": {"avg_delay": [0.0984064494680798], "avg_cost": [217.48], "target_value": [152.7764494680798], "running_time": [206420.05252838135], "local_count": [180], "common_count": [20]}, "RA-UA": {"avg_delay": [0.0954489305118546], "avg_cost": [78.31], "target_value": [115.0264305118546], "running_time": [1458.2011699676514], "local_count": [53], "common_count": [147]}}}, "0.5": {"eta": 0.5, "40": {"Nearest": {"avg_delay": [0.10600750755858826], "avg_cost": [103.95], "target_value": [157.98250755858825], "running_time": [1.0008811950683594], "local_count": [80], "common_count": [0]}, "Modify-Assignment": {"avg_delay": [0.10248197366459659], "avg_cost": [101.1], "target_value": [153.0319736645966], "running_time": [17603.501558303833], "local_count": [65], "common_count": [15]}, "RA-UA": {"avg_delay": [0.0986715488182106], "avg_cost": [41.875], "target_value": [119.6090488182106], "running_time": [296.24438285827637], "local_count": [19], "common_count": [61]}}, "50": {"Nearest": {"avg_delay": [0.10551020770818748], "avg_cost": [114.66], "target_value": [162.84020770818748], "running_time": [1.001596450805664], "local_count": [100], "common_count": [0]}, "Modify-Assignment": {"avg_delay": [0.10189924458021377], "avg_cost": [112.42], "target_value": [158.10924458021375], "running_time": [30383.02969932556], "local_count": [89], "common_count": [11]}, "RA-UA": {"avg_delay": [0.09791440296622839], "avg_cost": [43.04], "target_value": [119.43440296622838], "running_time": [454.3747901916504], "local_count": [25], "common_count": [75]}}, "60": {"Nearest": {"avg_delay": [0.10161316585445351], "avg_cost": [133.65], "target_value": [168.43816585445353], "running_time": [2.0020008087158203], "local_count": [120], "common_count": [0]}, "Modify-Assignment": {"avg_delay": [0.09881320928170181], "avg_cost": [131.03333333333333], "target_value": [164.32987594836848], "running_time": [48203.71079444885], "local_count": [108], "common_count": [12]}, "RA-UA": {"avg_delay": [0.09504023033567713], "avg_cost": [49.21666666666667], "target_value": [119.64856366901046], "running_time": [581.4788341522217], "local_count": [33], "common_count": [87]}}, "70": {"Nearest": {"avg_delay": [0.10156584527005943], "avg_cost": [155.62857142857143], "target_value": [179.38013098434516], "running_time": [2.0020008087158203], "local_count": [140], "common_count": [0]}, "Modify-Assignment": {"avg_delay": [0.09886321201751658], "avg_cost": [153.32857142857142], "target_value": [175.52749773180227], "running_time": [72837.00895309448], "local_count": [126], "common_count": [14]}, "RA-UA": {"avg_delay": [0.09404036436137642], "avg_cost": [56.05714285714286], "target_value": [122.06893578994784], "running_time": [766.6318416595459], "local_count": [29], "common_count": [111]}}, "80": {"Nearest": {"avg_delay": [0.10777938854379066], "avg_cost": [168.85], "target_value": [192.20438854379066], "running_time": [2.001523971557617], "local_count": [160], "common_count": [0]}, "Modify-Assignment": {"avg_delay": [0.1048568982830898], "avg_cost": [166.825], "target_value": [188.2693982830898], "running_time": [125195.13773918152], "local_count": [149], "common_count": [11]}, "RA-UA": {"avg_delay": [0.10258819864041455], "avg_cost": [58.075], "target_value": [131.62569864041456], "running_time": [1014.8365497589111], "local_count": [28], "common_count": [132]}}, "90": {"Nearest": {"avg_delay": [0.10602725098691207], "avg_cost": [178.96666666666667], "target_value": [195.5105843202454], "running_time": [3.0031204223632812], "local_count": [180], "common_count": [0]}, "Modify-Assignment": {"avg_delay": [0.10263202795759697], "avg_cost": [176.83333333333334], "target_value": [191.04869462426365], "running_time": [159843.68181228638], "local_count": [163], "common_count": [17]}, "RA-UA": {"avg_delay": [0.09762735537407823], "avg_cost": [64.9], "target_value": [130.07735537407822], "running_time": [1189.9807453155518], "local_count": [32], "common_count": [148]}}, "100": {"Nearest": {"avg_delay": [0.10699598154741342], "avg_cost": [207.52], "target_value": [210.75598154741343], "running_time": [3.003358840942383], "local_count": [200], "common_count": [0]},