{"0.25": {"eta": 0.25, "40": {"Nearest": {"avg_delay": [0.09775208217850634], "avg_cost": [114.275], "target_value": [126.32083217850635], "running_time": [1.0006427764892578], "local_count": [80], "common_count": [0]}, "Modify-Assignment": {"avg_delay": [0.0951871490769388], "avg_cost": [111.8], "target_value": [123.1371490769388], "running_time": [13270.932674407959], "local_count": [75], "common_count": [5]}, "RA-UA": {"avg_delay": [0.09274106675839863], "avg_cost": [56.65], "target_value": [106.90356675839863], "running_time": [312.2575283050537], "local_count": [38], "common_count": [42]}}, "50": {"Nearest": {"avg_delay": [0.09924015608353536], "avg_cost": [135.1], "target_value": [133.01515608353535], "running_time": [2.001047134399414], "local_count": [100], "common_count": [0]}, "Modify-Assignment": {"avg_delay": [0.0975218517749864], "avg_cost": [133.2], "target_value": [130.82185177498638], "running_time": [23642.477989196777], "local_count": [93], "common_count": [7]}, "RA-UA": {"avg_delay": [0.09394766289243045], "avg_cost": [57.1], "target_value": [108.22266289243045], "running_time": [425.3509044647217], "local_count": [37], "common_count": [63]}}, "60": {"Nearest": {"avg_delay": [0.10249927340997571], "avg_cost": [146.9], "target_value": [139.22427340997572], "running_time": [1.0006427764892578], "local_count": [120], "common_count": [0]}, "Modify-Assignment": {"avg_delay": [0.09933720010177874], "avg_cost": [143.71666666666667], "target_value": [135.2663667684454], "running_time": [56360.43095588684], "local_count": [107], "common_count": [13]}, "RA-UA": {"avg_delay": [0.0955158397116723], "avg_cost": [65.1], "target_value": [111.7908397116723], "running_time": [587.4843597412109], "local_count": [49], "common_count": [71]}}, "70": {"Nearest": {"avg_delay": [0.10240245228993893], "avg_cost": [174.68571428571428], "target_value": [146.07388086136748], "running_time": [2.0024776458740234], "local_count": [140], "common_count": [0]}, "Modify-Assignment": {"avg_delay": [0.09935446589365826], "avg_cost": [172.18571428571428], "target_value": [142.40089446508682], "running_time": [81892.46392250061], "local_count": [121], "common_count": [19]}, "RA-UA": {"avg_delay": [0.09722564684488598], "avg_cost": [71.7], "target_value": [115.15064684488598], "running_time": [816.6725635528564], "local_count": [44], "common_count": [96]}}, "80": {"Nearest": {"avg_delay": [0.09819466803175309], "avg_cost": [180.2875], "target_value": [143.2665430317531], "running_time": [2.0017623901367188], "local_count": [160], "common_count": [0]}, "Modify-Assignment": {"avg_delay": [0.09576538367604251], "avg_cost": [178.625], "target_value": [140.42163367604252], "running_time": [94600.20875930786], "local_count": [151], "common_count": [9]}, "RA-UA": {"avg_delay": [0.09393234236793849], "avg_cost": [72.525], "target_value": [112.0635923679385], "running_time": [960.791826248169], "local_count": [61], "common_count": [99]}}, "90": {"Nearest": {"avg_delay": [0.10190692035218687], "avg_cost": [191.85555555555555], "target_value": [149.87080924107576], "running_time": [2.001523971557617], "local_count": [180], "common_count": [0]}, "Modify-Assignment": {"avg_delay": [0.0986149359131405], "avg_cost": [188.45555555555555], "target_value": [145.72882480202938], "running_time": [187853.76453399658], "local_count": [154], "common_count": [26]}, "RA-UA": {"avg_delay": [0.09657223051106248], "avg_cost": [81.13333333333334], "target_value": [116.85556384439582], "running_time": [1224.0078449249268], "local_count": [56], "common_count": [124]}}, "100": {"Nearest": {"avg_delay": [0.10289141110018726], "avg_cost": [223.93], "target_value": [158.87391110018729], "running_time": [4.004001617431641], "local_count": [200], "common_count": [0]}, "Modify-Assignment": {"avg_delay": [0.09978473340535218], "avg_cost": [220.85], "target_value": [154.99723340535218], "running_time": [229150.77900886536], "local_count": [177], "common_count": [23]}, "RA-UA": {"avg_delay": [0.09671239142955006], "avg_cost": [80.06], "target_value": [116.72739142955005], "running_time": [1484.222412109375], "local_count": [50], "common_count": [150]}}}, "0.5": {"eta": 0.5, "40": {"Nearest": {"avg_delay": [0.1036097824165436], "avg_cost": [103.775], "target_value": [155.4972824165436], "running_time": [1.0013580322265625], "local_count": [80], "common_count": [0]}, "Modify-Assignment": {"avg_delay": [0.1011559341771913], "avg_cost": [100.75], "target_value": [151.5309341771913], "running_time": [14636.057376861572], "local_count": [67], "common_count": [13]}, "RA-UA": {"avg_delay": [0.10021216115767263], "avg_cost": [42.45], "target_value": [121.43716115767265], "running_time": [296.24414443969727], "local_count": [20], "common_count": [60]}}, "50": {"Nearest": {"avg_delay": [0.10404358685875198], "avg_cost": [120.84], "target_value": [164.46358685875197], "running_time": [1.001596450805664], "local_count": [100], "common_count": [0]}, "Modify-Assignment": {"avg_delay": [0.10033033226662895], "avg_cost": [118.16], "target_value": [159.41033226662893], "running_time": [32443.727493286133], "local_count": [87], "common_count": [13]}, "RA-UA": {"avg_delay": [0.09652232720654999], "avg_cost": [47.74], "target_value": [120.39232720655], "running_time": [454.3733596801758], "local_count": [25], "common_count": [75]}}, "60": {"Nearest": {"avg_delay": [0.10500044867568264], "avg_cost": [140.15], "target_value": [175.07544867568265], "running_time": [2.0017623901367188], "local_count": [120], "common_count": [0]}, "Modify-Assignment": {"avg_delay": [0.10192116647312499], "avg_cost": [136.78333333333333], "target_value": [170.31283313979168], "running_time": [58026.80778503418], "local_count": [97], "common_count": [23]}, "RA-UA": {"avg_delay": [0.09807118244857685], "avg_cost": [51.766666666666666], "target_value": [123.95451578191017], "running_time": [579.4773101806641], "local_count": [26], "common_count": [94]}}, "70": {"Nearest": {"avg_delay": [0.10334931252505114], "avg_cost": [159.61428571428573], "target_value": [183.156455382194], "running_time": [2.0020008087158203], "local_count": [140], "common_count": [0]}, "Modify-Assignment": {"avg_delay": [0.10036222478596704], "avg_cost": [157.62857142857143], "target_value": [179.17651050025276], "running_time": [71482.88869857788], "local_count": [127], "common_count": [13]}, "RA-UA": {"avg_delay": [0.09727778179406232], "avg_cost": [56.32857142857143], "target_value": [125.44206750834803], "running_time": [757.6248645782471], "local_count": [38], "common_count": [102]}}, "80": {"Nearest": {"avg_delay": [0.10360459905315243], "avg_cost": [180.725], "target_value": [193.96709905315242], "running_time": [3.001689910888672], "local_count": [160], "common_count": [0]}, "Modify-Assignment": {"avg_delay": [0.10178987573489376], "avg_cost": [178.7], "target_value": [191.13987573489374], "running_time": [93071.67482376099], "local_count": [142], "common_count": [18]}, "RA-UA": {"avg_delay": [0.09793365411676666], "avg_cost": [63.6375], "target_value": [129.75240411676666], "running_time": [1017.8384780883789], "local_count": [36], "common_count": [124]}}, "90": {"Nearest": {"avg_delay": [0.1036975741713338], "avg_cost": [201.3], "target_value": [204.3475741713338], "running_time": [3.002643585205078], "local_count": [180], "common_count": [0]}, "Modify-Assignment": {"avg_delay": [0.10100857886892994], "avg_cost": [199.2111111111111], "target_value": [200.61413442448548], "running_time": [142956.77018165588], "local_count": [166], "common_count": [14]}, "RA-UA": {"avg_delay": [0.09594941967893887], "avg_cost": [70.2], "target_value": [131.04941967893888], "running_time": [1193.984031677246], "local_count": [43], "common_count": [137]}}, "100": {"Nearest": {"avg_delay": [0.10633967160354169], "avg_cost": [208.67], "target_value": [210.6746716035417], "running_time": [3.002166748046875], "local_count": [200], "common_count": [0]},