{"0.25": {"eta": 0.25, "40": {"Nearest": {"avg_delay": [0.1010262420903791], "avg_cost": [118.55], "target_value": [130.6637420903791], "running_time": [1.0006427764892578], "local_count": [80], "common_count": [0]}, "Modify-Assignment": {"avg_delay": [0.09865350858320956], "avg_cost": [115.25], "target_value": [127.46600858320957], "running_time": [14650.082111358643], "local_count": [69], "common_count": [11]}, "RA-UA": {"avg_delay": [0.09815716437928865], "avg_cost": [62.675], "target_value": [113.82591437928865], "running_time": [280.2307605743408], "local_count": [41], "common_count": [39]}}, "50": {"Nearest": {"avg_delay": [0.09934714681483325], "avg_cost": [127.72], "target_value": [131.27714681483326], "running_time": [2.0008087158203125], "local_count": [100], "common_count": [0]}, "Modify-Assignment": {"avg_delay": [0.09656089394867468], "avg_cost": [125.06], "target_value": [127.82589394867468], "running_time": [26530.85684776306], "local_count": [91], "common_count": [9]}, "RA-UA": {"avg_delay": [0.09222758746909554], "avg_cost": [64.26], "target_value": [108.29258746909554], "running_time": [409.33752059936523], "local_count": [52], "common_count": [48]}}, "60": {"Nearest": {"avg_delay": [0.10275093345824626], "avg_cost": [142.55], "target_value": [138.38843345824625], "running_time": [2.0012855529785156], "local_count": [120], "common_count": [0]}, "Modify-Assignment": {"avg_delay": [0.09954780596960884], "avg_cost": [139.05], "target_value": [134.31030596960886], "running_time": [53023.681640625], "local_count": [102], "common_count": [18]}, "RA-UA": {"avg_delay": [0.09570503835878841], "avg_cost": [70.88333333333334], "target_value": [113.42587169212175], "running_time": [573.4729766845703], "local_count": [58], "common_count": [62]}}, "70": {"Nearest": {"avg_delay": [0.10002985009994303], "avg_cost": [169.14285714285714], "target_value": [142.31556438565732], "running_time": [3.002643585205078], "local_count": [140], "common_count": [0]}, "Modify-Assignment": {"avg_delay": [0.09748210050564618], "avg_cost": [166.5857142857143], "target_value": [139.12852907707475], "running_time": [78271.48151397705], "local_count": [124], "common_count": [16]}, "RA-UA": {"avg_delay": [0.09462931316454096], "avg_cost": [68.88571428571429], "target_value": [111.85074173596954], "running_time": [807.6663017272949], "local_count": [50], "common_count": [90]}}, "80": {"Nearest": {"avg_delay": [0.09997634305184619], "avg_cost": [174.55], "target_value": [143.61384305184617], "running_time": [2.0017623901367188], "local_count": [160], "common_count": [0]}, "Modify-Assignment": {"avg_delay": [0.09658353345420856], "avg_cost": [171.4375], "target_value": [139.44290845420858], "running_time": [122145.90191841125], "local_count": [143], "common_count": [17]}, "RA-UA": {"avg_delay": [0.09353400117433207], "avg_cost": [71.1875], "target_value": [111.33087617433206], "running_time": [995.8202838897705], "local_count": [54], "common_count": [106]}}, "90": {"Nearest": {"avg_delay": [0.09938910392949185], "avg_cost": [201.76666666666668], "target_value": [149.83077059615852], "running_time": [3.0024051666259766], "local_count": [180], "common_count": [0]}, "Modify-Assignment": {"avg_delay": [0.09729261903812704], "avg_cost": [199.98888888888888], "target_value": [147.28984126034925], "running_time": [123181.48756027222], "local_count": [163], "common_count": [17]}, "RA-UA": {"avg_delay": [0.0950925554742898], "avg_cost": [76.63333333333334], "target_value": [114.25088880762313], "running_time": [1224.0076065063477], "local_count": [61], "common_count": [119]}}, "100": {"Nearest": {"avg_delay": [0.10301923476966779], "avg_cost": [227.59], "target_value": [159.91673476966778], "running_time": [3.002166748046875], "local_count": [200], "common_count": [0]}, "Modify-Assignment": {"avg_delay": [0.09996592414834707], "avg_cost": [224.54], "target_value": [156.10092414834708], "running_time": [230424.82805252075], "local_count": [174], "common_count": [26]}, "RA-UA": {"avg_delay": [0.09680006687333496], "avg_cost": [81.46], "target_value": [117.16506687333496], "running_time": [1479.2189598083496], "local_count": [39], "common_count": [161]}}}, "0.5": {"eta": 0.5, "40": {"Nearest": {"avg_delay": [0.10140708701490836], "avg_cost": [100.35], "target_value": [151.58208701490835], "running_time": [1.0006427764892578], "local_count": [80], "common_count": [0]}, "Modify-Assignment": {"avg_delay": [0.09868596765891192], "avg_cost": [98.175], "target_value": [147.77346765891193], "running_time": [13462.089776992798], "local_count": [72], "common_count": [8]}, "RA-UA": {"avg_delay": [0.0951560463916955], "avg_cost": [40.2], "target_value": [115.25604639169549], "running_time": [303.2493591308594], "local_count": [18], "common_count": [62]}}, "50": {"Nearest": {"avg_delay": [0.10247177360103563], "avg_cost": [126.94], "target_value": [165.9417736010356], "running_time": [1.0006427764892578], "local_count": [100], "common_count": [0]}, "Modify-Assignment": {"avg_delay": [0.10022098759983981], "avg_cost": [124.62], "target_value": [162.53098759983982], "running_time": [23917.704820632935], "local_count": [89], "common_count": [11]}, "RA-UA": {"avg_delay": [0.09724949371489827], "avg_cost": [48.62], "target_value": [121.55949371489828], "running_time": [459.378719329834], "local_count": [23], "common_count": [77]}}, "60": {"Nearest": {"avg_delay": [0.10857451649896593], "avg_cost": [136.43333333333334], "target_value": [176.79118316563262], "running_time": [2.001523971557617], "local_count": [120], "common_count": [0]}, "Modify-Assignment": {"avg_delay": [0.10586516239314213], "avg_cost": [134.06666666666666], "target_value": [172.89849572647546], "running_time": [52371.14429473877], "local_count": [104], "common_count": [16]}, "RA-UA": {"avg_delay": [0.10390771767174599], "avg_cost": [49.3], "target_value": [128.557717671746], "running_time": [571.4709758758545], "local_count": [26], "common_count": [94]}}, "70": {"Nearest": {"avg_delay": [0.10305779708459069], "avg_cost": [152.97142857142856], "target_value": [179.54351137030497], "running_time": [2.0017623901367188], "local_count": [140], "common_count": [0]}, "Modify-Assignment": {"avg_delay": [0.1002713712969182], "avg_cost": [150.8], "target_value": [175.6713712969182], "running_time": [75470.17335891724], "local_count": [119], "common_count": [21]}, "RA-UA": {"avg_delay": [0.09611233722332929], "avg_cost": [56.357142857142854], "target_value": [124.29090865190072], "running_time": [761.6269588470459], "local_count": [34], "common_count": [106]}}, "80": {"Nearest": {"avg_delay": [0.10782503490332315], "avg_cost": [168.2375], "target_value": [191.94378490332315], "running_time": [2.0017623901367188], "local_count": [160], "common_count": [0]}, "Modify-Assignment": {"avg_delay": [0.10453077151385118], "avg_cost": [165.05], "target_value": [187.0557715138512], "running_time": [123143.45264434814], "local_count": [136], "common_count": [24]}, "RA-UA": {"avg_delay": [0.10013292271569149], "avg_cost": [63.6625], "target_value": [131.9641727156915], "running_time": [1006.8302154541016], "local_count": [36], "common_count": [124]}}, "90": {"Nearest": {"avg_delay": [0.10662968880111384], "avg_cost": [186.54444444444445], "target_value": [199.90191102333608], "running_time": [3.002166748046875], "local_count": [180], "common_count": [0]}, "Modify-Assignment": {"avg_delay": [0.10365702822001956], "avg_cost": [184.74444444444444], "target_value": [196.0292504422418], "running_time": [157413.67983818054], "local_count": [160], "common_count": [20]}, "RA-UA": {"avg_delay": [0.10035132491505003], "avg_cost": [63.766666666666666], "target_value": [132.23465824838337], "running_time": [1180.9735298156738], "local_count": [38], "common_count": [142]}}, "100": {"Nearest": {"avg_delay": [0.10475653570052837], "avg_cost": [205.53], "target_value": [207.52153570052837], "running_time": [3.0024051666259766], "local_count": [200],