{"0.25": {"eta": 0.25, "40": {"Nearest": {"avg_delay": [0.10000338540607538], "avg_cost": [115.05], "target_value": [128.76588540607537], "running_time": [1.0020732879638672], "local_count": [80], "common_count": [0]}, "Modify-Assignment": {"avg_delay": [0.09702044134592573], "avg_cost": [113.1], "target_value": [125.29544134592572], "running_time": [14555.99069595337], "local_count": [70], "common_count": [10]}, "RA-UA": {"avg_delay": [0.09449219564739135], "avg_cost": [55.7], "target_value": [108.41719564739135], "running_time": [289.23773765563965], "local_count": [31], "common_count": [49]}}, "50": {"Nearest": {"avg_delay": [0.09793615364557026], "avg_cost": [131.4], "target_value": [130.78615364557027], "running_time": [2.001523971557617], "local_count": [100], "common_count": [0]}, "Modify-Assignment": {"avg_delay": [0.09556219605926852], "avg_cost": [128.92], "target_value": [127.79219605926852], "running_time": [25258.808612823486], "local_count": [90], "common_count": [10]}, "RA-UA": {"avg_delay": [0.09058122596095318], "avg_cost": [57.36], "target_value": [104.92122596095318], "running_time": [423.34866523742676], "local_count": [41], "common_count": [59]}}, "60": {"Nearest": {"avg_delay": [0.10136682835529337], "avg_cost": [159.4], "target_value": [141.21682835529336], "running_time": [1.0001659393310547], "local_count": [120], "common_count": [0]}, "Modify-Assignment": {"avg_delay": [0.09887919951552751], "avg_cost": [157.15], "target_value": [138.1666995155275], "running_time": [47011.72876358032], "local_count": [106], "common_count": [14]}, "RA-UA": {"avg_delay": [0.09590111768761315], "avg_cost": [71.16666666666667], "target_value": [113.69278435427982], "running_time": [597.4924564361572], "local_count": [52], "common_count": [68]}}, "70": {"Nearest": {"avg_delay": [0.10091495278849977], "avg_cost": [164.75714285714287], "target_value": [142.10423850278548], "running_time": [2.002239227294922], "local_count": [140], "common_count": [0]}, "Modify-Assignment": {"avg_delay": [0.09834513577827829], "avg_cost": [162.12857142857143], "target_value": [138.87727863542113], "running_time": [70091.74251556396], "local_count": [125], "common_count": [15]}, "RA-UA": {"avg_delay": [0.09515276844090624], "avg_cost": [71.48571428571428], "target_value": [113.02419701233481], "running_time": [793.654203414917], "local_count": [47], "common_count": [93]}}, "80": {"Nearest": {"avg_delay": [0.09985533202163172], "avg_cost": [184.3], "target_value": [145.93033202163173], "running_time": [3.001689910888672], "local_count": [160], "common_count": [0]}, "Modify-Assignment": {"avg_delay": [0.0974028998548159], "avg_cost": [181.5625], "target_value": [142.7935248548159], "running_time": [108869.96483802795], "local_count": [140], "common_count": [20]}, "RA-UA": {"avg_delay": [0.09436373135728264], "avg_cost": [73.1625], "target_value": [112.65435635728264], "running_time": [977.8058528900146], "local_count": [49], "common_count": [111]}}, "90": {"Nearest": {"avg_delay": [0.1015950799253592], "avg_cost": [201.54444444444445], "target_value": [151.9811910364703], "running_time": [3.0028820037841797], "local_count": [180], "common_count": [0]}, "Modify-Assignment": {"avg_delay": [0.09864579231736477], "avg_cost": [198.7111111111111], "target_value": [148.32357009514254], "running_time": [153165.18807411194], "local_count": [163], "common_count": [17]}, "RA-UA": {"avg_delay": [0.0957105630222479], "avg_cost": [78.37777777777778], "target_value": [115.30500746669235], "running_time": [1270.0464725494385], "local_count": [64], "common_count": [116]}}, "100": {"Nearest": {"avg_delay": [0.1012327361248015], "avg_cost": [226.34], "target_value": [157.8177361248015], "running_time": [3.0019283294677734], "local_count": [200], "common_count": [0]}, "Modify-Assignment": {"avg_delay": [0.09840306720960049], "avg_cost": [223.15], "target_value": [154.1905672096005], "running_time": [247869.19832229614], "local_count": [168], "common_count": [32]}, "RA-UA": {"avg_delay": [0.09648967138628056], "avg_cost": [79.77], "target_value": [116.43217138628056], "running_time": [1469.2108631134033], "local_count": [44], "common_count": [156]}}}, "0.5": {"eta": 0.5, "40": {"Nearest": {"avg_delay": [0.10524323812347391], "avg_cost": [106.6], "target_value": [158.5432381234739], "running_time": [1.001119613647461], "local_count": [80], "common_count": [0]}, "Modify-Assignment": {"avg_delay": [0.10213039526746387], "avg_cost": [102.8], "target_value": [153.53039526746386], "running_time": [16429.534912109375], "local_count": [73], "common_count": [7]}, "RA-UA": {"avg_delay": [0.09958878600903492], "avg_cost": [41.35], "target_value": [120.26378600903492], "running_time": [291.2404537200928], "local_count": [19], "common_count": [61]}}, "50": {"Nearest": {"avg_delay": [0.10267108406455948], "avg_cost": [122.08], "target_value": [163.7110840645595], "running_time": [2.002239227294922], "local_count": [100], "common_count": [0]}, "Modify-Assignment": {"avg_delay": [0.09998597212213586], "avg_cost": [119.54], "target_value": [159.75597212213586], "running_time": [28507.484912872314], "local_count": [86], "common_count": [14]}, "RA-UA": {"avg_delay": [0.09585281017018052], "avg_cost": [46.74], "target_value": [119.22281017018052], "running_time": [453.37414741516113], "local_count": [21], "common_count": [79]}}, "60": {"Nearest": {"avg_delay": [0.1049406312644657], "avg_cost": [140.15], "target_value": [175.0156312644657], "running_time": [1.0013580322265625], "local_count": [120], "common_count": [0]}, "Modify-Assignment": {"avg_delay": [0.1021460051070435], "avg_cost": [137.18333333333334], "target_value": [170.73767177371016], "running_time": [51814.68605995178], "local_count": [101], "common_count": [19]}, "RA-UA": {"avg_delay": [0.09813549952850667], "avg_cost": [50.666666666666664], "target_value": [123.46883286184], "running_time": [569.4684982299805], "local_count": [24], "common_count": [96]}}, "70": {"Nearest": {"avg_delay": [0.10358645829112463], "avg_cost": [154.97142857142856], "target_value": [181.0721725768389], "running_time": [1.0006427764892578], "local_count": [140], "common_count": [0]}, "Modify-Assignment": {"avg_delay": [0.10075473208044472], "avg_cost": [152.75714285714287], "target_value": [177.13330350901617], "running_time": [64232.9216003418], "local_count": [125], "common_count": [15]}, "RA-UA": {"avg_delay": [0.09556238978839206], "avg_cost": [57.357142857142854], "target_value": [124.24096121696348], "running_time": [767.6331996917725], "local_count": [37], "common_count": [103]}}, "80": {"Nearest": {"avg_delay": [0.10423796124239905], "avg_cost": [173.9], "target_value": [191.18796124239907], "running_time": [3.0028820037841797], "local_count": [160], "common_count": [0]}, "Modify-Assignment": {"avg_delay": [0.10121924499660491], "avg_cost": [171.7], "target_value": [187.0692449966049], "running_time": [102314.288854599], "local_count": [145], "common_count": [15]}, "RA-UA": {"avg_delay": [0.0967017426826525], "avg_cost": [64.275], "target_value": [128.8392426826525], "running_time": [993.8182830810547], "local_count": [35], "common_count": [125]}}, "90": {"Nearest": {"avg_delay": [0.10759337359939124], "avg_cost": [186.1], "target_value": [200.64337359939123], "running_time": [2.001523971557617], "local_count": [180], "common_count": [0]}, "Modify-Assignment": {"avg_delay": [0.10406238664403525], "avg_cost": [183.42222222222222], "target_value": [195.77349775514637], "running_time": [174946.12312316895], "local_count": [164], "common_count": [16]}, "RA-UA": {"avg_delay": [0.09985168477470645], "avg_cost": [65.84444444444445], "target_value": [132.77390699692867], "running_time": [1194.9844360351562], "local_count": [39], "common_count": [141]}}, "100": {"Nearest": {"avg_delay": [0.10506166047988534], "avg_cost": [208.82], "target_value": [209.47166047988534], "running_time": [3.0019283294677734], "local_count": [200], "common_count": [0]},