{"0.25": {"eta": 0.25, "40": {"Nearest": {"avg_delay": [0.09795203555199535], "avg_cost": [116.875], "target_value": [127.17078555199535], "running_time": [1.0013580322265625], "local_count": [80], "common_count": [0]}, "Modify-Assignment": {"avg_delay": [0.09512883037560149], "avg_cost": [114.425], "target_value": [123.7350803756015], "running_time": [14558.993816375732], "local_count": [70], "common_count": [10]}, "RA-UA": {"avg_delay": [0.09138086803970437], "avg_cost": [55.475], "target_value": [105.24961803970437], "running_time": [288.2375717163086], "local_count": [38], "common_count": [42]}}, "50": {"Nearest": {"avg_delay": [0.09772006768600235], "avg_cost": [131.4], "target_value": [130.57006768600235], "running_time": [1.0004043579101562], "local_count": [100], "common_count": [0]}, "Modify-Assignment": {"avg_delay": [0.09528513853066656], "avg_cost": [128.78], "target_value": [127.48013853066655], "running_time": [21771.93593978882], "local_count": [90], "common_count": [10]}, "RA-UA": {"avg_delay": [0.09276720852012622], "avg_cost": [63.44], "target_value": [108.62720852012622], "running_time": [413.34056854248047], "local_count": [42], "common_count": [58]}}, "60": {"Nearest": {"avg_delay": [0.09712388910794971], "avg_cost": [148.6], "target_value": [134.2738891079497], "running_time": [1.0013580322265625], "local_count": [120], "common_count": [0]}, "Modify-Assignment": {"avg_delay": [0.09408473738980526], "avg_cost": [146.46666666666667], "target_value": [130.70140405647192], "running_time": [42108.69002342224], "local_count": [108], "common_count": [12]}, "RA-UA": {"avg_delay": [0.0891113330984361], "avg_cost": [66.45], "target_value": [105.72383309843609], "running_time": [589.4854068756104], "local_count": [46], "common_count": [74]}}, "70": {"Nearest": {"avg_delay": [0.09906769659081399], "avg_cost": [166.5142857142857], "target_value": [140.69626801938543], "running_time": [3.002643585205078], "local_count": [140], "common_count": [0]}, "Modify-Assignment": {"avg_delay": [0.09691760077914603], "avg_cost": [164.02857142857144], "target_value": [137.9247436362889], "running_time": [73651.67498588562], "local_count": [125], "common_count": [15]}, "RA-UA": {"avg_delay": [0.09372217437180662], "avg_cost": [72.21428571428571], "target_value": [111.77574580037805], "running_time": [792.6530838012695], "local_count": [55], "common_count": [85]}}, "80": {"Nearest": {"avg_delay": [0.10224520619386407], "avg_cost": [178.5], "target_value": [146.87020619386408], "running_time": [2.001047134399414], "local_count": [160], "common_count": [0]}, "Modify-Assignment": {"avg_delay": [0.09996814480752052], "avg_cost": [176.5625], "target_value": [144.1087698075205], "running_time": [97575.66094398499], "local_count": [149], "common_count": [11]}, "RA-UA": {"avg_delay": [0.09585858387209134], "avg_cost": [76.7125], "target_value": [115.03670887209134], "running_time": [970.8001613616943], "local_count": [57], "common_count": [103]}}, "90": {"Nearest": {"avg_delay": [0.10001937997645838], "avg_cost": [202.13333333333333], "target_value": [150.55271330979173], "running_time": [3.0031204223632812], "local_count": [180], "common_count": [0]}, "Modify-Assignment": {"avg_delay": [0.09680251922453853], "avg_cost": [199.0], "target_value": [146.5525192245385], "running_time": [175284.41047668457], "local_count": [155], "common_count": [25]}, "RA-UA": {"avg_delay": [0.09423402944352466], "avg_cost": [75.53333333333333], "target_value": [113.11736277685799], "running_time": [1254.032850265503], "local_count": [51], "common_count": [129]}}, "100": {"Nearest": {"avg_delay": [0.10424515657203329], "avg_cost": [226.94], "target_value": [160.98015657203328], "running_time": [4.003047943115234], "local_count": [200], "common_count": [0]}, "Modify-Assignment": {"avg_delay": [0.10116221844819255], "avg_cost": [223.97], "target_value": [157.15471844819254], "running_time": [254794.90447044373], "local_count": [178], "common_count": [22]}, "RA-UA": {"avg_delay": [0.09825490099809932], "avg_cost": [80.34], "target_value": [118.33990099809932], "running_time": [1495.2325820922852], "local_count": [46], "common_count": [154]}}}, "0.5": {"eta": 0.5, "40": {"Nearest": {"avg_delay": [0.10384903244158508], "avg_cost": [102.625], "target_value": [155.16153244158508], "running_time": [1.0006427764892578], "local_count": [80], "common_count": [0]}, "Modify-Assignment": {"avg_delay": [0.10147007863493167], "avg_cost": [100.5], "target_value": [151.72007863493167], "running_time": [14545.982837677002], "local_count": [69], "common_count": [11]}, "RA-UA": {"avg_delay": [0.09948542512854094], "avg_cost": [40.075], "target_value": [119.52292512854095], "running_time": [293.241024017334], "local_count": [16], "common_count": [64]}}, "50": {"Nearest": {"avg_delay": [0.10407500934491416], "avg_cost": [117.64], "target_value": [162.89500934491417], "running_time": [0.9996891021728516], "local_count": [100], "common_count": [0]}, "Modify-Assignment": {"avg_delay": [0.10062381611343865], "avg_cost": [115.04], "target_value": [158.14381611343865], "running_time": [29268.112897872925], "local_count": [88], "common_count": [12]}, "RA-UA": {"avg_delay": [0.0972943080523683], "avg_cost": [46.98], "target_value": [120.78430805236829], "running_time": [455.37519454956055], "local_count": [27], "common_count": [73]}}, "60": {"Nearest": {"avg_delay": [0.11045437944676018], "avg_cost": [152.11666666666667], "target_value": [186.51271278009352], "running_time": [2.0017623901367188], "local_count": [120], "common_count": [0]}, "Modify-Assignment": {"avg_delay": [0.10733016412348509], "avg_cost": [148.78333333333333], "target_value": [181.72183079015176], "running_time": [54894.22273635864], "local_count": [105], "common_count": [15]}, "RA-UA": {"avg_delay": [0.10375139031368262], "avg_cost": [52.31666666666667], "target_value": [129.90972364701597], "running_time": [576.4749050140381], "local_count": [21], "common_count": [99]}}, "70": {"Nearest": {"avg_delay": [0.10449993276172642], "avg_cost": [159.44285714285715], "target_value": [184.22136133315502], "running_time": [1.0004043579101562], "local_count": [140], "common_count": [0]}, "Modify-Assignment": {"avg_delay": [0.10203240539012612], "avg_cost": [157.07142857142858], "target_value": [180.56811967584042], "running_time": [70826.3533115387], "local_count": [124], "common_count": [16]}, "RA-UA": {"avg_delay": [0.09998517865575177], "avg_cost": [55.628571428571426], "target_value": [127.79946437003748], "running_time": [760.6267929077148], "local_count": [34], "common_count": [106]}}, "80": {"Nearest": {"avg_delay": [0.10614912501026057], "avg_cost": [166.8375], "target_value": [189.56787501026056], "running_time": [2.0017623901367188], "local_count": [160], "common_count": [0]}, "Modify-Assignment": {"avg_delay": [0.10335959884894683], "avg_cost": [164.4375], "target_value": [185.57834884894683], "running_time": [129436.63167953491], "local_count": [134], "common_count": [26]}, "RA-UA": {"avg_delay": [0.0999816857272943], "avg_cost": [63.3625], "target_value": [131.6629357272943], "running_time": [999.8233318328857], "local_count": [39], "common_count": [121]}}, "90": {"Nearest": {"avg_delay": [0.10858450225510799], "avg_cost": [197.15555555555557], "target_value": [207.16228003288577], "running_time": [3.0028820037841797], "local_count": [180], "common_count": [0]}, "Modify-Assignment": {"avg_delay": [0.10570517730976041], "avg_cost": [193.96666666666667], "target_value": [202.68851064309376], "running_time": [176301.2399673462], "local_count": [151], "common_count": [29]}, "RA-UA": {"avg_delay": [0.10203402675928865], "avg_cost": [66.16666666666667], "target_value": [135.117360092622], "running_time": [1240.0219440460205], "local_count": [31], "common_count": [149]}}, "100": {"Nearest": {"avg_delay": [0.10690287796782884], "avg_cost": [204.96], "target_value": [209.38287796782885], "running_time": [3.0019283294677734], "local_count": [200],