{"0.25": {"eta": 0.25, "40": {"Nearest": {"avg_delay": [0.09527734769214946], "avg_cost": [107.425], "target_value": [122.13359769214946], "running_time": [1.0001659393310547], "local_count": [80], "common_count": [0]}, "Modify-Assignment": {"avg_delay": [0.09372114757883523], "avg_cost": [105.275], "target_value": [120.03989757883522], "running_time": [9014.425992965698], "local_count": [72], "common_count": [8]}, "RA-UA": {"avg_delay": [0.09204781797141914], "avg_cost": [55.1], "target_value": [105.82281797141916], "running_time": [293.2417392730713], "local_count": [38], "common_count": [42]}}, "50": {"Nearest": {"avg_delay": [0.10037780753892264], "avg_cost": [142.22], "target_value": [135.93280753892265], "running_time": [2.002239227294922], "local_count": [100], "common_count": [0]}, "Modify-Assignment": {"avg_delay": [0.097718028473351], "avg_cost": [139.16], "target_value": [132.508028473351], "running_time": [27324.51105117798], "local_count": [87], "common_count": [13]}, "RA-UA": {"avg_delay": [0.09451053597413872], "avg_cost": [68.46], "target_value": [111.62553597413871], "running_time": [420.3469753265381], "local_count": [45], "common_count": [55]}}, "60": {"Nearest": {"avg_delay": [0.10030738519463092], "avg_cost": [153.08333333333334], "target_value": [138.57821852796425], "running_time": [2.0017623901367188], "local_count": [120], "common_count": [0]}, "Modify-Assignment": {"avg_delay": [0.09755281007527403], "avg_cost": [150.11666666666667], "target_value": [135.0819767419407], "running_time": [54519.914627075195], "local_count": [99], "common_count": [21]}, "RA-UA": {"avg_delay": [0.09326974629772852], "avg_cost": [74.11666666666666], "target_value": [111.79891296439519], "running_time": [574.4733810424805], "local_count": [57], "common_count": [63]}}, "70": {"Nearest": {"avg_delay": [0.10087174578376933], "avg_cost": [176.65714285714284], "target_value": [145.03603149805502], "running_time": [2.002239227294922], "local_count": [140], "common_count": [0]}, "Modify-Assignment": {"avg_delay": [0.09828445208030806], "avg_cost": [174.65714285714284], "target_value": [141.94873779459377], "running_time": [64998.5466003418], "local_count": [125], "common_count": [15]}, "RA-UA": {"avg_delay": [0.09549281090419015], "avg_cost": [75.25714285714285], "target_value": [114.30709661847587], "running_time": [791.6519641876221], "local_count": [62], "common_count": [78]}}, "80": {"Nearest": {"avg_delay": [0.10417235408289253], "avg_cost": [185.8625], "target_value": [150.63797908289254], "running_time": [3.002643585205078], "local_count": [160], "common_count": [0]}, "Modify-Assignment": {"avg_delay": [0.1015641723111413], "avg_cost": [183.125], "target_value": [147.3454223111413], "running_time": [112295.7866191864], "local_count": [142], "common_count": [18]}, "RA-UA": {"avg_delay": [0.09827926851484257], "avg_cost": [76.5375], "target_value": [117.41364351484256], "running_time": [966.7973518371582], "local_count": [63], "common_count": [97]}}, "90": {"Nearest": {"avg_delay": [0.0993736057851117], "avg_cost": [194.2111111111111], "target_value": [147.9263835628895], "running_time": [3.002643585205078], "local_count": [180], "common_count": [0]}, "Modify-Assignment": {"avg_delay": [0.09680147510940357], "avg_cost": [191.5888888888889], "target_value": [144.6986973316258], "running_time": [152288.46621513367], "local_count": [157], "common_count": [23]}, "RA-UA": {"avg_delay": [0.09432174689164598], "avg_cost": [77.93333333333334], "target_value": [113.8050802249793], "running_time": [1250.0295639038086], "local_count": [63], "common_count": [117]}}, "100": {"Nearest": {"avg_delay": [0.10081991470254738], "avg_cost": [215.66], "target_value": [154.73491470254737], "running_time": [4.003047943115234], "local_count": [200], "common_count": [0]}, "Modify-Assignment": {"avg_delay": [0.09768375285146907], "avg_cost": [212.91], "target_value": [150.91125285146907], "running_time": [254547.70016670227], "local_count": [175], "common_count": [25]}, "RA-UA": {"avg_delay": [0.09489805873235756], "avg_cost": [79.25], "target_value": [114.71055873235755], "running_time": [1433.180570602417], "local_count": [47], "common_count": [153]}}}, "0.5": {"eta": 0.5, "40": {"Nearest": {"avg_delay": [0.10546237109405805], "avg_cost": [101.575], "target_value": [156.24987109405805], "running_time": [0.9999275207519531], "local_count": [80], "common_count": [0]}, "Modify-Assignment": {"avg_delay": [0.1022768088349799], "avg_cost": [99.175], "target_value": [151.8643088349799], "running_time": [13965.505361557007], "local_count": [68], "common_count": [12]}, "RA-UA": {"avg_delay": [0.09832467971593321], "avg_cost": [41.8], "target_value": [119.2246797159332], "running_time": [296.24366760253906], "local_count": [15], "common_count": [65]}}, "50": {"Nearest": {"avg_delay": [0.10399761527356466], "avg_cost": [121.14], "target_value": [164.56761527356466], "running_time": [1.0013580322265625], "local_count": [100], "common_count": [0]}, "Modify-Assignment": {"avg_delay": [0.10089458704471944], "avg_cost": [118.56], "target_value": [160.17458704471943], "running_time": [28327.335596084595], "local_count": [89], "common_count": [11]}, "RA-UA": {"avg_delay": [0.09811518138117126], "avg_cost": [48.92], "target_value": [122.57518138117126], "running_time": [453.37414741516113], "local_count": [23], "common_count": [77]}}, "60": {"Nearest": {"avg_delay": [0.10412172994479146], "avg_cost": [130.53333333333333], "target_value": [169.38839661145812], "running_time": [1.0006427764892578], "local_count": [120], "common_count": [0]}, "Modify-Assignment": {"avg_delay": [0.10092160863742229], "avg_cost": [127.9], "target_value": [164.8716086374223], "running_time": [53201.833724975586], "local_count": [103], "common_count": [17]}, "RA-UA": {"avg_delay": [0.09902643249622575], "avg_cost": [49.333333333333336], "target_value": [123.69309916289242], "running_time": [582.4801921844482], "local_count": [25], "common_count": [95]}}, "70": {"Nearest": {"avg_delay": [0.1051621244238066], "avg_cost": [145.28571428571428], "target_value": [177.80498156666374], "running_time": [2.001523971557617], "local_count": [140], "common_count": [0]}, "Modify-Assignment": {"avg_delay": [0.10222926571567938], "avg_cost": [143.34285714285716], "target_value": [173.90069428710797], "running_time": [82726.15051269531], "local_count": [121], "common_count": [19]}, "RA-UA": {"avg_delay": [0.09872016046464713], "avg_cost": [55.67142857142857], "target_value": [126.55587475036141], "running_time": [750.6179809570312], "local_count": [30], "common_count": [110]}}, "80": {"Nearest": {"avg_delay": [0.10110943929196688], "avg_cost": [170.375], "target_value": [186.29693929196688], "running_time": [3.002166748046875], "local_count": [160], "common_count": [0]}, "Modify-Assignment": {"avg_delay": [0.09819096396639092], "avg_cost": [167.925], "target_value": [182.15346396639092], "running_time": [114844.61045265198], "local_count": [142], "common_count": [18]}, "RA-UA": {"avg_delay": [0.09311693160438678], "avg_cost": [62.7875], "target_value": [124.51068160438678], "running_time": [1014.8358345031738], "local_count": [43], "common_count": [117]}}, "90": {"Nearest": {"avg_delay": [0.1059297373425394], "avg_cost": [171.07777777777778], "target_value": [191.4686262314283], "running_time": [3.0024051666259766], "local_count": [180], "common_count": [0]}, "Modify-Assignment": {"avg_delay": [0.10233612199639318], "avg_cost": [168.63333333333333], "target_value": [186.65278866305982], "running_time": [181124.21226501465], "local_count": [164], "common_count": [16]}, "RA-UA": {"avg_delay": [0.0972487109651192], "avg_cost": [63.12222222222222], "target_value": [128.80982207623032], "running_time": [1182.9743385314941], "local_count": [37], "common_count": [143]}}, "100": {"Nearest": {"avg_delay": [0.1022361661964627], "avg_cost": [213.9], "target_value": [209.1861661964627], "running_time": [3.0024051666259766],