{"0.25": {"eta": 0.25, "40": {"Nearest": {"avg_delay": [0.10147778962711522], "avg_cost": [108.9], "target_value": [128.7027896271152], "running_time": [1.0013580322265625], "local_count": [80], "common_count": [0]}, "Modify-Assignment": {"avg_delay": [0.09884189560443322], "avg_cost": [106.2], "target_value": [125.39189560443322], "running_time": [14595.023393630981], "local_count": [72], "common_count": [8]}, "RA-UA": {"avg_delay": [0.09535457471227674], "avg_cost": [62.125], "target_value": [110.88582471227673], "running_time": [286.2358093261719], "local_count": [42], "common_count": [38]}}, "50": {"Nearest": {"avg_delay": [0.1033863992334012], "avg_cost": [121.28], "target_value": [133.7063992334012], "running_time": [1.0008811950683594], "local_count": [100], "common_count": [0]}, "Modify-Assignment": {"avg_delay": [0.09966708518911423], "avg_cost": [117.96], "target_value": [129.15708518911424], "running_time": [33198.34876060486], "local_count": [86], "common_count": [14]}, "RA-UA": {"avg_delay": [0.09632609640174528], "avg_cost": [67.34], "target_value": [113.16109640174528], "running_time": [424.3507385253906], "local_count": [52], "common_count": [48]}}, "60": {"Nearest": {"avg_delay": [0.10037899034617466], "avg_cost": [150.48333333333332], "target_value": [137.99982367950798], "running_time": [2.0012855529785156], "local_count": [120], "common_count": [0]}, "Modify-Assignment": {"avg_delay": [0.09708936861919625], "avg_cost": [148.43333333333334], "target_value": [134.1977019525296], "running_time": [43466.809034347534], "local_count": [115], "common_count": [5]}, "RA-UA": {"avg_delay": [0.09314707345084208], "avg_cost": [67.35], "target_value": [109.98457345084208], "running_time": [589.4854068756104], "local_count": [42], "common_count": [78]}}, "70": {"Nearest": {"avg_delay": [0.10086048289056632], "avg_cost": [182.52857142857144], "target_value": [146.49262574770918], "running_time": [3.0024051666259766], "local_count": [140], "common_count": [0]}, "Modify-Assignment": {"avg_delay": [0.09746945882154116], "avg_cost": [179.35714285714286], "target_value": [142.3087445358269], "running_time": [88801.15604400635], "local_count": [122], "common_count": [18]}, "RA-UA": {"avg_delay": [0.09287728621315906], "avg_cost": [74.52857142857142], "target_value": [111.50942907030192], "running_time": [813.6703968048096], "local_count": [51], "common_count": [89]}}, "80": {"Nearest": {"avg_delay": [0.10141118566321655], "avg_cost": [174.65], "target_value": [145.07368566321657], "running_time": [3.0024051666259766], "local_count": [160], "common_count": [0]}, "Modify-Assignment": {"avg_delay": [0.09873281934608627], "avg_cost": [171.6625], "target_value": [141.64844434608628], "running_time": [116679.39853668213], "local_count": [139], "common_count": [21]}, "RA-UA": {"avg_delay": [0.0948028550269571], "avg_cost": [73.0375], "target_value": [113.06223002695708], "running_time": [949.7826099395752], "local_count": [53], "common_count": [107]}}, "90": {"Nearest": {"avg_delay": [0.10122251468600778], "avg_cost": [205.26666666666668], "target_value": [152.53918135267446], "running_time": [3.002643585205078], "local_count": [180], "common_count": [0]}, "Modify-Assignment": {"avg_delay": [0.09869443147072346], "avg_cost": [202.2888888888889], "target_value": [149.26665369294568], "running_time": [156583.00280570984], "local_count": [155], "common_count": [25]}, "RA-UA": {"avg_delay": [0.0972196118901366], "avg_cost": [74.92222222222222], "target_value": [115.95016744569216], "running_time": [1237.0190620422363], "local_count": [47], "common_count": [133]}}, "100": {"Nearest": {"avg_delay": [0.10005157912745108], "avg_cost": [218.23], "target_value": [154.60907912745108], "running_time": [4.004240036010742], "local_count": [200], "common_count": [0]}, "Modify-Assignment": {"avg_delay": [0.09759284843305172], "avg_cost": [215.36], "target_value": [151.43284843305173], "running_time": [216846.64177894592], "local_count": [175], "common_count": [25]}, "RA-UA": {"avg_delay": [0.09494910212679619], "avg_cost": [79.26], "target_value": [114.76410212679619], "running_time": [1447.1921920776367], "local_count": [49], "common_count": [151]}}}, "0.5": {"eta": 0.5, "40": {"Nearest": {"avg_delay": [0.10593019504267379], "avg_cost": [89.025], "target_value": [150.4426950426738], "running_time": [1.001119613647461], "local_count": [80], "common_count": [0]}, "Modify-Assignment": {"avg_delay": [0.10255703966348224], "avg_cost": [86.975], "target_value": [146.04453966348223], "running_time": [13998.53229522705], "local_count": [70], "common_count": [10]}, "RA-UA": {"avg_delay": [0.09971393535654466], "avg_cost": [36.95], "target_value": [118.18893535654465], "running_time": [286.2362861633301], "local_count": [20], "common_count": [60]}}, "50": {"Nearest": {"avg_delay": [0.10255730273659437], "avg_cost": [124.7], "target_value": [164.90730273659437], "running_time": [1.0013580322265625], "local_count": [100], "common_count": [0]}, "Modify-Assignment": {"avg_delay": [0.0997199829372498], "avg_cost": [121.6], "target_value": [160.5199829372498], "running_time": [29507.30848312378], "local_count": [86], "common_count": [14]}, "RA-UA": {"avg_delay": [0.09653254033198003], "avg_cost": [46.52], "target_value": [119.79254033198004], "running_time": [454.3750286102295], "local_count": [23], "common_count": [77]}}, "60": {"Nearest": {"avg_delay": [0.10699224645951652], "avg_cost": [139.35], "target_value": [176.66724645951652], "running_time": [2.0017623901367188], "local_count": [120], "common_count": [0]}, "Modify-Assignment": {"avg_delay": [0.10380313557506544], "avg_cost": [136.58333333333334], "target_value": [172.0948022417321], "running_time": [50954.97727394104], "local_count": [106], "common_count": [14]}, "RA-UA": {"avg_delay": [0.10138710964218936], "avg_cost": [51.3], "target_value": [127.03710964218936], "running_time": [592.4875736236572], "local_count": [25], "common_count": [95]}}, "70": {"Nearest": {"avg_delay": [0.10625804566879354], "avg_cost": [158.78571428571428], "target_value": [185.65090281165067], "running_time": [2.001523971557617], "local_count": [140], "common_count": [0]}, "Modify-Assignment": {"avg_delay": [0.10395105084887292], "avg_cost": [155.47142857142856], "target_value": [181.6867651345872], "running_time": [76672.16873168945], "local_count": [119], "common_count": [21]}, "RA-UA": {"avg_delay": [0.1000658600406869], "avg_cost": [57.94285714285714], "target_value": [129.03728861211547], "running_time": [753.6201477050781], "local_count": [31], "common_count": [109]}}, "80": {"Nearest": {"avg_delay": [0.10550927786268233], "avg_cost": [192.65], "target_value": [201.8342778626823], "running_time": [2.002239227294922], "local_count": [160], "common_count": [0]}, "Modify-Assignment": {"avg_delay": [0.10326543067799361], "avg_cost": [190.075], "target_value": [198.3029306779936], "running_time": [114488.31701278687], "local_count": [140], "common_count": [20]}, "RA-UA": {"avg_delay": [0.09903796325536489], "avg_cost": [63.675], "target_value": [130.87546325536488], "running_time": [1003.828763961792], "local_count": [34], "common_count": [126]}}, "90": {"Nearest": {"avg_delay": [0.10457455086684105], "avg_cost": [196.6888888888889], "target_value": [202.9189953112855], "running_time": [2.0020008087158203], "local_count": [180], "common_count": [0]}, "Modify-Assignment": {"avg_delay": [0.10153795093030368], "avg_cost": [193.82222222222222], "target_value": [198.44906204141478], "running_time": [172571.16651535034], "local_count": [157], "common_count": [23]}, "RA-UA": {"avg_delay": [0.09696054510027974], "avg_cost": [68.81111111111112], "target_value": [131.3661006558353], "running_time": [1222.0067977905273], "local_count": [44], "common_count": [136]}}, "100": {"Nearest": {"avg_delay": [0.10574648413725013], "avg_cost": [210.66], "target_value": [211.07648413725013], "running_time": [3.0024051666259766], "local_count": [200], "common_count": [0]},