{"0.25": {"eta": 0.25, "40": {"Nearest": {"avg_delay": [0.10482625883702497], "avg_cost": [114.05], "target_value": [133.33875883702495], "running_time": [1.001119613647461], "local_count": [80], "common_count": [0]}, "Modify-Assignment": {"avg_delay": [0.10126599388287635], "avg_cost": [110.05], "target_value": [128.77849388287635], "running_time": [18405.16209602356], "local_count": [68], "common_count": [12]}, "RA-UA": {"avg_delay": [0.09745014749006364], "avg_cost": [55.8], "target_value": [111.40014749006365], "running_time": [297.2452640533447], "local_count": [37], "common_count": [43]}}, "50": {"Nearest": {"avg_delay": [0.0972159936366354], "avg_cost": [131.22], "target_value": [130.0209936366354], "running_time": [1.0004043579101562], "local_count": [100], "common_count": [0]}, "Modify-Assignment": {"avg_delay": [0.09469356933929698], "avg_cost": [128.18], "target_value": [126.73856933929699], "running_time": [26242.618799209595], "local_count": [87], "common_count": [13]}, "RA-UA": {"avg_delay": [0.09246692808837591], "avg_cost": [57.96], "target_value": [106.9569280883759], "running_time": [423.34914207458496], "local_count": [41], "common_count": [59]}}, "60": {"Nearest": {"avg_delay": [0.09944064722986912], "avg_cost": [150.1], "target_value": [136.96564722986912], "running_time": [2.001047134399414], "local_count": [120], "common_count": [0]}, "Modify-Assignment": {"avg_delay": [0.09664448692259817], "avg_cost": [147.65], "target_value": [133.55698692259816], "running_time": [51730.6170463562], "local_count": [108], "common_count": [12]}, "RA-UA": {"avg_delay": [0.0934355795632884], "avg_cost": [62.21666666666667], "target_value": [108.98974622995507], "running_time": [579.4763565063477], "local_count": [49], "common_count": [71]}}, "70": {"Nearest": {"avg_delay": [0.09922159968123447], "avg_cost": [166.05714285714285], "target_value": [140.73588539552017], "running_time": [2.0024776458740234], "local_count": [140], "common_count": [0]}, "Modify-Assignment": {"avg_delay": [0.09697012794871995], "avg_cost": [163.81428571428572], "target_value": [137.92369937729137], "running_time": [55966.10498428345], "local_count": [129], "common_count": [11]}, "RA-UA": {"avg_delay": [0.09402840285810789], "avg_cost": [74.84285714285714], "target_value": [112.73911714382217], "running_time": [790.6510829925537], "local_count": [64], "common_count": [76]}}, "80": {"Nearest": {"avg_delay": [0.10059659746742851], "avg_cost": [183.3], "target_value": [146.4215974674285], "running_time": [3.0028820037841797], "local_count": [160], "common_count": [0]}, "Modify-Assignment": {"avg_delay": [0.09810502053520585], "avg_cost": [180.4125], "target_value": [143.20814553520586], "running_time": [99544.28219795227], "local_count": [143], "common_count": [17]}, "RA-UA": {"avg_delay": [0.09470762070951273], "avg_cost": [72.8875], "target_value": [112.92949570951274], "running_time": [948.7819671630859], "local_count": [51], "common_count": [109]}}, "90": {"Nearest": {"avg_delay": [0.10041330477600648], "avg_cost": [206.65555555555557], "target_value": [152.07719366489536], "running_time": [3.002643585205078], "local_count": [180], "common_count": [0]}, "Modify-Assignment": {"avg_delay": [0.09734346356372386], "avg_cost": [203.6888888888889], "target_value": [148.2656857859461], "running_time": [168155.5368900299], "local_count": [158], "common_count": [22]}, "RA-UA": {"avg_delay": [0.09518393167619554], "avg_cost": [74.12222222222222], "target_value": [113.7144872317511], "running_time": [1291.0645008087158], "local_count": [45], "common_count": [135]}}, "100": {"Nearest": {"avg_delay": [0.10107831378757934], "avg_cost": [230.82], "target_value": [158.78331378757935], "running_time": [3.0024051666259766], "local_count": [200], "common_count": [0]}, "Modify-Assignment": {"avg_delay": [0.09770612732938785], "avg_cost": [227.7], "target_value": [154.63112732938785], "running_time": [235760.22267341614], "local_count": [170], "common_count": [30]}, "RA-UA": {"avg_delay": [0.09395831524187283], "avg_cost": [82.21], "target_value": [114.51081524187282], "running_time": [1477.217197418213], "local_count": [49], "common_count": [151]}}}, "0.5": {"eta": 0.5, "40": {"Nearest": {"avg_delay": [0.10165028919209805], "avg_cost": [99.475], "target_value": [151.38778919209807], "running_time": [1.001119613647461], "local_count": [80], "common_count": [0]}, "Modify-Assignment": {"avg_delay": [0.09991096138409018], "avg_cost": [97.95], "target_value": [148.8859613840902], "running_time": [10463.62018585205], "local_count": [75], "common_count": [5]}, "RA-UA": {"avg_delay": [0.09896607956806974], "avg_cost": [41.65], "target_value": [119.79107956806975], "running_time": [295.243501663208], "local_count": [22], "common_count": [58]}}, "50": {"Nearest": {"avg_delay": [0.10233934999652214], "avg_cost": [114.16], "target_value": [159.41934999652216], "running_time": [1.0008811950683594], "local_count": [100], "common_count": [0]}, "Modify-Assignment": {"avg_delay": [0.10001830739525619], "avg_cost": [112.28], "target_value": [156.1583073952562], "running_time": [22931.891679763794], "local_count": [91], "common_count": [9]}, "RA-UA": {"avg_delay": [0.09771625430530462], "avg_cost": [44.0], "target_value": [119.71625430530462], "running_time": [459.378719329834], "local_count": [27], "common_count": [73]}}, "60": {"Nearest": {"avg_delay": [0.10439759686530989], "avg_cost": [136.75], "target_value": [172.77259686530988], "running_time": [2.001523971557617], "local_count": [120], "common_count": [0]}, "Modify-Assignment": {"avg_delay": [0.10148556894202114], "avg_cost": [134.13333333333333], "target_value": [168.5522356086878], "running_time": [49522.79734611511], "local_count": [106], "common_count": [14]}, "RA-UA": {"avg_delay": [0.09700698485909316], "avg_cost": [50.28333333333333], "target_value": [122.14865152575983], "running_time": [573.4727382659912], "local_count": [32], "common_count": [88]}}, "70": {"Nearest": {"avg_delay": [0.10496382944386988], "avg_cost": [152.78571428571428], "target_value": [181.35668658672702], "running_time": [2.001523971557617], "local_count": [140], "common_count": [0]}, "Modify-Assignment": {"avg_delay": [0.10172209641452885], "avg_cost": [149.9], "target_value": [176.67209641452885], "running_time": [87431.03194236755], "local_count": [121], "common_count": [19]}, "RA-UA": {"avg_delay": [0.09623409769451356], "avg_cost": [56.628571428571426], "target_value": [124.54838340879928], "running_time": [757.6236724853516], "local_count": [33], "common_count": [107]}}, "80": {"Nearest": {"avg_delay": [0.10800665835655801], "avg_cost": [171.3625], "target_value": [193.687908356558], "running_time": [2.0017623901367188], "local_count": [160], "common_count": [0]}, "Modify-Assignment": {"avg_delay": [0.1053189924342345], "avg_cost": [168.5625], "target_value": [189.6002424342345], "running_time": [123930.09567260742], "local_count": [136], "common_count": [24]}, "RA-UA": {"avg_delay": [0.10172570175413992], "avg_cost": [63.9], "target_value": [133.6757017541399], "running_time": [995.8202838897705], "local_count": [35], "common_count": [125]}}, "90": {"Nearest": {"avg_delay": [0.10628039217104722], "avg_cost": [191.44444444444446], "target_value": [202.00261439326945], "running_time": [3.002643585205078], "local_count": [180], "common_count": [0]}, "Modify-Assignment": {"avg_delay": [0.1029807389438136], "avg_cost": [188.7888888888889], "target_value": [197.37518338825805], "running_time": [173722.11527824402], "local_count": [157], "common_count": [23]}, "RA-UA": {"avg_delay": [0.09976413508703688], "avg_cost": [65.77777777777777], "target_value": [132.65302397592575], "running_time": [1219.0039157867432], "local_count": [38], "common_count": [142]}}, "100": {"Nearest": {"avg_delay": [0.10521487668634863], "avg_cost": [204.28], "target_value": [207.35487668634863], "running_time": [3.002643585205078], "local_count": [200], "common_count": [0]},