{"0.25": {"eta": 0.25, "40": {"Nearest": {"avg_delay": [0.0995120627018665], "avg_cost": [107.475], "target_value": [126.38081270186649], "running_time": [1.0004043579101562], "local_count": [80], "common_count": [0]}, "Modify-Assignment": {"avg_delay": [0.09644006900676566], "avg_cost": [105.4], "target_value": [122.79006900676566], "running_time": [14484.932661056519], "local_count": [74], "common_count": [6]}, "RA-UA": {"avg_delay": [0.09291670876462402], "avg_cost": [57.1], "target_value": [107.19170876462402], "running_time": [272.22418785095215], "local_count": [41], "common_count": [39]}}, "50": {"Nearest": {"avg_delay": [0.10368983220381303], "avg_cost": [129.16], "target_value": [135.97983220381303], "running_time": [1.0013580322265625], "local_count": [100], "common_count": [0]}, "Modify-Assignment": {"avg_delay": [0.10042472642644021], "avg_cost": [124.88], "target_value": [131.6447264264402], "running_time": [32753.99684906006], "local_count": [84], "common_count": [16]}, "RA-UA": {"avg_delay": [0.097029928857268], "avg_cost": [64.38], "target_value": [113.12492885726799], "running_time": [395.3254222869873], "local_count": [48], "common_count": [52]}}, "60": {"Nearest": {"avg_delay": [0.09948997273004664], "avg_cost": [154.23333333333332], "target_value": [138.04830606337998], "running_time": [2.001047134399414], "local_count": [120], "common_count": [0]}, "Modify-Assignment": {"avg_delay": [0.09668531427347776], "avg_cost": [151.45], "target_value": [134.54781427347774], "running_time": [44318.51029396057], "local_count": [104], "common_count": [16]}, "RA-UA": {"avg_delay": [0.09340740880093487], "avg_cost": [71.63333333333334], "target_value": [111.3157421342682], "running_time": [569.4684982299805], "local_count": [55], "common_count": [65]}}, "70": {"Nearest": {"avg_delay": [0.0975063633590277], "avg_cost": [169.47142857142856], "target_value": [139.87422050188485], "running_time": [2.0020008087158203], "local_count": [140], "common_count": [0]}, "Modify-Assignment": {"avg_delay": [0.09535307349082381], "avg_cost": [167.4], "target_value": [137.2030734908238], "running_time": [58828.463315963745], "local_count": [126], "common_count": [14]}, "RA-UA": {"avg_delay": [0.0918243614823458], "avg_cost": [68.71428571428571], "target_value": [109.00293291091722], "running_time": [786.6461277008057], "local_count": [55], "common_count": [85]}}, "80": {"Nearest": {"avg_delay": [0.10492146230720581], "avg_cost": [187.2], "target_value": [151.7214623072058], "running_time": [3.002643585205078], "local_count": [160], "common_count": [0]}, "Modify-Assignment": {"avg_delay": [0.10160924223199373], "avg_cost": [183.4625], "target_value": [147.47486723199373], "running_time": [141409.77144241333], "local_count": [139], "common_count": [21]}, "RA-UA": {"avg_delay": [0.09883896212646459], "avg_cost": [71.4875], "target_value": [116.7108371264646], "running_time": [961.7922306060791], "local_count": [52], "common_count": [108]}}, "90": {"Nearest": {"avg_delay": [0.09919240703376447], "avg_cost": [208.74444444444444], "target_value": [151.37851814487558], "running_time": [3.0028820037841797], "local_count": [180], "common_count": [0]}, "Modify-Assignment": {"avg_delay": [0.09626980693648067], "avg_cost": [206.26666666666668], "target_value": [147.83647360314734], "running_time": [164908.86330604553], "local_count": [160], "common_count": [20]}, "RA-UA": {"avg_delay": [0.09379239777165667], "avg_cost": [75.02222222222223], "target_value": [112.54795332721223], "running_time": [1272.047758102417], "local_count": [51], "common_count": [129]}}, "100": {"Nearest": {"avg_delay": [0.09947504496091214], "avg_cost": [213.62], "target_value": [152.88004496091213], "running_time": [4.003047943115234], "local_count": [200], "common_count": [0]}, "Modify-Assignment": {"avg_delay": [0.0962844574626949], "avg_cost": [210.41], "target_value": [148.8869574626949], "running_time": [252509.0208053589], "local_count": [169], "common_count": [31]}, "RA-UA": {"avg_delay": [0.09219401639604326], "avg_cost": [79.62], "target_value": [112.09901639604325], "running_time": [1470.2107906341553], "local_count": [54], "common_count": [146]}}}, "0.5": {"eta": 0.5, "40": {"Nearest": {"avg_delay": [0.10379143574347434], "avg_cost": [95.6], "target_value": [151.59143574347434], "running_time": [1.0023117065429688], "local_count": [80], "common_count": [0]}, "Modify-Assignment": {"avg_delay": [0.10028602893197534], "avg_cost": [92.35], "target_value": [146.46102893197533], "running_time": [15318.619966506958], "local_count": [74], "common_count": [6]}, "RA-UA": {"avg_delay": [0.09708554612650516], "avg_cost": [41.475], "target_value": [117.82304612650516], "running_time": [293.2407855987549], "local_count": [21], "common_count": [59]}}, "50": {"Nearest": {"avg_delay": [0.1037915065870742], "avg_cost": [126.44], "target_value": [167.0115065870742], "running_time": [1.0004043579101562], "local_count": [100], "common_count": [0]}, "Modify-Assignment": {"avg_delay": [0.09961488106487698], "avg_cost": [123.42], "target_value": [161.324881064877], "running_time": [32319.62561607361], "local_count": [90], "common_count": [10]}, "RA-UA": {"avg_delay": [0.09464138573725876], "avg_cost": [49.24], "target_value": [119.26138573725876], "running_time": [465.38352966308594], "local_count": [26], "common_count": [74]}}, "60": {"Nearest": {"avg_delay": [0.10205286276582393], "avg_cost": [137.63333333333333], "target_value": [170.8695294324906], "running_time": [2.001523971557617], "local_count": [120], "common_count": [0]}, "Modify-Assignment": {"avg_delay": [0.09897969423422423], "avg_cost": [134.91666666666666], "target_value": [166.43802756755755], "running_time": [53246.86527252197], "local_count": [104], "common_count": [16]}, "RA-UA": {"avg_delay": [0.09724214787711778], "avg_cost": [49.43333333333333], "target_value": [121.95881454378446], "running_time": [581.4793109893799], "local_count": [34], "common_count": [86]}}, "70": {"Nearest": {"avg_delay": [0.10588772158441766], "avg_cost": [171.94285714285715], "target_value": [191.85915015584624], "running_time": [2.0020008087158203], "local_count": [140], "common_count": [0]}, "Modify-Assignment": {"avg_delay": [0.10341820257401553], "avg_cost": [169.11428571428573], "target_value": [187.9753454311584], "running_time": [80357.20491409302], "local_count": [118], "common_count": [22]}, "RA-UA": {"avg_delay": [0.09929066675975592], "avg_cost": [61.285714285714285], "target_value": [129.93352390261308], "running_time": [763.6284828186035], "local_count": [26], "common_count": [114]}}, "80": {"Nearest": {"avg_delay": [0.10399793219397548], "avg_cost": [178.675], "target_value": [193.33543219397546], "running_time": [2.002239227294922], "local_count": [160], "common_count": [0]}, "Modify-Assignment": {"avg_delay": [0.10169606087641228], "avg_cost": [176.075], "target_value": [189.73356087641227], "running_time": [104350.96549987793], "local_count": [138], "common_count": [22]}, "RA-UA": {"avg_delay": [0.09800463515377451], "avg_cost": [63.4125], "target_value": [129.7108851537745], "running_time": [1007.8301429748535], "local_count": [39], "common_count": [121]}}, "90": {"Nearest": {"avg_delay": [0.10710354359935773], "avg_cost": [200.15555555555557], "target_value": [207.1813213771355], "running_time": [2.002239227294922], "local_count": [180], "common_count": [0]}, "Modify-Assignment": {"avg_delay": [0.10447103547728279], "avg_cost": [197.55555555555554], "target_value": [203.24881325506055], "running_time": [165753.55100631714], "local_count": [155], "common_count": [25]}, "RA-UA": {"avg_delay": [0.10013967035412616], "avg_cost": [70.44444444444444], "target_value": [135.36189257634837], "running_time": [1207.9954147338867], "local_count": [32], "common_count": [148]}}, "100": {"Nearest": {"avg_delay": [0.1044432194237975], "avg_cost": [214.53], "target_value": [211.70821942379752], "running_time": [3.0028820037841797], "local_count": [200],