{"0.25": {"eta": 0.25, "40": {"Nearest": {"avg_delay": [0.09830650557746815], "avg_cost": [115.15], "target_value": [127.09400557746815], "running_time": [1.0006427764892578], "local_count": [80], "common_count": [0]}, "Modify-Assignment": {"avg_delay": [0.0958202646948423], "avg_cost": [112.6], "target_value": [123.97026469484229], "running_time": [11550.51565170288], "local_count": [74], "common_count": [6]}, "RA-UA": {"avg_delay": [0.09326306535075139], "avg_cost": [58.575], "target_value": [107.90681535075139], "running_time": [290.2390956878662], "local_count": [38], "common_count": [42]}}, "50": {"Nearest": {"avg_delay": [0.1007806743160034], "avg_cost": [136.64], "target_value": [134.9406743160034], "running_time": [2.001523971557617], "local_count": [100], "common_count": [0]}, "Modify-Assignment": {"avg_delay": [0.09809961867939784], "avg_cost": [135.4], "target_value": [131.94961867939784], "running_time": [27720.836639404297], "local_count": [93], "common_count": [7]}, "RA-UA": {"avg_delay": [0.09517595173511602], "avg_cost": [69.24], "target_value": [112.48595173511602], "running_time": [430.35435676574707], "local_count": [54], "common_count": [46]}}, "60": {"Nearest": {"avg_delay": [0.09838014956427764], "avg_cost": [145.98333333333332], "target_value": [134.87598289761098], "running_time": [2.0017623901367188], "local_count": [120], "common_count": [0]}, "Modify-Assignment": {"avg_delay": [0.09521769169869747], "avg_cost": [143.21666666666667], "target_value": [131.02185836536412], "running_time": [50620.70178985596], "local_count": [108], "common_count": [12]}, "RA-UA": {"avg_delay": [0.09235974013690137], "avg_cost": [72.6], "target_value": [110.50974013690137], "running_time": [594.489574432373], "local_count": [59], "common_count": [61]}}, "70": {"Nearest": {"avg_delay": [0.1036442738519817], "avg_cost": [172.78571428571428], "target_value": [146.84070242341028], "running_time": [2.0017623901367188], "local_count": [140], "common_count": [0]}, "Modify-Assignment": {"avg_delay": [0.10090497434928367], "avg_cost": [170.82857142857142], "target_value": [143.61211720642652], "running_time": [67446.56276702881], "local_count": [129], "common_count": [11]}, "RA-UA": {"avg_delay": [0.09683333528781621], "avg_cost": [75.54285714285714], "target_value": [115.7190495735305], "running_time": [822.6778507232666], "local_count": [48], "common_count": [92]}}, "80": {"Nearest": {"avg_delay": [0.09948313943063582], "avg_cost": [181.225], "target_value": [144.78938943063582], "running_time": [3.0019283294677734], "local_count": [160], "common_count": [0]}, "Modify-Assignment": {"avg_delay": [0.09648574358462218], "avg_cost": [178.05], "target_value": [140.99824358462217], "running_time": [117682.2259426117], "local_count": [138], "common_count": [22]}, "RA-UA": {"avg_delay": [0.09365276706420401], "avg_cost": [72.0], "target_value": [111.65276706420401], "running_time": [981.8098545074463], "local_count": [60], "common_count": [100]}}, "90": {"Nearest": {"avg_delay": [0.10097578437227103], "avg_cost": [206.65555555555557], "target_value": [152.63967326115994], "running_time": [3.0028820037841797], "local_count": [180], "common_count": [0]}, "Modify-Assignment": {"avg_delay": [0.09830659300209299], "avg_cost": [204.45555555555555], "target_value": [149.42048189098188], "running_time": [155202.86631584167], "local_count": [161], "common_count": [19]}, "RA-UA": {"avg_delay": [0.09598874064241394], "avg_cost": [72.91111111111111], "target_value": [114.21651842019172], "running_time": [1253.0324459075928], "local_count": [46], "common_count": [134]}}, "100": {"Nearest": {"avg_delay": [0.10279638521128627], "avg_cost": [215.52], "target_value": [156.67638521128626], "running_time": [3.0019283294677734], "local_count": [200], "common_count": [0]}, "Modify-Assignment": {"avg_delay": [0.10000218203666428], "avg_cost": [212.52], "target_value": [153.1321820366643], "running_time": [243988.0015850067], "local_count": [172], "common_count": [28]}, "RA-UA": {"avg_delay": [0.09825171458394004], "avg_cost": [76.66], "target_value": [117.41671458394003], "running_time": [1465.2066230773926], "local_count": [52], "common_count": [148]}}}, "0.5": {"eta": 0.5, "40": {"Nearest": {"avg_delay": [0.09997617349428671], "avg_cost": [103.425], "target_value": [151.68867349428672], "running_time": [1.0008811950683594], "local_count": [80], "common_count": [0]}, "Modify-Assignment": {"avg_delay": [0.09742138067569027], "avg_cost": [101.95], "target_value": [148.39638067569027], "running_time": [12877.608060836792], "local_count": [76], "common_count": [4]}, "RA-UA": {"avg_delay": [0.09247177914157084], "avg_cost": [42.025], "target_value": [113.48427914157085], "running_time": [300.2474308013916], "local_count": [20], "common_count": [60]}}, "50": {"Nearest": {"avg_delay": [0.09946326627501957], "avg_cost": [121.24], "target_value": [160.08326627501958], "running_time": [1.0008811950683594], "local_count": [100], "common_count": [0]}, "Modify-Assignment": {"avg_delay": [0.09643711707682075], "avg_cost": [117.98], "target_value": [155.42711707682074], "running_time": [27935.01353263855], "local_count": [90], "common_count": [10]}, "RA-UA": {"avg_delay": [0.09307137368506452], "avg_cost": [48.46], "target_value": [117.30137368506452], "running_time": [464.3826484680176], "local_count": [25], "common_count": [75]}}, "60": {"Nearest": {"avg_delay": [0.10180415815706462], "avg_cost": [139.75], "target_value": [171.67915815706462], "running_time": [1.0006427764892578], "local_count": [120], "common_count": [0]}, "Modify-Assignment": {"avg_delay": [0.09965338768515462], "avg_cost": [137.18333333333334], "target_value": [168.2450543518213], "running_time": [45885.80083847046], "local_count": [103], "common_count": [17]}, "RA-UA": {"avg_delay": [0.09593706622158875], "avg_cost": [55.71666666666667], "target_value": [123.79539955492208], "running_time": [603.4975051879883], "local_count": [32], "common_count": [88]}}, "70": {"Nearest": {"avg_delay": [0.10759705419128768], "avg_cost": [165.55714285714285], "target_value": [190.3756256198591], "running_time": [3.0014514923095703], "local_count": [140], "common_count": [0]}, "Modify-Assignment": {"avg_delay": [0.10385292382659468], "avg_cost": [161.87142857142857], "target_value": [184.78863811230894], "running_time": [100501.8002986908], "local_count": [119], "common_count": [21]}, "RA-UA": {"avg_delay": [0.0981440143496776], "avg_cost": [56.857142857142854], "target_value": [126.57258577824902], "running_time": [800.6591796875], "local_count": [27], "common_count": [113]}}, "80": {"Nearest": {"avg_delay": [0.10175420328308564], "avg_cost": [169.7875], "target_value": [186.64795328308566], "running_time": [2.001523971557617], "local_count": [160], "common_count": [0]}, "Modify-Assignment": {"avg_delay": [0.09963769726065991], "avg_cost": [167.6875], "target_value": [183.4814472606599], "running_time": [98918.49040985107], "local_count": [141], "common_count": [19]}, "RA-UA": {"avg_delay": [0.09660509191666444], "avg_cost": [61.9625], "target_value": [127.58634191666445], "running_time": [1020.8415985107422], "local_count": [39], "common_count": [121]}}, "90": {"Nearest": {"avg_delay": [0.10365076345927726], "avg_cost": [199.1], "target_value": [203.20076345927725], "running_time": [2.0012855529785156], "local_count": [180], "common_count": [0]}, "Modify-Assignment": {"avg_delay": [0.10112353613911403], "avg_cost": [196.98888888888888], "target_value": [199.61798058355845], "running_time": [152007.22527503967], "local_count": [158], "common_count": [22]}, "RA-UA": {"avg_delay": [0.09654265502188955], "avg_cost": [69.46666666666667], "target_value": [131.27598835522286], "running_time": [1209.9967002868652], "local_count": [39], "common_count": [141]}}, "100": {"Nearest": {"avg_delay": [0.10546849561731922], "avg_cost": [219.48], "target_value": [215.20849561731922], "running_time": [3.0024051666259766], "local_count": [200],