{"0.25": {"eta": 0.25, "40": {"Nearest": {"avg_delay": [0.09908097620961362], "avg_cost": [118.7], "target_value": [128.75597620961364], "running_time": [1.0004043579101562], "local_count": [80], "common_count": [0]}, "Modify-Assignment": {"avg_delay": [0.0960251501731323], "avg_cost": [116.5], "target_value": [125.1501501731323], "running_time": [12898.62585067749], "local_count": [72], "common_count": [8]}, "RA-UA": {"avg_delay": [0.09232506593994795], "avg_cost": [61.225], "target_value": [107.63131593994795], "running_time": [299.24631118774414], "local_count": [38], "common_count": [42]}}, "50": {"Nearest": {"avg_delay": [0.09835988066664865], "avg_cost": [130.62], "target_value": [131.01488066664865], "running_time": [2.0020008087158203], "local_count": [100], "common_count": [0]}, "Modify-Assignment": {"avg_delay": [0.09628182320954669], "avg_cost": [127.98], "target_value": [128.27682320954668], "running_time": [27198.40693473816], "local_count": [83], "common_count": [17]}, "RA-UA": {"avg_delay": [0.09376211513932943], "avg_cost": [65.44], "target_value": [110.12211513932942], "running_time": [420.346736907959], "local_count": [53], "common_count": [47]}}, "60": {"Nearest": {"avg_delay": [0.0997986790835403], "avg_cost": [150.88333333333333], "target_value": [137.51951241687362], "running_time": [2.001523971557617], "local_count": [120], "common_count": [0]}, "Modify-Assignment": {"avg_delay": [0.09731132356984713], "avg_cost": [148.06666666666666], "target_value": [134.3279902365138], "running_time": [42139.71543312073], "local_count": [106], "common_count": [14]}, "RA-UA": {"avg_delay": [0.09347544216568655], "avg_cost": [72.45], "target_value": [111.58794216568656], "running_time": [586.4830017089844], "local_count": [58], "common_count": [62]}}, "70": {"Nearest": {"avg_delay": [0.09980227019964237], "avg_cost": [169.94285714285715], "target_value": [142.28798448535665], "running_time": [3.002166748046875], "local_count": [140], "common_count": [0]}, "Modify-Assignment": {"avg_delay": [0.09701191910501913], "avg_cost": [167.5857142857143], "target_value": [138.9083476764477], "running_time": [79440.44399261475], "local_count": [123], "common_count": [17]}, "RA-UA": {"avg_delay": [0.09339864274589697], "avg_cost": [69.98571428571428], "target_value": [110.89507131732555], "running_time": [790.6506061553955], "local_count": [50], "common_count": [90]}}, "80": {"Nearest": {"avg_delay": [0.10120703452663413], "avg_cost": [191.725], "target_value": [149.13828452663412], "running_time": [3.001689910888672], "local_count": [160], "common_count": [0]}, "Modify-Assignment": {"avg_delay": [0.09847073388406535], "avg_cost": [188.8], "target_value": [145.67073388406536], "running_time": [101693.05181503296], "local_count": [145], "common_count": [15]}, "RA-UA": {"avg_delay": [0.09373768518377515], "avg_cost": [74.3875], "target_value": [112.33456018377515], "running_time": [974.8036861419678], "local_count": [48], "common_count": [112]}}, "90": {"Nearest": {"avg_delay": [0.10280614348340444], "avg_cost": [204.11111111111111], "target_value": [153.8339212611822], "running_time": [3.003358840942383], "local_count": [180], "common_count": [0]}, "Modify-Assignment": {"avg_delay": [0.09981723320986845], "avg_cost": [201.37777777777777], "target_value": [150.16167765431288], "running_time": [172486.10472679138], "local_count": [161], "common_count": [19]}, "RA-UA": {"avg_delay": [0.09652770710600161], "avg_cost": [80.56666666666666], "target_value": [116.66937377266828], "running_time": [1243.0241107940674], "local_count": [59], "common_count": [121]}}, "100": {"Nearest": {"avg_delay": [0.09972317468932503], "avg_cost": [216.64], "target_value": [153.88317468932502], "running_time": [3.002166748046875], "local_count": [200], "common_count": [0]}, "Modify-Assignment": {"avg_delay": [0.0974948516973477], "avg_cost": [214.25], "target_value": [151.0573516973477], "running_time": [205320.1458454132], "local_count": [178], "common_count": [22]}, "RA-UA": {"avg_delay": [0.09496625656876627], "avg_cost": [79.69], "target_value": [114.88875656876627], "running_time": [1459.2020511627197], "local_count": [49], "common_count": [151]}}}, "0.5": {"eta": 0.5, "40": {"Nearest": {"avg_delay": [0.1052346673874881], "avg_cost": [101.175], "target_value": [155.8221673874881], "running_time": [1.0006427764892578], "local_count": [80], "common_count": [0]}, "Modify-Assignment": {"avg_delay": [0.10205266079423085], "avg_cost": [98.975], "target_value": [151.54016079423084], "running_time": [16631.702184677124], "local_count": [70], "common_count": [10]}, "RA-UA": {"avg_delay": [0.0973942417706881], "avg_cost": [40.45], "target_value": [117.61924177068809], "running_time": [292.24085807800293], "local_count": [17], "common_count": [63]}}, "50": {"Nearest": {"avg_delay": [0.10666174487179816], "avg_cost": [117.9], "target_value": [165.61174487179818], "running_time": [1.0008811950683594], "local_count": [100], "common_count": [0]}, "Modify-Assignment": {"avg_delay": [0.10287863245996577], "avg_cost": [115.38], "target_value": [160.56863245996578], "running_time": [29936.662197113037], "local_count": [87], "common_count": [13]}, "RA-UA": {"avg_delay": [0.09900811741631008], "avg_cost": [43.28], "target_value": [120.64811741631007], "running_time": [458.3783149719238], "local_count": [18], "common_count": [82]}}, "60": {"Nearest": {"avg_delay": [0.10737590142153836], "avg_cost": [135.43333333333334], "target_value": [175.09256808820504], "running_time": [2.0017623901367188], "local_count": [120], "common_count": [0]}, "Modify-Assignment": {"avg_delay": [0.10520290705317502], "avg_cost": [133.58333333333334], "target_value": [171.9945737198417], "running_time": [37267.70234107971], "local_count": [105], "common_count": [15]}, "RA-UA": {"avg_delay": [0.10342157997352187], "avg_cost": [50.4], "target_value": [128.62157997352188], "running_time": [586.4837169647217], "local_count": [22], "common_count": [98]}}, "70": {"Nearest": {"avg_delay": [0.10015464353520638], "avg_cost": [146.15714285714284], "target_value": [173.2332149637778], "running_time": [2.0020008087158203], "local_count": [140], "common_count": [0]}, "Modify-Assignment": {"avg_delay": [0.0967171513393581], "avg_cost": [143.5], "target_value": [168.4671513393581], "running_time": [79820.76168060303], "local_count": [123], "common_count": [17]}, "RA-UA": {"avg_delay": [0.09041956279859228], "avg_cost": [57.67142857142857], "target_value": [119.25527708430657], "running_time": [757.6239109039307], "local_count": [45], "common_count": [95]}}, "80": {"Nearest": {"avg_delay": [0.10696369059275829], "avg_cost": [191.4375], "target_value": [202.68244059275827], "running_time": [2.0020008087158203], "local_count": [160], "common_count": [0]}, "Modify-Assignment": {"avg_delay": [0.1032994138026463], "avg_cost": [188.25], "target_value": [197.4244138026463], "running_time": [135254.42481040955], "local_count": [139], "common_count": [21]}, "RA-UA": {"avg_delay": [0.09786461619385417], "avg_cost": [63.1375], "target_value": [129.43336619385417], "running_time": [999.823808670044], "local_count": [27], "common_count": [133]}}, "90": {"Nearest": {"avg_delay": [0.10302217140546528], "avg_cost": [192.56666666666666], "target_value": [199.30550473879862], "running_time": [3.002643585205078], "local_count": [180], "common_count": [0]}, "Modify-Assignment": {"avg_delay": [0.1006910960990683], "avg_cost": [190.2888888888889], "target_value": [195.83554054351276], "running_time": [148770.55978775024], "local_count": [157], "common_count": [23]}, "RA-UA": {"avg_delay": [0.09685396385864226], "avg_cost": [69.53333333333333], "target_value": [131.6206305253089], "running_time": [1197.9873180389404], "local_count": [47], "common_count": [133]}}, "100": {"Nearest": {"avg_delay": [0.10808066223634005], "avg_cost": [222.21], "target_value": [219.18566223634005], "running_time": [3.002166748046875], "local_count": [200], "common_count": [0]},