{"0.25": {"eta": 0.25, "40": {"Nearest": {"avg_delay": [0.10265894491705899], "avg_cost": [108.35], "target_value": [129.746444917059], "running_time": [1.0008811950683594], "local_count": [80], "common_count": [0]}, "Modify-Assignment": {"avg_delay": [0.10041327397746486], "avg_cost": [105.65], "target_value": [126.82577397746485], "running_time": [13172.865390777588], "local_count": [68], "common_count": [12]}, "RA-UA": {"avg_delay": [0.09629009940437201], "avg_cost": [56.25], "target_value": [110.35259940437201], "running_time": [279.23035621643066], "local_count": [43], "common_count": [37]}}, "50": {"Nearest": {"avg_delay": [0.09761122996306525], "avg_cost": [139.92], "target_value": [132.59122996306525], "running_time": [2.0017623901367188], "local_count": [100], "common_count": [0]}, "Modify-Assignment": {"avg_delay": [0.09535901748247354], "avg_cost": [137.78], "target_value": [129.80401748247354], "running_time": [21657.84192085266], "local_count": [86], "common_count": [14]}, "RA-UA": {"avg_delay": [0.09251468515135809], "avg_cost": [62.38], "target_value": [108.1096851513581], "running_time": [409.3365669250488], "local_count": [37], "common_count": [63]}}, "60": {"Nearest": {"avg_delay": [0.10360664835993197], "avg_cost": [152.33333333333334], "target_value": [141.6899816932653], "running_time": [2.001047134399414], "local_count": [120], "common_count": [0]}, "Modify-Assignment": {"avg_delay": [0.10140564494746719], "avg_cost": [150.21666666666667], "target_value": [138.95981161413386], "running_time": [36163.79237174988], "local_count": [109], "common_count": [11]}, "RA-UA": {"avg_delay": [0.09731916848167696], "avg_cost": [81.01666666666667], "target_value": [117.57333514834362], "running_time": [590.4867649078369], "local_count": [68], "common_count": [52]}}, "70": {"Nearest": {"avg_delay": [0.10211619326359418], "avg_cost": [175.82857142857142], "target_value": [146.07333612073705], "running_time": [2.0017623901367188], "local_count": [140], "common_count": [0]}, "Modify-Assignment": {"avg_delay": [0.09938378322431471], "avg_cost": [173.02857142857144], "target_value": [142.64092608145756], "running_time": [81867.44379997253], "local_count": [123], "common_count": [17]}, "RA-UA": {"avg_delay": [0.0942606943028005], "avg_cost": [70.58571428571429], "target_value": [111.90712287422907], "running_time": [799.659013748169], "local_count": [47], "common_count": [93]}}, "80": {"Nearest": {"avg_delay": [0.10346912439678953], "avg_cost": [189.375], "target_value": [150.81287439678954], "running_time": [2.001047134399414], "local_count": [160], "common_count": [0]}, "Modify-Assignment": {"avg_delay": [0.10105822479597398], "avg_cost": [186.7], "target_value": [147.73322479597397], "running_time": [116946.6187953949], "local_count": [136], "common_count": [24]}, "RA-UA": {"avg_delay": [0.09755619700541372], "avg_cost": [78.05], "target_value": [117.06869700541372], "running_time": [984.811544418335], "local_count": [52], "common_count": [108]}}, "90": {"Nearest": {"avg_delay": [0.10167975459584044], "avg_cost": [194.43333333333334], "target_value": [150.2880879291738], "running_time": [3.0024051666259766], "local_count": [180], "common_count": [0]}, "Modify-Assignment": {"avg_delay": [0.09856645827030373], "avg_cost": [190.74444444444444], "target_value": [146.25256938141484], "running_time": [184523.0212211609], "local_count": [150], "common_count": [30]}, "RA-UA": {"avg_delay": [0.09423446292032171], "avg_cost": [81.7], "target_value": [114.65946292032172], "running_time": [1270.0457572937012], "local_count": [68], "common_count": [112]}}, "100": {"Nearest": {"avg_delay": [0.10499212377622263], "avg_cost": [211.6], "target_value": [157.89212377622263], "running_time": [4.003047943115234], "local_count": [200], "common_count": [0]}, "Modify-Assignment": {"avg_delay": [0.1015131099627637], "avg_cost": [208.69], "target_value": [153.6856099627637], "running_time": [266650.67052841187], "local_count": [175], "common_count": [25]}, "RA-UA": {"avg_delay": [0.09991411225804861], "avg_cost": [74.21], "target_value": [118.4666122580486], "running_time": [1453.197956085205], "local_count": [39], "common_count": [161]}}}, "0.5": {"eta": 0.5, "40": {"Nearest": {"avg_delay": [0.10235684031638606], "avg_cost": [98.6], "target_value": [151.65684031638605], "running_time": [1.001119613647461], "local_count": [80], "common_count": [0]}, "Modify-Assignment": {"avg_delay": [0.10033562909422035], "avg_cost": [95.825], "target_value": [148.24812909422036], "running_time": [12663.432359695435], "local_count": [71], "common_count": [9]}, "RA-UA": {"avg_delay": [0.09670307937644453], "avg_cost": [42.325], "target_value": [117.86557937644451], "running_time": [298.2456684112549], "local_count": [20], "common_count": [60]}}, "50": {"Nearest": {"avg_delay": [0.10246280110323182], "avg_cost": [125.8], "target_value": [165.36280110323182], "running_time": [2.001523971557617], "local_count": [100], "common_count": [0]}, "Modify-Assignment": {"avg_delay": [0.09886973365282678], "avg_cost": [122.42], "target_value": [160.07973365282677], "running_time": [31301.786422729492], "local_count": [93], "common_count": [7]}, "RA-UA": {"avg_delay": [0.09507666583256758], "avg_cost": [48.2], "target_value": [119.17666583256758], "running_time": [453.37390899658203], "local_count": [23], "common_count": [77]}}, "60": {"Nearest": {"avg_delay": [0.10311705013966613], "avg_cost": [131.18333333333334], "target_value": [168.7087168063328], "running_time": [1.0006427764892578], "local_count": [120], "common_count": [0]}, "Modify-Assignment": {"avg_delay": [0.10045530532582791], "avg_cost": [128.85], "target_value": [164.88030532582792], "running_time": [57556.41579627991], "local_count": [103], "common_count": [17]}, "RA-UA": {"avg_delay": [0.09997157063004204], "avg_cost": [49.18333333333333], "target_value": [124.5632372967087], "running_time": [584.4817161560059], "local_count": [32], "common_count": [88]}}, "70": {"Nearest": {"avg_delay": [0.10595549531861367], "avg_cost": [162.74285714285713], "target_value": [187.32692389004222], "running_time": [2.002239227294922], "local_count": [140], "common_count": [0]}, "Modify-Assignment": {"avg_delay": [0.1034821392193669], "avg_cost": [160.34285714285716], "target_value": [183.65356779079548], "running_time": [82397.88460731506], "local_count": [123], "common_count": [17]}, "RA-UA": {"avg_delay": [0.09944740215855737], "avg_cost": [56.17142857142857], "target_value": [127.53311644427166], "running_time": [757.6236724853516], "local_count": [26], "common_count": [114]}}, "80": {"Nearest": {"avg_delay": [0.10534861239198472], "avg_cost": [180.25], "target_value": [195.47361239198472], "running_time": [3.0031204223632812], "local_count": [160], "common_count": [0]}, "Modify-Assignment": {"avg_delay": [0.10272848109074133], "avg_cost": [177.45], "target_value": [191.45348109074132], "running_time": [105102.58412361145], "local_count": [139], "common_count": [21]}, "RA-UA": {"avg_delay": [0.09822043771977061], "avg_cost": [65.375], "target_value": [130.90793771977062], "running_time": [1001.8260478973389], "local_count": [38], "common_count": [122]}}, "90": {"Nearest": {"avg_delay": [0.10563249603554598], "avg_cost": [196.7888888888889], "target_value": [204.0269404799904], "running_time": [3.0024051666259766], "local_count": [180], "common_count": [0]}, "Modify-Assignment": {"avg_delay": [0.10286563036950713], "avg_cost": [194.06666666666666], "target_value": [199.89896370284046], "running_time": [180963.07945251465], "local_count": [152], "common_count": [28]}, "RA-UA": {"avg_delay": [0.0999072548114453], "avg_cost": [67.67777777777778], "target_value": [133.7461437003342], "running_time": [1220.0055122375488], "local_count": [40], "common_count": [140]}}, "100": {"Nearest": {"avg_delay": [0.10564599258046294], "avg_cost": [204.49], "target_value": [207.89099258046292], "running_time": [4.002809524536133], "local_count": [200],