{"0.25": {"eta": 0.25, "40": {"Nearest": {"avg_delay": [0.10383302835447031], "avg_cost": [117.875], "target_value": [133.30177835447031], "running_time": [1.0008811950683594], "local_count": [80], "common_count": [0]}, "Modify-Assignment": {"avg_delay": [0.10132935521124672], "avg_cost": [114.775], "target_value": [130.02310521124673], "running_time": [13858.416557312012], "local_count": [69], "common_count": [11]}, "RA-UA": {"avg_delay": [0.09876902019421442], "avg_cost": [58.075], "target_value": [113.28777019421442], "running_time": [283.2334041595459], "local_count": [39], "common_count": [41]}}, "50": {"Nearest": {"avg_delay": [0.1001853991002644], "avg_cost": [132.02], "target_value": [133.19039910026441], "running_time": [1.0008811950683594], "local_count": [100], "common_count": [0]}, "Modify-Assignment": {"avg_delay": [0.09834105048547544], "avg_cost": [129.44], "target_value": [130.70105048547543], "running_time": [24457.14807510376], "local_count": [87], "common_count": [13]}, "RA-UA": {"avg_delay": [0.09504890444802147], "avg_cost": [64.76], "target_value": [111.23890444802147], "running_time": [420.3460216522217], "local_count": [50], "common_count": [50]}}, "60": {"Nearest": {"avg_delay": [0.09872316227950195], "avg_cost": [141.85], "target_value": [134.18566227950194], "running_time": [1.0006427764892578], "local_count": [120], "common_count": [0]}, "Modify-Assignment": {"avg_delay": [0.09586810415261869], "avg_cost": [138.71666666666667], "target_value": [130.54727081928536], "running_time": [51555.4723739624], "local_count": [101], "common_count": [19]}, "RA-UA": {"avg_delay": [0.0919379065666866], "avg_cost": [70.61666666666666], "target_value": [109.59207323335328], "running_time": [579.4768333435059], "local_count": [57], "common_count": [63]}}, "70": {"Nearest": {"avg_delay": [0.10174782635011366], "avg_cost": [173.18571428571428], "target_value": [145.04425492154223], "running_time": [2.001047134399414], "local_count": [140], "common_count": [0]}, "Modify-Assignment": {"avg_delay": [0.09854171484231827], "avg_cost": [170.71428571428572], "target_value": [141.2202862708897], "running_time": [87727.27060317993], "local_count": [125], "common_count": [15]}, "RA-UA": {"avg_delay": [0.09546698828530846], "avg_cost": [70.8], "target_value": [113.16698828530846], "running_time": [827.6817798614502], "local_count": [44], "common_count": [96]}}, "80": {"Nearest": {"avg_delay": [0.1034788725006743], "avg_cost": [196.2875], "target_value": [152.5507475006743], "running_time": [3.002166748046875], "local_count": [160], "common_count": [0]}, "Modify-Assignment": {"avg_delay": [0.0998922072650551], "avg_cost": [193.3375], "target_value": [148.2265822650551], "running_time": [135962.2824192047], "local_count": [139], "common_count": [21]}, "RA-UA": {"avg_delay": [0.09541896507994575], "avg_cost": [80.5875], "target_value": [115.56584007994576], "running_time": [961.7924690246582], "local_count": [56], "common_count": [104]}}, "90": {"Nearest": {"avg_delay": [0.09986515158329715], "avg_cost": [201.3], "target_value": [150.19015158329717], "running_time": [3.002643585205078], "local_count": [180], "common_count": [0]}, "Modify-Assignment": {"avg_delay": [0.09725705572374184], "avg_cost": [198.4111111111111], "target_value": [146.85983350151963], "running_time": [170209.22875404358], "local_count": [156], "common_count": [24]}, "RA-UA": {"avg_delay": [0.09367275393937646], "avg_cost": [73.05555555555556], "target_value": [111.93664282826535], "running_time": [1253.0319690704346], "local_count": [50], "common_count": [130]}}, "100": {"Nearest": {"avg_delay": [0.09895334261650235], "avg_cost": [218.88], "target_value": [153.67334261650234], "running_time": [3.002166748046875], "local_count": [200], "common_count": [0]}, "Modify-Assignment": {"avg_delay": [0.09665692819354098], "avg_cost": [216.87], "target_value": [150.87442819354098], "running_time": [193862.70713806152], "local_count": [182], "common_count": [18]}, "RA-UA": {"avg_delay": [0.09398196444236961], "avg_cost": [79.83], "target_value": [113.93946444236961], "running_time": [1490.2281761169434], "local_count": [62], "common_count": [138]}}}, "0.5": {"eta": 0.5, "40": {"Nearest": {"avg_delay": [0.10728491064068951], "avg_cost": [91.85], "target_value": [153.20991064068951], "running_time": [1.0006427764892578], "local_count": [80], "common_count": [0]}, "Modify-Assignment": {"avg_delay": [0.10335274911903751], "avg_cost": [89.55], "target_value": [148.1277491190375], "running_time": [16684.74507331848], "local_count": [69], "common_count": [11]}, "RA-UA": {"avg_delay": [0.10163399410144658], "avg_cost": [40.225], "target_value": [121.74649410144657], "running_time": [293.2419776916504], "local_count": [21], "common_count": [59]}}, "50": {"Nearest": {"avg_delay": [0.10217048022814064], "avg_cost": [118.44], "target_value": [161.39048022814063], "running_time": [1.001119613647461], "local_count": [100], "common_count": [0]}, "Modify-Assignment": {"avg_delay": [0.09990339293048929], "avg_cost": [116.56], "target_value": [158.18339293048928], "running_time": [20071.535110473633], "local_count": [92], "common_count": [8]}, "RA-UA": {"avg_delay": [0.09675731922779103], "avg_cost": [48.1], "target_value": [120.80731922779103], "running_time": [457.37743377685547], "local_count": [25], "common_count": [75]}}, "60": {"Nearest": {"avg_delay": [0.10700762332492354], "avg_cost": [138.83333333333334], "target_value": [176.42428999159023], "running_time": [2.0012855529785156], "local_count": [120], "common_count": [0]}, "Modify-Assignment": {"avg_delay": [0.10445814179196644], "avg_cost": [136.7], "target_value": [172.80814179196642], "running_time": [45356.365442276], "local_count": [107], "common_count": [13]}, "RA-UA": {"avg_delay": [0.10291999172404023], "avg_cost": [49.35], "target_value": [127.59499172404023], "running_time": [575.4745006561279], "local_count": [23], "common_count": [97]}}, "70": {"Nearest": {"avg_delay": [0.1054687189187809], "avg_cost": [155.78571428571428], "target_value": [183.36157606163806], "running_time": [2.0024776458740234], "local_count": [140], "common_count": [0]}, "Modify-Assignment": {"avg_delay": [0.10264565598936368], "avg_cost": [152.81428571428572], "target_value": [179.05279884650653], "running_time": [81832.41963386536], "local_count": [119], "common_count": [21]}, "RA-UA": {"avg_delay": [0.09862123164899028], "avg_cost": [57.47142857142857], "target_value": [127.35694593470457], "running_time": [749.617338180542], "local_count": [29], "common_count": [111]}}, "80": {"Nearest": {"avg_delay": [0.10354311401861142], "avg_cost": [168.4], "target_value": [187.74311401861144], "running_time": [2.0012855529785156], "local_count": [160], "common_count": [0]}, "Modify-Assignment": {"avg_delay": [0.1009152104412449], "avg_cost": [166.0625], "target_value": [183.9464604412449], "running_time": [105503.915309906], "local_count": [139], "common_count": [21]}, "RA-UA": {"avg_delay": [0.09906867196504363], "avg_cost": [58.1], "target_value": [128.11867196504363], "running_time": [993.8185214996338], "local_count": [37], "common_count": [123]}}, "90": {"Nearest": {"avg_delay": [0.1061775900887569], "avg_cost": [193.46666666666667], "target_value": [202.91092342209024], "running_time": [3.002643585205078], "local_count": [180], "common_count": [0]}, "Modify-Assignment": {"avg_delay": [0.10346436737142854], "avg_cost": [191.05555555555554], "target_value": [198.9921451492063], "running_time": [173697.09420204163], "local_count": [161], "common_count": [19]}, "RA-UA": {"avg_delay": [0.09935374681828336], "avg_cost": [64.68888888888888], "target_value": [131.69819126272782], "running_time": [1216.0017490386963], "local_count": [40], "common_count": [140]}}, "100": {"Nearest": {"avg_delay": [0.10536647310821314], "avg_cost": [218.46], "target_value": [214.59647310821313], "running_time": [3.0028820037841797], "local_count": [200], "common_count": [0]},