{"0.25": {"eta": 0.25, "40": {"Nearest": {"avg_delay": [0.10313573030059996], "avg_cost": [123.725], "target_value": [134.06698030059997], "running_time": [1.0023117065429688], "local_count": [80], "common_count": [0]}, "Modify-Assignment": {"avg_delay": [0.10010994559079249], "avg_cost": [119.975], "target_value": [130.10369559079248], "running_time": [14802.195072174072], "local_count": [69], "common_count": [11]}, "RA-UA": {"avg_delay": [0.0977225425878121], "avg_cost": [61.1], "target_value": [112.9975425878121], "running_time": [283.2338809967041], "local_count": [39], "common_count": [41]}}, "50": {"Nearest": {"avg_delay": [0.09534323013059903], "avg_cost": [127.44], "target_value": [127.20323013059904], "running_time": [1.001596450805664], "local_count": [100], "common_count": [0]}, "Modify-Assignment": {"avg_delay": [0.09227248841134124], "avg_cost": [124.86], "target_value": [123.48748841134125], "running_time": [29004.894733428955], "local_count": [90], "common_count": [10]}, "RA-UA": {"avg_delay": [0.08805857562469353], "avg_cost": [62.86], "target_value": [103.77357562469354], "running_time": [410.3376865386963], "local_count": [46], "common_count": [54]}}, "60": {"Nearest": {"avg_delay": [0.10267677527980414], "avg_cost": [142.9], "target_value": [138.40177527980413], "running_time": [1.0004043579101562], "local_count": [120], "common_count": [0]}, "Modify-Assignment": {"avg_delay": [0.10033445953861324], "avg_cost": [140.55], "target_value": [135.47195953861325], "running_time": [40994.77124214172], "local_count": [111], "common_count": [9]}, "RA-UA": {"avg_delay": [0.0972438354806302], "avg_cost": [77.53333333333333], "target_value": [116.62716881396352], "running_time": [569.4689750671387], "local_count": [67], "common_count": [53]}}, "70": {"Nearest": {"avg_delay": [0.10406672196697045], "avg_cost": [155.38571428571427], "target_value": [142.913150538399], "running_time": [2.0017623901367188], "local_count": [140], "common_count": [0]}, "Modify-Assignment": {"avg_delay": [0.10113280497837412], "avg_cost": [152.38571428571427], "target_value": [139.2292335498027], "running_time": [80461.28535270691], "local_count": [123], "common_count": [17]}, "RA-UA": {"avg_delay": [0.09802615705130185], "avg_cost": [73.15714285714286], "target_value": [116.31544276558756], "running_time": [792.6530838012695], "local_count": [71], "common_count": [69]}}, "80": {"Nearest": {"avg_delay": [0.10332104322632535], "avg_cost": [193.3125], "target_value": [151.64916822632534], "running_time": [3.0024051666259766], "local_count": [160], "common_count": [0]}, "Modify-Assignment": {"avg_delay": [0.0998567713651258], "avg_cost": [190.2], "target_value": [147.4067713651258], "running_time": [131289.4344329834], "local_count": [142], "common_count": [18]}, "RA-UA": {"avg_delay": [0.09656920941836807], "avg_cost": [72.225], "target_value": [114.62545941836805], "running_time": [948.782205581665], "local_count": [50], "common_count": [110]}}, "90": {"Nearest": {"avg_delay": [0.10267877968526141], "avg_cost": [193.42222222222222], "target_value": [151.03433524081697], "running_time": [3.002643585205078], "local_count": [180], "common_count": [0]}, "Modify-Assignment": {"avg_delay": [0.09984861714917877], "avg_cost": [190.54444444444445], "target_value": [147.48472826028987], "running_time": [168776.04794502258], "local_count": [159], "common_count": [21]}, "RA-UA": {"avg_delay": [0.09805721396898735], "avg_cost": [76.52222222222223], "target_value": [117.18776952454292], "running_time": [1233.015537261963], "local_count": [54], "common_count": [126]}}, "100": {"Nearest": {"avg_delay": [0.10244903360229625], "avg_cost": [216.32], "target_value": [156.52903360229624], "running_time": [4.003047943115234], "local_count": [200], "common_count": [0]}, "Modify-Assignment": {"avg_delay": [0.09923267765396283], "avg_cost": [213.28], "target_value": [152.55267765396283], "running_time": [253249.63092803955], "local_count": [179], "common_count": [21]}, "RA-UA": {"avg_delay": [0.09537810001363245], "avg_cost": [77.87], "target_value": [114.84560001363245], "running_time": [1467.2088623046875], "local_count": [54], "common_count": [146]}}}, "0.5": {"eta": 0.5, "40": {"Nearest": {"avg_delay": [0.10062636321133739], "avg_cost": [108.025], "target_value": [154.6388632113374], "running_time": [1.0018348693847656], "local_count": [80], "common_count": [0]}, "Modify-Assignment": {"avg_delay": [0.09760604623248172], "avg_cost": [105.375], "target_value": [150.29354623248173], "running_time": [15349.645614624023], "local_count": [71], "common_count": [9]}, "RA-UA": {"avg_delay": [0.09329927915159093], "avg_cost": [42.5], "target_value": [114.54927915159094], "running_time": [293.2415008544922], "local_count": [23], "common_count": [57]}}, "50": {"Nearest": {"avg_delay": [0.10236591115575866], "avg_cost": [116.06], "target_value": [160.39591115575865], "running_time": [1.001119613647461], "local_count": [100], "common_count": [0]}, "Modify-Assignment": {"avg_delay": [0.099370214983831], "avg_cost": [113.4], "target_value": [156.07021498383102], "running_time": [27921.001434326172], "local_count": [89], "common_count": [11]}, "RA-UA": {"avg_delay": [0.09670660871412755], "avg_cost": [43.04], "target_value": [118.22660871412755], "running_time": [456.3755989074707], "local_count": [29], "common_count": [71]}}, "60": {"Nearest": {"avg_delay": [0.10916808160936303], "avg_cost": [140.65], "target_value": [179.49308160936303], "running_time": [1.0006427764892578], "local_count": [120], "common_count": [0]}, "Modify-Assignment": {"avg_delay": [0.10609169091301195], "avg_cost": [137.26666666666668], "target_value": [174.7250242463453], "running_time": [55252.51841545105], "local_count": [102], "common_count": [18]}, "RA-UA": {"avg_delay": [0.10269481517209286], "avg_cost": [51.6], "target_value": [128.49481517209287], "running_time": [576.4744281768799], "local_count": [25], "common_count": [95]}}, "70": {"Nearest": {"avg_delay": [0.10352619112071929], "avg_cost": [158.25714285714287], "target_value": [182.65476254929072], "running_time": [2.001523971557617], "local_count": [140], "common_count": [0]}, "Modify-Assignment": {"avg_delay": [0.10067703393458977], "avg_cost": [155.9857142857143], "target_value": [178.66989107744692], "running_time": [78607.76352882385], "local_count": [120], "common_count": [20]}, "RA-UA": {"avg_delay": [0.09688532818602459], "avg_cost": [57.51428571428571], "target_value": [125.64247104316745], "running_time": [753.6208629608154], "local_count": [37], "common_count": [103]}}, "80": {"Nearest": {"avg_delay": [0.1042243982908985], "avg_cost": [175.775], "target_value": [192.1118982908985], "running_time": [2.0020008087158203], "local_count": [160], "common_count": [0]}, "Modify-Assignment": {"avg_delay": [0.10144122950375524], "avg_cost": [172.9625], "target_value": [187.92247950375526], "running_time": [102893.76521110535], "local_count": [144], "common_count": [16]}, "RA-UA": {"avg_delay": [0.09561687128705755], "avg_cost": [63.375], "target_value": [127.30437128705755], "running_time": [1008.8310241699219], "local_count": [38], "common_count": [122]}}, "90": {"Nearest": {"avg_delay": [0.10712027893673913], "avg_cost": [194.33333333333334], "target_value": [204.2869456034058], "running_time": [3.0028820037841797], "local_count": [180], "common_count": [0]}, "Modify-Assignment": {"avg_delay": [0.10370055947973537], "avg_cost": [191.7], "target_value": [199.55055947973537], "running_time": [175174.31092262268], "local_count": [154], "common_count": [26]}, "RA-UA": {"avg_delay": [0.10021536336000748], "avg_cost": [65.15555555555555], "target_value": [132.79314113778526], "running_time": [1183.9754581451416], "local_count": [36], "common_count": [144]}}, "100": {"Nearest": {"avg_delay": [0.10677520309178258], "avg_cost": [213.24], "target_value": [213.3952030917826], "running_time": [3.002166748046875], "local_count": [200], "common_count": [0]},