{"0.25": {"eta": 0.25, "40": {"Nearest": {"avg_delay": [0.10283326486458151], "avg_cost": [109.975], "target_value": [130.3270148645815], "running_time": [1.0006427764892578], "local_count": [80], "common_count": [0]}, "Modify-Assignment": {"avg_delay": [0.0990568860155379], "avg_cost": [106.8], "target_value": [125.7568860155379], "running_time": [17089.078903198242], "local_count": [71], "common_count": [9]}, "RA-UA": {"avg_delay": [0.09434224197323102], "avg_cost": [61.225], "target_value": [109.64849197323102], "running_time": [283.233642578125], "local_count": [42], "common_count": [38]}}, "50": {"Nearest": {"avg_delay": [0.10038123987621474], "avg_cost": [136.78], "target_value": [134.57623987621474], "running_time": [1.0004043579101562], "local_count": [100], "common_count": [0]}, "Modify-Assignment": {"avg_delay": [0.09684501139166303], "avg_cost": [133.8], "target_value": [130.29501139166302], "running_time": [27546.693086624146], "local_count": [90], "common_count": [10]}, "RA-UA": {"avg_delay": [0.09151058701534998], "avg_cost": [58.84], "target_value": [106.22058701534996], "running_time": [432.3563575744629], "local_count": [39], "common_count": [61]}}, "60": {"Nearest": {"avg_delay": [0.10099898331975028], "avg_cost": [146.11666666666667], "target_value": [137.52814998641696], "running_time": [2.0012855529785156], "local_count": [120], "common_count": [0]}, "Modify-Assignment": {"avg_delay": [0.0984530644740492], "avg_cost": [143.41666666666666], "target_value": [134.30723114071586], "running_time": [49393.69034767151], "local_count": [101], "common_count": [19]}, "RA-UA": {"avg_delay": [0.09525782188580849], "avg_cost": [73.8], "target_value": [113.70782188580849], "running_time": [573.4724998474121], "local_count": [56], "common_count": [64]}}, "70": {"Nearest": {"avg_delay": [0.10150291671506517], "avg_cost": [170.81428571428572], "target_value": [144.2064881436366], "running_time": [2.0017623901367188], "local_count": [140], "common_count": [0]}, "Modify-Assignment": {"avg_delay": [0.09851415362588772], "avg_cost": [167.0142857142857], "target_value": [140.26772505445916], "running_time": [83921.1356639862], "local_count": [117], "common_count": [23]}, "RA-UA": {"avg_delay": [0.09481379641831171], "avg_cost": [74.07142857142857], "target_value": [113.33165356116885], "running_time": [788.6502742767334], "local_count": [49], "common_count": [91]}}, "80": {"Nearest": {"avg_delay": [0.10128716791798585], "avg_cost": [178.0375], "target_value": [145.79654291798585], "running_time": [2.001523971557617], "local_count": [160], "common_count": [0]}, "Modify-Assignment": {"avg_delay": [0.09838710295677311], "avg_cost": [175.05], "target_value": [142.1496029567731], "running_time": [123586.08818054199], "local_count": [141], "common_count": [19]}, "RA-UA": {"avg_delay": [0.09553273219607844], "avg_cost": [73.475], "target_value": [113.90148219607843], "running_time": [955.786943435669], "local_count": [58], "common_count": [102]}}, "90": {"Nearest": {"avg_delay": [0.10181758206326307], "avg_cost": [198.27777777777777], "target_value": [151.3870265077075], "running_time": [3.0019283294677734], "local_count": [180], "common_count": [0]}, "Modify-Assignment": {"avg_delay": [0.09887425974997403], "avg_cost": [195.77777777777777], "target_value": [147.81870419441847], "running_time": [170790.70830345154], "local_count": [157], "common_count": [23]}, "RA-UA": {"avg_delay": [0.09451950504483067], "avg_cost": [76.96666666666667], "target_value": [113.76117171149733], "running_time": [1283.0567359924316], "local_count": [61], "common_count": [119]}}, "100": {"Nearest": {"avg_delay": [0.09940541764209164], "avg_cost": [230.72], "target_value": [157.08541764209164], "running_time": [3.002166748046875], "local_count": [200], "common_count": [0]}, "Modify-Assignment": {"avg_delay": [0.09644467394871421], "avg_cost": [228.48], "target_value": [153.56467394871422], "running_time": [260533.63132476807], "local_count": [176], "common_count": [24]}, "RA-UA": {"avg_delay": [0.09366908327624401], "avg_cost": [80.9], "target_value": [113.894083276244], "running_time": [1508.2428455352783], "local_count": [56], "common_count": [144]}}}, "0.5": {"eta": 0.5, "40": {"Nearest": {"avg_delay": [0.10482866510679571], "avg_cost": [110.775], "target_value": [160.2161651067957], "running_time": [1.0004043579101562], "local_count": [80], "common_count": [0]}, "Modify-Assignment": {"avg_delay": [0.10245823004208338], "avg_cost": [108.7], "target_value": [156.80823004208338], "running_time": [12357.179880142212], "local_count": [73], "common_count": [7]}, "RA-UA": {"avg_delay": [0.09834105222103862], "avg_cost": [41.9], "target_value": [119.29105222103861], "running_time": [299.24654960632324], "local_count": [16], "common_count": [64]}}, "50": {"Nearest": {"avg_delay": [0.10264327376878357], "avg_cost": [122.4], "target_value": [163.84327376878358], "running_time": [1.0008811950683594], "local_count": [100], "common_count": [0]}, "Modify-Assignment": {"avg_delay": [0.0995903663083022], "avg_cost": [120.12], "target_value": [159.6503663083022], "running_time": [25163.73085975647], "local_count": [94], "common_count": [6]}, "RA-UA": {"avg_delay": [0.09479155986957924], "avg_cost": [47.6], "target_value": [118.59155986957924], "running_time": [455.37543296813965], "local_count": [26], "common_count": [74]}}, "60": {"Nearest": {"avg_delay": [0.10447868568319328], "avg_cost": [137.1], "target_value": [173.02868568319326], "running_time": [2.0017623901367188], "local_count": [120], "common_count": [0]}, "Modify-Assignment": {"avg_delay": [0.10120977454006812], "avg_cost": [134.45], "target_value": [168.4347745400681], "running_time": [55654.85382080078], "local_count": [107], "common_count": [13]}, "RA-UA": {"avg_delay": [0.09692130735967416], "avg_cost": [49.1], "target_value": [121.47130735967416], "running_time": [576.4744281768799], "local_count": [31], "common_count": [89]}}, "70": {"Nearest": {"avg_delay": [0.10202078045121896], "avg_cost": [157.97142857142856], "target_value": [181.00649473693323], "running_time": [2.0012855529785156], "local_count": [140], "common_count": [0]}, "Modify-Assignment": {"avg_delay": [0.0985631194030922], "avg_cost": [155.11428571428573], "target_value": [176.12026226023505], "running_time": [79488.48342895508], "local_count": [127], "common_count": [13]}, "RA-UA": {"avg_delay": [0.09413106606221973], "avg_cost": [56.75714285714286], "target_value": [122.50963749079116], "running_time": [781.644344329834], "local_count": [37], "common_count": [103]}}, "80": {"Nearest": {"avg_delay": [0.10238632121171333], "avg_cost": [171.4375], "target_value": [188.10507121171332], "running_time": [3.0019283294677734], "local_count": [160], "common_count": [0]}, "Modify-Assignment": {"avg_delay": [0.09925979722077274], "avg_cost": [168.7375], "target_value": [183.62854722077276], "running_time": [120821.53415679932], "local_count": [144], "common_count": [16]}, "RA-UA": {"avg_delay": [0.09468474462879188], "avg_cost": [63.7375], "target_value": [126.55349462879187], "running_time": [1041.8596267700195], "local_count": [46], "common_count": [114]}}, "90": {"Nearest": {"avg_delay": [0.1059372502068141], "avg_cost": [193.38888888888889], "target_value": [202.63169465125856], "running_time": [3.002166748046875], "local_count": [180], "common_count": [0]}, "Modify-Assignment": {"avg_delay": [0.10296698710213638], "avg_cost": [190.5222222222222], "target_value": [198.22809821324748], "running_time": [158942.93975830078], "local_count": [156], "common_count": [24]}, "RA-UA": {"avg_delay": [0.09869462329225996], "avg_cost": [70.17777777777778], "target_value": [133.78351218114886], "running_time": [1207.9949378967285], "local_count": [40], "common_count": [140]}}, "100": {"Nearest": {"avg_delay": [0.10769406025433394], "avg_cost": [229.38], "target_value": [222.38406025433392], "running_time": [3.0035972595214844], "local_count": [200], "common_count": [0]},