{"0.25": {"eta": 0.25, "40": {"Nearest": {"avg_delay": [0.1024785804457085], "avg_cost": [110.25], "target_value": [130.0410804457085], "running_time": [1.0006427764892578], "local_count": [80], "common_count": [0]}, "Modify-Assignment": {"avg_delay": [0.09969413311556931], "avg_cost": [106.275], "target_value": [126.26288311556931], "running_time": [16688.7469291687], "local_count": [66], "common_count": [14]}, "RA-UA": {"avg_delay": [0.09619632143464855], "avg_cost": [65.925], "target_value": [112.67757143464856], "running_time": [286.236047744751], "local_count": [46], "common_count": [34]}}, "50": {"Nearest": {"avg_delay": [0.10410647145420673], "avg_cost": [136.8], "target_value": [138.30647145420676], "running_time": [1.0006427764892578], "local_count": [100], "common_count": [0]}, "Modify-Assignment": {"avg_delay": [0.1016937189477471], "avg_cost": [134.28], "target_value": [135.2637189477471], "running_time": [28440.42944908142], "local_count": [89], "common_count": [11]}, "RA-UA": {"avg_delay": [0.09869424324078985], "avg_cost": [61.1], "target_value": [113.96924324078985], "running_time": [420.3464984893799], "local_count": [43], "common_count": [57]}}, "60": {"Nearest": {"avg_delay": [0.09952283895613905], "avg_cost": [152.56666666666666], "target_value": [137.6645056228057], "running_time": [2.001523971557617], "local_count": [120], "common_count": [0]}, "Modify-Assignment": {"avg_delay": [0.09636896617966828], "avg_cost": [149.23333333333332], "target_value": [133.6772995130016], "running_time": [51755.6369304657], "local_count": [103], "common_count": [17]}, "RA-UA": {"avg_delay": [0.09123375274092418], "avg_cost": [65.33333333333333], "target_value": [107.56708607425752], "running_time": [581.4785957336426], "local_count": [44], "common_count": [76]}}, "70": {"Nearest": {"avg_delay": [0.09945925725495798], "avg_cost": [160.72857142857143], "target_value": [139.64140011210083], "running_time": [2.0012855529785156], "local_count": [140], "common_count": [0]}, "Modify-Assignment": {"avg_delay": [0.09706819875773001], "avg_cost": [158.45714285714286], "target_value": [136.68248447201574], "running_time": [64194.88430023193], "local_count": [128], "common_count": [12]}, "RA-UA": {"avg_delay": [0.09423149612066528], "avg_cost": [72.94285714285714], "target_value": [112.46721040637956], "running_time": [782.6461791992188], "local_count": [64], "common_count": [76]}}, "80": {"Nearest": {"avg_delay": [0.10225078640316865], "avg_cost": [188.25], "target_value": [149.31328640316866], "running_time": [3.0028820037841797], "local_count": [160], "common_count": [0]}, "Modify-Assignment": {"avg_delay": [0.0997156357273557], "avg_cost": [185.9], "target_value": [146.1906357273557], "running_time": [98812.67976760864], "local_count": [142], "common_count": [18]}, "RA-UA": {"avg_delay": [0.09740218392518386], "avg_cost": [77.675], "target_value": [116.82093392518387], "running_time": [954.7860622406006], "local_count": [49], "common_count": [111]}}, "90": {"Nearest": {"avg_delay": [0.10078422950962966], "avg_cost": [202.01111111111112], "target_value": [151.28700728740745], "running_time": [3.002166748046875], "local_count": [180], "common_count": [0]}, "Modify-Assignment": {"avg_delay": [0.09799350292283006], "avg_cost": [198.7888888888889], "target_value": [147.69072514505228], "running_time": [153230.24153709412], "local_count": [157], "common_count": [23]}, "RA-UA": {"avg_delay": [0.09416053940958045], "avg_cost": [74.76666666666667], "target_value": [112.85220607624711], "running_time": [1250.0298023223877], "local_count": [52], "common_count": [128]}}, "100": {"Nearest": {"avg_delay": [0.10188886728129357], "avg_cost": [216.15], "target_value": [155.92636728129358], "running_time": [4.003286361694336], "local_count": [200], "common_count": [0]}, "Modify-Assignment": {"avg_delay": [0.09893696949793365], "avg_cost": [212.53], "target_value": [152.06946949793365], "running_time": [249635.6542110443], "local_count": [167], "common_count": [33]}, "RA-UA": {"avg_delay": [0.09550437899106588], "avg_cost": [80.58], "target_value": [115.64937899106587], "running_time": [1469.2106246948242], "local_count": [46], "common_count": [154]}}}, "0.5": {"eta": 0.5, "40": {"Nearest": {"avg_delay": [0.10323711553402885], "avg_cost": [112.425], "target_value": [159.44961553402885], "running_time": [0.9999275207519531], "local_count": [80], "common_count": [0]}, "Modify-Assignment": {"avg_delay": [0.10084125677056695], "avg_cost": [109.875], "target_value": [155.77875677056693], "running_time": [12878.610372543335], "local_count": [71], "common_count": [9]}, "RA-UA": {"avg_delay": [0.09735724896025745], "avg_cost": [42.35], "target_value": [118.53224896025745], "running_time": [297.2443103790283], "local_count": [18], "common_count": [62]}}, "50": {"Nearest": {"avg_delay": [0.10152562469091855], "avg_cost": [116.66], "target_value": [159.85562469091855], "running_time": [1.001119613647461], "local_count": [100], "common_count": [0]}, "Modify-Assignment": {"avg_delay": [0.09834381663500004], "avg_cost": [114.38], "target_value": [155.53381663500005], "running_time": [25601.0901927948], "local_count": [91], "common_count": [9]}, "RA-UA": {"avg_delay": [0.0939206189110489], "avg_cost": [42.88], "target_value": [115.3606189110489], "running_time": [458.3773612976074], "local_count": [22], "common_count": [78]}}, "60": {"Nearest": {"avg_delay": [0.10177596690998825], "avg_cost": [133.13333333333333], "target_value": [168.34263357665492], "running_time": [2.0017623901367188], "local_count": [120], "common_count": [0]}, "Modify-Assignment": {"avg_delay": [0.09869567481008891], "avg_cost": [131.1], "target_value": [164.2456748100889], "running_time": [45239.26877975464], "local_count": [108], "common_count": [12]}, "RA-UA": {"avg_delay": [0.09541897219983862], "avg_cost": [49.3], "target_value": [120.06897219983861], "running_time": [575.4745006561279], "local_count": [38], "common_count": [82]}}, "70": {"Nearest": {"avg_delay": [0.10386554337088084], "avg_cost": [144.95714285714286], "target_value": [176.34411479945226], "running_time": [2.0017623901367188], "local_count": [140], "common_count": [0]}, "Modify-Assignment": {"avg_delay": [0.10062330503036757], "avg_cost": [142.5142857142857], "target_value": [171.8804478875104], "running_time": [81836.42244338989], "local_count": [123], "common_count": [17]}, "RA-UA": {"avg_delay": [0.09743517161171983], "avg_cost": [54.81428571428572], "target_value": [124.84231446886268], "running_time": [748.6169338226318], "local_count": [37], "common_count": [103]}}, "80": {"Nearest": {"avg_delay": [0.10738863628414172], "avg_cost": [170.7375], "target_value": [192.75738628414172], "running_time": [3.002166748046875], "local_count": [160], "common_count": [0]}, "Modify-Assignment": {"avg_delay": [0.10431078531386026], "avg_cost": [169.175], "target_value": [188.89828531386027], "running_time": [97206.07924461365], "local_count": [150], "common_count": [10]}, "RA-UA": {"avg_delay": [0.09920900340934818], "avg_cost": [64.1125], "target_value": [131.2652534093482], "running_time": [1015.8371925354004], "local_count": [30], "common_count": [130]}}, "90": {"Nearest": {"avg_delay": [0.1055837443447298], "avg_cost": [182.12222222222223], "target_value": [196.6448554558409], "running_time": [3.0024051666259766], "local_count": [180], "common_count": [0]}, "Modify-Assignment": {"avg_delay": [0.1023060974228978], "avg_cost": [179.3], "target_value": [191.9560974228978], "running_time": [178546.0889339447], "local_count": [154], "common_count": [26]}, "RA-UA": {"avg_delay": [0.09853993215172094], "avg_cost": [64.58888888888889], "target_value": [130.83437659616538], "running_time": [1193.9833164215088], "local_count": [41], "common_count": [139]}}, "100": {"Nearest": {"avg_delay": [0.1035063588959629], "avg_cost": [200.64], "target_value": [203.82635889596287], "running_time": [3.002643585205078], "local_count": [200], "common_count": [0]},