{"0.25": {"eta": 0.25, "40": {"Nearest": {"avg_delay": [0.10186752524893299], "avg_cost": [114.9], "target_value": [130.592525248933], "running_time": [1.0008811950683594], "local_count": [80], "common_count": [0]}, "Modify-Assignment": {"avg_delay": [0.0997258023605109], "avg_cost": [112.5], "target_value": [127.8508023605109], "running_time": [10749.855756759644], "local_count": [72], "common_count": [8]}, "RA-UA": {"avg_delay": [0.09415928990100117], "avg_cost": [61.1], "target_value": [109.43428990100118], "running_time": [306.25224113464355], "local_count": [43], "common_count": [37]}}, "50": {"Nearest": {"avg_delay": [0.09957660302651772], "avg_cost": [131.58], "target_value": [132.47160302651773], "running_time": [1.0008811950683594], "local_count": [100], "common_count": [0]}, "Modify-Assignment": {"avg_delay": [0.09740154364160343], "avg_cost": [129.46], "target_value": [129.76654364160342], "running_time": [26350.708723068237], "local_count": [93], "common_count": [7]}, "RA-UA": {"avg_delay": [0.09449436586889032], "avg_cost": [63.4], "target_value": [110.3443658688903], "running_time": [423.34842681884766], "local_count": [47], "common_count": [53]}}, "60": {"Nearest": {"avg_delay": [0.09950388881602645], "avg_cost": [136.08333333333334], "target_value": [133.5247221493598], "running_time": [1.0013580322265625], "local_count": [120], "common_count": [0]}, "Modify-Assignment": {"avg_delay": [0.0967869710201363], "avg_cost": [133.75], "target_value": [130.2244710201363], "running_time": [43197.58701324463], "local_count": [111], "common_count": [9]}, "RA-UA": {"avg_delay": [0.09412765401085228], "avg_cost": [69.38333333333334], "target_value": [111.47348734418561], "running_time": [582.4804306030273], "local_count": [57], "common_count": [63]}}, "70": {"Nearest": {"avg_delay": [0.09900452095943375], "avg_cost": [162.97142857142856], "target_value": [139.7473781022909], "running_time": [2.0008087158203125], "local_count": [140], "common_count": [0]}, "Modify-Assignment": {"avg_delay": [0.09622409543490389], "avg_cost": [160.9142857142857], "target_value": [136.45266686347532], "running_time": [77296.67854309082], "local_count": [125], "common_count": [15]}, "RA-UA": {"avg_delay": [0.09370993403423211], "avg_cost": [61.042857142857144], "target_value": [108.97064831994639], "running_time": [792.6528453826904], "local_count": [45], "common_count": [95]}}, "80": {"Nearest": {"avg_delay": [0.10183692620545899], "avg_cost": [201.125], "target_value": [152.118176205459], "running_time": [3.0024051666259766], "local_count": [160], "common_count": [0]}, "Modify-Assignment": {"avg_delay": [0.0988628606096507], "avg_cost": [197.9875], "target_value": [148.3597356096507], "running_time": [138591.44949913025], "local_count": [135], "common_count": [25]}, "RA-UA": {"avg_delay": [0.09501181091967796], "avg_cost": [80.2625], "target_value": [115.07743591967795], "running_time": [975.8033752441406], "local_count": [52], "common_count": [108]}}, "90": {"Nearest": {"avg_delay": [0.1009188356878512], "avg_cost": [197.45555555555555], "target_value": [150.2827245767401], "running_time": [3.0024051666259766], "local_count": [180], "common_count": [0]}, "Modify-Assignment": {"avg_delay": [0.09825965159052628], "avg_cost": [194.6], "target_value": [146.9096515905263], "running_time": [162050.5073070526], "local_count": [161], "common_count": [19]}, "RA-UA": {"avg_delay": [0.0952074032354993], "avg_cost": [78.5111111111111], "target_value": [114.83518101327708], "running_time": [1275.0499248504639], "local_count": [59], "common_count": [121]}}, "100": {"Nearest": {"avg_delay": [0.10029654396680092], "avg_cost": [218.97], "target_value": [155.03904396680093], "running_time": [3.002166748046875], "local_count": [200], "common_count": [0]}, "Modify-Assignment": {"avg_delay": [0.09756596501896163], "avg_cost": [216.15], "target_value": [151.60346501896163], "running_time": [224394.86026763916], "local_count": [171], "common_count": [29]}, "RA-UA": {"avg_delay": [0.09458961449327158], "avg_cost": [80.27], "target_value": [114.65711449327158], "running_time": [1505.239725112915], "local_count": [55], "common_count": [145]}}}, "0.5": {"eta": 0.5, "40": {"Nearest": {"avg_delay": [0.10163655306370878], "avg_cost": [104.175], "target_value": [153.72405306370877], "running_time": [1.001596450805664], "local_count": [80], "common_count": [0]}, "Modify-Assignment": {"avg_delay": [0.09863839465571207], "avg_cost": [102.325], "target_value": [149.80089465571209], "running_time": [13406.044721603394], "local_count": [72], "common_count": [8]}, "RA-UA": {"avg_delay": [0.09348523424372815], "avg_cost": [42.55], "target_value": [114.76023424372815], "running_time": [297.2445487976074], "local_count": [23], "common_count": [57]}}, "50": {"Nearest": {"avg_delay": [0.10308313123242135], "avg_cost": [115.42], "target_value": [160.79313123242136], "running_time": [1.0006427764892578], "local_count": [100], "common_count": [0]}, "Modify-Assignment": {"avg_delay": [0.10029658061594734], "avg_cost": [112.54], "target_value": [156.56658061594734], "running_time": [30206.884384155273], "local_count": [86], "common_count": [14]}, "RA-UA": {"avg_delay": [0.09942598253614031], "avg_cost": [42.54], "target_value": [120.6959825361403], "running_time": [453.3734321594238], "local_count": [26], "common_count": [74]}}, "60": {"Nearest": {"avg_delay": [0.10162910320458603], "avg_cost": [133.21666666666667], "target_value": [168.23743653791936], "running_time": [1.001119613647461], "local_count": [120], "common_count": [0]}, "Modify-Assignment": {"avg_delay": [0.0983618498764129], "avg_cost": [130.66666666666666], "target_value": [163.69518320974623], "running_time": [48368.84641647339], "local_count": [100], "common_count": [20]}, "RA-UA": {"avg_delay": [0.0943488143491558], "avg_cost": [49.95], "target_value": [119.32381434915581], "running_time": [583.4805965423584], "local_count": [31], "common_count": [89]}}, "70": {"Nearest": {"avg_delay": [0.10576228917598432], "avg_cost": [157.88571428571427], "target_value": [184.70514631884146], "running_time": [2.0017623901367188], "local_count": [140], "common_count": [0]}, "Modify-Assignment": {"avg_delay": [0.10279513515084314], "avg_cost": [155.5857142857143], "target_value": [180.58799229370027], "running_time": [83631.90197944641], "local_count": [124], "common_count": [16]}, "RA-UA": {"avg_delay": [0.09781708065268285], "avg_cost": [56.128571428571426], "target_value": [125.88136636696856], "running_time": [772.6366519927979], "local_count": [30], "common_count": [110]}}, "80": {"Nearest": {"avg_delay": [0.10689172280760756], "avg_cost": [175.55], "target_value": [194.66672280760758], "running_time": [3.002166748046875], "local_count": [160], "common_count": [0]}, "Modify-Assignment": {"avg_delay": [0.10409695484989018], "avg_cost": [173.2375], "target_value": [190.7157048498902], "running_time": [119716.62449836731], "local_count": [147], "common_count": [13]}, "RA-UA": {"avg_delay": [0.09965017946057411], "avg_cost": [61.775], "target_value": [130.5376794605741], "running_time": [1021.8422412872314], "local_count": [38], "common_count": [122]}}, "90": {"Nearest": {"avg_delay": [0.10614594650532566], "avg_cost": [179.6], "target_value": [195.94594650532565], "running_time": [3.0024051666259766], "local_count": [180], "common_count": [0]}, "Modify-Assignment": {"avg_delay": [0.1029917728880299], "avg_cost": [177.07777777777778], "target_value": [191.5306617769188], "running_time": [165679.48985099792], "local_count": [156], "common_count": [24]}, "RA-UA": {"avg_delay": [0.09894999779004914], "avg_cost": [65.22222222222223], "target_value": [131.56110890116025], "running_time": [1205.9931755065918], "local_count": [36], "common_count": [144]}}, "100": {"Nearest": {"avg_delay": [0.10717872918144201], "avg_cost": [214.89], "target_value": [214.623729181442], "running_time": [3.0014514923095703], "local_count": [200], "common_count": [0]},