{"avg_delay": {"40": [[0.1111886435872712, 0.11206929233094096, 0.11498231303093974, 0.1124536044170112, 0.10904020981569966, 0.10773545587188313, 0.10945875461582266, 0.10453290689123051, 0.10526446130045601, 0.11023417732417752], [0.11244096020069148, 0.11353585048280357, 0.11714080369368383, 0.11584366029056793, 0.11172828845699528, 0.1111261429879231, 0.1110085166206991, 0.10624788180329205, 0.10505556097838335, 0.11233641249834747], [0.11635931803177818, 0.11746857280394839, 0.11803444975358118, 0.11637216670625848, 0.11367111735678327, 0.11082870940444628, 0.11628330038542992, 0.1084370089255983, 0.10971645788696963, 0.11465213279470966]], "50": [[0.10891646166867187, 0.11318252792765415, 0.11069735858504552, 0.11656277639987277, 0.10883792258217723, 0.11332859717580857, 0.1120358998469991, 0.11031745085253913, 0.11205282080799522, 0.10935164349155882], [0.11060561640819967, 0.11664092972390187, 0.11146041927142164, 0.11885980240526517, 0.11100857249465003, 0.11463466031170044, 0.11294827984668902, 0.1107197281032691, 0.11588247514830323, 0.11155580777051341], [0.11609013440385167, 0.11893883764774461, 0.1140807318499255, 0.12195865662142134, 0.11299199388705604, 0.1187314772900126, 0.11779054429654388, 0.11752391282510309, 0.12077408850562196, 0.11500901551942659]], "60": [[0.1115761370959754, 0.10840144187912198, 0.10931315066536085, 0.10658696596884833, 0.10697096752041098, 0.11302722037540662, 0.1120684679922392, 0.11207933261333053, 0.11239452261667014, 0.11082082624694589], [0.11489970930276745, 0.1074088323254309, 0.11215017003541715, 0.10928950608011785, 0.10742644980751913, 0.11594751365303363, 0.11499129020034164, 0.11324808153404747, 0.11299185495094974, 0.11334153552437043], [0.11598458375418581, 0.11781198309661721, 0.11739142010543248, 0.112881556950876, 0.11625798793575533, 0.12069382533117373, 0.11811585258259251, 0.11839813848657751, 0.12133256753821228, 0.12045788554953062]], "70": [[0.10975306070176165, 0.10515117519295586, 0.1112089026652051, 0.11029188460270331, 0.10942787218049908, 0.11183794125481993, 0.11318604940660312, 0.1132550037293036, 0.11265576419024773, 0.111948040884496], [0.11115754368099592, 0.10802115022715456, 0.11198610284877117, 0.11189485977839683, 0.11263907595863966, 0.11476464409164473, 0.11418793852293513, 0.11801484705737461, 0.11626319978349081, 0.11374500637775942], [0.12029035411452822, 0.11351299292835065, 0.11874723322318656, 0.1172319941795437, 0.11579999059797276, 0.12042670223399622, 0.12251309064523755, 0.11927544191869334, 0.12036756795490426, 0.1208742816386865]], "80": [[0.1109668993413949, 0.1132483144876801, 0.110517191035098, 0.1143108228738264, 0.11157764646069074, 0.10992598487833594, 0.1109463771389811, 0.10965922149402818, 0.11180689130953451, 0.11133533925062253], [0.11272114227841674, 0.11540465594872726, 0.11113395791159088, 0.1158805456611304, 0.11290650623378916, 0.11077920559218303, 0.11232674843019722, 0.11152817808031379, 0.11277300101701498, 0.11235364779167405], [0.12278672388123285, 0.11895881114067881, 0.12022895855501627, 0.12085271814755202, 0.11991816987450511, 0.11763121359917678, 0.12232162515128009, 0.11720505803889093, 0.1193045731128025, 0.11987761282081852]], "90": [[0.10936530679640379, 0.11489176627925055, 0.11055281758932214, 0.11078314618373145, 0.11270052458351491, 0.11284673737366915, 0.10987665917639783, 0.11038166183386855, 0.1111679012821511, 0.11133506960631454], [0.10998393209108598, 0.11799555276089385, 0.11187765044449513, 0.112949689200595, 0.11576295019927042, 0.11568979567691573, 0.11257107206480944, 0.11251820346627282, 0.11196057081666592, 0.11369953150520572], [0.12201953763226446, 0.12545192263652868, 0.12150782777196455, 0.12286986457386397, 0.1234366030141422, 0.12141528644292558, 0.12148158653547733, 0.12262620460330793, 0.12262831114730748, 0.12086898211429982]], "100": [[0.1092932220926125, 0.10853638920075989, 0.11371989670805233, 0.10771035820833033, 0.11183340541060234, 0.11431810535231664, 0.11394978791587748, 0.11443788885972912, 0.11329180909118218, 0.11334522058852044], [0.11192560622149259, 0.11037338605812073, 0.11508072455317139, 0.10870724711121572, 0.11394001757827511, 0.11657422430124327, 0.11563322205288694, 0.11702235810333025, 0.11528554001492296, 0.11521065885909731], [0.12384628658599259, 0.11979512914462458, 0.1247998563911236, 0.12159652978622042, 0.1246780523982656, 0.1255460516861219, 0.126104756149822, 0.12383375622254175, 0.1263989911816919, 0.12259182824180327]]}, "cost": {"40": [[107.0, 103.25, 92.65, 103.9, 92.4, 100.925, 107.5, 107.1, 97.975, 108.45], [109.775, 103.425, 95.35, 105.65, 96.6, 102.725, 106.95, 108.3, 98.65, 109.725], [58.375, 54.225, 59.55, 62.25, 56.025, 60.5, 56.9, 69.025, 57.925, 57.4]], "50": [[125.26, 114.68, 108.38, 128.9, 115.04, 112.38, 120.68, 129.24, 120.82, 124.14], [128.76, 115.08, 109.92, 130.84, 116.88, 116.22, 121.5, 131.06, 123.88, 124.94], [64.3, 56.72, 63.28, 63.42, 67.82, 63.28, 61.58, 65.1, 58.52, 67.76]], "60": [[143.43333333333334, 140.83333333333334, 137.76666666666668, 131.25, 142.91666666666666, 133.18333333333334, 128.58333333333334, 137.45, 139.81666666666666, 137.4], [147.83333333333334, 142.45, 143.28333333333333, 135.9, 144.38333333333333, 139.31666666666666, 133.33333333333334, 140.43333333333334, 143.05, 140.16666666666666], [78.13333333333334, 59.55, 68.73333333333333, 71.91666666666667, 61.516666666666666, 65.75, 71.46666666666667, 64.55, 65.38333333333334, 64.36666666666666]], "70": [[163.65714285714284, 142.5857142857143, 154.68571428571428, 149.1, 150.4857142857143, 153.4, 163.34285714285716, 148.64285714285714, 153.04285714285714, 160.77142857142857], [165.07142857142858, 146.28571428571428, 155.04285714285714, 153.92857142857142, 154.97142857142856, 157.07142857142858, 164.72857142857143, 153.4142857142857, 158.38571428571427, 162.42857142857142], [69.15714285714286, 69.8, 72.95714285714286, 73.58571428571429, 75.77142857142857, 67.6, 67.58571428571429, 75.11428571428571, 68.91428571428571, 64.65714285714286]], "80": [[170.4375, 171.7125, 165.7875, 170.5625, 168.6875, 174.725, 165.2, 174.2375, 179.875, 182.3125], [175.725, 175.525, 166.675, 173.4, 172.525, 179.825, 167.45, 176.675, 181.525, 183.375], [66.45, 80.6375, 71.5125, 78.5875, 74.15, 71.825, 67.6, 81.0375, 73.8875, 79.1]], "90": [[191.94444444444446, 193.74444444444444, 186.77777777777777, 194.4777777777778, 194.17777777777778, 198.1, 195.37777777777777, 198.62222222222223, 188.05555555555554, 190.43333333333334], [194.11111111111111, 199.65555555555557, 193.38888888888889, 200.5, 199.5888888888889, 200.34444444444443, 200.44444444444446, 202.5222222222222, 189.05555555555554, 196.4], [69.9888888888889, 82.22222222222223, 76.5, 80.87777777777778, 77.54444444444445, 82.97777777777777, 73.74444444444444, 76.04444444444445, 76.06666666666666, 82.11111111111111]], "100": [[203.57, 215.68, 210.68, 210.73, 213.99, 207.79, 216.3, 208.26, 218.34, 199.45], [208.67, 218.11, 215.23, 213.86, 220.04, 213.15, 220.61, 211.11, 224.63, 202.89], [76.54, 81.14, 81.04, 74.43, 81.15, 78.79, 81.44, 80.35, 81.26, 80.09]]}, "target_value": {"40": [[164.6886435872712, 163.69429233094095, 161.30731303093972, 164.4036044170112, 155.24020981569964, 158.19795587188312, 163.20875461582267, 158.0829068912305, 154.251961300456, 164.45917732417752], [167.3284602006915, 165.24835048280357, 164.81580369368385, 168.6686602905679, 160.02828845699528, 162.4886429879231, 164.4835166206991, 160.39788180329205, 154.38056097838336, 167.19891249834745], [145.54681803177817, 144.5810728039484, 147.8094497535812, 147.4971667062585, 141.68361735678326, 141.07870940444627, 144.7333003854299, 142.9495089255983, 138.6789578869696, 143.35213279470966]],