{"avg_delay": {"40": [[0.11479533810799263, 0.10965468105743453, 0.11229496206129935, 0.11297944629006249, 0.10983578309947101, 0.10976437434679523, 0.10744341645313442, 0.11221527795649332, 0.10981090678118517, 0.11084886419844889], [0.11604058814483352, 0.11289540651606796, 0.11351110679015461, 0.11383085821907679, 0.11068067786066078, 0.11125297009109696, 0.1110999679596158, 0.11435886579199422, 0.11029099762470229, 0.11208485722547407], [0.12034235937184665, 0.10983203132809766, 0.11457113762282121, 0.11841432699728027, 0.11332183502170252, 0.11374307059645965, 0.11355446448314498, 0.11707598016152768, 0.11291191512479747, 0.11484951247549256]], "50": [[0.11017431363168163, 0.10800616234731797, 0.11121983739376942, 0.10545603236629668, 0.10619233569401287, 0.10715639297599089, 0.11301764261612365, 0.11102073128809391, 0.11059806153730078, 0.11167261096733344], [0.11312552475350844, 0.11161811954221293, 0.11124555590118, 0.10616337218366734, 0.10564034357626367, 0.1086174890530421, 0.11478095587022663, 0.11290906734106038, 0.1123551794897313, 0.11469449959655603], [0.11654915802327842, 0.11262034262979102, 0.11530356215206553, 0.11296867229742745, 0.11054405832187217, 0.11398993185528475, 0.12155408194260414, 0.11712141961659922, 0.11699463381470837, 0.11699797639229284]], "60": [[0.10880125491760097, 0.11357070889248075, 0.10521612144684678, 0.10869397443212167, 0.11140917712549551, 0.10981265677150266, 0.10947793711357251, 0.11294878562661996, 0.1111760074138543, 0.1102363231752965], [0.11023550513272393, 0.11486071478932368, 0.10703865704317195, 0.10903684508180513, 0.11231853268937735, 0.11444031794939062, 0.11418255432011229, 0.11473012581688022, 0.11186081756533812, 0.1108616241292348], [0.1205321092655057, 0.12223511048505999, 0.11484057243890228, 0.11668846245954756, 0.11966194471646108, 0.1179237085067779, 0.11835936114374718, 0.12104610600486745, 0.1197895830809084, 0.1193271159758936]], "70": [[0.1089865402498273, 0.1131695827393547, 0.11128063944433629, 0.11004191606316409, 0.1107942908524831, 0.11324070411944137, 0.11041483752360291, 0.11378474971593343, 0.1094897426768723, 0.11224881054077517], [0.11012477031960942, 0.1161800809344319, 0.1128826082430463, 0.11056755119479318, 0.11171738467359076, 0.11614696442269315, 0.11310658636106813, 0.11605616487972971, 0.11200616737088669, 0.11432272256308591], [0.11800953095249084, 0.12079870242479789, 0.11920654208659104, 0.12199236779175665, 0.11885383796212935, 0.12190068034757344, 0.11568225958881542, 0.12194235129698258, 0.11838678471715551, 0.12233064368067331]], "80": [[0.11196189779232509, 0.11012804664660569, 0.11524144537152926, 0.11213729347215873, 0.11018653683829564, 0.11122070562092028, 0.10901670385943568, 0.11277005246981193, 0.11406951100986912, 0.1110350909781836], [0.11421444222536137, 0.11037587773896979, 0.1156279255742771, 0.11194739140648774, 0.11331636380874471, 0.11171702140438992, 0.1110249984784976, 0.11451091567353863, 0.1167593767222155, 0.11417177580535251], [0.12137180246029806, 0.11976977638561012, 0.12455606173657141, 0.1180506169185003, 0.11896983380007294, 0.12063506436901854, 0.1185639561683561, 0.12392585114363569, 0.12216338519308911, 0.12304236009132678]], "90": [[0.11472606384075178, 0.11576373421609831, 0.1125074893308942, 0.1098221966397773, 0.11316798741125192, 0.11334281888580822, 0.11117609309769783, 0.11276443576155305, 0.11273606429964234, 0.10940481292593533], [0.11680476062636892, 0.11806153743087071, 0.11440969144207082, 0.11287593482982543, 0.11570498782642455, 0.11528506590263012, 0.11446486620072278, 0.1147271646275711, 0.11600539869017577, 0.11186876848513534], [0.12086641300797682, 0.12649865985105418, 0.12532712323776413, 0.12244983402843489, 0.12512091926985494, 0.12290548368033243, 0.12128371241478382, 0.1220046447675169, 0.12670428711091894, 0.1214937423344162]], "100": [[0.1133730718744746, 0.11322750602008022, 0.11246387101743671, 0.10872508093535944, 0.11059518058188689, 0.11052702538358242, 0.10956113469765846, 0.1113469579929872, 0.10998431475717589, 0.11203013603596014], [0.11442395737068603, 0.1147257600236989, 0.113887750502296, 0.1102582787606834, 0.1137031597489406, 0.11334133429752205, 0.11181473011411867, 0.1152635276830709, 0.11236608587587302, 0.11497549221297326], [0.12485277435395299, 0.12476195271894194, 0.12215615629229765, 0.12166188566585888, 0.12142494381529136, 0.12200929862197915, 0.12149340600257906, 0.12206151489182837, 0.12108349485316709, 0.12429868289055318]]}, "cost": {"40": [[103.4, 99.375, 103.6, 108.775, 105.125, 104.15, 110.5, 98.05, 97.95, 102.3], [104.85, 103.825, 105.225, 108.725, 105.45, 107.625, 112.675, 98.875, 100.275, 104.4], [57.725, 66.625, 63.15, 61.725, 64.7, 58.075, 59.925, 54.65, 56.575, 61.675]], "50": [[116.68, 119.32, 111.32, 117.24, 112.76, 112.86, 118.94, 123.66, 123.92, 108.64], [120.22, 120.72, 114.88, 116.2, 112.32, 117.96, 118.48, 124.58, 129.1, 114.14], [62.38, 71.88, 64.84, 68.3, 65.38, 62.06, 55.46, 67.98, 68.96, 64.42]], "60": [[144.1, 141.1, 139.28333333333333, 140.9, 142.15, 126.56666666666666, 145.23333333333332, 136.35, 141.6, 135.58333333333334], [144.75, 141.9, 140.91666666666666, 145.33333333333334, 147.36666666666667, 129.95, 150.21666666666667, 140.9, 144.31666666666666, 137.7], [59.93333333333333, 62.68333333333333, 60.516666666666666, 69.1, 63.45, 65.41666666666667, 69.98333333333333, 65.48333333333333, 64.05, 65.53333333333333]], "70": [[163.64285714285714, 152.14285714285714, 155.25714285714287, 164.75714285714287, 154.9142857142857, 162.45714285714286, 148.77142857142857, 159.75714285714287, 144.25714285714287, 161.44285714285715], [164.94285714285715, 156.0, 157.4857142857143, 165.11428571428573, 155.75714285714287, 164.75714285714287, 151.65714285714284, 161.77142857142857, 148.97142857142856, 163.2], [77.47142857142858, 73.68571428571428, 69.95714285714286, 70.02857142857142, 67.37142857142857, 68.94285714285714, 78.57142857142857, 71.67142857142858, 67.21428571428571, 69.18571428571428]], "80": [[180.9625, 164.375, 175.4, 177.9625, 177.625, 173.9125, 173.775, 187.6875, 179.4125, 181.9375], [186.0125, 167.8875, 178.3125, 180.9375, 182.45, 175.9125, 178.2875, 191.4125, 182.9125, 185.9375], [78.4625, 73.2375, 71.95, 77.5875, 83.7125, 73.7375, 76.05, 72.2125, 82.0625, 75.8875]], "90": [[176.04444444444445, 200.74444444444444, 189.1888888888889, 190.57777777777778, 185.53333333333333, 194.06666666666666, 196.13333333333333, 192.7, 211.82222222222222, 198.84444444444443], [180.96666666666667, 203.7888888888889, 195.26666666666668, 195.48888888888888, 189.98888888888888, 197.61111111111111, 204.05555555555554, 197.07777777777778, 218.4777777777778, 202.85555555555555], [83.57777777777778, 79.0, 72.04444444444445, 76.88888888888889, 74.61111111111111, 78.14444444444445, 79.93333333333334, 81.1, 76.95555555555555, 74.36666666666666]], "100": [[201.61, 214.03, 193.62, 203.52, 206.3, 209.62, 205.9, 203.07, 208.97, 204.27], [206.81, 215.54, 195.23, 208.79, 210.72, 212.75, 210.97, 208.38, 215.16, 213.08], [78.94, 79.2, 79.28, 77.96, 78.18, 78.6, 76.46, 79.94, 77.18, 76.87]]}, "target_value": {"40": [[166.4953381079926, 159.34218105743452, 164.09496206129936, 167.3669462900625, 162.398283099471, 161.83937434679524, 162.69341645313443, 161.24027795649332, 158.78590678118516, 161.9988641984489], [168.46558814483353, 164.80790651606796, 166.1236067901546, 168.1933582190768, 163.40567786066077, 165.06547009109696, 167.4374679596158, 163.79636579199422, 160.4284976247023, 164.28485722547407], [149.20485937184665, 143.14453132809766, 146.14613762282121, 149.27682699728027, 145.67183502170252, 142.78057059645965, 143.516964483145, 144.40098016152768, 141.19941512479747, 145.68701247549257]],