{"avg_delay": {"40": [[0.11370131359183856, 0.10882016633673197, 0.10486225424205103, 0.11097834166677695, 0.10889183725764807, 0.10826083908298784, 0.11143877417410819, 0.10863042394030431, 0.10604504179820783, 0.11292225807783508], [0.11573490560776735, 0.11247336220300547, 0.10683562546444288, 0.11243860392088005, 0.11112319546637377, 0.1097441829988875, 0.11273102852484726, 0.11066959652522881, 0.10949650195514518, 0.11426853181073815], [0.11825653588894253, 0.11365426355232926, 0.11318917088826808, 0.1153222319173092, 0.11479266326052082, 0.11135713359729889, 0.11517275303330125, 0.11240274353632973, 0.11018223201312734, 0.11890515257541041]], "50": [[0.10859703695376492, 0.11139066705559081, 0.11359122578885347, 0.10682167682370336, 0.11418438953322783, 0.11368045431000351, 0.1131696746079359, 0.11157942444441878, 0.11174028848506157, 0.10557493503184988], [0.11230665195923867, 0.11455658858741162, 0.11631846201985206, 0.10961943506034114, 0.11548939093536151, 0.11838868545962541, 0.114848351633705, 0.11390713025769143, 0.11380683526717048, 0.10698555479592563], [0.11426357395050077, 0.1172208010871874, 0.12076524487704111, 0.11049494216326664, 0.11658219825714546, 0.11919227821410863, 0.11691873978670904, 0.11692493834769152, 0.1171578810249317, 0.11275429009319816]], "60": [[0.11047565753722301, 0.113726054993202, 0.10710391867160106, 0.1143780487679984, 0.11311643787764097, 0.10984612017387867, 0.11097654480339508, 0.11253773677871265, 0.11376695223708568, 0.1139716544455618], [0.11283892505238134, 0.11530969526419134, 0.10858033234466725, 0.11666694274481837, 0.11438580420104244, 0.11239138127346687, 0.11106109509617237, 0.11357853447090925, 0.11488300262904096, 0.11512367370980829], [0.11774624821343727, 0.12426865410605473, 0.11765082128961972, 0.12303802713783431, 0.12032290127763144, 0.11899949281975127, 0.12016544443508705, 0.1196125201015825, 0.12283633735047796, 0.12238290868325441]], "70": [[0.11163794532000537, 0.1111669628338121, 0.11345587809499205, 0.11148965639000659, 0.11103015391889808, 0.11308206982773847, 0.1130063012144837, 0.11010741877262852, 0.1114830147558645, 0.11160035624173709], [0.11376098370138614, 0.11208397481344042, 0.11551071908346382, 0.113282065536426, 0.11268631011740465, 0.11540652003707244, 0.115867927653327, 0.11318442393194644, 0.11340396253397346, 0.11427639265138301], [0.12224151317150071, 0.11808096011923398, 0.12300574952926623, 0.121074305420931, 0.11986339999113509, 0.12106412193968158, 0.12273306446128185, 0.11978860863862238, 0.11759005406303084, 0.11980867812356585]], "80": [[0.11201649334052523, 0.110769667243558, 0.11288824285152735, 0.11461675953993306, 0.11248465833475942, 0.11211886226144252, 0.10810624177341427, 0.11398862086389666, 0.1116032880127425, 0.11010137358511184], [0.1137646884120165, 0.11295483829851857, 0.11409680379206188, 0.11793397032771726, 0.11484004798737292, 0.11357419705524321, 0.10855731716872011, 0.1157905646362658, 0.1140858962637798, 0.1100504156177946], [0.12003200949931621, 0.11975583888769777, 0.12084647326907079, 0.12295146471155569, 0.12129295270063233, 0.12102573037142361, 0.11599727021192856, 0.12174839720983485, 0.11970876040438258, 0.11878587239802084]], "90": [[0.11625300648123844, 0.11085621768967714, 0.11263029910916568, 0.11016649036910392, 0.11483456170293158, 0.10899802568958152, 0.1116755060828907, 0.11168167199305554, 0.11588010925023297, 0.11373886162701367], [0.1182905383076209, 0.11398686830062708, 0.11374602380436406, 0.11041990766345655, 0.11776791896181284, 0.11095821485564443, 0.11331643099145784, 0.11391204996765274, 0.11716840874610965, 0.11564912648691106], [0.12450419219608441, 0.12134809558336246, 0.12335887643438684, 0.11853386247348355, 0.12479173991449978, 0.12013670473667308, 0.12264135481858353, 0.12473228821123265, 0.12477621529192827, 0.12547226359736213]], "100": [[0.11215617202319968, 0.10969509855348085, 0.10953290134171152, 0.11379329805436325, 0.11333894464477905, 0.1100082621880347, 0.10774793091974669, 0.1119770196719423, 0.11228112205855659, 0.10988486282494253], [0.11413362049232781, 0.1117317224186256, 0.11265513771337307, 0.11429994443015548, 0.11446267771257451, 0.11160448575465903, 0.11021206279158063, 0.11434921004167128, 0.11460447451847051, 0.11146395985483509], [0.12410920782855181, 0.12115938447091427, 0.12146613060484074, 0.12334459678704711, 0.12359338088371807, 0.12230880157475099, 0.11975302154666848, 0.12411240111721311, 0.12325915566500069, 0.12196932487701936]]}, "cost": {"40": [[114.975, 101.4, 105.35, 107.775, 108.15, 104.025, 109.0, 104.7, 97.325, 109.225], [118.475, 106.075, 109.2, 108.275, 111.025, 105.45, 110.9, 107.525, 99.3, 109.175], [62.75, 65.3, 59.8, 58.875, 59.0, 65.2, 65.05, 61.175, 54.9, 53.95]], "50": [[114.84, 114.86, 120.22, 116.02, 125.76, 114.52, 124.1, 111.86, 125.0, 122.06], [118.82, 118.6, 122.0, 120.14, 128.06, 120.12, 126.92, 114.26, 127.18, 126.04], [65.4, 67.26, 63.04, 68.96, 72.24, 65.02, 71.12, 64.72, 65.56, 68.66]], "60": [[138.81666666666666, 150.91666666666666, 135.31666666666666, 145.63333333333333, 148.81666666666666, 129.68333333333334, 139.75, 142.25, 141.05, 141.05], [138.96666666666667, 155.4, 139.4, 148.35, 151.51666666666668, 134.95, 139.3, 145.08333333333334, 146.15, 143.26666666666668], [65.31666666666666, 60.3, 63.68333333333333, 62.61666666666667, 69.21666666666667, 65.15, 62.86666666666667, 67.3, 65.95, 66.21666666666667]], "70": [[161.5142857142857, 159.21428571428572, 162.25714285714287, 158.25714285714287, 163.4857142857143, 155.25714285714287, 155.82857142857142, 161.05714285714285, 147.75714285714287, 155.02857142857144], [166.9857142857143, 162.67142857142858, 164.75714285714287, 160.5, 164.31428571428572, 158.0142857142857, 162.02857142857144, 167.24285714285713, 150.5857142857143, 160.9142857142857], [71.72857142857143, 70.31428571428572, 72.28571428571429, 67.05714285714286, 70.24285714285715, 70.57142857142857, 67.45714285714286, 69.4, 76.72857142857143, 74.02857142857142]], "80": [[172.9625, 169.1375, 180.7875, 178.675, 168.3, 170.5875, 167.075, 171.2125, 171.075, 182.6625], [175.5625, 175.525, 182.875, 181.6125, 177.6, 178.075, 169.95, 173.1375, 178.175, 185.1625], [77.8375, 80.125, 74.6875, 71.125, 75.5625, 71.75, 74.4625, 77.4375, 80.8375, 78.7125]], "90": [[178.7111111111111, 184.9, 186.86666666666667, 180.34444444444443, 184.9, 190.75555555555556, 185.82222222222222, 182.07777777777778, 199.07777777777778, 185.9], [185.65555555555557, 186.77777777777777, 187.45555555555555, 181.23333333333332, 190.27777777777777, 192.4, 188.37777777777777, 188.84444444444443, 201.8, 192.5222222222222], [84.04444444444445, 74.55555555555556, 68.1, 75.35555555555555, 79.3, 71.61111111111111, 70.25555555555556, 72.07777777777778, 81.4, 74.76666666666667]], "100": [[210.02, 214.16, 200.55, 215.75, 222.49, 214.76, 189.83, 211.04, 196.62, 214.64], [214.64, 214.53, 205.74, 216.2, 225.99, 221.07, 193.81, 219.86, 204.18, 221.22], [79.35, 81.56, 81.08, 81.72, 85.99, 77.51, 74.53, 83.12, 78.51, 83.19]]}, "target_value": {"40": [[171.18881359183854, 159.52016633673196, 157.53725424205103, 164.86584166677693, 162.96683725764808, 160.27333908298783, 165.93877417410818, 160.98042394030432, 154.7075417982078, 167.53475807783508], [174.97240560776734, 165.51086220300547, 161.43562546444286, 166.57610392088006, 166.63569546637376, 162.4691829988875, 168.18102852484725, 164.43209652522881, 159.14650195514517, 168.85603181073816], [149.63153588894252, 146.30426355232925, 143.0891708882681, 144.75973191730918, 144.2926632605208, 143.95713359729888, 147.69775303330124, 142.99024353632973, 137.63223201312732, 145.88015257541042]],