{"avg_delay": {"40": [[0.1111562795907805, 0.10813209804544005, 0.1006768174852397, 0.10540796664969225, 0.10786973851641946, 0.10663224911783044, 0.1079143502988349, 0.1083532314416885, 0.11080040338985919, 0.1118719548468269], [0.11285222194318774, 0.10801270584169986, 0.10105767653122828, 0.10698095446708228, 0.10733889654307575, 0.1068591023093777, 0.11017633067285355, 0.10982968020527677, 0.11034798036891733, 0.11302857854073398], [0.11541051435965445, 0.10921558539833627, 0.10603651367369223, 0.1075040323418443, 0.11037065294824268, 0.10956589182700587, 0.11257933883040856, 0.11176720733462937, 0.11846700253241918, 0.11785674572047865]], "50": [[0.10825400879843702, 0.11230657023831753, 0.1071347000246932, 0.1104732612450605, 0.1095499341449355, 0.11348351457738987, 0.11126364170097022, 0.10969661112589031, 0.11216248135929846, 0.10739623229579395], [0.11053316204920437, 0.11342934962933297, 0.10960630240136784, 0.11317662525082998, 0.1108615778200254, 0.11505062130092278, 0.11322539660009004, 0.10998571029742434, 0.1123350986331148, 0.1087365396268043], [0.11511144679594526, 0.11764509015381285, 0.11311386163157433, 0.11718295447324613, 0.11344054784616535, 0.1194904884014866, 0.11661143074543161, 0.1129293131178664, 0.11701866103456784, 0.11318256892983129]], "60": [[0.10970889670386937, 0.11443804838157394, 0.11021264594745629, 0.11066917984700565, 0.10842349609405624, 0.11237852870103097, 0.11240899394253757, 0.11172084019922554, 0.10970051835134531, 0.10959928402994082], [0.11150076780193434, 0.11771249027801185, 0.11330688043351499, 0.11321247011063514, 0.10990674820609048, 0.11792753503780727, 0.1128156759651452, 0.11230126073028081, 0.1120014142620884, 0.11481657681581428], [0.11898042845755462, 0.123620136930817, 0.1188246916711103, 0.11826979654447096, 0.11566293333182136, 0.11974185612387227, 0.11888516514633794, 0.12072475059259156, 0.11710795157888902, 0.11945622436509017]], "70": [[0.11217766652247138, 0.10950178121594657, 0.11220241347725268, 0.11201807760481759, 0.1129637644421372, 0.10731281298497361, 0.11037025332630236, 0.11127966160775707, 0.11460631982154305, 0.110167038613081], [0.11380613105962603, 0.10998132723312988, 0.1156120067745232, 0.11444797152691362, 0.11446264629353281, 0.10867459968051328, 0.11073256537510263, 0.11246740908875001, 0.11590908805725111, 0.11180691377004148], [0.11913302227264748, 0.11764139613851043, 0.12024836060580235, 0.11716376418268756, 0.11978301750750328, 0.11710157924278523, 0.11642829952893899, 0.11910644548374161, 0.12136200999165242, 0.12263413674028387]], "80": [[0.11337084285979017, 0.10790598683135866, 0.11207556370616366, 0.11018349601108841, 0.11334214329987605, 0.11372491514734859, 0.11107068802858512, 0.1093906829150375, 0.1106071566230839, 0.1095502108125247], [0.11569006727236163, 0.1095392622436161, 0.11480944934604356, 0.11227054143466644, 0.11461339736881306, 0.11532228007985586, 0.11258450105096812, 0.11077128660261454, 0.11324621261542099, 0.1090193575018286], [0.12222044953917938, 0.11637829960582056, 0.12229100433347902, 0.11949859096575269, 0.11988874510062214, 0.1213069349283267, 0.12049258172930052, 0.11716921376538846, 0.12005256423480865, 0.11709857303951912]], "90": [[0.11012798317423045, 0.10919168375237588, 0.10965537265162005, 0.10779578790421925, 0.11070571630177564, 0.112722667790277, 0.11123009819206156, 0.11175212819433802, 0.11170779097878153, 0.11073014110082688], [0.11249411514561238, 0.11150697949004842, 0.11343596113636327, 0.1101595707784378, 0.11184525433348907, 0.11531419122285474, 0.11341725273992662, 0.11441570512875046, 0.11462263417182036, 0.11311380091270663], [0.12140653179671418, 0.11947963776582853, 0.12002723292634886, 0.11906058698074615, 0.12132664409458409, 0.12250765822842019, 0.12039115788010651, 0.12307155517453902, 0.12115083911606492, 0.12090447567673099]], "100": [[0.1080075889000694, 0.11271449787002971, 0.11255469129798473, 0.1136396933478029, 0.10935440827029885, 0.11256687180706851, 0.11284439689369294, 0.11003849971054486, 0.10919181781788741, 0.1119602096145352], [0.10983695863954522, 0.114445012468425, 0.1135379388310963, 0.11556022182857334, 0.11174378995274004, 0.11425383927355344, 0.11525293651617272, 0.11120094028273761, 0.11153764411775906, 0.11339955728891325], [0.12041478672840403, 0.12380420112053243, 0.1247102832603455, 0.1241920434425405, 0.1223652205610829, 0.12507801382482944, 0.1247401683722559, 0.12108229064220095, 0.1224357836296446, 0.12308505064349119]]}, "cost": {"40": [[98.2, 93.9, 105.325, 101.85, 101.525, 108.425, 104.675, 103.7, 109.525, 112.25], [100.725, 94.825, 105.475, 105.275, 104.4, 107.35, 106.925, 102.475, 111.3, 113.125], [61.15, 62.625, 59.325, 62.175, 65.45, 62.9, 60.25, 61.9, 54.775, 62.6]], "50": [[125.46, 113.06, 112.84, 120.74, 108.68, 121.94, 124.8, 118.2, 126.76, 112.34], [128.74, 115.32, 118.3, 121.0, 111.58, 124.6, 127.12, 118.76, 127.14, 117.78], [67.52, 62.34, 62.46, 67.26, 61.1, 65.16, 72.36, 69.88, 69.84, 59.96]], "60": [[140.16666666666666, 146.38333333333333, 131.93333333333334, 136.9, 135.16666666666666, 130.08333333333334, 143.4, 148.03333333333333, 131.9, 140.2], [143.41666666666666, 150.15, 136.95, 143.25, 137.75, 134.23333333333332, 145.45, 147.96666666666667, 133.66666666666666, 143.56666666666666], [64.48333333333333, 70.6, 67.25, 66.23333333333333, 66.56666666666666, 68.65, 71.68333333333334, 64.96666666666667, 66.06666666666666, 65.68333333333334]], "70": [[156.1, 152.17142857142858, 159.6, 150.52857142857144, 159.61428571428573, 152.72857142857143, 158.2, 154.35714285714286, 152.7, 158.11428571428573], [159.2, 154.0142857142857, 166.02857142857144, 155.42857142857142, 161.72857142857143, 158.9, 162.0, 158.95714285714286, 154.97142857142856, 160.67142857142858], [73.15714285714286, 67.67142857142858, 71.84285714285714, 77.34285714285714, 72.2, 65.32857142857142, 81.08571428571429, 69.02857142857142, 66.14285714285714, 68.32857142857142]], "80": [[156.7375, 175.85, 177.2125, 170.725, 172.9625, 170.1375, 176.0, 171.2625, 179.7125, 171.8375], [161.8125, 177.225, 182.8375, 172.7375, 174.325, 173.2125, 178.625, 175.1375, 183.9375, 173.9875], [72.3375, 75.15, 73.2375, 75.7875, 80.9, 80.2, 70.5375, 73.875, 73.5125, 72.0]], "90": [[183.38888888888889, 197.04444444444445, 180.37777777777777, 202.01111111111112, 187.53333333333333, 190.67777777777778, 191.8, 186.24444444444444, 184.25555555555556, 182.5888888888889], [188.34444444444443, 200.61111111111111, 183.82222222222222, 203.53333333333333, 192.46666666666667, 195.77777777777777, 194.43333333333334, 192.01111111111112, 190.2, 188.7111111111111], [74.13333333333334, 77.18888888888888, 78.6, 74.43333333333334, 75.5111111111111, 74.62222222222222, 72.66666666666667, 68.87777777777778, 76.97777777777777, 77.13333333333334]], "100": [[203.95, 204.31, 204.76, 205.56, 201.16, 212.23, 216.36, 204.84, 210.78, 218.46], [207.21, 210.25, 205.38, 207.92, 208.29, 219.38, 219.23, 208.56, 215.96, 220.8], [78.03, 80.14, 79.85, 79.58, 77.78, 81.05, 79.86, 75.34, 77.05, 75.88]]}, "target_value": {"40": [[160.2562795907805, 155.08209804544003, 153.3393174852397, 156.33296664969225, 158.63223851641948, 160.84474911783045, 160.25185029883488, 160.2032314416885, 165.5629033898592, 167.9969548468269], [163.21472194318773, 155.42520584169986, 153.79517653122826, 159.6184544670823, 159.53889654307574, 160.53410230937772, 163.63883067285354, 161.06718020527677, 165.99798036891733, 169.59107854073397], [145.98551435965445, 140.52808539833626, 135.69901367369224, 138.5915323418443, 143.09565294824267, 141.01589182700587, 142.70433883040857, 142.71720733462936, 145.8545025324192, 149.15674572047865]],