{"avg_delay": {"40": [[0.1099147447841767, 0.10580550268860923, 0.11086866243222887, 0.10781464315272511, 0.11433806720554524, 0.10791348237469744, 0.10925767665860862, 0.10379463750450059, 0.11032678212018814, 0.10623438219081205], [0.11112076497281435, 0.10980711486237896, 0.11319109294992413, 0.1097651465064247, 0.1161214262217136, 0.1097111756141833, 0.11586420989781572, 0.1037368195554584, 0.1145356221633957, 0.10709121377506362], [0.1147442124330757, 0.11414241353507805, 0.11512063643332256, 0.11430578571035502, 0.12006222810408868, 0.11250039723839751, 0.1145929881658216, 0.10872380959251433, 0.1166464451793285, 0.11392943670585223]], "50": [[0.10767344042036753, 0.11293007367938317, 0.10756812125611519, 0.11131606206285678, 0.10784712130503046, 0.10900441335748096, 0.10985486759729002, 0.10558014583485888, 0.10980528649337902, 0.10713788182882608], [0.11146694043576004, 0.11357084722460786, 0.10932991729039941, 0.1136026829332418, 0.10839523181935597, 0.11180283758448782, 0.11298228679092974, 0.10789415039424786, 0.11029864048129125, 0.10691761804917337], [0.11268650877485593, 0.11945474389270463, 0.11208500526786834, 0.11654911797266296, 0.11748296787033223, 0.1151255826216521, 0.11683669179143298, 0.11294730684021902, 0.11521926589750621, 0.1124664252777209]], "60": [[0.11281965739371472, 0.10965827822004665, 0.10674477819399253, 0.1087954500549413, 0.11148663327897543, 0.11131455880681998, 0.111181878329172, 0.1118231880842064, 0.11092112887619757, 0.11314402131367587], [0.1188132588262122, 0.11499391414320455, 0.1069303045875208, 0.10984887637823848, 0.11366409604984604, 0.11370385106309433, 0.1118780066166072, 0.11439191222025165, 0.11076000454642901, 0.11453094001612293], [0.12058439612346213, 0.1177703289975946, 0.11727985815648473, 0.11547108602209125, 0.11989992095690381, 0.11900218040931526, 0.12060198224896189, 0.12213335636634941, 0.11660573136176966, 0.12121292062337942]], "70": [[0.1091761767469108, 0.11240944919751444, 0.11000370556176584, 0.11336969448344625, 0.1130929595673203, 0.11066134174273266, 0.10912912599926708, 0.11341618296603521, 0.11166632095231308, 0.10897482594875874], [0.11115461282929907, 0.11344100021754874, 0.11310535605982959, 0.1149775508870084, 0.11438476944609231, 0.11259724735110678, 0.1117816627317612, 0.11559364034589857, 0.11375145123876242, 0.11142953135641795], [0.11678160090824433, 0.11970221597783194, 0.1167668895656606, 0.12177616090354179, 0.12005739921463288, 0.11929132486294158, 0.11796027271737117, 0.12196625606846932, 0.12028942427980549, 0.11740589448487564]], "80": [[0.11190168183111576, 0.10544231270148284, 0.11253796912415093, 0.11128777518682545, 0.11029989365337013, 0.10827974011907184, 0.11047138271789571, 0.11065904583207009, 0.1097182938602884, 0.11220308298266916], [0.11231571428778776, 0.10675673422041262, 0.11377762014462228, 0.11414645485240335, 0.1114120160143686, 0.11066881558992687, 0.11036118281887429, 0.11467706286412396, 0.1122086484155011, 0.1163845853994529], [0.11888391544246651, 0.11348393459613808, 0.11974075814831849, 0.11955694837661689, 0.11871574561378596, 0.11730262227940141, 0.11818620743809165, 0.11951549528134399, 0.12078812966623019, 0.12265293962975762]], "90": [[0.11107834841100317, 0.11161778708551415, 0.11042597996059872, 0.11215970211697467, 0.11169717654188843, 0.11202712497962304, 0.11174586440496732, 0.11035740738881192, 0.11398757988750043, 0.11097877764430106], [0.11330036093666147, 0.11265581778923293, 0.11161659697211918, 0.11476838048907118, 0.11312311301091853, 0.11510627503121972, 0.11480833531352419, 0.1125537280271055, 0.11487759714622242, 0.11323256114570475], [0.12358009787876, 0.12071733897657368, 0.12278023537107542, 0.12461101554372603, 0.12163781917519552, 0.12519259069531852, 0.12098475147463092, 0.1219058686376959, 0.12483347233267694, 0.12175899764333442]], "100": [[0.10786217074668698, 0.11095801182364216, 0.11163379867716071, 0.11207782046381522, 0.10942978347689157, 0.1135523442938574, 0.11294195282497019, 0.11178614359068181, 0.11241500337743549, 0.11144829543146484], [0.10941043477059766, 0.11185945419661393, 0.11322494806158798, 0.11372661517166785, 0.11194086795447304, 0.11476855752302617, 0.1157720749501519, 0.11457386798507518, 0.11530748569521652, 0.11423724691909161], [0.11888998355952007, 0.12247116976061538, 0.12295522159539025, 0.12158434972747698, 0.12159232737649714, 0.12375918316699308, 0.12306953889168931, 0.12274799623641404, 0.12259335401577887, 0.12563400360418125]]}, "cost": {"40": [[94.4, 107.3, 104.275, 108.1, 107.475, 104.8, 106.8, 102.625, 94.925, 99.7], [95.875, 108.15, 107.55, 109.025, 108.7, 109.05, 111.125, 103.825, 100.45, 100.8], [57.825, 55.675, 60.55, 52.3, 59.15, 61.225, 61.35, 58.45, 57.15, 57.575]], "50": [[119.92, 132.0, 121.36, 122.28, 122.82, 123.44, 123.22, 117.7, 117.8, 116.1], [120.54, 134.8, 122.34, 123.14, 122.82, 124.36, 122.74, 119.22, 118.46, 117.04], [70.1, 64.72, 72.5, 65.38, 63.52, 66.34, 64.08, 63.94, 59.14, 63.06]], "60": [[141.41666666666666, 134.6, 139.1, 128.78333333333333, 143.38333333333333, 137.7, 143.93333333333334, 140.06666666666666, 131.43333333333334, 138.78333333333333], [146.23333333333332, 139.81666666666666, 140.1, 130.75, 146.73333333333332, 141.5, 144.36666666666667, 141.23333333333332, 132.5, 139.8], [68.26666666666667, 64.03333333333333, 65.0, 67.95, 70.76666666666667, 66.83333333333333, 65.93333333333334, 59.53333333333333, 67.01666666666667, 63.86666666666667]], "70": [[159.14285714285714, 157.81428571428572, 153.77142857142857, 167.25714285714287, 156.68571428571428, 157.0, 149.11428571428573, 175.14285714285714, 157.57142857142858, 154.27142857142857], [161.78571428571428, 159.38571428571427, 158.77142857142857, 170.87142857142857, 163.92857142857142, 162.22857142857143, 153.82857142857142, 178.74285714285713, 160.32857142857142, 159.32857142857142], [75.78571428571429, 70.11428571428571, 76.07142857142857, 68.08571428571429, 75.57142857142857, 73.31428571428572, 70.68571428571428, 74.1, 69.81428571428572, 73.77142857142857]], "80": [[162.8875, 164.5375, 168.375, 185.0375, 168.0625, 175.475, 165.9625, 180.075, 170.85, 173.9625], [164.175, 164.5125, 169.9375, 188.2875, 172.7, 179.0, 168.0, 184.9125, 174.225, 181.6125], [74.7125, 77.725, 81.5, 81.0, 73.975, 81.075, 73.8, 83.4375, 68.975, 73.7125]], "90": [[201.33333333333334, 196.03333333333333, 187.95555555555555, 196.98888888888888, 183.63333333333333, 187.75555555555556, 184.12222222222223, 183.0888888888889, 190.04444444444445, 183.01111111111112], [202.34444444444443, 197.8, 191.53333333333333, 197.48888888888888, 190.56666666666666, 195.13333333333333, 189.44444444444446, 188.84444444444443, 191.04444444444445, 187.9777777777778], [76.15555555555555, 82.5111111111111, 69.8, 79.25555555555556, 74.17777777777778, 77.0, 76.7, 73.82222222222222, 77.6, 78.38888888888889]], "100": [[195.48, 213.94, 204.47, 203.09, 205.71, 215.93, 213.32, 204.37, 193.63, 221.75], [200.15, 217.27, 209.93, 207.95, 213.08, 220.51, 219.66, 209.48, 196.71, 226.59], [77.46, 82.17, 79.39, 75.92, 76.59, 88.29, 87.98, 82.85, 79.39, 78.68]]}, "target_value": {"40": [[157.1147447841767, 159.45550268860924, 163.00616243222888, 161.8646431527251, 168.0755672055452, 160.31348237469746, 162.65767665860864, 155.1071375045006, 157.78928212018815, 156.08438219081205], [159.05826497281436, 163.88211486237896, 166.96609294992413, 164.2776465064247, 170.4714262217136, 164.23617561418328, 171.42670989781573, 155.6493195554584, 164.7606221633957, 157.4912137750636], [143.6567124330757, 141.97991353507805, 145.39563643332255, 140.45578571035503, 149.63722810408868, 143.11289723839752, 145.2679881658216, 137.94880959251432, 145.2214451793285, 142.71693670585225]],