{"avg_delay": {"40": [[0.12195793898653604, 0.1225340131504345, 0.12635043298748413, 0.1211869813327074, 0.12317034699785172, 0.12078021672110133, 0.11402144728401829, 0.1281004257744369, 0.12109608345717092, 0.12940207152423075], [0.12324585514832577, 0.12209827842719938, 0.12750119709786456, 0.12416312530455736, 0.12366111169648068, 0.11993065281320626, 0.11747169124785031, 0.13264736466059274, 0.12246538603972829, 0.13488334650936248], [0.13849368801978867, 0.12755986946240996, 0.13677264495104416, 0.13036814106683337, 0.129748935447435, 0.12911293483409, 0.12571035254908527, 0.1410302710227203, 0.12923451275142794, 0.13783620539956187]], "50": [[0.12254711442190591, 0.1283154662169665, 0.12524565917840788, 0.12424838099421029, 0.12207692038495334, 0.11788397622555563, 0.12102864170771288, 0.11896061145481504, 0.12602477838586618, 0.12304062441219646], [0.12383816407644307, 0.1322820561034373, 0.12785163144436387, 0.1254377060723729, 0.12300571157120475, 0.120443414579613, 0.12156481559663905, 0.12211847098276973, 0.13081074102408516, 0.12272249962355393], [0.13426739427969736, 0.13932787108561667, 0.132215405546396, 0.13459406772831284, 0.12743871376629787, 0.1269569801514675, 0.12438613030514564, 0.12556348090193523, 0.13314375939404668, 0.13915257101175274]], "60": [[0.1272343934428877, 0.12574237585739761, 0.12238547727409861, 0.12197965372613939, 0.12469959648240714, 0.12473836764216445, 0.1249222311670648, 0.12577405680323459, 0.12035915546817187, 0.12285551447967209], [0.12804321467618082, 0.12844334583587858, 0.1256490966829066, 0.12564089293932904, 0.12420501959177455, 0.1272830342535843, 0.12934501331103007, 0.12706478569563281, 0.12177824646911242, 0.12454692719934034], [0.14003329170299306, 0.13880173323825346, 0.13577448645330129, 0.13237349140991803, 0.1357550578376541, 0.13727617168522604, 0.13402482776908445, 0.13931160606972032, 0.13352128023775847, 0.13323980829033139]], "70": [[0.12587242119629186, 0.13060855819692602, 0.11879126585051843, 0.12143612314906593, 0.12654785815900713, 0.1276392378021876, 0.12573182971198102, 0.122119183023268, 0.12531312868938152, 0.12154923272726596], [0.12949539499935478, 0.13368447595403415, 0.11836668397322747, 0.12376260619506912, 0.128978799778102, 0.1310565641727197, 0.12660141573010458, 0.12362967938746333, 0.1279878357323901, 0.12585819974701468], [0.13027518931127982, 0.14150564478648017, 0.12969018340376523, 0.13224103027910636, 0.1333116084515291, 0.13353155132783737, 0.1355983875145178, 0.13598435156986907, 0.133870734631047, 0.1314050662191737]], "80": [[0.12085526076780231, 0.11901569265037998, 0.12033578758586119, 0.12410103471287946, 0.1255509068016612, 0.12918613716019953, 0.1239026227400587, 0.13062180408085186, 0.13096964488274804, 0.12417155613310568], [0.12233361224556648, 0.11893562266383777, 0.12311528615123078, 0.12434720568837532, 0.12689238869893602, 0.1309114515397826, 0.1253906583156879, 0.1334985325734811, 0.13451396409324898, 0.1277208148676855], [0.13047254105045838, 0.1292242162068118, 0.12778059887487464, 0.13670689276744552, 0.13311131381260602, 0.13530913220747334, 0.13126290080529798, 0.13804288471974263, 0.13453910931898164, 0.13327515102052886]], "90": [[0.1311712544942469, 0.12715095945196694, 0.12433579405947061, 0.13116976867570249, 0.12364457893291766, 0.12021426712038834, 0.1288308520927592, 0.12479105487960554, 0.12204901543945908, 0.12705657896010636], [0.13402544232632466, 0.128334805280149, 0.1270084575306365, 0.13304628431392954, 0.12811979902758044, 0.12350502117355239, 0.1304218048678089, 0.126114894707177, 0.1237128498079025, 0.12873418849305074], [0.13608304859359405, 0.13125573978928698, 0.13393239047431005, 0.1335076107341431, 0.1310860134550675, 0.13340372116209934, 0.13610215524759872, 0.13191574970426354, 0.1286108040010428, 0.13432169958813112]], "100": [[0.12261876151152365, 0.12671686940249843, 0.12433048903490865, 0.12448511484292471, 0.12772668894261693, 0.12498218440066962, 0.12640587286490532, 0.12664765797170988, 0.12306529703516421, 0.12598147389986758], [0.12451688658626071, 0.12833672975668975, 0.1253297441896454, 0.12722089081295254, 0.13036064114582, 0.12701166619153495, 0.12890115522278414, 0.128435980186456, 0.12484157187495103, 0.12832600764401228], [0.13656143970158713, 0.13815345366892623, 0.13596664287883153, 0.13769060430415908, 0.1353091886375496, 0.1312156605011037, 0.1373576220848705, 0.13800173907287674, 0.1362071325936514, 0.13788706984644572]]}, "cost": {"40": [[83.05, 88.75, 95.6, 79.175, 80.625, 88.575, 82.125, 102.675, 94.45, 86.275], [87.625, 90.125, 95.8, 84.2, 81.95, 89.35, 84.5, 106.125, 96.25, 87.525], [32.9, 34.825, 34.825, 32.625, 33.875, 33.5, 34.7, 34.75, 34.575, 34.4]], "50": [[109.76, 101.66, 104.06, 115.42, 102.62, 108.92, 111.2, 103.22, 118.36, 105.56], [109.1, 106.0, 104.3, 115.48, 103.42, 109.84, 111.06, 105.4, 119.44, 109.32], [39.6, 38.76, 41.68, 39.92, 40.94, 41.04, 41.58, 41.22, 43.72, 35.78]], "60": [[122.08333333333333, 129.21666666666667, 123.06666666666666, 116.13333333333334, 125.35, 124.05, 118.23333333333333, 121.53333333333333, 122.31666666666666, 138.48333333333332], [123.8, 130.76666666666668, 125.51666666666667, 118.55, 124.46666666666667, 127.33333333333333, 118.86666666666666, 125.08333333333333, 122.65, 138.8], [43.15, 41.85, 42.4, 42.2, 42.483333333333334, 42.56666666666667, 42.28333333333333, 42.61666666666667, 43.13333333333333, 46.483333333333334]], "70": [[137.34285714285716, 152.0857142857143, 136.85714285714286, 152.8, 161.52857142857144, 139.7, 146.71428571428572, 139.92857142857142, 146.61428571428573, 134.9857142857143], [141.77142857142857, 154.32857142857142, 141.47142857142856, 158.32857142857142, 163.68571428571428, 140.78571428571428, 145.4, 144.17142857142858, 149.05714285714285, 139.78571428571428], [49.614285714285714, 49.22857142857143, 49.52857142857143, 54.68571428571428, 54.857142857142854, 49.52857142857143, 48.98571428571429, 49.44285714285714, 49.58571428571429, 49.3]], "80": [[152.1375, 162.0625, 150.8, 172.9875, 156.7875, 158.3625, 165.7375, 158.5, 161.025, 160.0875], [156.3375, 163.25, 155.2625, 174.45, 159.3, 165.4875, 169.8625, 162.625, 163.3875, 162.1875], [55.3625, 57.2125, 55.8125, 56.675, 54.525, 55.725, 55.4, 55.8, 55.7, 55.7125]], "90": [[163.46666666666667, 174.25555555555556, 184.44444444444446, 187.6888888888889, 175.5888888888889, 191.56666666666666, 168.04444444444445, 188.4, 179.5888888888889, 182.84444444444443], [163.06666666666666, 177.22222222222223, 185.7, 189.11111111111111, 179.01111111111112, 191.1, 169.87777777777777, 185.92222222222222, 182.8111111111111, 186.37777777777777], [56.28888888888889, 60.13333333333333, 62.34444444444444, 63.455555555555556, 61.84444444444444, 63.15555555555556, 56.544444444444444, 63.28888888888889, 62.41111111111111, 62.36666666666667]], "100": [[186.6, 196.03, 188.32, 185.65, 203.64, 204.48, 202.36, 198.08, 195.54, 195.87], [194.24, 199.45, 190.03, 190.1, 204.86, 205.85, 205.16, 199.92, 197.35, 197.79], [63.25, 62.98, 65.02, 64.38, 64.36, 69.97, 63.99, 62.7, 63.23, 65.29]]}, "target_value": {"40": [[288.05793898653604, 300.0340131504345, 317.5504329874841, 279.5369813327074, 284.4203469978517, 297.9302167211013, 278.2714472840183, 333.4504257744369, 309.9960834571709, 301.95207152423075], [298.49585514832575, 302.3482784271994, 319.10119709786454, 292.5631253045574, 287.5611116964807, 298.63065281320627, 286.47169124785034, 344.89736466059276, 314.9653860397283, 309.93334650936254], [204.29368801978865, 197.20986946240998, 206.42264495104416, 195.61814106683337, 197.49893544743497, 196.11293483409, 195.1103525490853, 210.5302710227203, 198.38451275142796, 206.63620539956185]],