{"avg_delay": {"40": [[0.12217727146398703, 0.12776718771798456, 0.12986776218039675, 0.12329902774208193, 0.12448460278345613, 0.11848931831860307, 0.12164755435448361, 0.12647210382261853, 0.12451175156541991, 0.12255609332333035], [0.12390890919924973, 0.12842925793593515, 0.1333005656414209, 0.12171746855487585, 0.12489876558234889, 0.12102242646627566, 0.12310932306821586, 0.12991590037030318, 0.12497112475862014, 0.12284314360615359], [0.1323523814493597, 0.13324702826708099, 0.1409872168522011, 0.1328426524290051, 0.12841125113142407, 0.13169301202845854, 0.1329743787511261, 0.13465139279403665, 0.13527905370709462, 0.1311992441224581]], "50": [[0.11683816410641432, 0.12160327247288419, 0.12296591409322391, 0.12209582714414519, 0.12577382889523064, 0.12337992754800507, 0.12251094367510397, 0.12195851955204726, 0.1222395253938073, 0.12263871270289908], [0.11599801261842196, 0.12276939938989329, 0.12280645401735403, 0.12357506438162491, 0.12664020876053486, 0.12831809925722779, 0.12453429520289626, 0.12350609264690138, 0.12179888690885574, 0.1227319883021366], [0.1327021147490595, 0.12568595387288825, 0.12752139294111967, 0.13255174321584173, 0.13575397860929247, 0.130175564024895, 0.13481621890012258, 0.13245948086627937, 0.128597506895477, 0.13094610072152932]], "60": [[0.12420833879683564, 0.12477710543469646, 0.11725061951779528, 0.12876309362501004, 0.1282320762791, 0.1289086178625947, 0.12288634430320443, 0.12382663246718781, 0.12540554167067153, 0.119651075298632], [0.1265059202798529, 0.129120276480071, 0.11742750726710319, 0.13244557577294627, 0.1286370167256777, 0.13238131954506036, 0.12775988340692948, 0.1267088634075568, 0.12940711974537603, 0.12259516399741138], [0.13197164157848054, 0.13399552600416392, 0.1308314757117402, 0.13248029607662845, 0.13538382821539474, 0.133156481628101, 0.1349399274565199, 0.13129530393689648, 0.1375297073329952, 0.1310585853525334]], "70": [[0.12287972597510331, 0.12184805157888351, 0.12227532100021016, 0.12428577446052495, 0.12320867918531193, 0.12316068029466784, 0.12519665949393752, 0.12450097114634155, 0.12266905872319171, 0.12669384255043672], [0.1234443253466413, 0.12651984891249077, 0.12757072835155625, 0.12535440088009916, 0.12540945371885384, 0.12533796843277728, 0.126150747569911, 0.1274454606975591, 0.127222627887154, 0.13105964921890584], [0.1332478200132187, 0.13097417046431106, 0.1393312599175727, 0.13594886806504036, 0.1369219225377205, 0.13098814516061444, 0.12829896923420445, 0.13761733191514203, 0.13548312270274615, 0.14125758027231178]], "80": [[0.12678614642736738, 0.1281292884513339, 0.1272991713475801, 0.1292082046174004, 0.12013705566331369, 0.12599104376260833, 0.12268726784740674, 0.12373974580704176, 0.1235967167244892, 0.12536349779555936], [0.1271725477599669, 0.1292468204436143, 0.12773599564448143, 0.1319819637690135, 0.12069313075270963, 0.12792900918884745, 0.12470318856690461, 0.12559837019918998, 0.12650355531427956, 0.13011130012739736], [0.13464910908052602, 0.13327444819412515, 0.13432402320982165, 0.13656178552550954, 0.13094533547955536, 0.14048677725578926, 0.131568479619027, 0.13226547504932848, 0.1374269470512284, 0.13410510783198254]], "90": [[0.12423597837848298, 0.12460680571477724, 0.12189822073163874, 0.1205862165485439, 0.12799066066253204, 0.12954697640636026, 0.1259994586948915, 0.12081184036332543, 0.12298324928058155, 0.12665050419071247], [0.12670655662438768, 0.1272029779270741, 0.12453044590857128, 0.125513323771283, 0.12816891059430305, 0.13050369144250457, 0.12757945105410703, 0.12373899167861474, 0.1265505486905226, 0.1274867722189548], [0.13443091066747487, 0.1328037637009596, 0.13066720588643724, 0.13027250503433715, 0.1396299427697475, 0.13600114672094138, 0.13420648751013226, 0.1306916358070039, 0.13338723547772044, 0.1341367628259404]], "100": [[0.12803891292931652, 0.12808598542644525, 0.12509000798292744, 0.12711766995313634, 0.12012246581555712, 0.12604741616021922, 0.12842417022281485, 0.12685346448939314, 0.1272183765692538, 0.12799167521827085], [0.1302997853432362, 0.12915275138958426, 0.12746148868536306, 0.1280158388772819, 0.12204540437649898, 0.12674239000906218, 0.13112088342857042, 0.13090991355470794, 0.13140753656045137, 0.12882509787619362], [0.13904673210796992, 0.13244086465953409, 0.12903316267539033, 0.1368307465508399, 0.12876045430032235, 0.13716472107137606, 0.13772614332348182, 0.13656278206625314, 0.1337049225355099, 0.13087212836612444]]}, "cost": {"40": [[96.675, 93.65, 89.975, 86.675, 83.725, 88.175, 99.1, 92.775, 99.55, 89.9], [96.525, 92.025, 91.425, 87.275, 86.625, 92.125, 99.475, 90.5, 99.825, 93.275], [34.45, 34.125, 33.025, 34.025, 32.775, 34.675, 34.5, 34.925, 35.7, 35.375]], "50": [[101.04, 98.6, 100.22, 104.04, 114.04, 105.7, 107.36, 110.36, 115.84, 107.52], [104.96, 103.16, 102.64, 104.46, 115.5, 105.48, 108.84, 110.94, 116.7, 109.78], [36.0, 41.44, 40.52, 38.7, 41.32, 41.3, 37.8, 40.74, 41.6, 37.96]], "60": [[131.7, 121.63333333333334, 116.31666666666666, 129.71666666666667, 130.43333333333334, 128.93333333333334, 118.23333333333333, 125.88333333333334, 116.38333333333334, 125.36666666666666], [134.25, 122.58333333333333, 119.35, 133.21666666666667, 135.08333333333334, 131.33333333333334, 120.86666666666666, 127.51666666666667, 120.88333333333334, 126.91666666666667], [46.45, 42.38333333333333, 42.95, 47.61666666666667, 46.766666666666666, 47.8, 41.983333333333334, 47.8, 42.583333333333336, 41.45]], "70": [[153.25714285714287, 139.71428571428572, 147.62857142857143, 143.68571428571428, 144.94285714285715, 134.97142857142856, 134.12857142857143, 141.54285714285714, 146.7, 148.28571428571428], [156.87142857142857, 140.32857142857142, 152.22857142857143, 147.27142857142857, 148.0857142857143, 137.67142857142858, 134.5, 147.81428571428572, 152.34285714285716, 151.3], [53.52857142857143, 48.857142857142854, 49.74285714285714, 49.58571428571429, 49.58571428571429, 49.785714285714285, 48.02857142857143, 49.1, 48.22857142857143, 49.9]], "80": [[155.2375, 155.2375, 165.4375, 160.2625, 161.45, 150.1625, 164.5625, 149.9, 161.225, 172.0875], [161.075, 157.3125, 167.65, 164.0375, 162.075, 149.975, 165.7875, 152.25, 165.075, 172.275], [55.5875, 55.9375, 54.9125, 55.575, 56.225, 50.0125, 56.1375, 53.1625, 55.65, 56.425]], "90": [[166.57777777777778, 171.4, 179.96666666666667, 186.13333333333333, 174.77777777777777, 178.5888888888889, 180.98888888888888, 176.2, 178.93333333333334, 172.17777777777778], [171.34444444444443, 173.0888888888889, 183.8111111111111, 187.67777777777778, 181.03333333333333, 182.1888888888889, 185.76666666666668, 177.17777777777778, 182.56666666666666, 177.2888888888889], [56.25555555555555, 55.922222222222224, 62.25555555555555, 61.94444444444444, 55.855555555555554, 59.28888888888889, 61.888888888888886, 63.15555555555556, 62.28888888888889, 61.15555555555556]], "100": [[194.68, 183.84, 188.51, 203.31, 180.24, 200.49, 195.17, 192.23, 198.08, 186.83], [197.41, 186.98, 191.06, 203.81, 182.78, 203.29, 197.36, 194.24, 203.92, 188.29], [64.9, 63.37, 63.41, 68.78, 62.91, 67.59, 65.48, 63.11, 70.61, 62.89]]}, "target_value": {"40": [[315.52727146398706, 315.06718771798455, 309.8177621803967, 296.6490277420819, 291.9346027834561, 294.8393183186031, 319.8475543544836, 312.02210382261853, 323.6117515654199, 302.35609332333036], [316.9589091992497, 312.47925793593515, 316.1505656414209, 296.26746855487585, 298.1487655823489, 305.27242646627565, 322.05932306821586, 310.9159003703032, 324.6211247586201, 309.3931436061536], [201.25238144935972, 201.497028267081, 207.03721685220108, 200.89265242900507, 193.9612511314241, 201.04301202845852, 201.9743787511261, 204.50139279403663, 206.67905370709462, 201.94924412245808]],