{"avg_delay": {"40": [[0.12317678117757289, 0.11570541826733363, 0.12081664994126047, 0.119844710235327, 0.1244323588325607, 0.12019179255662513, 0.12276550017693713, 0.1188616919493648, 0.1261328401555762, 0.12319092353627255], [0.12613493307822032, 0.11790454880141754, 0.12089062766519065, 0.12117843387846788, 0.12820804975814382, 0.12148058296445845, 0.12812756214777005, 0.1220536293298374, 0.13037422209548055, 0.12429577217920533], [0.134107718504025, 0.12440984084923219, 0.12957924922980998, 0.12870736013708947, 0.13052433596211022, 0.1298113480117793, 0.13747907221964845, 0.13214981757277774, 0.13225495718851168, 0.1322050379153633]], "50": [[0.1214410778336435, 0.11950974465578725, 0.11863606488474004, 0.12709415690221162, 0.12666290316097917, 0.12606817025033148, 0.1282871411033586, 0.1269050872327696, 0.12115437101545742, 0.12508487902438548], [0.1263372982130627, 0.12365421767935054, 0.11898912134141251, 0.1284272480002047, 0.13093512159709197, 0.12920016519304467, 0.1281044215695118, 0.12835347370575825, 0.12329624716477504, 0.1277048890823465], [0.13200957270191013, 0.13286335574728647, 0.12748981311622246, 0.13214365358074592, 0.1336216048278285, 0.13047404558537343, 0.13365164252331516, 0.13400081277511064, 0.12805161298380527, 0.13611064247424445]], "60": [[0.12179060492897269, 0.12465568128035154, 0.12938661891004982, 0.12437116953204991, 0.11938009118214088, 0.12385913415655528, 0.12582806368895347, 0.12424800046749378, 0.12438337228539317, 0.12399661554942078], [0.12453774260328979, 0.12776137957007294, 0.13011838328826184, 0.12500472428460754, 0.12191155332425295, 0.1251618289528968, 0.1263056775264836, 0.1252217754996726, 0.12930916462654313, 0.1257772476060826], [0.1339218155335096, 0.13539550972800524, 0.13639411814495864, 0.12967641681881725, 0.13158497496622865, 0.12894726475385743, 0.13525383936408508, 0.1345583293989766, 0.12696112426267367, 0.13837181482907326]], "70": [[0.12436635981987938, 0.12894162053027547, 0.12443102686490239, 0.12777258130368507, 0.12842352319874728, 0.12311907826854088, 0.12493684788002435, 0.12166409903575269, 0.1250883155615634, 0.12266585099849531], [0.126483442197119, 0.13279108205197032, 0.1278730718567744, 0.1329857437581804, 0.1288169610799128, 0.1273921682548859, 0.12654093339712327, 0.1228387526662699, 0.12553499473742638, 0.12365670712716668], [0.13187150685346521, 0.1398249005100352, 0.13066919358711598, 0.13605811438951265, 0.13664995011562647, 0.13180851107873653, 0.13342369790050543, 0.12957091143504695, 0.1338000850466296, 0.13577135528736786]], "80": [[0.12272566111860554, 0.12537852827073925, 0.12385628963023676, 0.12800260933581137, 0.126318245448096, 0.12237616406770373, 0.12179554832489646, 0.12384816811107349, 0.12470072697005716, 0.12407166871573827], [0.1239324447099905, 0.12677879560757077, 0.1263370147422883, 0.13053680712388704, 0.129902523454669, 0.12484788263424901, 0.1261769103301206, 0.1272931853118393, 0.1250973826237926, 0.12371549017307552], [0.13180428051873375, 0.12959488695116606, 0.13395769040776354, 0.13553986307693378, 0.1311969316042402, 0.13028019904906427, 0.13151617133335206, 0.13390547603666808, 0.1322937388173775, 0.12731201966082945]], "90": [[0.12854743980143737, 0.1267479840408302, 0.11852232267153451, 0.12886113471443994, 0.12437475263602657, 0.12361845523144918, 0.12092509042974514, 0.12121552062642561, 0.12619181190681655, 0.1219871024679533], [0.1308071300789585, 0.1300187008878072, 0.12133913135766758, 0.13115050171198547, 0.12646190914600028, 0.12633469553752638, 0.1255865730818639, 0.12492690830909878, 0.12930373985332017, 0.12716226963543353], [0.1345392067158957, 0.13969777619898338, 0.12457060519030312, 0.136574544783604, 0.12933334705368152, 0.1353426183067171, 0.13388370451473383, 0.13072376520251924, 0.1346829229136655, 0.13213457955231842]], "100": [[0.1261962424411687, 0.11998296152338386, 0.12541137892989185, 0.12674834314644262, 0.1284756641863811, 0.12165937014388613, 0.1231281715591796, 0.12710122836932541, 0.12663017963857168, 0.12545639354585658], [0.1275121616386889, 0.12003365621266755, 0.12688442191761257, 0.13045182478259884, 0.13011411926401872, 0.12685632725063004, 0.12567688913956002, 0.13019838260663982, 0.12808449291877627, 0.12975128838045494], [0.1383996191209747, 0.13352620550781602, 0.13010150399232193, 0.13881833952847344, 0.138336637130328, 0.133054162892031, 0.1372035822836366, 0.14073749765485571, 0.13162250869836808, 0.1309291077672275]]}, "cost": {"40": [[87.975, 86.725, 84.95, 94.2, 78.325, 83.2, 90.65, 92.2, 84.775, 85.6], [88.9, 90.65, 87.15, 95.3, 79.475, 84.675, 94.875, 94.225, 87.375, 86.725], [34.85, 35.225, 33.25, 34.6, 32.775, 34.675, 35.2, 34.1, 34.5, 34.275]], "50": [[112.1, 111.94, 110.02, 110.46, 106.58, 108.96, 114.92, 111.0, 109.26, 111.48], [112.72, 113.58, 112.6, 115.3, 105.88, 109.48, 117.28, 114.7, 111.74, 113.82], [40.76, 39.98, 42.0, 42.26, 41.2, 40.1, 41.5, 42.1, 41.4, 40.52]], "60": [[127.6, 122.4, 111.2, 116.78333333333333, 129.26666666666668, 128.88333333333333, 123.0, 124.16666666666667, 135.26666666666668, 126.96666666666667], [129.48333333333332, 123.38333333333334, 113.78333333333333, 119.13333333333334, 129.83333333333334, 128.25, 124.6, 125.81666666666666, 135.58333333333334, 131.0], [45.8, 41.733333333333334, 41.96666666666667, 42.38333333333333, 47.03333333333333, 49.083333333333336, 42.21666666666667, 46.53333333333333, 47.95, 43.55]], "70": [[138.0857142857143, 149.4, 131.22857142857143, 142.11428571428573, 139.05714285714285, 142.31428571428572, 141.5857142857143, 135.25714285714287, 147.28571428571428, 140.5], [144.02857142857144, 152.24285714285713, 133.4, 145.38571428571427, 142.28571428571428, 143.42857142857142, 144.04285714285714, 138.81428571428572, 147.32857142857142, 143.5], [49.24285714285714, 49.01428571428571, 48.357142857142854, 48.57142857142857, 50.5, 48.642857142857146, 48.81428571428572, 47.77142857142857, 49.34285714285714, 49.614285714285714]], "80": [[151.875, 166.0625, 147.75, 163.6625, 155.375, 147.55, 152.425, 164.775, 153.1625, 156.725], [155.5875, 169.6625, 149.7375, 169.15, 158.5375, 152.4875, 158.5125, 165.6125, 155.7625, 156.5125], [55.5, 55.3625, 53.625, 55.5, 55.8125, 53.7125, 54.9625, 57.075, 55.3875, 56.85]], "90": [[178.17777777777778, 173.12222222222223, 176.07777777777778, 172.0222222222222, 175.3111111111111, 165.76666666666668, 178.0, 181.36666666666667, 184.03333333333333, 176.7111111111111], [184.16666666666666, 178.45555555555555, 178.03333333333333, 176.65555555555557, 179.0, 168.03333333333333, 181.38888888888889, 182.75555555555556, 186.45555555555555, 179.83333333333334], [64.43333333333334, 56.644444444444446, 62.388888888888886, 61.7, 62.03333333333333, 57.022222222222226, 61.67777777777778, 62.1, 62.12222222222222, 62.12222222222222]], "100": [[193.6, 184.73, 182.85, 193.51, 196.52, 186.9, 189.7, 190.23, 187.63, 173.07], [194.89, 190.51, 184.43, 198.74, 201.01, 191.26, 192.36, 194.3, 189.22, 176.33], [63.84, 63.4, 63.37, 64.41, 64.69, 63.06, 63.17, 65.1, 62.42, 61.92]]}, "target_value": {"40": [[299.12678117757287, 289.15541826733363, 290.71664994126047, 308.24471023532703, 281.0823588325607, 286.59179255662514, 304.0655001769371, 303.26169194936483, 295.6828401555762, 294.39092353627257], [303.93493307822035, 299.20454880141756, 295.1906276651907, 311.77843387846787, 287.1580497581438, 290.8305829644585, 317.87756214777005, 310.5036293298374, 305.12422209548055, 297.74577217920535], [203.807718504025, 194.8598408492322, 196.07924922981, 197.90736013708948, 196.07433596211024, 199.1613480117793, 207.87907221964846, 200.34981757277774, 201.2549571885117, 200.7550379153633]],