{"avg_delay": {"40": [[0.1219349435653863, 0.12316630071229281, 0.12919314638193943, 0.12494043214507068, 0.11550283670663347, 0.12992039156426322, 0.12432352346844792, 0.12532575827697612, 0.11829758214431002, 0.12172467321852225], [0.12458373362461517, 0.12757632892162957, 0.13232595399660035, 0.1282039516910309, 0.11712386060258786, 0.13162883062676844, 0.130497929788149, 0.1278641941408959, 0.12225879361757162, 0.12198080210445257], [0.13352736419454503, 0.1338098084986108, 0.13787629937436027, 0.1349681194654428, 0.12481099937465352, 0.14071887994425689, 0.13397346147871375, 0.12991469287877036, 0.12908978525002918, 0.12841860436844763]], "50": [[0.12824600288791102, 0.12393519781841737, 0.12202245506590309, 0.12085540611400365, 0.12521413952980548, 0.1277995333040744, 0.1270285599479859, 0.12199512504440634, 0.12240860800580668, 0.12253321155941692], [0.13012314235905748, 0.1279854073165495, 0.12426358281550984, 0.12336956886925766, 0.13229313307872356, 0.1276671821801464, 0.12611721287633404, 0.12353519993817454, 0.12554565747695098, 0.1217434295806534], [0.13428933162778284, 0.13356164651663469, 0.1299409027702055, 0.138599279084838, 0.13435008488629174, 0.13258755266108588, 0.13307977184438766, 0.12915654094383286, 0.13022881167572076, 0.1312232823112222]], "60": [[0.12601618622743016, 0.12451440445108913, 0.12444640369934239, 0.12301215567383768, 0.12484444220554455, 0.12388964500638185, 0.11954986144703503, 0.12248840590529363, 0.12425666658236934, 0.12311044907900755], [0.1285506711671841, 0.12496670722690613, 0.12704738033789126, 0.12699129105318208, 0.12837307853492114, 0.12597589720337754, 0.12146361492892341, 0.12315304284325575, 0.12477882769339455, 0.1237985879134094], [0.13103013291211726, 0.12957600014382764, 0.1390681651323715, 0.13663010347008483, 0.14021142512049214, 0.13869319125615218, 0.1335279717988689, 0.13383725484270834, 0.1356360142321884, 0.13443233210887018]], "70": [[0.12757551128113778, 0.12772160632409574, 0.1312244333055167, 0.12638169676305286, 0.12180036072116944, 0.12525272050847291, 0.12927990429363806, 0.12467651497963159, 0.12333306454923153, 0.12111566856041224], [0.1278365347114812, 0.13194437248481913, 0.13596225450351926, 0.12855664727617716, 0.12457329928730501, 0.12667590320862654, 0.13346747253802202, 0.12855340718794905, 0.1263434287618199, 0.12447508315763543], [0.13743417675849107, 0.13534937461905425, 0.14004339189073017, 0.13788588546985064, 0.12712592242876308, 0.13619097697192825, 0.14039345149777635, 0.129316039074875, 0.13242486741198767, 0.1295452343542921]], "80": [[0.11863277396678225, 0.11964562756758858, 0.12278085241440156, 0.1270575381795474, 0.12665099185024725, 0.12807359905226043, 0.13203204825331383, 0.12763810933017525, 0.12504703552454335, 0.12406371101148882], [0.1190032812942685, 0.12137858916276706, 0.12659759529585846, 0.12845148197118073, 0.12829509228391786, 0.12730633478313327, 0.13484569995098986, 0.13139608319513407, 0.1266523756429044, 0.12386420696660579], [0.1287162254939132, 0.130818991600972, 0.13324925913405303, 0.13016581890867085, 0.13455194997037417, 0.13272931022270862, 0.1349721151296025, 0.13345292907011236, 0.12973697058411612, 0.13254150704284529]], "90": [[0.12428523700117539, 0.12531056678209168, 0.12136069505986595, 0.12896735471700607, 0.12747292881697792, 0.12658784798663184, 0.1293810799059352, 0.12782545886478572, 0.12359267744842244, 0.123831225885001], [0.12870178288075249, 0.12572930790811723, 0.12384572847262558, 0.13054807405302307, 0.13087697804951173, 0.12926998156025235, 0.13044984876913937, 0.13047727186580566, 0.12715896962851478, 0.12747927207470985], [0.13251514757170313, 0.13665358819597226, 0.12739180549537724, 0.14099401657418767, 0.13825303852787524, 0.1337435895986852, 0.13307284069688072, 0.1358450120945795, 0.13228211189732106, 0.13444321517200428]], "100": [[0.12503236062855388, 0.12479600576317787, 0.12162533860473383, 0.12830237145272352, 0.12179753078358413, 0.12749738587907603, 0.124765686049024, 0.12382802130836876, 0.12568678708401168, 0.12279606103176034], [0.1277125918959252, 0.1274723497502151, 0.12509703451468873, 0.13354071080226002, 0.1257904329929369, 0.1307230986262277, 0.1252848551184406, 0.12507510174060107, 0.12639960960376453, 0.12756276098109964], [0.13715050011863456, 0.13581024940811182, 0.1329456420903758, 0.14124597138312112, 0.13661927686107633, 0.13840945300983978, 0.13720935669945267, 0.13519316897270864, 0.13493590937064254, 0.1360728896071316]]}, "cost": {"40": [[88.05, 91.575, 93.825, 91.575, 78.825, 86.5, 86.65, 91.8, 80.85, 86.275], [92.375, 88.75, 97.0, 90.825, 82.275, 88.05, 89.7, 91.525, 82.6, 86.45], [34.625, 34.625, 34.95, 34.65, 34.025, 32.6, 33.45, 34.65, 34.725, 35.3]], "50": [[103.78, 109.96, 110.32, 103.84, 109.18, 102.8, 120.04, 112.96, 111.12, 113.98], [108.16, 112.84, 111.48, 106.16, 112.88, 104.1, 119.82, 115.94, 113.78, 116.76], [40.82, 40.7, 41.14, 35.42, 41.6, 41.0, 41.78, 42.18, 40.74, 41.46]], "60": [[134.28333333333333, 131.7, 121.68333333333334, 124.95, 120.8, 122.8, 122.71666666666667, 131.91666666666666, 121.8, 128.73333333333332], [137.15, 131.75, 124.11666666666666, 127.31666666666666, 124.91666666666667, 126.7, 123.76666666666667, 134.95, 124.01666666666667, 130.96666666666667], [48.63333333333333, 47.68333333333333, 43.1, 42.06666666666667, 42.38333333333333, 42.81666666666667, 42.71666666666667, 45.18333333333333, 42.21666666666667, 46.81666666666667]], "70": [[142.8, 141.71428571428572, 152.17142857142858, 149.47142857142856, 153.12857142857143, 146.52857142857144, 148.72857142857143, 131.17142857142858, 143.1, 158.11428571428573], [149.25714285714287, 144.71428571428572, 155.4, 151.11428571428573, 155.5857142857143, 147.47142857142856, 149.7, 135.25714285714287, 143.85714285714286, 159.72857142857143], [49.91428571428571, 48.857142857142854, 49.9, 48.885714285714286, 56.51428571428571, 49.97142857142857, 49.84285714285714, 48.371428571428574, 48.385714285714286, 55.67142857142857]], "80": [[167.45, 156.5625, 166.8875, 161.5125, 156.6875, 158.9875, 157.1, 160.2875, 153.7875, 149.0625], [170.0125, 161.55, 170.075, 166.1875, 160.3375, 162.4125, 160.7625, 163.6375, 157.6, 149.9875], [56.075, 56.6625, 56.525, 55.7625, 55.6, 55.5625, 56.0125, 55.825, 56.375, 54.1375]], "90": [[179.3111111111111, 170.33333333333334, 179.6888888888889, 170.0222222222222, 168.54444444444445, 180.06666666666666, 184.4777777777778, 191.0888888888889, 178.42222222222222, 177.96666666666667], [182.01111111111112, 171.7111111111111, 179.0222222222222, 175.96666666666667, 172.15555555555557, 185.8, 187.9777777777778, 195.4, 180.45555555555555, 181.26666666666668], [62.94444444444444, 56.82222222222222, 61.86666666666667, 56.233333333333334, 56.58888888888889, 62.22222222222222, 63.58888888888889, 61.78888888888889, 63.05555555555556, 63.03333333333333]], "100": [[194.24, 194.8, 199.52, 190.64, 188.51, 199.39, 194.43, 186.25, 191.32, 190.29], [196.86, 198.75, 202.26, 196.36, 193.96, 199.08, 197.6, 189.17, 194.12, 193.7], [63.77, 62.89, 69.19, 65.01, 63.41, 65.5, 63.46, 63.79, 64.61, 63.26]]}, "target_value": {"40": [[298.0349435653863, 306.3163007122928, 316.84314638193945, 308.0904321450707, 273.1528367066335, 302.92039156426324, 297.62352346844796, 308.9257582769761, 279.99758214431, 294.27467321852225], [309.33373362461515, 305.07632892162957, 326.32595399660033, 309.85395169103094, 281.67386060258787, 307.7288306267684, 309.897929788149, 310.9141941408959, 287.4587936175716, 294.8808021044526], [202.77736419454502, 203.0598084986108, 207.7762993743603, 204.2681194654428, 192.86099937465352, 205.9188799442569, 200.87346147871375, 199.21469287877034, 198.53978525002918, 199.01860436844763]],