{"avg_delay": {"40": [[0.12208591682655852, 0.1226179699094677, 0.12271852570536326, 0.13038279392437185, 0.11821707489924753, 0.12661793209039587, 0.12189982959849276, 0.12031679186212169, 0.12353156824381742, 0.12410583504769099], [0.12396417418774243, 0.12396881839646047, 0.12386247339396136, 0.13484186191191383, 0.11752463470403449, 0.12868090910646607, 0.1253085784125199, 0.1237282149065696, 0.1258076558705329, 0.125427507651794], [0.13298798586574112, 0.13258688293393267, 0.1327800456835735, 0.1378107531338426, 0.12644330793588182, 0.13575265559650507, 0.12936867269514157, 0.1282349200266635, 0.13260573861849606, 0.13436144846967424]], "50": [[0.12412097981778426, 0.1256757202076748, 0.12223692961745648, 0.12287849222125613, 0.12398970604892638, 0.12496158775848355, 0.12261304781997405, 0.1228283594741551, 0.1239324840580744, 0.1263263508102408], [0.12339719553825983, 0.12806853380932845, 0.1258202507517217, 0.12697707517435192, 0.12512963695557586, 0.1300713491605996, 0.1255576755129683, 0.12366007947920322, 0.12526876749730012, 0.13231035766700194], [0.13503607108615034, 0.1333417198665819, 0.13604347468544015, 0.13416767839264016, 0.13486415887909542, 0.13754099091092387, 0.1311336392340518, 0.13937005709590633, 0.13277732831627198, 0.1349650894308264]], "60": [[0.12751422391473244, 0.12218054930674152, 0.11931364738180097, 0.11682301342053981, 0.12611773303924279, 0.11884109616844737, 0.12420519825213416, 0.12262474564714614, 0.12411634471602663, 0.12600777074341774], [0.1302885541744354, 0.12561764228310626, 0.12203255768795725, 0.11960754753819057, 0.12899885808348266, 0.11938353985319355, 0.12704027299409368, 0.1250715182570602, 0.1252566696865787, 0.1307541764871115], [0.13173136469155164, 0.12711465216110798, 0.13596274037113903, 0.1349015408794776, 0.13841235626515097, 0.13300436342592478, 0.13500731558076629, 0.13650174882639363, 0.13259907147772465, 0.13499884685268282]], "70": [[0.12952544768621368, 0.12346625004885704, 0.12383731373014967, 0.12225065529210051, 0.12383007235303142, 0.12746355303934376, 0.12602299296548197, 0.11915571987371942, 0.1230159984653592, 0.12608767209415003], [0.13292468576377933, 0.12662908065827097, 0.12707026045071468, 0.12473944872908077, 0.1277842302684279, 0.1317890115868488, 0.1265513572049946, 0.12175821028046803, 0.12355535822734366, 0.1312092525351472], [0.13242951614197535, 0.13371658087600535, 0.13152772020558268, 0.13568743849783935, 0.13396462895660036, 0.13482117508069555, 0.13517167842608255, 0.13279422196934382, 0.13367374164456955, 0.13907895125132616]], "80": [[0.125335846814551, 0.11734885681392644, 0.1252780071676095, 0.12396459458299874, 0.12232799816097549, 0.12544906209073609, 0.12271844312821419, 0.12990277205315245, 0.12260438337952392, 0.12440645846388508], [0.12640581872253664, 0.11936303319286296, 0.12654512960240086, 0.1269572377403161, 0.1251510360116578, 0.12802940242945351, 0.12452374529158605, 0.1311643873489416, 0.1258693087910453, 0.1268413135687446], [0.13197479736988596, 0.12791464507762929, 0.12736404100620302, 0.13664604878645606, 0.12976318578409043, 0.1354518062836215, 0.1280855188768121, 0.13405800178500693, 0.13378344971226153, 0.13636198501101757]], "90": [[0.12601680339710877, 0.12155318909302801, 0.126736764150133, 0.12821810544045253, 0.12839519892342385, 0.12028081105188686, 0.12513515574684583, 0.1315566426243663, 0.12944937459586212, 0.12280034141592637], [0.1297700920828549, 0.12463809506025955, 0.12838923406539052, 0.13187648098869748, 0.12952940229144796, 0.12336512316458155, 0.129232815306992, 0.13239152619233285, 0.1321496347705155, 0.1250435238468774], [0.13374525632071455, 0.13364899612216619, 0.13884863471139935, 0.1387558006590836, 0.14129661717462638, 0.12832823749359645, 0.1333424312106235, 0.13391141231359277, 0.13450465612089546, 0.13664078129985102]], "100": [[0.12856679816888392, 0.1260760283958147, 0.1220803649667199, 0.12294019274990922, 0.126165448973386, 0.1286220021030309, 0.13125793468219674, 0.12664717349020296, 0.12827544213208594, 0.12653571068827157], [0.13008028189868542, 0.1279332856377336, 0.12323231552247171, 0.12552424435592596, 0.12901021039152213, 0.12998049657728877, 0.13217280426306133, 0.1302881360714386, 0.1291070850454446, 0.12885443859795342], [0.1372087587256409, 0.13239433921851046, 0.13033225986671249, 0.13699866239419053, 0.13682403599804205, 0.1337371825571322, 0.13230230637957438, 0.1373469624230847, 0.13814756658183225, 0.13828925401039627]]}, "cost": {"40": [[90.125, 89.175, 86.175, 88.3, 89.125, 94.25, 86.825, 84.275, 92.65, 93.775], [92.35, 88.725, 87.85, 89.475, 91.075, 96.025, 87.4, 85.65, 93.175, 95.55], [35.3, 34.8, 33.975, 34.15, 34.95, 34.325, 35.0, 33.1, 34.85, 34.6]], "50": [[110.94, 102.84, 98.34, 110.48, 98.28, 107.92, 111.52, 106.2, 113.12, 106.08], [114.66, 103.36, 100.68, 112.94, 100.78, 109.64, 111.3, 109.64, 117.6, 110.98], [41.36, 39.22, 36.02, 40.28, 39.18, 42.34, 40.56, 35.58, 41.42, 41.46]], "60": [[131.03333333333333, 127.08333333333333, 117.95, 120.16666666666667, 122.81666666666666, 120.53333333333333, 120.23333333333333, 118.0, 129.11666666666667, 121.5], [130.8, 128.71666666666667, 121.11666666666666, 126.36666666666666, 126.31666666666666, 122.56666666666666, 119.68333333333334, 122.83333333333333, 131.95, 121.56666666666666], [47.666666666666664, 48.88333333333333, 43.11666666666667, 42.833333333333336, 42.516666666666666, 41.833333333333336, 41.916666666666664, 42.71666666666667, 46.233333333333334, 42.333333333333336]], "70": [[138.17142857142858, 141.67142857142858, 136.27142857142857, 143.35714285714286, 147.9857142857143, 141.31428571428572, 151.37142857142857, 144.71428571428572, 147.45714285714286, 154.38571428571427], [138.02857142857144, 146.2, 138.72857142857143, 144.5, 151.9, 141.82857142857142, 154.75714285714287, 146.52857142857144, 148.04285714285714, 157.18571428571428], [48.34285714285714, 48.628571428571426, 48.4, 48.885714285714286, 53.4, 49.65714285714286, 48.67142857142857, 49.15714285714286, 49.34285714285714, 48.55714285714286]], "80": [[159.4125, 164.225, 158.4125, 145.7, 153.5875, 165.125, 151.3625, 170.525, 167.15, 170.075], [163.0125, 165.575, 160.475, 146.1, 157.8625, 166.875, 155.8375, 173.25, 168.9625, 172.25], [55.2875, 55.875, 55.85, 49.8125, 55.9375, 56.0625, 56.325, 61.5875, 56.1875, 55.7625]], "90": [[176.57777777777778, 162.57777777777778, 173.6888888888889, 179.83333333333334, 174.9, 183.95555555555555, 176.3, 178.01111111111112, 187.9777777777778, 165.8], [181.1, 167.7888888888889, 177.82222222222222, 189.87777777777777, 180.0222222222222, 185.36666666666667, 179.51111111111112, 180.77777777777777, 194.44444444444446, 167.82222222222222], [63.03333333333333, 56.28888888888889, 56.05555555555556, 63.022222222222226, 56.266666666666666, 62.6, 61.56666666666667, 61.32222222222222, 62.333333333333336, 56.24444444444445]], "100": [[199.45, 174.52, 184.73, 191.86, 200.86, 203.95, 202.64, 191.14, 194.16, 188.52], [206.42, 180.17, 186.26, 196.16, 204.98, 210.65, 203.68, 195.56, 196.57, 195.35], [68.79, 63.69, 62.31, 63.04, 64.29, 69.46, 68.03, 63.98, 65.11, 64.4]]}, "target_value": {"40": [[302.3359168265585, 300.9679699094677, 295.06852570536324, 306.9827939243719, 296.46707489924756, 315.11793209039587, 295.54982959849275, 288.8667918621217, 308.8315682438174, 311.65583504769097], [308.66417418774245, 301.41881839646044, 299.56247339396134, 313.7918619119138, 299.6746347040345, 320.7309091064661, 300.10857841251993, 295.0282149065696, 312.1576558705329, 316.527507651794], [203.5879858657411, 202.18688293393265, 200.7300456835735, 206.1107531338426, 196.34330793588182, 204.40265559650507, 199.36867269514158, 194.43492002666352, 202.30573861849604, 203.56144846967425]],