{"avg_delay": {"40": [[0.10072590815412377, 0.102969757285262, 0.10464703556344324, 0.10296381697085406, 0.10226049893426163, 0.10211500707169535, 0.1037819759228708, 0.10659317575327093, 0.10220533377491733, 0.1089163215329313], [0.10122199747079307, 0.10426486779304568, 0.10983507856561557, 0.10237105272859415, 0.10270092809928758, 0.10290544047661208, 0.10708603412163135, 0.10771148696128544, 0.10237741540108375, 0.1095275088158549], [0.09817584867852147, 0.09861105422063142, 0.10097760772485798, 0.09769869254825458, 0.0981060421349693, 0.09747820845378609, 0.09925770593336432, 0.10252846289098975, 0.09714939861171036, 0.1038821884153807]], "50": [[0.10214135437663313, 0.1050292409016878, 0.10092525601879719, 0.1034817962517408, 0.1053950948259259, 0.10637335615209474, 0.10612626644545567, 0.09944757152014551, 0.1050685093135401, 0.09951397079367759], [0.1036531812679836, 0.10844588702908682, 0.10302157252121731, 0.10722900432521233, 0.10616336943176766, 0.10919835043415646, 0.10670374327278144, 0.09927456614446757, 0.10728208640780373, 0.10087551294465864], [0.09813456481304765, 0.10188679306326687, 0.09809818136299289, 0.10032911241362563, 0.10067683147510999, 0.1017212058953789, 0.10096988375536609, 0.09517831939193985, 0.10172359938314122, 0.0964535156184477]], "60": [[0.10417403981090852, 0.10493512367703807, 0.10426534121103617, 0.10283257390062821, 0.10154739558371681, 0.10569744790301931, 0.10176573875353968, 0.10367128198430868, 0.10255995406486972, 0.10447342023533242], [0.10667368616454083, 0.10545406348222479, 0.10515550056845972, 0.10393867043813297, 0.1023146681927119, 0.10868164099427606, 0.10405065270753433, 0.10719477025599655, 0.1040470881631607, 0.10617597228928005], [0.09988358217539235, 0.10063438325647096, 0.09974821877436146, 0.09910182305139177, 0.09738405808044798, 0.10316816905051236, 0.09841531890325225, 0.09955279603884874, 0.09888272094058802, 0.0994916348388214]], "70": [[0.10331258704435786, 0.10204412873090164, 0.10371746559906968, 0.10359909688245003, 0.10531992464748419, 0.10293441149997762, 0.10467045810714137, 0.10433757505192437, 0.10351489233865024, 0.10298503106200668], [0.10609634975874545, 0.10403227131013858, 0.10416447332070342, 0.10412816891632584, 0.10707437509142521, 0.10375535897356537, 0.10551926179460357, 0.10610977682615128, 0.1057497319100517, 0.10411285189762651], [0.10060387368500806, 0.09853081491149727, 0.09873125053716299, 0.09868673639670907, 0.10190155787037453, 0.09929873818180451, 0.10019122736901383, 0.10055801292833404, 0.09967414308416339, 0.09823762001390199]], "80": [[0.10271677723685883, 0.10336349261413538, 0.1005681454019352, 0.10527079194561587, 0.10419150144697459, 0.1061478440170606, 0.10300327774174192, 0.10568412963858148, 0.10415821496471553, 0.10477978426979813], [0.10685444486685851, 0.10499316025135794, 0.10251519351158642, 0.10762575975149932, 0.10563380865146885, 0.10748221714752706, 0.10400567659284093, 0.10771791020363967, 0.10548020554853918, 0.10788718055165107], [0.09943396749601308, 0.10008593821852997, 0.09711973577110053, 0.10161686276177066, 0.10007940484368694, 0.10079240753032322, 0.09941635159595955, 0.10103516571532424, 0.10036579806412646, 0.10016346273760396]], "90": [[0.10485603942009641, 0.10108665609913349, 0.10483696672792626, 0.10287981686991933, 0.10510812492540025, 0.10027077744848867, 0.10246265828628136, 0.10530694329811933, 0.10804713802843294, 0.10056862090945679], [0.10547911482118472, 0.1031891961271743, 0.10722774128648592, 0.10475797582745684, 0.10830345019619732, 0.10225082897776877, 0.10533913843338417, 0.10673060766435853, 0.10981918447376447, 0.10221515880646895], [0.09997634038749122, 0.0979272179451169, 0.10145526295279897, 0.09951612531393764, 0.10071601313263631, 0.09686661832862983, 0.09842071616088498, 0.10131023614669392, 0.1029951899682999, 0.09636729834950378]], "100": [[0.10364074533533221, 0.10557731442978334, 0.10181795697150416, 0.10619652606338989, 0.10386071787975616, 0.10360541963005496, 0.10512225829740468, 0.10379455775413965, 0.1045246647878178, 0.1051545963084193], [0.10605921552112893, 0.10720246152356867, 0.10483012243898686, 0.10901930498779948, 0.10610998133129505, 0.10509991351345964, 0.10661942814294548, 0.10527717383125723, 0.10651038940096867, 0.10837666526486396], [0.09998999590188029, 0.10078174479988324, 0.09820530313647478, 0.10148371150106743, 0.09968682156383883, 0.09967620936787035, 0.09966643798850247, 0.100224069521895, 0.10026731856873142, 0.1017977960417426]]}, "cost": {"40": [[183.925, 163.775, 175.825, 183.825, 179.575, 166.625, 181.8, 180.45, 188.175, 187.0], [187.15, 168.775, 177.675, 187.15, 182.05, 173.65, 184.8, 182.45, 192.45, 192.175], [180.925, 165.025, 178.275, 180.625, 175.975, 165.375, 177.625, 175.175, 185.275, 180.625]], "50": [[193.78, 212.48, 218.26, 195.3, 218.88, 213.46, 196.62, 203.58, 225.96, 200.6], [196.14, 216.66, 225.64, 200.46, 220.78, 218.78, 197.94, 202.28, 230.0, 201.88], [187.68, 205.8, 215.56, 189.28, 210.44, 207.3, 188.8, 198.9, 218.48, 200.56]], "60": [[229.51666666666668, 239.25, 236.41666666666666, 247.33333333333334, 227.68333333333334, 227.98333333333332, 236.55, 234.11666666666667, 246.16666666666666, 235.86666666666667], [234.98333333333332, 245.0, 239.63333333333333, 248.31666666666666, 225.56666666666666, 231.03333333333333, 241.66666666666666, 240.98333333333332, 249.45, 238.33333333333334], [225.23333333333332, 236.2, 227.76666666666668, 235.88333333333333, 223.6, 218.55, 228.3, 228.63333333333333, 241.01666666666668, 229.41666666666666]], "70": [[253.45714285714286, 253.4857142857143, 254.5142857142857, 261.4714285714286, 260.45714285714286, 269.92857142857144, 280.85714285714283, 259.77142857142854, 274.62857142857143, 276.12857142857143], [254.02857142857144, 254.54285714285714, 260.01428571428573, 265.7, 262.92857142857144, 277.22857142857146, 280.87142857142857, 261.0285714285714, 277.3285714285714, 276.74285714285713], [243.24285714285713, 248.21428571428572, 255.0, 256.72857142857146, 246.92857142857142, 267.34285714285716, 265.4142857142857, 250.92857142857142, 268.4, 272.2142857142857]], "80": [[289.1625, 293.6375, 296.8375, 296.9, 286.125, 297.3375, 270.2125, 274.2625, 296.3875, 295.9], [298.2375, 300.0375, 301.3, 301.825, 289.225, 299.5, 278.975, 280.225, 300.7, 301.05], [287.8, 289.4375, 298.0375, 288.075, 276.6625, 289.1125, 265.7875, 268.4, 290.025, 288.225]], "90": [[319.73333333333335, 294.1777777777778, 308.1666666666667, 306.3333333333333, 300.4555555555556, 328.1, 304.5777777777778, 306.96666666666664, 300.03333333333336, 306.81111111111113], [327.14444444444445, 301.1777777777778, 316.7888888888889, 312.0777777777778, 305.75555555555553, 331.7888888888889, 315.75555555555553, 310.6777777777778, 302.6777777777778, 313.77777777777777], [314.5, 289.7, 295.2, 302.26666666666665, 291.05555555555554, 316.7888888888889, 304.74444444444447, 292.24444444444447, 293.85555555555555, 304.5777777777778]], "100": [[333.72, 320.12, 339.13, 332.22, 332.87, 341.67, 324.78, 314.51, 325.3, 355.2], [343.51, 322.92, 348.13, 337.63, 335.53, 346.18, 332.02, 314.38, 333.36, 360.44], [326.71, 313.39, 332.05, 324.32, 317.56, 336.14, 319.22, 302.39, 320.93, 339.28]]}, "target_value": {"40": [[100.72590815412377, 102.969757285262, 104.64703556344324, 102.96381697085407, 102.26049893426163, 102.11500707169535, 103.7819759228708, 106.59317575327093, 102.20533377491734, 108.9163215329313], [101.22199747079307, 104.26486779304568, 109.83507856561558, 102.37105272859415, 102.70092809928758, 102.90544047661209, 107.08603412163136, 107.71148696128543, 102.37741540108375, 109.52750881585489], [98.17584867852148, 98.61105422063142, 100.97760772485798, 97.69869254825458, 98.1060421349693, 97.4782084537861, 99.25770593336432, 102.52846289098976, 97.14939861171037, 103.8821884153807]],