{"avg_delay": {"40": [[0.09962145325627404, 0.10255646829406725, 0.10566571976727211, 0.09965517327091361, 0.10597226360643928, 0.10240594782051927, 0.10768860267028245, 0.10067694654651743, 0.10316161516609094, 0.1028576720609899], [0.10196019630396563, 0.10182403660940026, 0.1088143082048362, 0.1005771407124123, 0.10951818602669394, 0.10391485810317432, 0.10993978224269886, 0.10321799995010301, 0.10398627823753394, 0.1066425594438826], [0.09515475304462488, 0.09892100043608781, 0.10263494878219674, 0.09587738049106656, 0.10271194857364682, 0.09747307263868947, 0.1035271564565381, 0.09732859448800077, 0.09947258095478116, 0.09888521222241936]], "50": [[0.09956490066904608, 0.10234296588819172, 0.10296722220520976, 0.10137829118691673, 0.10442989704306464, 0.1046186391794427, 0.10548558474344379, 0.10639968192785043, 0.10276284766730334, 0.10367879020318589], [0.10106551699645747, 0.10465286370579104, 0.10453090530744721, 0.10334736343978906, 0.10439315734926731, 0.10688718970212342, 0.10562218177907128, 0.10799122191623983, 0.1047402253076805, 0.10371052455865806], [0.0948871959806515, 0.09890742901651661, 0.09911693114102493, 0.0969434910939266, 0.10048737358129328, 0.10144490125273416, 0.1003188034429014, 0.1033340258275642, 0.09983808663965607, 0.10004716269334553]], "60": [[0.10533965729464363, 0.10281791337121755, 0.10408620802956793, 0.10459903403305265, 0.10304419878311266, 0.10319350171903731, 0.09919371947051994, 0.10683330125244142, 0.1020336973290693, 0.10683566420300789], [0.10453209593659574, 0.10444122404515072, 0.10461750152512422, 0.1085095094008256, 0.10466902007333378, 0.10368808532357654, 0.10089422770370694, 0.10984653793155723, 0.10503401355977789, 0.10947771458431999], [0.10000762088316757, 0.09865350242998891, 0.09968530636216565, 0.10070427753861684, 0.0987784951499825, 0.09905686992486615, 0.09590932318976339, 0.10178368803373873, 0.09877136043637506, 0.1029862076447224]], "70": [[0.10514106811310328, 0.10468949359729689, 0.10338234750295447, 0.10703663499854513, 0.10488120756409658, 0.10133491949379848, 0.10706109119181641, 0.10421971792064733, 0.10260728162357045, 0.10709511109715875], [0.10541804152276163, 0.10814719542850398, 0.1055741156012568, 0.1101738049782776, 0.10641196195945672, 0.10194588432198044, 0.10861877286629026, 0.10621050377280133, 0.10597680499064875, 0.10809688348363361], [0.10062081684302904, 0.1017299225904175, 0.09923775851689111, 0.10184790184137583, 0.1006786687808679, 0.09788035087693053, 0.10217114172271466, 0.10046712398968237, 0.0993242287324745, 0.10314954534287628]], "80": [[0.1042150240387822, 0.10241157574951971, 0.10879848835745844, 0.10523037953328107, 0.10583777199996833, 0.10340990911066034, 0.10723466183870807, 0.10870825223346525, 0.10112805388294253, 0.10456874559315157], [0.10662489978847622, 0.10390042076534278, 0.1095706792270819, 0.10803878747195331, 0.1078939641820099, 0.10558109074246053, 0.10737082549163493, 0.11074186836944655, 0.10262108229848625, 0.10491111861773372], [0.10111630598104232, 0.09833161902164209, 0.10274604254318201, 0.10106780354000572, 0.1024975659970814, 0.09952882602461227, 0.10229125662783184, 0.10329291356568056, 0.09614289523190787, 0.09985207224548151]], "90": [[0.10415255007202268, 0.10620020467179414, 0.104031675702836, 0.10730721256505996, 0.10291642041132429, 0.0995174219335366, 0.10021104624959065, 0.1026545335349595, 0.10417525033951286, 0.10338400140483504], [0.10515878408720172, 0.10800988977339188, 0.10626307934287513, 0.10720495277963894, 0.1044022211937536, 0.10067674384802593, 0.10137118622781671, 0.10392085736204407, 0.10740476122888745, 0.1050329500481792], [0.10032112788371325, 0.10223064940290838, 0.10023038702393207, 0.10206183270636218, 0.09904872012285842, 0.09550241105298836, 0.09650500809124889, 0.09835893632368535, 0.0995124791689015, 0.09936004325624896]], "100": [[0.10262240100081901, 0.1046765058888774, 0.10190850614189338, 0.10286234316970155, 0.10323489544946152, 0.10353484381877716, 0.10359891988891567, 0.106457447388476, 0.10226475536233098, 0.10460220699021112], [0.1028682192006796, 0.1072716344218017, 0.10297558993774787, 0.10427037614715755, 0.10461311451020405, 0.1043749864408662, 0.10558002452031565, 0.10740012030200835, 0.10482277408761952, 0.10687772459191014], [0.09891187202306782, 0.10075378060110644, 0.09747884525073072, 0.09955827547117527, 0.09940054502406388, 0.09970870065428808, 0.09933337207033298, 0.10254018887634343, 0.09899286644453137, 0.09988162969672858]]}, "cost": {"40": [[196.175, 169.175, 185.8, 182.025, 180.5, 169.45, 173.4, 184.875, 174.925, 185.675], [193.3, 174.375, 187.65, 181.85, 186.825, 174.4, 178.4, 183.85, 178.475, 195.275], [190.6, 169.6, 179.3, 179.2, 171.75, 171.55, 170.725, 179.225, 170.6, 185.9]], "50": [[200.28, 198.68, 219.88, 220.92, 210.24, 218.48, 217.62, 208.5, 203.08, 204.78], [206.56, 206.58, 221.98, 219.92, 210.74, 220.34, 222.18, 208.98, 204.52, 209.74], [197.52, 197.78, 213.06, 215.06, 201.1, 212.48, 213.08, 202.72, 195.04, 201.44]], "60": [[236.96666666666667, 222.81666666666666, 234.1, 224.65, 229.68333333333334, 241.96666666666667, 241.61666666666667, 234.55, 241.46666666666667, 229.65], [242.6, 225.01666666666668, 235.33333333333334, 226.26666666666668, 232.85, 244.6, 250.51666666666668, 237.13333333333333, 246.28333333333333, 234.05], [233.65, 218.15, 224.93333333333334, 214.55, 228.53333333333333, 233.5, 239.85, 229.35, 235.33333333333334, 224.11666666666667]], "70": [[247.44285714285715, 263.51428571428573, 267.98571428571427, 273.75714285714287, 265.0857142857143, 262.87142857142857, 275.4714285714286, 266.9428571428571, 275.51428571428573, 281.6714285714286], [250.15714285714284, 266.7, 264.8, 280.8, 270.1, 266.0285714285714, 278.27142857142854, 270.6714285714286, 278.1, 284.6], [241.4857142857143, 252.52857142857144, 257.72857142857146, 264.2857142857143, 260.92857142857144, 256.6714285714286, 268.9142857142857, 252.0857142857143, 267.1142857142857, 272.25714285714287]], "80": [[279.0375, 280.1625, 290.075, 273.725, 286.125, 271.9125, 285.7375, 291.775, 290.3375, 289.6875], [275.95, 279.075, 287.1375, 287.4, 291.15, 280.125, 287.1875, 296.9625, 298.375, 290.7], [268.025, 268.55, 273.3875, 266.9875, 280.25, 263.425, 273.075, 279.2875, 284.2, 278.65]], "90": [[321.24444444444447, 327.85555555555555, 316.0777777777778, 312.97777777777776, 308.6222222222222, 316.73333333333335, 292.46666666666664, 310.9888888888889, 306.64444444444445, 296.3222222222222], [327.5777777777778, 333.05555555555554, 318.8, 316.4, 312.64444444444445, 321.6222222222222, 299.7888888888889, 316.22222222222223, 313.6222222222222, 307.93333333333334], [316.76666666666665, 317.0777777777778, 308.1666666666667, 303.97777777777776, 295.0777777777778, 311.2888888888889, 291.05555555555554, 305.1111111111111, 301.73333333333335, 292.8222222222222]], "100": [[340.07, 325.73, 344.91, 343.89, 323.48, 325.09, 319.42, 332.97, 334.11, 337.06], [344.54, 326.96, 350.19, 344.7, 328.28, 332.04, 325.45, 336.84, 334.76, 336.71], [328.12, 316.1, 340.04, 333.27, 312.66, 316.77, 313.93, 320.05, 318.89, 324.73]]}, "target_value": {"40": [[99.62145325627404, 102.55646829406726, 105.66571976727211, 99.65517327091361, 105.97226360643928, 102.40594782051927, 107.68860267028245, 100.67694654651743, 103.16161516609094, 102.8576720609899], [101.96019630396563, 101.82403660940025, 108.81430820483621, 100.5771407124123, 109.51818602669394, 103.91485810317431, 109.93978224269885, 103.21799995010302, 103.98627823753394, 106.64255944388259], [95.15475304462488, 98.92100043608781, 102.63494878219674, 95.87738049106656, 102.71194857364682, 97.47307263868947, 103.5271564565381, 97.32859448800077, 99.47258095478117, 98.88521222241936]],