{"avg_delay": {"40": [[0.10065165016504547, 0.10515129576003965, 0.09971236184367312, 0.10369018192562406, 0.09743191181259026, 0.10457164217240672, 0.10411231914501096, 0.10217711987883893, 0.10348414527118846, 0.10096934911250659], [0.1004580731946432, 0.10742721470802624, 0.10075504020436295, 0.10764297198553427, 0.1004548560986537, 0.10682370420820352, 0.10695177900882831, 0.10479360347744643, 0.10547928747736558, 0.10287322525031448], [0.09494688846312706, 0.10153829046103144, 0.09642509233436297, 0.1011386718705379, 0.09426364441575405, 0.10063428755648637, 0.10040236996774933, 0.09836874232848083, 0.09951992965161217, 0.09776450137162858]], "50": [[0.1023230002221517, 0.10319566847998331, 0.10553907857742975, 0.10155979310670835, 0.10407076592094144, 0.10222766757091806, 0.10340379148516683, 0.10303944233083817, 0.11024397970965565, 0.10654976306570793], [0.10278526386808735, 0.10480903272713513, 0.10595370251414404, 0.10687323550270257, 0.10640150331073393, 0.1045742662149637, 0.10469960119500957, 0.10386839238999267, 0.11381595259086426, 0.10795963906115266], [0.09744698489854565, 0.09976601191937738, 0.10048688763401284, 0.09816973295937108, 0.10134061640337147, 0.09890374559612093, 0.09900045299607044, 0.0978357843316018, 0.10544996859967816, 0.10240436263730492]], "60": [[0.10188529552262679, 0.10181416322072176, 0.10322122968641582, 0.099764303520543, 0.10471640283952839, 0.1031818524016988, 0.10409280584264768, 0.1014615793140941, 0.10177673923239088, 0.10336900563981269], [0.10376319363833515, 0.10169610264142803, 0.10425030907328155, 0.10265574785826574, 0.1065602303403183, 0.10490521955324328, 0.10553380005004467, 0.10414170791585765, 0.10256074345666606, 0.10590621074821821], [0.09736794657698318, 0.09770957781706022, 0.10022774173223278, 0.09644555663189047, 0.09917043450789884, 0.09893320192434596, 0.09956595307628287, 0.09834800433647552, 0.09819392521632053, 0.10053131972376703]], "70": [[0.10600390961337572, 0.10414332377061024, 0.10422503181668463, 0.10493816841175801, 0.10349032572297946, 0.10552538886406612, 0.10486935850717535, 0.10500021548134217, 0.10439776940231103, 0.10446730264932504], [0.10989289850576602, 0.10658196376958068, 0.10541278427539294, 0.10660967467359425, 0.10652779152260823, 0.10686316585999901, 0.10694443325590842, 0.1057238850716279, 0.10733332306301566, 0.10682634040461926], [0.10036494894795009, 0.09996482707551418, 0.09936116332890817, 0.1007524352340606, 0.09966746411062008, 0.1012701070874578, 0.10110392315711723, 0.10117723567835754, 0.09971792630491923, 0.1003080241281318]], "80": [[0.10393789659034372, 0.10258817807128506, 0.10555793944805644, 0.1042991634604613, 0.10263615242491626, 0.10578504686645113, 0.10251605263606521, 0.10588211725055617, 0.10238545884953681, 0.10085973609446305], [0.10444279891525426, 0.10199181186820903, 0.107937108909222, 0.107105690315043, 0.1047914984751877, 0.10787113731764392, 0.10387610580439131, 0.10814902064672946, 0.10461054545243749, 0.1024995145051663], [0.09997562817233531, 0.09832317611348541, 0.10236197052293206, 0.10017160269362452, 0.09827338823029161, 0.10141834379782433, 0.09815804926394853, 0.10183375086957681, 0.09876012746375264, 0.09662863074331826]], "90": [[0.0990839821709894, 0.10562970781180056, 0.10514098075211839, 0.10506244681002919, 0.10347903947793749, 0.1024851700907607, 0.10347127108168777, 0.10320601611579487, 0.1035075605435205, 0.10319947041213692], [0.09992565064749086, 0.10705267436199553, 0.10632128861625881, 0.10727803410578107, 0.10557611295059748, 0.10519362635844298, 0.10513019641038623, 0.10475723182591748, 0.10561412171189426, 0.10470013409547266], [0.09483955274569945, 0.10085759693354517, 0.10031597300002015, 0.10136615836142761, 0.09943299692794165, 0.09942723984350865, 0.09874452885897506, 0.09897606166070111, 0.09877406821489867, 0.09879788617741858]], "100": [[0.10372982739815877, 0.10687525802468767, 0.10446175930876966, 0.1005048545537541, 0.10420953918448961, 0.10362874684085882, 0.1022410697061537, 0.10391979662341441, 0.10581243804456918, 0.10181698107445002], [0.1053061431711305, 0.1098378126299268, 0.10768106693927286, 0.10247926387055518, 0.10527229770133062, 0.10546854207720044, 0.10387281041482713, 0.10523968941740823, 0.1071877853735492, 0.10410949768811321], [0.0996497561796414, 0.10306422179502274, 0.09977135339055314, 0.09701463921542389, 0.09971586860344066, 0.0994098255954826, 0.09883888101202346, 0.09935028375479536, 0.10010734743617865, 0.09801637877364687]]}, "cost": {"40": [[188.325, 177.6, 187.125, 175.175, 198.8, 194.2, 185.9, 165.3, 186.2, 184.475], [195.9, 182.45, 186.475, 178.175, 200.025, 192.475, 188.95, 166.175, 188.75, 185.4], [188.325, 173.275, 179.6, 168.125, 195.175, 185.9, 182.15, 160.075, 185.075, 182.2]], "50": [[217.14, 228.78, 199.98, 214.96, 209.5, 205.98, 203.18, 223.5, 211.78, 213.14], [219.76, 234.12, 202.76, 222.92, 213.54, 208.32, 210.26, 220.68, 217.06, 213.94], [210.76, 221.86, 196.56, 215.06, 206.48, 200.8, 198.68, 214.56, 206.88, 205.86]], "60": [[224.68333333333334, 225.33333333333334, 221.35, 224.51666666666668, 250.65, 233.25, 241.01666666666668, 236.31666666666666, 225.05, 240.06666666666666], [227.3, 226.23333333333332, 220.36666666666667, 228.8, 253.81666666666666, 239.65, 243.13333333333333, 241.73333333333332, 230.26666666666668, 246.73333333333332], [220.93333333333334, 220.45, 213.03333333333333, 224.3, 244.95, 228.71666666666667, 230.88333333333333, 231.0, 225.45, 231.86666666666667]], "70": [[258.2, 256.74285714285713, 271.22857142857146, 255.4857142857143, 253.68571428571428, 272.9428571428571, 267.14285714285717, 261.5571428571429, 268.2142857142857, 249.11428571428573], [259.01428571428573, 260.9428571428571, 270.64285714285717, 259.5571428571429, 255.12857142857143, 271.87142857142857, 270.75714285714287, 262.2857142857143, 272.77142857142854, 257.77142857142854], [254.44285714285715, 250.82857142857142, 262.1, 246.77142857142857, 249.31428571428572, 263.0571428571429, 259.2857142857143, 253.81428571428572, 259.22857142857146, 246.38571428571427]], "80": [[273.175, 291.575, 284.2375, 288.3375, 261.1875, 286.7, 273.0375, 292.35, 263.4375, 279.2625], [277.65, 296.975, 293.4625, 293.4625, 267.1125, 290.625, 275.1625, 294.0875, 267.525, 284.325], [266.6625, 291.15, 272.45, 284.7125, 257.55, 284.0875, 268.7875, 284.0, 259.375, 278.75]], "90": [[297.2888888888889, 309.52222222222224, 305.02222222222224, 308.3666666666667, 307.0777777777778, 314.4222222222222, 320.3222222222222, 316.52222222222224, 303.15555555555557, 317.4888888888889], [296.9888888888889, 313.5888888888889, 309.0111111111111, 310.75555555555553, 312.97777777777776, 323.4, 323.6111111111111, 321.3777777777778, 310.2111111111111, 322.81111111111113], [290.3, 295.93333333333334, 300.5111111111111, 300.74444444444447, 293.1, 306.2888888888889, 310.0888888888889, 305.25555555555553, 300.06666666666666, 312.7111111111111]], "100": [[343.97, 324.37, 340.12, 330.51, 344.31, 344.5, 315.17, 342.11, 344.35, 345.77], [355.28, 326.39, 346.82, 335.27, 348.85, 347.0, 321.56, 348.6, 343.28, 355.09], [340.16, 307.11, 328.78, 322.37, 331.87, 337.29, 310.69, 338.01, 332.45, 336.76]]}, "target_value": {"40": [[100.65165016504547, 105.15129576003964, 99.71236184367312, 103.69018192562406, 97.43191181259026, 104.57164217240673, 104.11231914501096, 102.17711987883892, 103.48414527118847, 100.96934911250659], [100.4580731946432, 107.42721470802624, 100.75504020436294, 107.64297198553427, 100.4548560986537, 106.82370420820351, 106.95177900882831, 104.79360347744642, 105.47928747736559, 102.87322525031448], [94.94688846312705, 101.53829046103144, 96.42509233436297, 101.1386718705379, 94.26364441575404, 100.63428755648637, 100.40236996774934, 98.36874232848083, 99.51992965161217, 97.76450137162858]],