{"avg_delay": {"40": [[0.10281886366675477, 0.10241435529527598, 0.10670018071679867, 0.10506787604764802, 0.10461899234090229, 0.10307447515030656, 0.10220180618916702, 0.10441937026745682, 0.10265060494655182, 0.10501114528905657], [0.10403453298444999, 0.10594136178281163, 0.10803464501761496, 0.10696851813471202, 0.10732794154190371, 0.10350607460167616, 0.10442388823705694, 0.10673623158005847, 0.10714295769929932, 0.10760366484784344], [0.09894520872942528, 0.0994509304304054, 0.10147475278879829, 0.10052238990194665, 0.10011646229615043, 0.0970584843773026, 0.09869664970334409, 0.10013523180253996, 0.09976082304623814, 0.0998378345351533]], "50": [[0.10409645603452629, 0.1033304472620147, 0.1033490730579301, 0.10147477258533791, 0.10303881970688904, 0.10044026205097414, 0.11115898277895954, 0.09838962545875535, 0.10198716404377955, 0.09916744514709505], [0.10564741505863476, 0.10372949415303444, 0.10521109357016237, 0.10288093357745226, 0.10257451913090493, 0.10272320707619154, 0.11212993587539699, 0.10151828134535906, 0.10319196340139569, 0.09966146746005565], [0.10008024331667069, 0.09884556385233714, 0.09966527690543688, 0.09789158637260233, 0.09965053285507677, 0.09562080924629185, 0.1068395809112174, 0.09379781250024172, 0.09769556167456092, 0.09548616506772487]], "60": [[0.10652149948187024, 0.09912750010568575, 0.10532092014792215, 0.09973502573117046, 0.10487512850022632, 0.10315152054913611, 0.10370867032772324, 0.10005861775434165, 0.10344039066084629, 0.10293517001114783], [0.10891195859936452, 0.10281225651336313, 0.10751806414761257, 0.10027578907561673, 0.10527760577596801, 0.10584370379591468, 0.10538904978565271, 0.10152164689134233, 0.10549822516928165, 0.10373372858025515], [0.10270543167572718, 0.0960639806085447, 0.10014589742045843, 0.09621214703085243, 0.1007223984107832, 0.09824417696441744, 0.10036231508592892, 0.09669101657626959, 0.0983083515230984, 0.09852858691208759]], "70": [[0.09971248780219812, 0.10201867902574466, 0.10558760631189221, 0.09878325976594901, 0.10046592560009791, 0.10525435833600419, 0.10772333126527574, 0.10325058669967997, 0.10680355584806245, 0.10515203358154661], [0.10164838023631977, 0.10604587589687518, 0.10820527488758247, 0.09967664870657117, 0.10292676191709528, 0.10726330951897427, 0.1096378228799043, 0.1050561575670736, 0.10764418403506076, 0.10649846557387431], [0.09681147871728132, 0.09873086340753294, 0.10189666417880805, 0.0941955434311453, 0.09661391457452746, 0.10090744495410231, 0.10213710121074415, 0.09835285385682076, 0.1020418256334908, 0.10138866647979965]], "80": [[0.1051339153737373, 0.10241276077230138, 0.10052230930996243, 0.10399116280430584, 0.10600039914895122, 0.10149509806617499, 0.09987377234539897, 0.10332386729319165, 0.10532292356753534, 0.10389785743091298], [0.10639080276385554, 0.10453751426609621, 0.10079063376974537, 0.10594527735470363, 0.1071084815637989, 0.10260864333189891, 0.0995587329174853, 0.10414808699637933, 0.106924777417275, 0.10507244684055422], [0.10070289679159677, 0.09850588767188104, 0.0963070386613885, 0.09953325155434431, 0.10145082163140116, 0.098271950788058, 0.09521736546604431, 0.09914272014928459, 0.10174266914715835, 0.10037542338335306]], "90": [[0.10489546387473514, 0.10175842156036206, 0.10499232149430361, 0.10329322182129509, 0.10363297090542371, 0.10656812505178836, 0.10568287921454143, 0.10328444446981229, 0.10277582041094581, 0.10442940122781612], [0.1069289935234599, 0.10313545716938936, 0.10710366078385077, 0.1045116396080146, 0.10605813855696923, 0.10739338224006077, 0.10561171994801158, 0.10670129966041522, 0.10466042115178167, 0.10510608536870368], [0.10018527044143302, 0.09792047605862793, 0.1006677230828099, 0.09959803619600088, 0.09988035716551966, 0.10216845805107963, 0.10064505662504539, 0.10013341025640106, 0.09906003164685805, 0.1005859692978555]], "100": [[0.1038304311255662, 0.1034214223899155, 0.10399976965610458, 0.1015318036835576, 0.10471268679267237, 0.10653155978334909, 0.10230700846212455, 0.10203153892464221, 0.10375328816462054, 0.10486465252798105], [0.10460777430025475, 0.10655304919626916, 0.1060025394722207, 0.10305355444146658, 0.1066667652304645, 0.11029509951708284, 0.10394009399787012, 0.1041150620177535, 0.10470246681803354, 0.10778047861500306], [0.09933829427514576, 0.0994918931815626, 0.10050064790937514, 0.09849052310699039, 0.10043461201436645, 0.10251008198675839, 0.09874152641266536, 0.0978204774728057, 0.0996123716047731, 0.09981714652874021]]}, "cost": {"40": [[182.975, 184.85, 180.05, 159.825, 188.175, 193.45, 193.65, 164.125, 184.3, 172.4], [184.2, 189.2, 184.875, 161.575, 190.85, 199.6, 198.15, 167.075, 187.675, 175.575], [180.15, 183.0, 178.575, 156.925, 186.625, 191.05, 192.05, 161.95, 183.6, 171.1]], "50": [[214.22, 220.26, 205.26, 217.54, 215.48, 205.64, 223.36, 219.1, 207.6, 208.68], [218.24, 222.36, 208.76, 217.28, 218.98, 206.02, 223.32, 222.4, 209.58, 210.06], [209.22, 217.22, 201.44, 213.06, 210.84, 204.22, 213.54, 217.3, 201.04, 208.84]], "60": [[241.45, 253.3, 226.5, 234.63333333333333, 257.3666666666667, 236.03333333333333, 231.33333333333334, 239.36666666666667, 222.48333333333332, 225.31666666666666], [246.46666666666667, 260.5833333333333, 229.18333333333334, 235.31666666666666, 258.4166666666667, 240.75, 235.45, 245.91666666666666, 228.98333333333332, 227.23333333333332], [233.95, 252.2, 222.61666666666667, 229.58333333333334, 252.46666666666667, 234.48333333333332, 220.75, 235.85, 219.88333333333333, 214.66666666666666]], "70": [[258.0285714285714, 245.65714285714284, 263.4, 272.37142857142857, 272.15714285714284, 261.15714285714284, 260.3285714285714, 254.8, 265.85714285714283, 264.98571428571427], [260.84285714285716, 254.5, 265.54285714285714, 276.15714285714284, 275.6, 267.6142857142857, 264.51428571428573, 259.6714285714286, 268.37142857142857, 267.6714285714286], [250.8, 240.05714285714285, 259.57142857142856, 261.6857142857143, 265.95714285714286, 258.6714285714286, 256.8285714285714, 249.8, 254.47142857142856, 259.0]], "80": [[276.6, 284.425, 284.4625, 279.175, 287.7375, 283.7625, 276.55, 286.5375, 282.0125, 292.8], [282.15, 289.6125, 285.45, 287.85, 289.95, 289.0125, 279.8875, 290.7375, 288.5125, 296.2875], [272.425, 285.45, 281.425, 274.9875, 273.025, 277.6875, 272.3125, 282.0, 275.8875, 288.6375]], "90": [[313.3, 303.9555555555556, 309.8666666666667, 297.7, 309.8222222222222, 294.85555555555555, 321.5888888888889, 318.05555555555554, 330.9222222222222, 300.5], [315.6333333333333, 310.9111111111111, 315.94444444444446, 300.1222222222222, 314.3222222222222, 300.68888888888887, 326.56666666666666, 322.5444444444444, 335.31111111111113, 305.25555555555553], [303.1777777777778, 298.6, 306.1, 288.64444444444445, 298.24444444444447, 284.4, 318.4888888888889, 309.1333333333333, 315.0777777777778, 295.6777777777778]], "100": [[328.63, 332.48, 341.05, 338.35, 341.89, 329.59, 340.97, 349.64, 343.99, 321.68], [333.46, 340.11, 346.97, 343.73, 349.48, 338.62, 346.53, 357.51, 343.83, 323.61], [320.49, 320.78, 324.96, 328.72, 338.16, 322.27, 324.92, 339.19, 330.36, 310.46]]}, "target_value": {"40": [[102.81886366675478, 102.41435529527598, 106.70018071679867, 105.06787604764801, 104.61899234090228, 103.07447515030655, 102.20180618916702, 104.41937026745681, 102.65060494655181, 105.01114528905657], [104.03453298445, 105.94136178281163, 108.03464501761496, 106.96851813471201, 107.32794154190371, 103.50607460167616, 104.42388823705694, 106.73623158005847, 107.14295769929933, 107.60366484784343], [98.94520872942527, 99.45093043040539, 101.4747527887983, 100.52238990194665, 100.11646229615043, 97.0584843773026, 98.6966497033441, 100.13523180253996, 99.76082304623813, 99.83783453515329]],