{"avg_delay": {"40": [[0.09966233904491442, 0.10183523984019756, 0.10281689259141549, 0.10711410050164412, 0.10353307969980442, 0.1047706641234693, 0.10234159188930554, 0.10415728201163, 0.10443294810592547, 0.10576877217699023], [0.10163055637044328, 0.103980453434419, 0.10616392580956266, 0.10807516703475968, 0.10619914075919804, 0.10694826481245429, 0.10225693085713955, 0.10533011848146254, 0.10703870766787422, 0.11002666048984952], [0.09662599942674742, 0.09820844117181475, 0.09970194268740652, 0.10284421415046437, 0.09913600784075925, 0.099907120133552, 0.09761829439172331, 0.10063055757557175, 0.1003067102647907, 0.10072338470390306]], "50": [[0.10674805220322799, 0.1068159301064434, 0.10147678177056346, 0.10393776277344552, 0.10832114289540555, 0.10520374010911794, 0.10430755154060466, 0.10633258219885731, 0.10276042085378272, 0.1021246266368586], [0.1089046271839916, 0.10847042420984217, 0.10377161416460037, 0.10583876034747906, 0.10962366584686158, 0.10680436830781413, 0.10646191204180253, 0.10753116478860959, 0.10437151419239762, 0.10196137016668576], [0.1030055014479345, 0.10154861257326107, 0.09808154604531494, 0.09974486158599907, 0.10293805392900825, 0.10114256854598122, 0.10047796530404488, 0.10110870239613585, 0.09806891268339679, 0.09783574109680147]], "60": [[0.10683205399115484, 0.09977923694964914, 0.10531482992300462, 0.10249571601020019, 0.10397417660022067, 0.10293440572600551, 0.10642845373088033, 0.10415280856331832, 0.10590396543663366, 0.10306731955804349], [0.10867892212461833, 0.10012903693719442, 0.10696767354952803, 0.1041299908285965, 0.10643877257970016, 0.10488670307784925, 0.10839932776426249, 0.10560110069901714, 0.10792810533474587, 0.10627157818306827], [0.10259348903240541, 0.09713649151204537, 0.10105091018309599, 0.09764645275375446, 0.10121950378233628, 0.09945796704703498, 0.10270326709289986, 0.1008716196632441, 0.10190269412646819, 0.09812076003730262]], "70": [[0.10477900804068738, 0.10503485759659825, 0.10230381078043478, 0.098596957647923, 0.10394287594810242, 0.10582669978607054, 0.1041259285345783, 0.10430893422031681, 0.10393129599209217, 0.10613440861934119], [0.10801848011300633, 0.10591887130157772, 0.1047661727148038, 0.0994872625948457, 0.10788767969156039, 0.10830942492254693, 0.10659432728607139, 0.1079374128234559, 0.10830842983713876, 0.10896073714004179], [0.10142914229918498, 0.10035446006218914, 0.09841829764636965, 0.09423872161340825, 0.09921844275309656, 0.10082877471555667, 0.10072630325559404, 0.09952671026121633, 0.09983368913346616, 0.1007236181576344]], "80": [[0.10373651639092575, 0.10220501898576054, 0.10268448752739118, 0.10406305675477072, 0.1037161980325207, 0.10157572961208754, 0.10390873847678997, 0.1035913283955093, 0.10678305218986876, 0.10254284617779894], [0.10651897467574917, 0.10358921551692565, 0.1064563896772754, 0.10449152551096823, 0.10429951863993259, 0.10421205925400771, 0.10521969886797797, 0.10669265168379857, 0.10852606768537834, 0.10495948133518816], [0.10060617990814023, 0.0978273041310032, 0.09860468590696321, 0.10028929404124204, 0.09903594562803382, 0.09781099295640948, 0.10025453935851662, 0.09895629912045611, 0.1022172566193766, 0.0989226476418383]], "90": [[0.10325663418968443, 0.10568273241992246, 0.1034299191681438, 0.10326161568202845, 0.10475581659723371, 0.10438730603274117, 0.10106721241894474, 0.10463562377962543, 0.10400553231803035, 0.10233047914172519], [0.1049144458661465, 0.10829397336487277, 0.10382391982234922, 0.10444496099867746, 0.10728721209000677, 0.10636739371901494, 0.10290179520267748, 0.10556035768632097, 0.10548327184327405, 0.10361940677255996], [0.0994762940866304, 0.10182603522438079, 0.09965134191021766, 0.09918202492629273, 0.1004185203220655, 0.10001595661265282, 0.09608810456212984, 0.10092655671996739, 0.09939507516506337, 0.09892660114825416]], "100": [[0.10732180428974773, 0.10187407207499584, 0.10714291143241474, 0.10715322217761107, 0.10386235895061555, 0.10496381064453868, 0.10394923011755902, 0.10530882740616224, 0.10546796782792976, 0.10652753425437277], [0.10861339026771388, 0.10270600085095839, 0.10855224418022447, 0.10948996486678528, 0.10754918374116341, 0.10723829507297854, 0.10475958717966062, 0.10970809674636735, 0.10622220528243331, 0.10855258915471591], [0.10263013133814948, 0.09786746210382682, 0.10183869935317406, 0.1031587801872772, 0.10011614032157548, 0.10093640799740808, 0.09907381692424012, 0.10094219789697427, 0.10158051631441627, 0.10088184543074143]]}, "cost": {"40": [[175.8, 189.275, 192.6, 172.025, 181.2, 193.125, 198.4, 191.575, 179.7, 185.775], [182.975, 196.75, 194.425, 175.1, 185.225, 194.5, 201.25, 195.45, 184.575, 187.825], [174.3, 190.725, 188.275, 168.15, 175.7, 191.475, 194.075, 190.775, 175.575, 177.9]], "50": [[198.98, 200.62, 204.1, 215.7, 195.22, 212.76, 209.44, 211.48, 217.96, 201.44], [202.5, 207.44, 207.62, 217.36, 196.7, 215.14, 211.64, 215.0, 222.12, 208.34], [197.4, 200.1, 201.12, 209.32, 191.16, 211.7, 203.54, 203.86, 214.1, 196.58]], "60": [[232.93333333333334, 218.01666666666668, 245.55, 230.31666666666666, 237.16666666666666, 230.83333333333334, 231.88333333333333, 235.23333333333332, 240.45, 236.38333333333333], [239.85, 220.96666666666667, 249.3, 233.33333333333334, 238.18333333333334, 236.51666666666668, 237.31666666666666, 236.56666666666666, 243.5, 241.83333333333334], [228.75, 215.21666666666667, 239.23333333333332, 224.53333333333333, 227.76666666666668, 227.63333333333333, 221.5, 228.05, 234.28333333333333, 234.51666666666668]], "70": [[254.71428571428572, 274.51428571428573, 240.22857142857143, 261.92857142857144, 269.5571428571429, 264.7857142857143, 245.22857142857143, 255.21428571428572, 256.45714285714286, 257.34285714285716], [256.77142857142854, 277.8, 239.94285714285715, 266.72857142857146, 275.1, 266.7142857142857, 251.25714285714287, 260.6714285714286, 259.0285714285714, 260.48571428571427], [251.57142857142858, 268.0, 232.18571428571428, 262.0, 258.0285714285714, 258.0857142857143, 239.4, 251.15714285714284, 251.94285714285715, 252.32857142857142]], "80": [[294.35, 275.825, 276.0, 287.2, 272.825, 272.9125, 289.075, 277.025, 289.7375, 283.5125], [303.5875, 278.025, 277.8, 295.15, 279.225, 279.4375, 294.675, 283.3, 295.2375, 287.825], [285.675, 269.775, 267.1625, 280.6625, 271.1125, 270.25, 277.7125, 272.4625, 275.55, 274.95]], "90": [[313.24444444444447, 308.1111111111111, 299.5444444444444, 319.43333333333334, 296.3888888888889, 311.8888888888889, 333.14444444444445, 304.85555555555555, 325.81111111111113, 305.3222222222222], [316.9111111111111, 314.4222222222222, 300.0888888888889, 321.0111111111111, 301.6, 313.4888888888889, 336.6111111111111, 309.2111111111111, 332.94444444444446, 306.0444444444444], [308.1, 300.4, 287.4111111111111, 308.47777777777776, 289.73333333333335, 297.76666666666665, 324.93333333333334, 292.1333333333333, 320.22222222222223, 290.8]], "100": [[351.93, 347.62, 333.16, 358.19, 322.22, 344.48, 340.64, 351.18, 341.62, 352.85], [351.47, 353.7, 335.82, 365.67, 325.45, 353.82, 345.56, 356.3, 347.2, 358.37], [332.9, 340.92, 316.44, 345.8, 312.35, 328.8, 330.12, 340.32, 330.99, 344.27]]}, "target_value": {"40": [[99.66233904491442, 101.83523984019756, 102.8168925914155, 107.11410050164412, 103.53307969980442, 104.7706641234693, 102.34159188930555, 104.15728201163, 104.43294810592548, 105.76877217699023], [101.63055637044329, 103.980453434419, 106.16392580956266, 108.07516703475969, 106.19914075919803, 106.94826481245428, 102.25693085713955, 105.33011848146253, 107.03870766787422, 110.02666048984952], [96.62599942674741, 98.20844117181475, 99.70194268740653, 102.84421415046437, 99.13600784075925, 99.907120133552, 97.61829439172331, 100.63055757557176, 100.3067102647907, 100.72338470390306]],